cfg,trace,turn,entity,attr,hit,reload_ms,recompute_ms,query_ms,ttft_reload,ttft_recompute,prefetch_mb,wasted
on-demand-k1,0,0,Ilmeth,satellite name,0,0.42369996663182974,23.147800005972385,19.174600020051003,19.598299986682832,42.32240002602339,0.0,0
oracle-k1,0,0,Ilmeth,satellite name,1,0.0,0.0,20.79999999841675,20.79999999841675,20.79999999841675,8.761344,0
topic-k1,0,0,Ilmeth,satellite name,0,0.4282000008970499,22.79140002792701,19.47590004419908,19.90410004509613,42.26730007212609,0.0,0
topic-k2,0,0,Ilmeth,satellite name,0,0.4202999989502132,23.20319996215403,20.076200016774237,20.49650001572445,43.27939997892827,0.0,0
reactive-lru-k1,0,0,Ilmeth,satellite name,0,0.4172999761067331,22.913899971172214,19.313300028443336,19.73060000455007,42.22719999961555,0.0,0
oracle-k2,0,0,Ilmeth,satellite name,1,0.0,0.0,19.340300001204014,19.340300001204014,19.340300001204014,8.761344,0
reactive-lru-k2,0,0,Ilmeth,satellite name,0,0.4144000122323632,22.421499947085977,19.733699969947338,20.1480999821797,42.155199917033315,0.0,0
oracle-k3,0,0,Ilmeth,satellite name,1,0.0,0.0,19.326400011777878,19.326400011777878,19.326400011777878,8.761344,0
all-resident-k8,0,0,Ilmeth,satellite name,1,0.0,0.0,19.81029997114092,19.81029997114092,19.81029997114092,75.472896,0
topic-k3,0,0,Ilmeth,satellite name,0,0.4040999920107424,23.36960000684485,19.66849999735132,20.07259998936206,43.03810000419617,0.0,0
reactive-lru-k3,0,0,Ilmeth,satellite name,0,0.4162000259384513,22.358600050210953,19.703200028743595,20.119400054682046,42.06180007895455,0.0,0
reactive-lru-k2,0,1,Draskel,stock ticker,0,0.45039999531582,29.934599995613098,19.747299957089126,20.197699952404946,49.681899952702224,0.0,0
oracle-k2,0,1,Draskel,stock ticker,1,0.0,0.0,19.15260002715513,19.15260002715513,19.15260002715513,9.609216,0
topic-k2,0,1,Draskel,stock ticker,1,0.0,0.0,19.726699974853545,19.726699974853545,19.726699974853545,9.609216,0
on-demand-k1,0,1,Draskel,stock ticker,0,0.4434000002220273,21.523699979297817,19.892500014975667,20.335900015197694,41.416199994273484,0.0,0
reactive-lru-k3,0,1,Draskel,stock ticker,0,0.4482000367715955,23.940599989145994,20.74959996389225,21.197800000663847,44.690199953038245,0.0,0
topic-k3,0,1,Draskel,stock ticker,1,0.0,0.0,20.98829997703433,20.98829997703433,20.98829997703433,19.083264,0
oracle-k1,0,1,Draskel,stock ticker,1,0.0,0.0,19.514000043272972,19.514000043272972,19.514000043272972,9.609216,0
reactive-lru-k1,0,1,Draskel,stock ticker,0,0.6331999902613461,23.73529999749735,21.193399967160076,21.826599957421422,44.928699964657426,0.0,0
topic-k1,0,1,Draskel,stock ticker,0,0.45599997974932194,22.138700005598366,21.047999965958297,21.50399994570762,43.18669997155666,0.0,0
oracle-k3,0,1,Draskel,stock ticker,1,0.0,0.0,20.62689996091649,20.62689996091649,20.62689996091649,9.609216,0
all-resident-k8,0,1,Draskel,stock ticker,1,0.0,0.0,20.3719999990426,20.3719999990426,20.3719999990426,0.0,0
reactive-lru-k1,0,2,Draskel,founding river,1,0.0,0.0,20.957999979145825,20.957999979145825,20.957999979145825,0.0,0
topic-k3,0,2,Draskel,founding river,1,0.0,0.0,20.146299968473613,20.146299968473613,20.146299968473613,18.948096,1
oracle-k1,0,2,Draskel,founding river,1,0.0,0.0,21.153500012587756,21.153500012587756,21.153500012587756,0.0,0
topic-k2,0,2,Draskel,founding river,1,0.0,0.0,21.21050003916025,21.21050003916025,21.21050003916025,9.437184,0
all-resident-k8,0,2,Draskel,founding river,1,0.0,0.0,20.80910000950098,20.80910000950098,20.80910000950098,0.0,0
on-demand-k1,0,2,Draskel,founding river,0,0.47779997112229466,24.729800003115088,19.92910000262782,20.406899973750114,44.65890000574291,0.0,0
reactive-lru-k2,0,2,Draskel,founding river,1,0.0,0.0,20.23429999826476,20.23429999826476,20.23429999826476,0.0,0
topic-k1,0,2,Draskel,founding river,1,0.0,0.0,20.579800009727478,20.579800009727478,20.579800009727478,0.0,0
reactive-lru-k3,0,2,Draskel,founding river,1,0.0,0.0,19.73080000607297,19.73080000607297,19.73080000607297,0.0,0
oracle-k2,0,2,Draskel,founding river,1,0.0,0.0,21.322200016584247,21.322200016584247,21.322200016584247,0.0,0
oracle-k3,0,2,Draskel,founding river,1,0.0,0.0,20.672500017099082,20.672500017099082,20.672500017099082,0.0,0
topic-k2,0,3,Draskel,annual revenue,1,0.0,0.0,21.156299975700676,21.156299975700676,21.156299975700676,0.0,0
topic-k3,0,3,Draskel,annual revenue,1,0.0,0.0,20.28170000994578,20.28170000994578,20.28170000994578,0.0,0
oracle-k2,0,3,Draskel,annual revenue,1,0.0,0.0,20.023500022944063,20.023500022944063,20.023500022944063,0.0,0
reactive-lru-k1,0,3,Draskel,annual revenue,1,0.0,0.0,21.338600025046617,21.338600025046617,21.338600025046617,0.0,0
reactive-lru-k2,0,3,Draskel,annual revenue,1,0.0,0.0,20.12010000180453,20.12010000180453,20.12010000180453,0.0,0
oracle-k3,0,3,Draskel,annual revenue,1,0.0,0.0,19.57350003067404,19.57350003067404,19.57350003067404,0.0,0
topic-k1,0,3,Draskel,annual revenue,1,0.0,0.0,20.816100004594773,20.816100004594773,20.816100004594773,0.0,0
reactive-lru-k3,0,3,Draskel,annual revenue,1,0.0,0.0,21.937399986200035,21.937399986200035,21.937399986200035,0.0,0
on-demand-k1,0,3,Draskel,annual revenue,0,0.4521000082604587,23.482799995690584,21.762899996247143,22.2150000045076,45.24569999193773,0.0,0
all-resident-k8,0,3,Draskel,annual revenue,1,0.0,0.0,19.45199997862801,19.45199997862801,19.45199997862801,0.0,0
oracle-k1,0,3,Draskel,annual revenue,1,0.0,0.0,19.02250002603978,19.02250002603978,19.02250002603978,0.0,0
oracle-k3,0,4,Seluun,lucky number,1,0.0,0.0,20.87280002888292,20.87280002888292,20.87280002888292,9.437184,0
oracle-k2,0,4,Seluun,lucky number,1,0.0,0.0,19.46400001179427,19.46400001179427,19.46400001179427,9.437184,0
reactive-lru-k1,0,4,Seluun,lucky number,0,0.44540001545101404,22.644500015303493,20.462999993469566,20.90840000892058,43.10750000877306,0.0,0
topic-k1,0,4,Seluun,lucky number,0,0.4482000367715955,23.217200010549277,20.39889997104183,20.847100007813424,43.616099981591105,0.0,0
oracle-k1,0,4,Seluun,lucky number,1,0.0,0.0,19.36460001161322,19.36460001161322,19.36460001161322,9.437184,0
topic-k3,0,4,Seluun,lucky number,1,0.0,0.0,20.817199954763055,20.817199954763055,20.817199954763055,0.0,0
topic-k2,0,4,Seluun,lucky number,1,0.0,0.0,20.382200018502772,20.382200018502772,20.382200018502772,0.0,0
on-demand-k1,0,4,Seluun,lucky number,0,0.443600001744926,22.283900005277246,19.626400026027113,20.07000002777204,41.91030003130436,0.0,0
reactive-lru-k3,0,4,Seluun,lucky number,0,0.4324999754317105,22.666100005153567,19.252199970651418,19.68469994608313,41.918299975804985,0.0,0
reactive-lru-k2,0,4,Seluun,lucky number,0,0.4437000025063753,24.645800003781915,20.086700038518757,20.530400041025132,44.73250004230067,0.0,0
all-resident-k8,0,4,Seluun,lucky number,1,0.0,0.0,22.94850000180304,22.94850000180304,22.94850000180304,0.0,0
topic-k1,0,5,Seluun,annual revenue,1,0.0,0.0,20.377299981191754,20.377299981191754,20.377299981191754,0.0,0
topic-k3,0,5,Seluun,annual revenue,1,0.0,0.0,20.06539999274537,20.06539999274537,20.06539999274537,8.835072,1
reactive-lru-k1,0,5,Seluun,annual revenue,1,0.0,0.0,21.162800025194883,21.162800025194883,21.162800025194883,0.0,0
oracle-k3,0,5,Seluun,annual revenue,1,0.0,0.0,19.840599969029427,19.840599969029427,19.840599969029427,0.0,0
reactive-lru-k3,0,5,Seluun,annual revenue,1,0.0,0.0,19.37049999833107,19.37049999833107,19.37049999833107,0.0,0
oracle-k2,0,5,Seluun,annual revenue,1,0.0,0.0,19.763600022997707,19.763600022997707,19.763600022997707,0.0,0
on-demand-k1,0,5,Seluun,annual revenue,0,0.44680002611130476,23.84189999429509,21.897400030866265,22.34420005697757,45.739300025161356,0.0,0
all-resident-k8,0,5,Seluun,annual revenue,1,0.0,0.0,20.271699992008507,20.271699992008507,20.271699992008507,0.0,0
oracle-k1,0,5,Seluun,annual revenue,1,0.0,0.0,19.983400008641183,19.983400008641183,19.983400008641183,0.0,0
topic-k2,0,5,Seluun,annual revenue,1,0.0,0.0,19.84309998806566,19.84309998806566,19.84309998806566,8.835072,0
reactive-lru-k2,0,5,Seluun,annual revenue,1,0.0,0.0,20.78409999376163,20.78409999376163,20.78409999376163,0.0,0
oracle-k1,0,6,Seluun,founding year,1,0.0,0.0,20.445199974346906,20.445199974346906,20.445199974346906,0.0,0
topic-k1,0,6,Seluun,founding year,1,0.0,0.0,20.59120003832504,20.59120003832504,20.59120003832504,0.0,0
all-resident-k8,0,6,Seluun,founding year,1,0.0,0.0,22.7990000275895,22.7990000275895,22.7990000275895,0.0,0
topic-k3,0,6,Seluun,founding year,1,0.0,0.0,19.470900006126612,19.470900006126612,19.470900006126612,0.0,0
reactive-lru-k3,0,6,Seluun,founding year,1,0.0,0.0,19.680699973832816,19.680699973832816,19.680699973832816,0.0,0
topic-k2,0,6,Seluun,founding year,1,0.0,0.0,19.362299994099885,19.362299994099885,19.362299994099885,0.0,0
oracle-k3,0,6,Seluun,founding year,1,0.0,0.0,20.33179998397827,20.33179998397827,20.33179998397827,0.0,0
on-demand-k1,0,6,Seluun,founding year,0,0.4417000454850495,22.76640001218766,21.13950002240017,21.58120006788522,43.90590003458783,0.0,0
reactive-lru-k1,0,6,Seluun,founding year,1,0.0,0.0,19.428799976594746,19.428799976594746,19.428799976594746,0.0,0
oracle-k2,0,6,Seluun,founding year,1,0.0,0.0,20.134000049438328,20.134000049438328,20.134000049438328,0.0,0
reactive-lru-k2,0,6,Seluun,founding year,1,0.0,0.0,19.805499992799014,19.805499992799014,19.805499992799014,0.0,0
oracle-k1,0,7,Draskel,motto word,1,0.0,0.0,19.884200009983033,19.884200009983033,19.884200009983033,9.609216,0
all-resident-k8,0,7,Draskel,motto word,1,0.0,0.0,20.194800046738237,20.194800046738237,20.194800046738237,0.0,0
topic-k2,0,7,Draskel,motto word,0,0.45110000064596534,23.472800035960972,22.73500000592321,23.186100006569177,46.207800041884184,0.0,1
topic-k1,0,7,Draskel,motto word,0,0.44159998651593924,24.934400047641248,20.276599971111864,20.718199957627803,45.21100001875311,0.0,0
reactive-lru-k1,0,7,Draskel,motto word,0,0.4425999941304326,22.88939995924011,21.468800026923418,21.91140002105385,44.35819998616353,0.0,0
reactive-lru-k2,0,7,Draskel,motto word,1,0.0,0.0,21.799900045152754,21.799900045152754,21.799900045152754,0.0,0
on-demand-k1,0,7,Draskel,motto word,0,0.45739999040961266,26.21420001378283,20.476399979088455,20.933799969498068,46.690599992871284,0.0,0
topic-k3,0,7,Draskel,motto word,1,0.0,0.0,21.602900000289083,21.602900000289083,21.602900000289083,0.0,0
oracle-k3,0,7,Draskel,motto word,1,0.0,0.0,20.879300020169467,20.879300020169467,20.879300020169467,9.609216,0
oracle-k2,0,7,Draskel,motto word,1,0.0,0.0,19.893100019544363,19.893100019544363,19.893100019544363,9.609216,0
reactive-lru-k3,0,7,Draskel,motto word,1,0.0,0.0,21.059099992271513,21.059099992271513,21.059099992271513,0.0,0
oracle-k1,0,8,Draskel,flagship product,1,0.0,0.0,20.458699960727245,20.458699960727245,20.458699960727245,0.0,0
oracle-k3,0,8,Draskel,flagship product,1,0.0,0.0,21.0920000099577,21.0920000099577,21.0920000099577,0.0,0
topic-k1,0,8,Draskel,flagship product,1,0.0,0.0,20.148899988271296,20.148899988271296,20.148899988271296,0.0,0
all-resident-k8,0,8,Draskel,flagship product,1,0.0,0.0,20.36169997882098,20.36169997882098,20.36169997882098,0.0,0
reactive-lru-k1,0,8,Draskel,flagship product,1,0.0,0.0,19.98530002310872,19.98530002310872,19.98530002310872,0.0,0
topic-k3,0,8,Draskel,flagship product,1,0.0,0.0,20.208399975672364,20.208399975672364,20.208399975672364,9.510912,1
reactive-lru-k3,0,8,Draskel,flagship product,1,0.0,0.0,20.925699966028333,20.925699966028333,20.925699966028333,0.0,0
oracle-k2,0,8,Draskel,flagship product,1,0.0,0.0,20.467399968765676,20.467399968765676,20.467399968765676,0.0,0
on-demand-k1,0,8,Draskel,flagship product,0,0.4781000316143036,25.02559998538345,22.117100015748292,22.595200047362596,47.14270000113174,0.0,0
topic-k2,0,8,Draskel,flagship product,1,0.0,0.0,21.183499949984252,21.183499949984252,21.183499949984252,0.0,0
reactive-lru-k2,0,8,Draskel,flagship product,1,0.0,0.0,21.343000000342727,21.343000000342727,21.343000000342727,0.0,0
topic-k1,0,9,Veltrax,founding year,0,0.4425000515766442,23.55290000559762,19.39420000417158,19.836700055748224,42.9471000097692,0.0,0
oracle-k3,0,9,Veltrax,founding year,1,0.0,0.0,19.33359995018691,19.33359995018691,19.33359995018691,9.535488,0
oracle-k1,0,9,Veltrax,founding year,1,0.0,0.0,19.553199992515147,19.553199992515147,19.553199992515147,9.535488,0
oracle-k2,0,9,Veltrax,founding year,1,0.0,0.0,19.77479999186471,19.77479999186471,19.77479999186471,9.535488,0
reactive-lru-k2,0,9,Veltrax,founding year,0,0.43569999979808927,23.949599999468774,21.294099977239966,21.729799977038056,45.24369997670874,0.0,0
topic-k2,0,9,Veltrax,founding year,0,0.44299999717622995,23.660400009248406,19.719099975191057,20.162099972367287,43.37949998443946,0.0,0
reactive-lru-k1,0,9,Veltrax,founding year,0,0.4482999793253839,23.599400010425597,18.95400002831593,19.402300007641315,42.55340003874153,0.0,0
topic-k3,0,9,Veltrax,founding year,0,0.4498999915085733,23.049700015690178,19.92910000262782,20.378999994136393,42.978800018318,0.0,0
reactive-lru-k3,0,9,Veltrax,founding year,0,0.43729995377361774,24.356700014322996,19.99719999730587,20.434499951079488,44.353900011628866,0.0,0
all-resident-k8,0,9,Veltrax,founding year,1,0.0,0.0,19.840700027998537,19.840700027998537,19.840700027998537,0.0,0
on-demand-k1,0,9,Veltrax,founding year,0,0.4474000306800008,23.696099990047514,20.801000006031245,21.248400036711246,44.49709999607876,0.0,0
topic-k2,0,10,Veltrax,anthem composer,1,0.0,0.0,19.713899993803352,19.713899993803352,19.713899993803352,9.510912,0
all-resident-k8,0,10,Veltrax,anthem composer,1,0.0,0.0,20.16630000434816,20.16630000434816,20.16630000434816,0.0,0
reactive-lru-k2,0,10,Veltrax,anthem composer,1,0.0,0.0,18.998300016392022,18.998300016392022,18.998300016392022,0.0,0
on-demand-k1,0,10,Veltrax,anthem composer,0,0.4385999636724591,25.981099985074252,19.855799968354404,20.294399932026863,45.836899953428656,0.0,0
reactive-lru-k3,0,10,Veltrax,anthem composer,1,0.0,0.0,19.626200024504215,19.626200024504215,19.626200024504215,0.0,0
topic-k3,0,10,Veltrax,anthem composer,1,0.0,0.0,19.597300037276,19.597300037276,19.597300037276,10.309632,0
oracle-k1,0,10,Veltrax,anthem composer,1,0.0,0.0,20.044100005179644,20.044100005179644,20.044100005179644,0.0,0
reactive-lru-k1,0,10,Veltrax,anthem composer,1,0.0,0.0,19.262699992395937,19.262699992395937,19.262699992395937,0.0,0
oracle-k3,0,10,Veltrax,anthem composer,1,0.0,0.0,20.43160004541278,20.43160004541278,20.43160004541278,0.0,0
oracle-k2,0,10,Veltrax,anthem composer,1,0.0,0.0,19.32729996042326,19.32729996042326,19.32729996042326,0.0,0
topic-k1,0,10,Veltrax,anthem composer,1,0.0,0.0,19.90219997242093,19.90219997242093,19.90219997242093,0.0,0
reactive-lru-k1,0,11,Veltrax,annual revenue,1,0.0,0.0,19.608400005381554,19.608400005381554,19.608400005381554,0.0,0
topic-k3,0,11,Veltrax,annual revenue,1,0.0,0.0,19.72760003991425,19.72760003991425,19.72760003991425,0.0,0
oracle-k3,0,11,Veltrax,annual revenue,1,0.0,0.0,20.190600014757365,20.190600014757365,20.190600014757365,0.0,0
all-resident-k8,0,11,Veltrax,annual revenue,1,0.0,0.0,19.535799976438284,19.535799976438284,19.535799976438284,0.0,0
topic-k2,0,11,Veltrax,annual revenue,1,0.0,0.0,20.442300010472536,20.442300010472536,20.442300010472536,0.0,0
reactive-lru-k2,0,11,Veltrax,annual revenue,1,0.0,0.0,20.055699977092445,20.055699977092445,20.055699977092445,0.0,0
reactive-lru-k3,0,11,Veltrax,annual revenue,1,0.0,0.0,20.66829998511821,20.66829998511821,20.66829998511821,0.0,0
oracle-k2,0,11,Veltrax,annual revenue,1,0.0,0.0,20.33779997145757,20.33779997145757,20.33779997145757,0.0,0
topic-k1,0,11,Veltrax,annual revenue,1,0.0,0.0,19.766600045841187,19.766600045841187,19.766600045841187,0.0,0
oracle-k1,0,11,Veltrax,annual revenue,1,0.0,0.0,20.718400017358363,20.718400017358363,20.718400017358363,0.0,0
on-demand-k1,0,11,Veltrax,annual revenue,0,0.45270001282915473,23.475599999073893,20.045000012032688,20.497700024861842,43.52060001110658,0.0,0
all-resident-k8,1,0,Veltrax,signature dish,1,0.0,0.0,20.71610005805269,20.71610005805269,20.71610005805269,75.472896,0
oracle-k3,1,0,Veltrax,signature dish,1,0.0,0.0,20.11559996753931,20.11559996753931,20.11559996753931,9.535488,0
reactive-lru-k1,1,0,Veltrax,signature dish,0,0.44680002611130476,24.007500032894313,22.41949999006465,22.866300016175956,46.427000022958964,0.0,0
topic-k2,1,0,Veltrax,signature dish,0,0.44380000326782465,23.107999993953854,20.07879997836426,20.522599981632084,43.18679997231811,0.0,0
topic-k1,1,0,Veltrax,signature dish,0,0.4428999964147806,25.597300031222403,20.2978000161238,20.740700012538582,45.895100047346205,0.0,0
topic-k3,1,0,Veltrax,signature dish,0,0.45089999912306666,23.453100002370775,20.285000035073608,20.735900034196675,43.73810003744438,0.0,0
oracle-k2,1,0,Veltrax,signature dish,1,0.0,0.0,22.591900022234768,22.591900022234768,22.591900022234768,9.535488,0
on-demand-k1,1,0,Veltrax,signature dish,0,0.4379000165499747,23.607400013133883,21.12920000217855,21.567100018728524,44.73660001531243,0.0,0
reactive-lru-k2,1,0,Veltrax,signature dish,0,0.49619999481365085,23.41359999263659,19.842099980451167,20.338299975264817,43.25569997308776,0.0,0
reactive-lru-k3,1,0,Veltrax,signature dish,0,0.44160004472360015,23.137099982704967,20.412799960467964,20.854400005191565,43.54989994317293,0.0,0
oracle-k1,1,0,Veltrax,signature dish,1,0.0,0.0,20.03880002303049,20.03880002303049,20.03880002303049,9.535488,0
oracle-k2,1,1,Veltrax,founding river,1,0.0,0.0,19.548599957488477,19.548599957488477,19.548599957488477,0.0,0
oracle-k3,1,1,Veltrax,founding river,1,0.0,0.0,19.363900006283075,19.363900006283075,19.363900006283075,0.0,0
reactive-lru-k3,1,1,Veltrax,founding river,1,0.0,0.0,19.64869996299967,19.64869996299967,19.64869996299967,0.0,0
topic-k2,1,1,Veltrax,founding river,1,0.0,0.0,20.28769999742508,20.28769999742508,20.28769999742508,9.510912,0
topic-k1,1,1,Veltrax,founding river,1,0.0,0.0,20.187499991152436,20.187499991152436,20.187499991152436,0.0,0
reactive-lru-k2,1,1,Veltrax,founding river,1,0.0,0.0,21.152500004973263,21.152500004973263,21.152500004973263,0.0,0
on-demand-k1,1,1,Veltrax,founding river,0,0.4447000101208687,23.927100002765656,20.187499991152436,20.632200001273304,44.11459999391809,0.0,0
topic-k3,1,1,Veltrax,founding river,1,0.0,0.0,19.608700007665902,19.608700007665902,19.608700007665902,19.820543999999998,0
oracle-k1,1,1,Veltrax,founding river,1,0.0,0.0,20.268700027372688,20.268700027372688,20.268700027372688,0.0,0
all-resident-k8,1,1,Veltrax,founding river,1,0.0,0.0,22.958000015933067,22.958000015933067,22.958000015933067,0.0,0
reactive-lru-k1,1,1,Veltrax,founding river,1,0.0,0.0,19.576799997594208,19.576799997594208,19.576799997594208,0.0,0
topic-k3,1,2,Draskel,research lab city,0,0.4409999819472432,22.69660000456497,20.2102999901399,20.651299972087145,42.90689999470487,0.0,1
on-demand-k1,1,2,Draskel,research lab city,0,0.44239999260753393,22.198399994522333,19.726399972569197,20.16879996517673,41.92479996709153,0.0,0
topic-k2,1,2,Draskel,research lab city,0,0.4483000375330448,22.29210000950843,20.469499984756112,20.917800022289157,42.76159999426454,0.0,1
reactive-lru-k2,1,2,Draskel,research lab city,0,0.444200006313622,22.570100030861795,19.479499955195934,19.923699961509556,42.04959998605773,0.0,0
reactive-lru-k1,1,2,Draskel,research lab city,0,0.45709998812526464,22.974199964664876,20.6194999627769,21.076599950902164,43.593699927441776,0.0,0
oracle-k1,1,2,Draskel,research lab city,1,0.0,0.0,19.492299994453788,19.492299994453788,19.492299994453788,9.609216,0
oracle-k2,1,2,Draskel,research lab city,1,0.0,0.0,19.618700025603175,19.618700025603175,19.618700025603175,9.609216,0
all-resident-k8,1,2,Draskel,research lab city,1,0.0,0.0,19.581099972128868,19.581099972128868,19.581099972128868,0.0,0
reactive-lru-k3,1,2,Draskel,research lab city,0,0.4449999541975558,22.197899990715086,20.101399975828826,20.546399930026382,42.29929996654391,0.0,0
oracle-k3,1,2,Draskel,research lab city,1,0.0,0.0,20.482700027059764,20.482700027059764,20.482700027059764,9.609216,0
topic-k1,1,2,Draskel,research lab city,0,0.44329999946057796,25.453700043726712,20.8314000046812,21.274700004141778,46.28510004840791,0.0,0
on-demand-k1,1,3,Draskel,motto word,0,0.44350000098347664,22.957799956202507,20.54080000380054,20.984300004784018,43.49859996000305,0.0,0
topic-k3,1,3,Draskel,motto word,1,0.0,0.0,19.60150001104921,19.60150001104921,19.60150001104921,18.948096,1
reactive-lru-k3,1,3,Draskel,motto word,1,0.0,0.0,19.608600006904453,19.608600006904453,19.608600006904453,0.0,0
reactive-lru-k1,1,3,Draskel,motto word,1,0.0,0.0,20.102200040128082,20.102200040128082,20.102200040128082,0.0,0
reactive-lru-k2,1,3,Draskel,motto word,1,0.0,0.0,20.12180001474917,20.12180001474917,20.12180001474917,0.0,0
oracle-k2,1,3,Draskel,motto word,1,0.0,0.0,20.82399994833395,20.82399994833395,20.82399994833395,0.0,0
topic-k2,1,3,Draskel,motto word,1,0.0,0.0,19.798099994659424,19.798099994659424,19.798099994659424,9.437184,0
topic-k1,1,3,Draskel,motto word,1,0.0,0.0,21.088699984829873,21.088699984829873,21.088699984829873,0.0,0
all-resident-k8,1,3,Draskel,motto word,1,0.0,0.0,19.336100027430803,19.336100027430803,19.336100027430803,0.0,0
oracle-k1,1,3,Draskel,motto word,1,0.0,0.0,19.603500026278198,19.603500026278198,19.603500026278198,0.0,0
oracle-k3,1,3,Draskel,motto word,1,0.0,0.0,19.846800016239285,19.846800016239285,19.846800016239285,0.0,0
oracle-k1,1,4,Pyrenna,founding year,1,0.0,0.0,20.23570000892505,20.23570000892505,20.23570000892505,9.510912,0
topic-k3,1,4,Pyrenna,founding year,1,0.0,0.0,21.212499996181577,21.212499996181577,21.212499996181577,0.0,0
topic-k1,1,4,Pyrenna,founding year,0,0.44490001164376736,22.511199989821762,20.055599976330996,20.500499987974763,42.56679996615276,0.0,0
reactive-lru-k2,1,4,Pyrenna,founding year,0,0.4496999899856746,22.829099965747446,20.536900032311678,20.986600022297353,43.365999998059124,0.0,0
topic-k2,1,4,Pyrenna,founding year,0,0.4416999872773886,22.647300036624074,20.07149998098612,20.513199968263507,42.71880001761019,0.0,1
all-resident-k8,1,4,Pyrenna,founding year,1,0.0,0.0,21.236400003544986,21.236400003544986,21.236400003544986,0.0,0
on-demand-k1,1,4,Pyrenna,founding year,0,0.443900004029274,23.537400003988296,19.752199994400144,20.196099998429418,43.28959999838844,0.0,0
oracle-k2,1,4,Pyrenna,founding year,1,0.0,0.0,19.99850000720471,19.99850000720471,19.99850000720471,9.510912,0
reactive-lru-k1,1,4,Pyrenna,founding year,0,0.4412000416778028,22.392300015781075,20.396300009451807,20.83750005112961,42.78860002523288,0.0,0
oracle-k3,1,4,Pyrenna,founding year,1,0.0,0.0,20.32160002272576,20.32160002272576,20.32160002272576,9.510912,0
reactive-lru-k3,1,4,Pyrenna,founding year,0,0.4406000371091068,22.930500039365143,19.878300023265183,20.31890006037429,42.808800062630326,0.0,0
reactive-lru-k1,1,5,Pyrenna,anthem composer,1,0.0,0.0,20.184999972116202,20.184999972116202,20.184999972116202,0.0,0
on-demand-k1,1,5,Pyrenna,anthem composer,0,0.44790003448724747,23.502100026234984,20.713699981570244,21.16160001605749,44.21580000780523,0.0,0
topic-k2,1,5,Pyrenna,anthem composer,1,0.0,0.0,21.261700021568686,21.261700021568686,21.261700021568686,0.0,0
topic-k1,1,5,Pyrenna,anthem composer,1,0.0,0.0,20.00150003004819,20.00150003004819,20.00150003004819,0.0,0
all-resident-k8,1,5,Pyrenna,anthem composer,1,0.0,0.0,20.447999995667487,20.447999995667487,20.447999995667487,0.0,0
topic-k3,1,5,Pyrenna,anthem composer,1,0.0,0.0,19.935399992391467,19.935399992391467,19.935399992391467,8.761344,1
reactive-lru-k3,1,5,Pyrenna,anthem composer,1,0.0,0.0,20.725300011690706,20.725300011690706,20.725300011690706,0.0,0
oracle-k3,1,5,Pyrenna,anthem composer,1,0.0,0.0,20.136799954343587,20.136799954343587,20.136799954343587,0.0,0
reactive-lru-k2,1,5,Pyrenna,anthem composer,1,0.0,0.0,19.537099986337125,19.537099986337125,19.537099986337125,0.0,0
oracle-k2,1,5,Pyrenna,anthem composer,1,0.0,0.0,20.250100002158433,20.250100002158433,20.250100002158433,0.0,0
oracle-k1,1,5,Pyrenna,anthem composer,1,0.0,0.0,19.920799997635186,19.920799997635186,19.920799997635186,0.0,0
oracle-k3,1,6,Quorvane,corporate color,1,0.0,0.0,20.20909998100251,20.20909998100251,20.20909998100251,10.309632,0
topic-k3,1,6,Quorvane,corporate color,0,0.4729999927803874,23.23900000192225,20.052700012456626,20.525700005237013,43.291700014378875,0.0,0
all-resident-k8,1,6,Quorvane,corporate color,1,0.0,0.0,20.12160001322627,20.12160001322627,20.12160001322627,0.0,0
on-demand-k1,1,6,Quorvane,corporate color,0,0.47699996503069997,23.612999997567385,20.304800011217594,20.781799976248294,43.91780000878498,0.0,0
oracle-k2,1,6,Quorvane,corporate color,1,0.0,0.0,19.991700013633817,19.991700013633817,19.991700013633817,10.309632,0
topic-k2,1,6,Quorvane,corporate color,0,0.4727999912574887,25.048399984370917,21.239200024865568,21.712000016123056,46.287600009236485,0.0,0
reactive-lru-k2,1,6,Quorvane,corporate color,0,0.47199998516589403,22.721200017258525,19.50250001391396,19.974499999079853,42.223700031172484,0.0,0
reactive-lru-k3,1,6,Quorvane,corporate color,0,0.48210000386461616,24.577500007580966,19.889999995939434,20.37209999980405,44.4675000035204,0.0,0
oracle-k1,1,6,Quorvane,corporate color,1,0.0,0.0,19.427899969741702,19.427899969741702,19.427899969741702,10.309632,0
topic-k1,1,6,Quorvane,corporate color,0,0.4628999740816653,22.122199996374547,19.20040004188195,19.663300015963614,41.322600038256496,0.0,0
reactive-lru-k1,1,6,Quorvane,corporate color,0,0.47339999582618475,22.70999999018386,20.03989997319877,20.513299969024956,42.74989996338263,0.0,0
reactive-lru-k3,1,7,Veltrax,flagship product,0,0.44350000098347664,24.09399999305606,20.040999981574714,20.48449998255819,44.13499997463077,0.0,0
topic-k1,1,7,Veltrax,flagship product,0,0.4493999877013266,22.76199997868389,19.873699988238513,20.32309997593984,42.6356999669224,0.0,0
topic-k2,1,7,Veltrax,flagship product,0,0.41360000614076853,22.94440002879128,19.131499982904643,19.54509998904541,42.07590001169592,9.437184,0
oracle-k3,1,7,Veltrax,flagship product,1,0.0,0.0,20.32329997746274,20.32329997746274,20.32329997746274,9.535488,0
topic-k3,1,7,Veltrax,flagship product,1,0.0,0.0,20.074600004591048,20.074600004591048,20.074600004591048,18.972672000000003,1
oracle-k2,1,7,Veltrax,flagship product,1,0.0,0.0,19.513200037181377,19.513200037181377,19.513200037181377,9.535488,0
all-resident-k8,1,7,Veltrax,flagship product,1,0.0,0.0,19.821699999738485,19.821699999738485,19.821699999738485,0.0,0
reactive-lru-k2,1,7,Veltrax,flagship product,0,0.44739997247233987,25.513000029604882,22.211600036825985,22.659000009298325,47.72460006643087,0.0,0
reactive-lru-k1,1,7,Veltrax,flagship product,0,0.4476999747566879,22.57670002290979,19.311799958813936,19.759499933570623,41.888499981723726,0.0,0
on-demand-k1,1,7,Veltrax,flagship product,0,0.43400004506111145,23.458999989088625,19.94249998824671,20.37650003330782,43.401499977335334,0.0,0
oracle-k1,1,7,Veltrax,flagship product,1,0.0,0.0,19.965599989518523,19.965599989518523,19.965599989518523,9.535488,0
oracle-k3,1,8,Quorvane,signature dish,1,0.0,0.0,19.882399996276945,19.882399996276945,19.882399996276945,10.309632,0
oracle-k2,1,8,Quorvane,signature dish,1,0.0,0.0,21.940000005997717,21.940000005997717,21.940000005997717,10.309632,0
all-resident-k8,1,8,Quorvane,signature dish,1,0.0,0.0,19.892700016498566,19.892700016498566,19.892700016498566,0.0,0
oracle-k1,1,8,Quorvane,signature dish,1,0.0,0.0,19.485600001644343,19.485600001644343,19.485600001644343,10.309632,0
reactive-lru-k1,1,8,Quorvane,signature dish,0,0.5017000366933644,28.434400039259344,19.7455000015907,20.247200038284063,48.17990004085004,0.0,0
reactive-lru-k3,1,8,Quorvane,signature dish,1,0.0,0.0,22.630599967669696,22.630599967669696,22.630599967669696,0.0,0
on-demand-k1,1,8,Quorvane,signature dish,0,0.4855000297538936,23.849099990911782,21.405100007541478,21.89060003729537,45.25419999845326,0.0,0
topic-k1,1,8,Quorvane,signature dish,0,0.4835000145249069,24.102399998810142,19.630499999038875,20.114000013563782,43.73289999784902,0.0,0
topic-k3,1,8,Quorvane,signature dish,1,0.0,0.0,20.376200031023473,20.376200031023473,20.376200031023473,9.510912,1
topic-k2,1,8,Quorvane,signature dish,0,0.44709997018799186,23.052599979564548,19.36010003555566,19.807200005743653,42.41270001512021,9.510912,1
reactive-lru-k2,1,8,Quorvane,signature dish,1,0.0,0.0,21.52459998615086,21.52459998615086,21.52459998615086,0.0,0
reactive-lru-k1,1,9,Seluun,primary material,0,0.44049997813999653,22.184500005096197,21.165399986784905,21.6058999649249,43.3498999918811,0.0,0
reactive-lru-k2,1,9,Seluun,primary material,0,0.47150003956630826,23.43449997715652,22.019000025466084,22.490500065032393,45.453500002622604,0.0,0
oracle-k1,1,9,Seluun,primary material,1,0.0,0.0,19.759099988732487,19.759099988732487,19.759099988732487,9.437184,0
topic-k3,1,9,Seluun,primary material,1,0.0,0.0,20.236600015778095,20.236600015778095,20.236600015778095,9.437184,1
oracle-k2,1,9,Seluun,primary material,1,0.0,0.0,20.261899975594133,20.261899975594133,20.261899975594133,9.437184,0
topic-k2,1,9,Seluun,primary material,1,0.0,0.0,20.63109999289736,20.63109999289736,20.63109999289736,9.437184,1
topic-k1,1,9,Seluun,primary material,0,0.43840002035722136,22.993799997493625,19.827399984933436,20.265800005290657,42.82119998242706,0.0,0
reactive-lru-k3,1,9,Seluun,primary material,0,0.4626999725587666,23.53529998799786,19.945599953643978,20.408299926202744,43.48089994164184,0.0,0
all-resident-k8,1,9,Seluun,primary material,1,0.0,0.0,20.139099971856922,20.139099971856922,20.139099971856922,0.0,0
on-demand-k1,1,9,Seluun,primary material,0,0.44189998880028725,23.822400020435452,19.83140001539141,20.273300004191697,43.65380003582686,0.0,0
oracle-k3,1,9,Seluun,primary material,1,0.0,0.0,20.572999957948923,20.572999957948923,20.572999957948923,9.437184,0
topic-k3,1,10,Seluun,lucky number,1,0.0,0.0,19.370200054254383,19.370200054254383,19.370200054254383,18.444288,0
oracle-k2,1,10,Seluun,lucky number,1,0.0,0.0,20.194599987007678,20.194599987007678,20.194599987007678,0.0,0
topic-k1,1,10,Seluun,lucky number,1,0.0,0.0,20.347799989394844,20.347799989394844,20.347799989394844,0.0,0
oracle-k1,1,10,Seluun,lucky number,1,0.0,0.0,20.140499982517213,20.140499982517213,20.140499982517213,0.0,0
all-resident-k8,1,10,Seluun,lucky number,1,0.0,0.0,19.580400025006384,19.580400025006384,19.580400025006384,0.0,0
on-demand-k1,1,10,Seluun,lucky number,0,0.4350000526756048,22.23729999968782,19.95280000846833,20.387800061143935,42.19010000815615,0.0,0
oracle-k3,1,10,Seluun,lucky number,1,0.0,0.0,20.165499998256564,20.165499998256564,20.165499998256564,0.0,0
topic-k2,1,10,Seluun,lucky number,1,0.0,0.0,19.5778000052087,19.5778000052087,19.5778000052087,8.835072,0
reactive-lru-k2,1,10,Seluun,lucky number,1,0.0,0.0,20.07709996541962,20.07709996541962,20.07709996541962,0.0,0
reactive-lru-k1,1,10,Seluun,lucky number,1,0.0,0.0,19.40330001525581,19.40330001525581,19.40330001525581,0.0,0
reactive-lru-k3,1,10,Seluun,lucky number,1,0.0,0.0,19.343500025570393,19.343500025570393,19.343500025570393,0.0,0
oracle-k3,1,11,Draskel,satellite name,1,0.0,0.0,19.399599987082183,19.399599987082183,19.399599987082183,9.609216,0
reactive-lru-k2,1,11,Draskel,satellite name,0,0.44649996561929584,22.74980000220239,19.16890003485605,19.615400000475347,41.91870003705844,0.0,0
reactive-lru-k1,1,11,Draskel,satellite name,0,0.4398999735713005,21.83450001757592,19.487300014588982,19.927199988160282,41.3218000321649,0.0,0
oracle-k2,1,11,Draskel,satellite name,1,0.0,0.0,19.372699956875294,19.372699956875294,19.372699956875294,9.609216,0
oracle-k1,1,11,Draskel,satellite name,1,0.0,0.0,19.46520002093166,19.46520002093166,19.46520002093166,9.609216,0
reactive-lru-k3,1,11,Draskel,satellite name,0,0.45169994700700045,21.531899983529,21.73199999378994,22.18369994079694,43.26389997731894,0.0,0
all-resident-k8,1,11,Draskel,satellite name,1,0.0,0.0,19.463300006464124,19.463300006464124,19.463300006464124,0.0,0
topic-k3,1,11,Draskel,satellite name,1,0.0,0.0,21.97960001649335,21.97960001649335,21.97960001649335,0.0,0
topic-k2,1,11,Draskel,satellite name,0,0.4501000512391329,22.06570003181696,19.273100013379008,19.72320006461814,41.33880004519597,0.0,1
topic-k1,1,11,Draskel,satellite name,0,0.45250001130625606,21.924500004388392,20.019999996293336,20.472500007599592,41.94450000068173,0.0,0
on-demand-k1,1,11,Draskel,satellite name,0,0.46910002129152417,21.934000018518418,18.981800007168204,19.450900028459728,40.91580002568662,0.0,0
reactive-lru-k1,2,0,Draskel,annual revenue,0,0.44249999336898327,21.837999986018986,19.039100036025047,19.48160002939403,40.87710002204403,0.0,0
topic-k1,2,0,Draskel,annual revenue,0,0.45050005428493023,23.094500007573515,20.256199990399182,20.706700044684112,43.3506999979727,0.0,0
all-resident-k8,2,0,Draskel,annual revenue,1,0.0,0.0,19.7690999484621,19.7690999484621,19.7690999484621,75.472896,0
topic-k2,2,0,Draskel,annual revenue,0,0.4477000329643488,23.931899981107563,20.233599992934614,20.681300025898963,44.16549997404218,0.0,0
topic-k3,2,0,Draskel,annual revenue,0,0.4529000143520534,23.21370004210621,20.41060000192374,20.863500016275793,43.62430004402995,0.0,0
reactive-lru-k2,2,0,Draskel,annual revenue,0,0.44329999946057796,22.23170001525432,19.67850001528859,20.12180001474917,41.91020003054291,0.0,0
oracle-k1,2,0,Draskel,annual revenue,1,0.0,0.0,20.09319997159764,20.09319997159764,20.09319997159764,9.609216,0
oracle-k2,2,0,Draskel,annual revenue,1,0.0,0.0,19.843399990350008,19.843399990350008,19.843399990350008,9.609216,0
on-demand-k1,2,0,Draskel,annual revenue,0,0.4496999899856746,22.392499959096313,20.819999976083636,21.26969996606931,43.21249993517995,0.0,0
oracle-k3,2,0,Draskel,annual revenue,1,0.0,0.0,19.386500003747642,19.386500003747642,19.386500003747642,9.609216,0
reactive-lru-k3,2,0,Draskel,annual revenue,0,0.43830001959577203,24.897299997974187,19.63880000403151,20.07710002362728,44.536100002005696,0.0,0
on-demand-k1,2,1,Draskel,corporate color,0,0.43919996824115515,21.458600007463247,26.41130000120029,26.850499969441444,47.869900008663535,0.0,0
reactive-lru-k3,2,1,Draskel,corporate color,1,0.0,0.0,19.415700051467866,19.415700051467866,19.415700051467866,0.0,0
oracle-k3,2,1,Draskel,corporate color,1,0.0,0.0,19.45179997710511,19.45179997710511,19.45179997710511,0.0,0
topic-k3,2,1,Draskel,corporate color,1,0.0,0.0,23.018500010948628,23.018500010948628,23.018500010948628,18.948096,0
oracle-k1,2,1,Draskel,corporate color,1,0.0,0.0,20.614699984434992,20.614699984434992,20.614699984434992,0.0,0
topic-k1,2,1,Draskel,corporate color,1,0.0,0.0,18.834399990737438,18.834399990737438,18.834399990737438,0.0,0
topic-k2,2,1,Draskel,corporate color,1,0.0,0.0,19.045200024265796,19.045200024265796,19.045200024265796,9.437184,0
oracle-k2,2,1,Draskel,corporate color,1,0.0,0.0,20.832199952565134,20.832199952565134,20.832199952565134,0.0,0
reactive-lru-k2,2,1,Draskel,corporate color,1,0.0,0.0,26.433599996380508,26.433599996380508,26.433599996380508,0.0,0
reactive-lru-k1,2,1,Draskel,corporate color,1,0.0,0.0,19.8872999753803,19.8872999753803,19.8872999753803,0.0,0
all-resident-k8,2,1,Draskel,corporate color,1,0.0,0.0,19.781800045166165,19.781800045166165,19.781800045166165,0.0,0
oracle-k3,2,2,Draskel,research lab city,1,0.0,0.0,19.526599964592606,19.526599964592606,19.526599964592606,0.0,0
oracle-k2,2,2,Draskel,research lab city,1,0.0,0.0,19.968100008554757,19.968100008554757,19.968100008554757,0.0,0
topic-k2,2,2,Draskel,research lab city,1,0.0,0.0,19.988799991551787,19.988799991551787,19.988799991551787,0.0,0
oracle-k1,2,2,Draskel,research lab city,1,0.0,0.0,27.864000003319234,27.864000003319234,27.864000003319234,0.0,0
reactive-lru-k3,2,2,Draskel,research lab city,1,0.0,0.0,21.07580000301823,21.07580000301823,21.07580000301823,0.0,0
reactive-lru-k2,2,2,Draskel,research lab city,1,0.0,0.0,19.970899971667677,19.970899971667677,19.970899971667677,0.0,0
topic-k1,2,2,Draskel,research lab city,1,0.0,0.0,20.23869997356087,20.23869997356087,20.23869997356087,0.0,0
on-demand-k1,2,2,Draskel,research lab city,0,0.4412000416778028,21.91439998568967,25.000999972689897,25.4422000143677,46.91539995837957,0.0,0
all-resident-k8,2,2,Draskel,research lab city,1,0.0,0.0,26.774800033308566,26.774800033308566,26.774800033308566,0.0,0
reactive-lru-k1,2,2,Draskel,research lab city,1,0.0,0.0,21.07580000301823,21.07580000301823,21.07580000301823,0.0,0
topic-k3,2,2,Draskel,research lab city,1,0.0,0.0,19.27570003317669,19.27570003317669,19.27570003317669,0.0,0
oracle-k1,2,3,Draskel,signature dish,1,0.0,0.0,20.77970001846552,20.77970001846552,20.77970001846552,0.0,0
oracle-k2,2,3,Draskel,signature dish,1,0.0,0.0,19.200799986720085,19.200799986720085,19.200799986720085,0.0,0
topic-k3,2,3,Draskel,signature dish,1,0.0,0.0,21.2906000087969,21.2906000087969,21.2906000087969,0.0,0
all-resident-k8,2,3,Draskel,signature dish,1,0.0,0.0,23.58839998487383,23.58839998487383,23.58839998487383,0.0,0
topic-k2,2,3,Draskel,signature dish,1,0.0,0.0,26.779500010889024,26.779500010889024,26.779500010889024,0.0,0
topic-k1,2,3,Draskel,signature dish,1,0.0,0.0,19.462900003418326,19.462900003418326,19.462900003418326,0.0,0
on-demand-k1,2,3,Draskel,signature dish,0,0.4452999564819038,21.9914999906905,18.889400002080947,19.33469995856285,40.88089999277145,0.0,0
reactive-lru-k2,2,3,Draskel,signature dish,1,0.0,0.0,20.250100002158433,20.250100002158433,20.250100002158433,0.0,0
oracle-k3,2,3,Draskel,signature dish,1,0.0,0.0,19.18090000981465,19.18090000981465,19.18090000981465,0.0,0
reactive-lru-k3,2,3,Draskel,signature dish,1,0.0,0.0,29.91069998824969,29.91069998824969,29.91069998824969,0.0,0
reactive-lru-k1,2,3,Draskel,signature dish,1,0.0,0.0,23.866200004704297,23.866200004704297,23.866200004704297,0.0,0
on-demand-k1,2,4,Draskel,corporate color,0,0.4461000207811594,21.854499995242804,19.824599963612854,20.270699984394014,41.67909995885566,0.0,0
all-resident-k8,2,4,Draskel,corporate color,1,0.0,0.0,20.694600010756403,20.694600010756403,20.694600010756403,0.0,0
reactive-lru-k2,2,4,Draskel,corporate color,1,0.0,0.0,19.431900000199676,19.431900000199676,19.431900000199676,0.0,0
oracle-k2,2,4,Draskel,corporate color,1,0.0,0.0,20.060200011357665,20.060200011357665,20.060200011357665,0.0,0
oracle-k3,2,4,Draskel,corporate color,1,0.0,0.0,19.371200003661215,19.371200003661215,19.371200003661215,0.0,0
reactive-lru-k1,2,4,Draskel,corporate color,1,0.0,0.0,22.29220001026988,22.29220001026988,22.29220001026988,0.0,0
oracle-k1,2,4,Draskel,corporate color,1,0.0,0.0,26.03170002112165,26.03170002112165,26.03170002112165,0.0,0
reactive-lru-k3,2,4,Draskel,corporate color,1,0.0,0.0,23.670700029470026,23.670700029470026,23.670700029470026,0.0,0
topic-k2,2,4,Draskel,corporate color,1,0.0,0.0,19.77349998196587,19.77349998196587,19.77349998196587,0.0,0
topic-k1,2,4,Draskel,corporate color,1,0.0,0.0,19.245599978603423,19.245599978603423,19.245599978603423,0.0,0
topic-k3,2,4,Draskel,corporate color,1,0.0,0.0,25.421900034416467,25.421900034416467,25.421900034416467,0.0,0
topic-k2,2,5,Draskel,annual revenue,1,0.0,0.0,23.166800034232438,23.166800034232438,23.166800034232438,0.0,0
oracle-k3,2,5,Draskel,annual revenue,1,0.0,0.0,19.17179999873042,19.17179999873042,19.17179999873042,0.0,0
on-demand-k1,2,5,Draskel,annual revenue,0,0.4382000188343227,21.755199995823205,19.587900023907423,20.026100042741746,41.34310001973063,0.0,0
topic-k1,2,5,Draskel,annual revenue,1,0.0,0.0,19.82399995904416,19.82399995904416,19.82399995904416,0.0,0
reactive-lru-k2,2,5,Draskel,annual revenue,1,0.0,0.0,23.89519999269396,23.89519999269396,23.89519999269396,0.0,0
reactive-lru-k1,2,5,Draskel,annual revenue,1,0.0,0.0,19.26690002437681,19.26690002437681,19.26690002437681,0.0,0
reactive-lru-k3,2,5,Draskel,annual revenue,1,0.0,0.0,22.232200019061565,22.232200019061565,22.232200019061565,0.0,0
topic-k3,2,5,Draskel,annual revenue,1,0.0,0.0,21.529799967538565,21.529799967538565,21.529799967538565,0.0,0
all-resident-k8,2,5,Draskel,annual revenue,1,0.0,0.0,21.637999976519495,21.637999976519495,21.637999976519495,0.0,0
oracle-k2,2,5,Draskel,annual revenue,1,0.0,0.0,20.916300010867417,20.916300010867417,20.916300010867417,0.0,0
oracle-k1,2,5,Draskel,annual revenue,1,0.0,0.0,23.646699963137507,23.646699963137507,23.646699963137507,0.0,0
reactive-lru-k2,2,6,Draskel,founding year,1,0.0,0.0,23.33830000134185,23.33830000134185,23.33830000134185,0.0,0
oracle-k1,2,6,Draskel,founding year,1,0.0,0.0,19.184799981303513,19.184799981303513,19.184799981303513,0.0,0
oracle-k2,2,6,Draskel,founding year,1,0.0,0.0,26.292100024875253,26.292100024875253,26.292100024875253,0.0,0
reactive-lru-k1,2,6,Draskel,founding year,1,0.0,0.0,21.45360002759844,21.45360002759844,21.45360002759844,0.0,0
all-resident-k8,2,6,Draskel,founding year,1,0.0,0.0,22.44179998524487,22.44179998524487,22.44179998524487,0.0,0
oracle-k3,2,6,Draskel,founding year,1,0.0,0.0,22.869499982334673,22.869499982334673,22.869499982334673,0.0,0
topic-k3,2,6,Draskel,founding year,1,0.0,0.0,19.17069999035448,19.17069999035448,19.17069999035448,0.0,0
on-demand-k1,2,6,Draskel,founding year,0,0.4390000249259174,27.696299948729575,32.26369997719303,32.702700002118945,59.9599999259226,0.0,0
topic-k2,2,6,Draskel,founding year,1,0.0,0.0,26.091499952599406,26.091499952599406,26.091499952599406,0.0,0
reactive-lru-k3,2,6,Draskel,founding year,1,0.0,0.0,19.888599985279143,19.888599985279143,19.888599985279143,0.0,0
topic-k1,2,6,Draskel,founding year,1,0.0,0.0,19.610100018326193,19.610100018326193,19.610100018326193,0.0,0
on-demand-k1,2,7,Draskel,primary material,0,0.458099995739758,28.56840001186356,19.541700021363795,19.999800017103553,48.110100033227354,0.0,0
reactive-lru-k1,2,7,Draskel,primary material,1,0.0,0.0,24.37370002735406,24.37370002735406,24.37370002735406,0.0,0
topic-k1,2,7,Draskel,primary material,1,0.0,0.0,19.61030001984909,19.61030001984909,19.61030001984909,0.0,0
all-resident-k8,2,7,Draskel,primary material,1,0.0,0.0,24.635000037960708,24.635000037960708,24.635000037960708,0.0,0
oracle-k3,2,7,Draskel,primary material,1,0.0,0.0,24.713499995414168,24.713499995414168,24.713499995414168,0.0,0
topic-k2,2,7,Draskel,primary material,1,0.0,0.0,21.41929999925196,21.41929999925196,21.41929999925196,0.0,0
topic-k3,2,7,Draskel,primary material,1,0.0,0.0,20.95569996163249,20.95569996163249,20.95569996163249,0.0,0
oracle-k2,2,7,Draskel,primary material,1,0.0,0.0,27.578300039749593,27.578300039749593,27.578300039749593,0.0,0
oracle-k1,2,7,Draskel,primary material,1,0.0,0.0,20.081300055608153,20.081300055608153,20.081300055608153,0.0,0
reactive-lru-k2,2,7,Draskel,primary material,1,0.0,0.0,19.933799980208278,19.933799980208278,19.933799980208278,0.0,0
reactive-lru-k3,2,7,Draskel,primary material,1,0.0,0.0,27.634300000499934,27.634300000499934,27.634300000499934,0.0,0
oracle-k1,2,8,Pyrenna,corporate color,1,0.0,0.0,22.901999996975064,22.901999996975064,22.901999996975064,9.510912,0
all-resident-k8,2,8,Pyrenna,corporate color,1,0.0,0.0,20.194699987769127,20.194699987769127,20.194699987769127,0.0,0
reactive-lru-k2,2,8,Pyrenna,corporate color,0,0.45170000521466136,22.805800021160394,25.451400026213378,25.90310003142804,48.25720004737377,0.0,0
topic-k3,2,8,Pyrenna,corporate color,1,0.0,0.0,26.589400018565357,26.589400018565357,26.589400018565357,0.0,0
topic-k1,2,8,Pyrenna,corporate color,0,0.4675000091083348,27.115900011267513,39.553900016471744,40.02140002558008,66.66980002773926,0.0,0
on-demand-k1,2,8,Pyrenna,corporate color,0,0.4634999786503613,31.16579999914393,23.953599971719086,24.417099950369447,55.119399970863014,0.0,0
oracle-k2,2,8,Pyrenna,corporate color,1,0.0,0.0,21.716699993703514,21.716699993703514,21.716699993703514,9.510912,0
reactive-lru-k1,2,8,Pyrenna,corporate color,0,0.4398999735713005,21.726700011640787,22.16009999392554,22.599999967496842,43.88680000556633,0.0,0
topic-k2,2,8,Pyrenna,corporate color,0,0.43509999522939324,22.098599991295487,20.009999978356063,20.445099973585457,42.10859996965155,0.0,1
reactive-lru-k3,2,8,Pyrenna,corporate color,0,0.4618999664671719,31.226899998728186,24.0153000340797,24.477200000546873,55.24220003280789,0.0,0
oracle-k3,2,8,Pyrenna,corporate color,1,0.0,0.0,20.119799999520183,20.119799999520183,20.119799999520183,9.510912,0
oracle-k2,2,9,Pyrenna,motto word,1,0.0,0.0,20.23590001044795,20.23590001044795,20.23590001044795,0.0,0
topic-k1,2,9,Pyrenna,motto word,1,0.0,0.0,24.405299976933748,24.405299976933748,24.405299976933748,0.0,0
reactive-lru-k3,2,9,Pyrenna,motto word,1,0.0,0.0,19.517799955792725,19.517799955792725,19.517799955792725,0.0,0
topic-k3,2,9,Pyrenna,motto word,1,0.0,0.0,23.246099997777492,23.246099997777492,23.246099997777492,8.761344,1
oracle-k1,2,9,Pyrenna,motto word,1,0.0,0.0,20.15890000620857,20.15890000620857,20.15890000620857,0.0,0
reactive-lru-k1,2,9,Pyrenna,motto word,1,0.0,0.0,25.565499963704497,25.565499963704497,25.565499963704497,0.0,0
all-resident-k8,2,9,Pyrenna,motto word,1,0.0,0.0,19.37789999647066,19.37789999647066,19.37789999647066,0.0,0
on-demand-k1,2,9,Pyrenna,motto word,0,0.4422999918460846,21.65369997965172,23.589199990965426,24.03149998281151,45.242899970617145,0.0,0
reactive-lru-k2,2,9,Pyrenna,motto word,1,0.0,0.0,23.82539998507127,23.82539998507127,23.82539998507127,0.0,0
topic-k2,2,9,Pyrenna,motto word,1,0.0,0.0,27.793900051619858,27.793900051619858,27.793900051619858,0.0,0
oracle-k3,2,9,Pyrenna,motto word,1,0.0,0.0,22.671999991871417,22.671999991871417,22.671999991871417,0.0,0
all-resident-k8,2,10,Draskel,anthem composer,1,0.0,0.0,24.3252000072971,24.3252000072971,24.3252000072971,0.0,0
reactive-lru-k1,2,10,Draskel,anthem composer,0,0.45220000902190804,21.664300002157688,22.068199992645532,22.52040000166744,43.73249999480322,0.0,0
topic-k3,2,10,Draskel,anthem composer,1,0.0,0.0,35.23540002061054,35.23540002061054,35.23540002061054,0.0,0
oracle-k2,2,10,Draskel,anthem composer,1,0.0,0.0,22.58119999896735,22.58119999896735,22.58119999896735,9.609216,0
oracle-k3,2,10,Draskel,anthem composer,1,0.0,0.0,19.768300000578165,19.768300000578165,19.768300000578165,9.609216,0
reactive-lru-k3,2,10,Draskel,anthem composer,1,0.0,0.0,31.360500026494265,31.360500026494265,31.360500026494265,0.0,0
topic-k2,2,10,Draskel,anthem composer,1,0.0,0.0,25.287500000558794,25.287500000558794,25.287500000558794,0.0,0
on-demand-k1,2,10,Draskel,anthem composer,0,0.43890002416446805,24.826599983498454,24.620399984996766,25.059300009161234,49.44699996849522,0.0,0
topic-k1,2,10,Draskel,anthem composer,0,0.46469998778775334,32.20110002439469,22.451099997851998,22.91579998563975,54.65220002224669,0.0,0
oracle-k1,2,10,Draskel,anthem composer,1,0.0,0.0,24.275299976579845,24.275299976579845,24.275299976579845,9.609216,0
reactive-lru-k2,2,10,Draskel,anthem composer,1,0.0,0.0,32.03400003258139,32.03400003258139,32.03400003258139,0.0,0
topic-k2,2,11,Draskel,annual revenue,1,0.0,0.0,23.59170001000166,23.59170001000166,23.59170001000166,9.437184,0
reactive-lru-k2,2,11,Draskel,annual revenue,1,0.0,0.0,21.405300009064376,21.405300009064376,21.405300009064376,0.0,0
oracle-k2,2,11,Draskel,annual revenue,1,0.0,0.0,24.19470000313595,24.19470000313595,24.19470000313595,0.0,0
topic-k3,2,11,Draskel,annual revenue,1,0.0,0.0,23.400900012347847,23.400900012347847,23.400900012347847,9.437184,1
on-demand-k1,2,11,Draskel,annual revenue,0,0.4385999636724591,26.79039997747168,32.443600008264184,32.88219997193664,59.23399998573586,0.0,0
all-resident-k8,2,11,Draskel,annual revenue,1,0.0,0.0,20.00310004223138,20.00310004223138,20.00310004223138,0.0,0
topic-k1,2,11,Draskel,annual revenue,1,0.0,0.0,23.761399963404983,23.761399963404983,23.761399963404983,0.0,0
reactive-lru-k3,2,11,Draskel,annual revenue,1,0.0,0.0,30.452099977992475,30.452099977992475,30.452099977992475,0.0,0
oracle-k3,2,11,Draskel,annual revenue,1,0.0,0.0,20.724999951198697,20.724999951198697,20.724999951198697,0.0,0
oracle-k1,2,11,Draskel,annual revenue,1,0.0,0.0,20.60610003536567,20.60610003536567,20.60610003536567,0.0,0
reactive-lru-k1,2,11,Draskel,annual revenue,1,0.0,0.0,21.176100010052323,21.176100010052323,21.176100010052323,0.0,0
all-resident-k8,3,0,Toskarel,founding river,1,0.0,0.0,22.97390002058819,22.97390002058819,22.97390002058819,75.472896,0
on-demand-k1,3,0,Toskarel,founding river,0,0.4414999857544899,30.69559996947646,27.03789999941364,27.47939998516813,57.7334999688901,0.0,0
oracle-k3,3,0,Toskarel,founding river,1,0.0,0.0,28.52539997547865,28.52539997547865,28.52539997547865,9.474048,0
reactive-lru-k1,3,0,Toskarel,founding river,0,0.4317000275477767,30.563599953893572,27.915999991819263,28.34770001936704,58.479599945712835,0.0,0
oracle-k2,3,0,Toskarel,founding river,1,0.0,0.0,25.01219999976456,25.01219999976456,25.01219999976456,9.474048,0
reactive-lru-k3,3,0,Toskarel,founding river,0,0.4298000130802393,23.717099975328892,30.809099960606545,31.238899973686785,54.52619993593544,0.0,0
topic-k3,3,0,Toskarel,founding river,0,0.4558000364340842,30.852099996991456,18.835199996829033,19.291000033263117,49.68729999382049,0.0,0
topic-k2,3,0,Toskarel,founding river,0,0.4352999967522919,21.679199999198318,21.662100043613464,22.097400040365756,43.34130004281178,0.0,0
reactive-lru-k2,3,0,Toskarel,founding river,0,0.43219997314736247,29.223899997305125,23.47580000059679,23.907999973744154,52.69969999790192,0.0,0
oracle-k1,3,0,Toskarel,founding river,1,0.0,0.0,26.044400001410395,26.044400001410395,26.044400001410395,9.474048,0
topic-k1,3,0,Toskarel,founding river,0,0.43120002374053,22.722700028680265,19.978499971330166,20.409699995070696,42.70120000001043,0.0,0
topic-k2,3,1,Veltrax,annual revenue,0,0.41149999015033245,22.62239996343851,25.995100033469498,26.40660002361983,48.61749999690801,9.510912,0
reactive-lru-k3,3,1,Veltrax,annual revenue,0,0.45779999345541,29.831200023181736,24.95050005381927,25.40830004727468,54.781700077001005,0.0,0
reactive-lru-k2,3,1,Veltrax,annual revenue,0,0.4338000435382128,24.711100035347044,32.25119999842718,32.685000041965395,56.96230003377423,0.0,0
on-demand-k1,3,1,Veltrax,annual revenue,0,0.4488999838940799,25.85979999275878,19.696100032888353,20.145000016782433,45.555900025647134,0.0,0
all-resident-k8,3,1,Veltrax,annual revenue,1,0.0,0.0,18.815500021446496,18.815500021446496,18.815500021446496,0.0,0
topic-k3,3,1,Veltrax,annual revenue,0,0.408699968829751,21.809900004882365,23.05509999860078,23.463799967430532,44.865000003483146,19.820543999999998,0
oracle-k1,3,1,Veltrax,annual revenue,1,0.0,0.0,20.228100009262562,20.228100009262562,20.228100009262562,9.535488,0
topic-k1,3,1,Veltrax,annual revenue,0,0.4296000115573406,21.981699974276125,21.0182000300847,21.44780004164204,42.999900004360825,0.0,0
oracle-k3,3,1,Veltrax,annual revenue,1,0.0,0.0,26.442500005941838,26.442500005941838,26.442500005941838,9.535488,0
oracle-k2,3,1,Veltrax,annual revenue,1,0.0,0.0,22.746399976313114,22.746399976313114,22.746399976313114,9.535488,0
reactive-lru-k1,3,1,Veltrax,annual revenue,0,0.4477000329643488,25.72540001710877,31.958799983840436,32.406500016804785,57.684200000949204,0.0,0
topic-k1,3,2,Pyrenna,signature dish,0,0.46820001443848014,26.837099983822554,32.16000000247732,32.6282000169158,58.99709998629987,0.0,0
topic-k3,3,2,Pyrenna,signature dish,1,0.0,0.0,21.835100022144616,21.835100022144616,21.835100022144616,0.0,0
reactive-lru-k2,3,2,Pyrenna,signature dish,0,0.46449998626485467,25.805799989029765,23.335699981544167,23.80019996780902,49.14149997057393,0.0,0
all-resident-k8,3,2,Pyrenna,signature dish,1,0.0,0.0,33.16819999599829,33.16819999599829,33.16819999599829,0.0,0
on-demand-k1,3,2,Pyrenna,signature dish,0,0.43569999979808927,21.441499993670732,30.800200009252876,31.235900009050965,52.24170000292361,0.0,0
oracle-k2,3,2,Pyrenna,signature dish,1,0.0,0.0,24.001299985684454,24.001299985684454,24.001299985684454,9.510912,0
oracle-k3,3,2,Pyrenna,signature dish,1,0.0,0.0,28.793300036340952,28.793300036340952,28.793300036340952,9.510912,0
reactive-lru-k1,3,2,Pyrenna,signature dish,0,0.45689998660236597,23.9648999995552,23.92659999895841,24.383499985560775,47.89149999851361,0.0,0
oracle-k1,3,2,Pyrenna,signature dish,1,0.0,0.0,21.118000033311546,21.118000033311546,21.118000033311546,9.510912,0
topic-k2,3,2,Pyrenna,signature dish,1,0.0,0.0,23.00470002228394,23.00470002228394,23.00470002228394,0.0,0
reactive-lru-k3,3,2,Pyrenna,signature dish,0,0.4416999872773886,22.564099985174835,19.46689997566864,19.908599962946028,42.030999960843474,0.0,0
all-resident-k8,3,3,Draskel,archive codename,1,0.0,0.0,30.714399996213615,30.714399996213615,30.714399996213615,0.0,0
oracle-k3,3,3,Draskel,archive codename,1,0.0,0.0,21.528800018131733,21.528800018131733,21.528800018131733,9.609216,0
oracle-k1,3,3,Draskel,archive codename,1,0.0,0.0,23.29219999955967,23.29219999955967,23.29219999955967,9.609216,0
oracle-k2,3,3,Draskel,archive codename,1,0.0,0.0,19.563800015021116,19.563800015021116,19.563800015021116,9.609216,0
on-demand-k1,3,3,Draskel,archive codename,0,0.45739999040961266,21.870700002182275,30.237500031944364,30.694900022353977,52.10820003412664,0.0,0
reactive-lru-k3,3,3,Draskel,archive codename,0,0.45960000716149807,32.62890002224594,22.849900007713586,23.309500014875084,55.47880002995953,0.0,0
topic-k1,3,3,Draskel,archive codename,0,0.4526000120677054,31.666700029745698,35.35349998855963,35.80610000062734,67.02020001830533,0.0,0
topic-k2,3,3,Draskel,archive codename,1,0.0,0.0,25.293199985753745,25.293199985753745,25.293199985753745,9.609216,0
topic-k3,3,3,Draskel,archive codename,1,0.0,0.0,22.420499997679144,22.420499997679144,22.420499997679144,18.370559999999998,1
reactive-lru-k2,3,3,Draskel,archive codename,0,0.4360000020824373,26.971999963279814,25.856000022031367,26.292000024113804,52.82799998531118,0.0,0
reactive-lru-k1,3,3,Draskel,archive codename,0,0.4610000178217888,24.325700011104345,30.252600030507892,30.71360004832968,54.57830004161224,0.0,0
reactive-lru-k1,3,4,Seluun,research lab city,0,0.43430004734545946,27.87510002963245,21.732699999120086,22.167000046465546,49.607800028752536,0.0,0
topic-k3,3,4,Seluun,research lab city,1,0.0,0.0,35.249700013082474,35.249700013082474,35.249700013082474,9.437184,1
reactive-lru-k2,3,4,Seluun,research lab city,0,0.4526999546214938,34.72769999643788,31.57140000257641,32.024099957197905,66.29909999901429,0.0,0
all-resident-k8,3,4,Seluun,research lab city,1,0.0,0.0,32.07099996507168,32.07099996507168,32.07099996507168,0.0,0
oracle-k1,3,4,Seluun,research lab city,1,0.0,0.0,22.67770003527403,22.67770003527403,22.67770003527403,9.437184,0
topic-k1,3,4,Seluun,research lab city,0,0.44490001164376736,30.853600008413196,30.760199995711446,31.205100007355213,61.61380000412464,0.0,0
oracle-k3,3,4,Seluun,research lab city,1,0.0,0.0,23.712399997748435,23.712399997748435,23.712399997748435,9.437184,0
oracle-k2,3,4,Seluun,research lab city,1,0.0,0.0,33.163499960210174,33.163499960210174,33.163499960210174,9.437184,0
topic-k2,3,4,Seluun,research lab city,1,0.0,0.0,24.425200012046844,24.425200012046844,24.425200012046844,9.437184,0
reactive-lru-k3,3,4,Seluun,research lab city,0,0.44350000098347664,26.087699981871992,26.629299973137677,27.072799974121153,52.71699995500967,0.0,0
on-demand-k1,3,4,Seluun,research lab city,0,0.457199988886714,30.01280000898987,29.55039998050779,30.007599969394505,59.56319998949766,0.0,0
oracle-k3,3,5,Seluun,mascot animal,1,0.0,0.0,29.44380004191771,29.44380004191771,29.44380004191771,0.0,0
reactive-lru-k2,3,5,Seluun,mascot animal,1,0.0,0.0,23.184699995908886,23.184699995908886,23.184699995908886,0.0,0
topic-k3,3,5,Seluun,mascot animal,1,0.0,0.0,29.5369999948889,29.5369999948889,29.5369999948889,8.835072,0
all-resident-k8,3,5,Seluun,mascot animal,1,0.0,0.0,27.664799999911338,27.664799999911338,27.664799999911338,0.0,0
oracle-k1,3,5,Seluun,mascot animal,1,0.0,0.0,27.384200016967952,27.384200016967952,27.384200016967952,0.0,0
reactive-lru-k1,3,5,Seluun,mascot animal,1,0.0,0.0,22.337000002153218,22.337000002153218,22.337000002153218,0.0,0
reactive-lru-k3,3,5,Seluun,mascot animal,1,0.0,0.0,19.831699959468096,19.831699959468096,19.831699959468096,0.0,0
topic-k2,3,5,Seluun,mascot animal,1,0.0,0.0,24.267599976155907,24.267599976155907,24.267599976155907,8.835072,0
topic-k1,3,5,Seluun,mascot animal,1,0.0,0.0,29.510300024412572,29.510300024412572,29.510300024412572,0.0,0
on-demand-k1,3,5,Seluun,mascot animal,0,0.4532000166364014,34.46620004251599,23.359599988907576,23.812800005543977,57.82580003142357,0.0,0
oracle-k2,3,5,Seluun,mascot animal,1,0.0,0.0,34.35229999013245,34.35229999013245,34.35229999013245,0.0,0
topic-k3,3,6,Bramwick,lucky number,1,0.0,0.0,22.986399999354035,22.986399999354035,22.986399999354035,0.0,0
on-demand-k1,3,6,Bramwick,lucky number,0,0.43649994768202305,28.364499972667545,25.78300004824996,26.219499995931983,54.147500020917505,0.0,0
oracle-k2,3,6,Bramwick,lucky number,1,0.0,0.0,31.922099995426834,31.922099995426834,31.922099995426834,8.835072,0
topic-k1,3,6,Bramwick,lucky number,0,0.4126999992877245,26.488500006962568,28.552400006446987,28.965100005734712,55.040900013409555,0.0,0
topic-k2,3,6,Bramwick,lucky number,1,0.0,0.0,28.46020000288263,28.46020000288263,28.46020000288263,0.0,0
reactive-lru-k2,3,6,Bramwick,lucky number,0,0.4351999959908426,36.22060001362115,20.344199961982667,20.77939995797351,56.56479997560382,0.0,0
all-resident-k8,3,6,Bramwick,lucky number,1,0.0,0.0,21.080200036522,21.080200036522,21.080200036522,0.0,0
oracle-k1,3,6,Bramwick,lucky number,1,0.0,0.0,27.297399996314198,27.297399996314198,27.297399996314198,8.835072,0
reactive-lru-k1,3,6,Bramwick,lucky number,0,0.42639998719096184,27.928900031838566,27.266899996902794,27.693299984093755,55.19580002874136,0.0,0
oracle-k3,3,6,Bramwick,lucky number,1,0.0,0.0,27.317500032950193,27.317500032950193,27.317500032950193,8.835072,0
reactive-lru-k3,3,6,Bramwick,lucky number,0,0.40990003617480397,21.055500023066998,28.856799995992333,29.266700032167137,49.91230001905933,0.0,0
oracle-k2,3,7,Quorvane,research lab city,1,0.0,0.0,28.16819999134168,28.16819999134168,28.16819999134168,10.309632,0
on-demand-k1,3,7,Quorvane,research lab city,0,0.493000028654933,25.9385000099428,23.28649995615706,23.77949998481199,49.22499996609986,0.0,0
reactive-lru-k3,3,7,Quorvane,research lab city,0,0.5212000105530024,23.271000012755394,25.63620003638789,26.157400046940893,48.907200049143285,0.0,0
reactive-lru-k1,3,7,Quorvane,research lab city,0,0.4686000174842775,35.46490002190694,23.488400038331747,23.957000055816025,58.95330006023869,0.0,0
oracle-k1,3,7,Quorvane,research lab city,1,0.0,0.0,23.35739997215569,23.35739997215569,23.35739997215569,10.309632,0
topic-k2,3,7,Quorvane,research lab city,0,0.44350000098347664,33.450899994932115,32.60410000802949,33.04760000901297,66.0550000029616,9.474048,0
topic-k1,3,7,Quorvane,research lab city,0,0.4983000108040869,27.632999990601093,23.05389998946339,23.552200000267476,50.68689998006448,0.0,0
reactive-lru-k2,3,7,Quorvane,research lab city,0,0.48430002061650157,24.85960000194609,20.87270002812147,21.357000048737973,45.73230003006756,0.0,0
oracle-k3,3,7,Quorvane,research lab city,1,0.0,0.0,20.76490002218634,20.76490002218634,20.76490002218634,10.309632,0
all-resident-k8,3,7,Quorvane,research lab city,1,0.0,0.0,19.224999996367842,19.224999996367842,19.224999996367842,0.0,0
topic-k3,3,7,Quorvane,research lab city,1,0.0,0.0,28.107799997087568,28.107799997087568,28.107799997087568,19.78368,0
oracle-k2,3,8,Quorvane,anthem composer,1,0.0,0.0,22.32650003861636,22.32650003861636,22.32650003861636,0.0,0
topic-k2,3,8,Quorvane,anthem composer,1,0.0,0.0,21.467800019308925,21.467800019308925,21.467800019308925,9.437184,1
topic-k1,3,8,Quorvane,anthem composer,1,0.0,0.0,19.02659999905154,19.02659999905154,19.02659999905154,0.0,0
on-demand-k1,3,8,Quorvane,anthem composer,0,0.4621000261977315,21.956600015982985,29.180500016082078,29.64260004227981,51.137100032065064,0.0,0
oracle-k3,3,8,Quorvane,anthem composer,1,0.0,0.0,19.334299955517054,19.334299955517054,19.334299955517054,0.0,0
oracle-k1,3,8,Quorvane,anthem composer,1,0.0,0.0,20.318300055805594,20.318300055805594,20.318300055805594,0.0,0
reactive-lru-k1,3,8,Quorvane,anthem composer,1,0.0,0.0,20.677799999248236,20.677799999248236,20.677799999248236,0.0,0
reactive-lru-k3,3,8,Quorvane,anthem composer,1,0.0,0.0,20.321999967563897,20.321999967563897,20.321999967563897,0.0,0
reactive-lru-k2,3,8,Quorvane,anthem composer,1,0.0,0.0,21.039800019934773,21.039800019934773,21.039800019934773,0.0,0
all-resident-k8,3,8,Quorvane,anthem composer,1,0.0,0.0,21.146100014448166,21.146100014448166,21.146100014448166,0.0,0
topic-k3,3,8,Quorvane,anthem composer,1,0.0,0.0,22.680099995341152,22.680099995341152,22.680099995341152,18.972672000000003,1
topic-k1,3,9,Veltrax,founding river,0,0.4305999609641731,22.07910001743585,19.21800000127405,19.648599962238222,41.2971000187099,0.0,0
topic-k2,3,9,Veltrax,founding river,0,0.4285000031813979,21.96489996276796,29.67179997358471,30.10029997676611,51.63669993635267,0.0,1
reactive-lru-k1,3,9,Veltrax,founding river,0,0.46230002772063017,30.463700008112937,19.7957000345923,20.25800006231293,50.25940004270524,0.0,0
reactive-lru-k3,3,9,Veltrax,founding river,0,0.44189998880028725,22.38569996552542,21.588000003248453,22.02989999204874,43.97369996877387,0.0,0
all-resident-k8,3,9,Veltrax,founding river,1,0.0,0.0,21.367899957112968,21.367899957112968,21.367899957112968,0.0,0
oracle-k1,3,9,Veltrax,founding river,1,0.0,0.0,26.792399992700666,26.792399992700666,26.792399992700666,9.535488,0
reactive-lru-k2,3,9,Veltrax,founding river,0,0.4596999497152865,24.802399973850697,28.296200034674257,28.755899984389544,53.098600008524954,0.0,0
topic-k3,3,9,Veltrax,founding river,1,0.0,0.0,19.335500022862107,19.335500022862107,19.335500022862107,0.0,0
on-demand-k1,3,9,Veltrax,founding river,0,0.4361000028438866,22.824700048658997,21.508999983780086,21.945099986623973,44.33370003243908,0.0,0
oracle-k2,3,9,Veltrax,founding river,1,0.0,0.0,21.358400001190603,21.358400001190603,21.358400001190603,9.535488,0
oracle-k3,3,9,Veltrax,founding river,1,0.0,0.0,19.663000013679266,19.663000013679266,19.663000013679266,9.535488,0
on-demand-k1,3,10,Veltrax,motto word,0,0.4825999494642019,28.569999965839088,20.258900010958314,20.741499960422516,48.8288999767974,0.0,0
reactive-lru-k2,3,10,Veltrax,motto word,1,0.0,0.0,20.5201999633573,20.5201999633573,20.5201999633573,0.0,0
topic-k2,3,10,Veltrax,motto word,1,0.0,0.0,23.829500016290694,23.829500016290694,23.829500016290694,9.510912,0
oracle-k3,3,10,Veltrax,motto word,1,0.0,0.0,19.52749997144565,19.52749997144565,19.52749997144565,0.0,0
all-resident-k8,3,10,Veltrax,motto word,1,0.0,0.0,20.40450001368299,20.40450001368299,20.40450001368299,0.0,0
oracle-k2,3,10,Veltrax,motto word,1,0.0,0.0,20.22369997575879,20.22369997575879,20.22369997575879,0.0,0
oracle-k1,3,10,Veltrax,motto word,1,0.0,0.0,19.762100011575967,19.762100011575967,19.762100011575967,0.0,0
reactive-lru-k3,3,10,Veltrax,motto word,1,0.0,0.0,26.178100029937923,26.178100029937923,26.178100029937923,0.0,0
topic-k3,3,10,Veltrax,motto word,1,0.0,0.0,20.20610001636669,20.20610001636669,20.20610001636669,9.510912,1
reactive-lru-k1,3,10,Veltrax,motto word,1,0.0,0.0,19.02220002375543,19.02220002375543,19.02220002375543,0.0,0
topic-k1,3,10,Veltrax,motto word,1,0.0,0.0,20.173900004010648,20.173900004010648,20.173900004010648,0.0,0
oracle-k3,3,11,Pyrenna,chief executive,1,0.0,0.0,19.630399998277426,19.630399998277426,19.630399998277426,9.510912,0
topic-k3,3,11,Pyrenna,chief executive,1,0.0,0.0,26.935000030789524,26.935000030789524,26.935000030789524,0.0,0
oracle-k1,3,11,Pyrenna,chief executive,1,0.0,0.0,22.4331000354141,22.4331000354141,22.4331000354141,9.510912,0
reactive-lru-k1,3,11,Pyrenna,chief executive,0,0.4487999831326306,21.796800021547824,20.09050000924617,20.5392999923788,41.887300030793995,0.0,0
on-demand-k1,3,11,Pyrenna,chief executive,0,0.43319998076185584,22.01809996040538,19.29790002759546,19.731100008357316,41.31599998800084,0.0,0
all-resident-k8,3,11,Pyrenna,chief executive,1,0.0,0.0,19.388900022022426,19.388900022022426,19.388900022022426,0.0,0
reactive-lru-k2,3,11,Pyrenna,chief executive,0,0.43779995758086443,22.31879997998476,20.03279997734353,20.470599934924394,42.35159995732829,0.0,0
reactive-lru-k3,3,11,Pyrenna,chief executive,0,0.4411999834701419,21.575999970082194,22.994200000539422,23.435399984009564,44.570199970621616,0.0,0
oracle-k2,3,11,Pyrenna,chief executive,1,0.0,0.0,20.87150001898408,20.87150001898408,20.87150001898408,9.510912,0
topic-k2,3,11,Pyrenna,chief executive,1,0.0,0.0,19.74649995099753,19.74649995099753,19.74649995099753,0.0,0
topic-k1,3,11,Pyrenna,chief executive,0,0.4343999898992479,21.718000003602356,19.766799989156425,20.201199979055673,41.48479999275878,0.0,0
oracle-k1,4,0,Veltrax,chief executive,1,0.0,0.0,19.829199998639524,19.829199998639524,19.829199998639524,9.535488,0
all-resident-k8,4,0,Veltrax,chief executive,1,0.0,0.0,19.759699993301183,19.759699993301183,19.759699993301183,75.472896,0
oracle-k3,4,0,Veltrax,chief executive,1,0.0,0.0,19.709200016222894,19.709200016222894,19.709200016222894,9.535488,0
reactive-lru-k3,4,0,Veltrax,chief executive,0,0.4338999860920012,25.378800055477768,19.375300034880638,19.80920002097264,44.754100090358406,0.0,0
topic-k2,4,0,Veltrax,chief executive,0,0.4372000112198293,21.80749998660758,18.661600013729185,19.098800024949014,40.469100000336766,0.0,0
oracle-k2,4,0,Veltrax,chief executive,1,0.0,0.0,29.292399995028973,29.292399995028973,29.292399995028973,9.535488,0
reactive-lru-k1,4,0,Veltrax,chief executive,0,0.4563999827951193,32.06180001143366,25.16179997473955,25.61819995753467,57.22359998617321,0.0,0
topic-k3,4,0,Veltrax,chief executive,0,0.4461000207811594,26.163000031374395,20.778800011612475,21.224900032393634,46.94180004298687,0.0,0
on-demand-k1,4,0,Veltrax,chief executive,0,0.43889996595680714,28.092299995478243,24.827499990351498,25.266399956308305,52.91979998582974,0.0,0
topic-k1,4,0,Veltrax,chief executive,0,0.4440000047907233,22.804100008215755,27.062000008299947,27.50600001309067,49.8661000165157,0.0,0
reactive-lru-k2,4,0,Veltrax,chief executive,0,0.46960002509877086,24.875300005078316,30.821499996818602,31.291100021917373,55.69680000189692,0.0,0
oracle-k3,4,1,Veltrax,founding year,1,0.0,0.0,19.431799999438226,19.431799999438226,19.431799999438226,0.0,0
reactive-lru-k1,4,1,Veltrax,founding year,1,0.0,0.0,19.5586999761872,19.5586999761872,19.5586999761872,0.0,0
topic-k1,4,1,Veltrax,founding year,1,0.0,0.0,20.53649997105822,20.53649997105822,20.53649997105822,0.0,0
oracle-k2,4,1,Veltrax,founding year,1,0.0,0.0,24.286900006700307,24.286900006700307,24.286900006700307,0.0,0
reactive-lru-k2,4,1,Veltrax,founding year,1,0.0,0.0,29.062399989925325,29.062399989925325,29.062399989925325,0.0,0
topic-k3,4,1,Veltrax,founding year,1,0.0,0.0,23.696600052062422,23.696600052062422,23.696600052062422,19.820543999999998,0
on-demand-k1,4,1,Veltrax,founding year,0,0.44380000326782465,22.62880001217127,20.3466999810189,20.790499984286726,42.97549999319017,0.0,0
reactive-lru-k3,4,1,Veltrax,founding year,1,0.0,0.0,22.089800040703267,22.089800040703267,22.089800040703267,0.0,0
oracle-k1,4,1,Veltrax,founding year,1,0.0,0.0,20.101299975067377,20.101299975067377,20.101299975067377,0.0,0
all-resident-k8,4,1,Veltrax,founding year,1,0.0,0.0,19.94219998596236,19.94219998596236,19.94219998596236,0.0,0
topic-k2,4,1,Veltrax,founding year,1,0.0,0.0,25.327600014861673,25.327600014861673,25.327600014861673,9.510912,0
reactive-lru-k2,4,2,Veltrax,stock ticker,1,0.0,0.0,32.120299991220236,32.120299991220236,32.120299991220236,0.0,0
reactive-lru-k3,4,2,Veltrax,stock ticker,1,0.0,0.0,21.734600013587624,21.734600013587624,21.734600013587624,0.0,0
topic-k1,4,2,Veltrax,stock ticker,1,0.0,0.0,19.229100027587265,19.229100027587265,19.229100027587265,0.0,0
reactive-lru-k1,4,2,Veltrax,stock ticker,1,0.0,0.0,20.08010004647076,20.08010004647076,20.08010004647076,0.0,0
oracle-k3,4,2,Veltrax,stock ticker,1,0.0,0.0,20.003900048322976,20.003900048322976,20.003900048322976,0.0,0
topic-k2,4,2,Veltrax,stock ticker,1,0.0,0.0,19.704800040926784,19.704800040926784,19.704800040926784,0.0,0
all-resident-k8,4,2,Veltrax,stock ticker,1,0.0,0.0,19.856000028084964,19.856000028084964,19.856000028084964,0.0,0
on-demand-k1,4,2,Veltrax,stock ticker,0,0.4507999983616173,22.566800005733967,19.683999998960644,20.13479999732226,42.25080000469461,0.0,0
oracle-k2,4,2,Veltrax,stock ticker,1,0.0,0.0,19.33060004375875,19.33060004375875,19.33060004375875,0.0,0
topic-k3,4,2,Veltrax,stock ticker,1,0.0,0.0,19.637499994132668,19.637499994132668,19.637499994132668,0.0,0
oracle-k1,4,2,Veltrax,stock ticker,1,0.0,0.0,20.856000017374754,20.856000017374754,20.856000017374754,0.0,0
topic-k1,4,3,Veltrax,flagship product,1,0.0,0.0,19.80890001868829,19.80890001868829,19.80890001868829,0.0,0
reactive-lru-k3,4,3,Veltrax,flagship product,1,0.0,0.0,19.80619999812916,19.80619999812916,19.80619999812916,0.0,0
on-demand-k1,4,3,Veltrax,flagship product,0,0.45629998203366995,23.07589998235926,25.40350001072511,25.85979999275878,48.47939999308437,0.0,0
reactive-lru-k1,4,3,Veltrax,flagship product,1,0.0,0.0,21.45929995458573,21.45929995458573,21.45929995458573,0.0,0
topic-k2,4,3,Veltrax,flagship product,1,0.0,0.0,19.877700018696487,19.877700018696487,19.877700018696487,0.0,0
reactive-lru-k2,4,3,Veltrax,flagship product,1,0.0,0.0,19.959600002039224,19.959600002039224,19.959600002039224,0.0,0
oracle-k2,4,3,Veltrax,flagship product,1,0.0,0.0,19.944300001952797,19.944300001952797,19.944300001952797,0.0,0
oracle-k3,4,3,Veltrax,flagship product,1,0.0,0.0,19.851099990773946,19.851099990773946,19.851099990773946,0.0,0
oracle-k1,4,3,Veltrax,flagship product,1,0.0,0.0,20.196500001475215,20.196500001475215,20.196500001475215,0.0,0
topic-k3,4,3,Veltrax,flagship product,1,0.0,0.0,20.388700009789318,20.388700009789318,20.388700009789318,0.0,0
all-resident-k8,4,3,Veltrax,flagship product,1,0.0,0.0,20.181900006718934,20.181900006718934,20.181900006718934,0.0,0
reactive-lru-k3,4,4,Pyrenna,research lab city,0,0.4884999943897128,23.3515000436455,21.4343000552617,21.922800049651414,44.7858000989072,0.0,0
all-resident-k8,4,4,Pyrenna,research lab city,1,0.0,0.0,20.901800016872585,20.901800016872585,20.901800016872585,0.0,0
reactive-lru-k2,4,4,Pyrenna,research lab city,0,0.4455000162124634,22.03300001565367,19.608200003858656,20.05370002007112,41.641200019512326,0.0,0
topic-k3,4,4,Pyrenna,research lab city,1,0.0,0.0,19.433900015428662,19.433900015428662,19.433900015428662,0.0,0
on-demand-k1,4,4,Pyrenna,research lab city,0,0.4501999937929213,22.015900001861155,20.592199987731874,21.042399981524795,42.60809998959303,0.0,0
oracle-k2,4,4,Pyrenna,research lab city,1,0.0,0.0,19.692600006237626,19.692600006237626,19.692600006237626,9.510912,0
reactive-lru-k1,4,4,Pyrenna,research lab city,0,0.43290003668516874,23.030399985145777,19.63260001502931,20.06550005171448,42.66300000017509,0.0,0
oracle-k1,4,4,Pyrenna,research lab city,1,0.0,0.0,20.633300009649247,20.633300009649247,20.633300009649247,9.510912,0
oracle-k3,4,4,Pyrenna,research lab city,1,0.0,0.0,20.144500012975186,20.144500012975186,20.144500012975186,9.510912,0
topic-k2,4,4,Pyrenna,research lab city,1,0.0,0.0,21.434900001622736,21.434900001622736,21.434900001622736,0.0,0
topic-k1,4,4,Pyrenna,research lab city,0,0.4831000114791095,22.737199964467436,19.6033000247553,20.08640003623441,42.340499989222735,0.0,0
topic-k1,4,5,Pyrenna,corporate color,1,0.0,0.0,20.67890000762418,20.67890000762418,20.67890000762418,0.0,0
topic-k2,4,5,Pyrenna,corporate color,1,0.0,0.0,21.845699986442924,21.845699986442924,21.845699986442924,9.609216,0
on-demand-k1,4,5,Pyrenna,corporate color,0,0.44920004438608885,21.980400022584945,18.85019999463111,19.2994000390172,40.83060001721606,0.0,0
reactive-lru-k3,4,5,Pyrenna,corporate color,1,0.0,0.0,18.562200013548136,18.562200013548136,18.562200013548136,0.0,0
oracle-k3,4,5,Pyrenna,corporate color,1,0.0,0.0,19.002299988642335,19.002299988642335,19.002299988642335,0.0,0
topic-k3,4,5,Pyrenna,corporate color,1,0.0,0.0,19.13919998332858,19.13919998332858,19.13919998332858,18.370559999999998,1
oracle-k1,4,5,Pyrenna,corporate color,1,0.0,0.0,20.19740000832826,20.19740000832826,20.19740000832826,0.0,0
all-resident-k8,4,5,Pyrenna,corporate color,1,0.0,0.0,19.175499968696386,19.175499968696386,19.175499968696386,0.0,0
oracle-k2,4,5,Pyrenna,corporate color,1,0.0,0.0,18.842199991922826,18.842199991922826,18.842199991922826,0.0,0
reactive-lru-k2,4,5,Pyrenna,corporate color,1,0.0,0.0,19.61779996054247,19.61779996054247,19.61779996054247,0.0,0
reactive-lru-k1,4,5,Pyrenna,corporate color,1,0.0,0.0,19.281799963209778,19.281799963209778,19.281799963209778,0.0,0
reactive-lru-k3,4,6,Pyrenna,signature dish,1,0.0,0.0,18.857399991247803,18.857399991247803,18.857399991247803,0.0,0
topic-k3,4,6,Pyrenna,signature dish,1,0.0,0.0,19.28459998453036,19.28459998453036,19.28459998453036,0.0,0
oracle-k3,4,6,Pyrenna,signature dish,1,0.0,0.0,20.572400011587888,20.572400011587888,20.572400011587888,0.0,0
oracle-k2,4,6,Pyrenna,signature dish,1,0.0,0.0,19.452899985481054,19.452899985481054,19.452899985481054,0.0,0
topic-k1,4,6,Pyrenna,signature dish,1,0.0,0.0,19.074799958616495,19.074799958616495,19.074799958616495,0.0,0
topic-k2,4,6,Pyrenna,signature dish,1,0.0,0.0,20.122400019317865,20.122400019317865,20.122400019317865,0.0,0
reactive-lru-k2,4,6,Pyrenna,signature dish,1,0.0,0.0,19.742799981031567,19.742799981031567,19.742799981031567,0.0,0
oracle-k1,4,6,Pyrenna,signature dish,1,0.0,0.0,18.98970000911504,18.98970000911504,18.98970000911504,0.0,0
reactive-lru-k1,4,6,Pyrenna,signature dish,1,0.0,0.0,19.421799981500953,19.421799981500953,19.421799981500953,0.0,0
on-demand-k1,4,6,Pyrenna,signature dish,0,0.4369000089354813,22.930300037842244,19.249900011345744,19.686800020281225,42.18020004918799,0.0,0
all-resident-k8,4,6,Pyrenna,signature dish,1,0.0,0.0,19.455400004517287,19.455400004517287,19.455400004517287,0.0,0
all-resident-k8,4,7,Pyrenna,primary material,1,0.0,0.0,20.3406999935396,20.3406999935396,20.3406999935396,0.0,0
topic-k1,4,7,Pyrenna,primary material,1,0.0,0.0,19.848599971737713,19.848599971737713,19.848599971737713,0.0,0
reactive-lru-k2,4,7,Pyrenna,primary material,1,0.0,0.0,19.18240002123639,19.18240002123639,19.18240002123639,0.0,0
oracle-k3,4,7,Pyrenna,primary material,1,0.0,0.0,24.534900032449514,24.534900032449514,24.534900032449514,0.0,0
topic-k2,4,7,Pyrenna,primary material,1,0.0,0.0,20.956899970769882,20.956899970769882,20.956899970769882,0.0,0
oracle-k2,4,7,Pyrenna,primary material,1,0.0,0.0,19.60449997568503,19.60449997568503,19.60449997568503,0.0,0
on-demand-k1,4,7,Pyrenna,primary material,0,0.44839998008683324,22.81390002463013,19.851399993058294,20.299799973145127,42.66530001768842,0.0,0
reactive-lru-k3,4,7,Pyrenna,primary material,1,0.0,0.0,21.10529999481514,21.10529999481514,21.10529999481514,0.0,0
reactive-lru-k1,4,7,Pyrenna,primary material,1,0.0,0.0,19.968400010839105,19.968400010839105,19.968400010839105,0.0,0
oracle-k1,4,7,Pyrenna,primary material,1,0.0,0.0,22.368100006133318,22.368100006133318,22.368100006133318,0.0,0
topic-k3,4,7,Pyrenna,primary material,1,0.0,0.0,20.064199983607978,20.064199983607978,20.064199983607978,0.0,0
topic-k2,4,8,Pyrenna,chief engineer,1,0.0,0.0,20.665699965320528,20.665699965320528,20.665699965320528,0.0,0
topic-k3,4,8,Pyrenna,chief engineer,1,0.0,0.0,20.925500022713095,20.925500022713095,20.925500022713095,0.0,0
reactive-lru-k2,4,8,Pyrenna,chief engineer,1,0.0,0.0,19.94229998672381,19.94229998672381,19.94229998672381,0.0,0
on-demand-k1,4,8,Pyrenna,chief engineer,0,0.44839998008683324,22.6241999771446,20.74099995661527,21.189399936702102,43.36519993375987,0.0,0
reactive-lru-k3,4,8,Pyrenna,chief engineer,1,0.0,0.0,19.46410001255572,19.46410001255572,19.46410001255572,0.0,0
oracle-k3,4,8,Pyrenna,chief engineer,1,0.0,0.0,19.922500010579824,19.922500010579824,19.922500010579824,0.0,0
oracle-k2,4,8,Pyrenna,chief engineer,1,0.0,0.0,19.63539997814223,19.63539997814223,19.63539997814223,0.0,0
all-resident-k8,4,8,Pyrenna,chief engineer,1,0.0,0.0,20.095899992156774,20.095899992156774,20.095899992156774,0.0,0
oracle-k1,4,8,Pyrenna,chief engineer,1,0.0,0.0,19.79280001251027,19.79280001251027,19.79280001251027,0.0,0
reactive-lru-k1,4,8,Pyrenna,chief engineer,1,0.0,0.0,20.260000019334257,20.260000019334257,20.260000019334257,0.0,0
topic-k1,4,8,Pyrenna,chief engineer,1,0.0,0.0,19.28770000813529,19.28770000813529,19.28770000813529,0.0,0
on-demand-k1,4,9,Pyrenna,flagship product,0,0.4389999667182565,23.374699987471104,21.026000031270087,21.464999997988343,44.40070001874119,0.0,0
oracle-k3,4,9,Pyrenna,flagship product,1,0.0,0.0,19.342800020240247,19.342800020240247,19.342800020240247,0.0,0
oracle-k2,4,9,Pyrenna,flagship product,1,0.0,0.0,19.460099982097745,19.460099982097745,19.460099982097745,0.0,0
reactive-lru-k2,4,9,Pyrenna,flagship product,1,0.0,0.0,20.51599998958409,20.51599998958409,20.51599998958409,0.0,0
topic-k2,4,9,Pyrenna,flagship product,1,0.0,0.0,19.69210000243038,19.69210000243038,19.69210000243038,0.0,0
oracle-k1,4,9,Pyrenna,flagship product,1,0.0,0.0,20.118299988098443,20.118299988098443,20.118299988098443,0.0,0
all-resident-k8,4,9,Pyrenna,flagship product,1,0.0,0.0,20.944400050211698,20.944400050211698,20.944400050211698,0.0,0
topic-k3,4,9,Pyrenna,flagship product,1,0.0,0.0,19.741099968086928,19.741099968086928,19.741099968086928,0.0,0
reactive-lru-k1,4,9,Pyrenna,flagship product,1,0.0,0.0,22.734400001354516,22.734400001354516,22.734400001354516,0.0,0
reactive-lru-k3,4,9,Pyrenna,flagship product,1,0.0,0.0,21.170199965126812,21.170199965126812,21.170199965126812,0.0,0
topic-k1,4,9,Pyrenna,flagship product,1,0.0,0.0,21.049800037872046,21.049800037872046,21.049800037872046,0.0,0
topic-k1,4,10,Pyrenna,annual revenue,1,0.0,0.0,20.869199943263084,20.869199943263084,20.869199943263084,0.0,0
oracle-k3,4,10,Pyrenna,annual revenue,1,0.0,0.0,21.699199976865202,21.699199976865202,21.699199976865202,0.0,0
reactive-lru-k2,4,10,Pyrenna,annual revenue,1,0.0,0.0,22.878700052388012,22.878700052388012,22.878700052388012,0.0,0
reactive-lru-k1,4,10,Pyrenna,annual revenue,1,0.0,0.0,19.261799985542893,19.261799985542893,19.261799985542893,0.0,0
reactive-lru-k3,4,10,Pyrenna,annual revenue,1,0.0,0.0,32.29870001086965,32.29870001086965,32.29870001086965,0.0,0
all-resident-k8,4,10,Pyrenna,annual revenue,1,0.0,0.0,25.9694000124,25.9694000124,25.9694000124,0.0,0
topic-k3,4,10,Pyrenna,annual revenue,1,0.0,0.0,23.521199997048825,23.521199997048825,23.521199997048825,0.0,0
on-demand-k1,4,10,Pyrenna,annual revenue,0,0.4609999596141279,25.623599998652935,23.227599973324686,23.688599932938814,48.85119997197762,0.0,0
topic-k2,4,10,Pyrenna,annual revenue,1,0.0,0.0,32.80509996693581,32.80509996693581,32.80509996693581,0.0,0
oracle-k1,4,10,Pyrenna,annual revenue,1,0.0,0.0,26.444800023455173,26.444800023455173,26.444800023455173,0.0,0
oracle-k2,4,10,Pyrenna,annual revenue,1,0.0,0.0,32.560199964791536,32.560199964791536,32.560199964791536,0.0,0
topic-k3,4,11,Pyrenna,mascot animal,1,0.0,0.0,24.560899997595698,24.560899997595698,24.560899997595698,0.0,0
oracle-k1,4,11,Pyrenna,mascot animal,1,0.0,0.0,20.55270003620535,20.55270003620535,20.55270003620535,0.0,0
topic-k1,4,11,Pyrenna,mascot animal,1,0.0,0.0,18.496999982744455,18.496999982744455,18.496999982744455,0.0,0
on-demand-k1,4,11,Pyrenna,mascot animal,0,0.430900021456182,27.715599979273975,31.53300000121817,31.963900022674352,59.248599980492145,0.0,0
all-resident-k8,4,11,Pyrenna,mascot animal,1,0.0,0.0,26.711500016972423,26.711500016972423,26.711500016972423,0.0,0
reactive-lru-k2,4,11,Pyrenna,mascot animal,1,0.0,0.0,23.207099991850555,23.207099991850555,23.207099991850555,0.0,0
reactive-lru-k1,4,11,Pyrenna,mascot animal,1,0.0,0.0,33.07179996045306,33.07179996045306,33.07179996045306,0.0,0
oracle-k2,4,11,Pyrenna,mascot animal,1,0.0,0.0,26.693799998611212,26.693799998611212,26.693799998611212,0.0,0
oracle-k3,4,11,Pyrenna,mascot animal,1,0.0,0.0,26.419000001624227,26.419000001624227,26.419000001624227,0.0,0
topic-k2,4,11,Pyrenna,mascot animal,1,0.0,0.0,23.045899986755103,23.045899986755103,23.045899986755103,0.0,0
reactive-lru-k3,4,11,Pyrenna,mascot animal,1,0.0,0.0,32.69419999560341,32.69419999560341,32.69419999560341,0.0,0
reactive-lru-k3,5,0,Pyrenna,signature dish,0,0.4591000033542514,24.538000056054443,28.718499990645796,29.177599994000047,53.25650004670024,0.0,0
on-demand-k1,5,0,Pyrenna,signature dish,0,0.478199974168092,22.762499982491136,31.76119999261573,32.23939996678382,54.523699975106865,0.0,0
oracle-k3,5,0,Pyrenna,signature dish,1,0.0,0.0,33.21109997341409,33.21109997341409,33.21109997341409,9.510912,0
all-resident-k8,5,0,Pyrenna,signature dish,1,0.0,0.0,28.042100020684302,28.042100020684302,28.042100020684302,75.472896,0
topic-k1,5,0,Pyrenna,signature dish,0,0.4320000298321247,22.805500018876046,31.207700027152896,31.63970005698502,54.01320004602894,0.0,0
topic-k3,5,0,Pyrenna,signature dish,0,0.4486000398173928,31.59800003049895,28.402100026141852,28.850700065959245,60.000100056640804,0.0,0
reactive-lru-k2,5,0,Pyrenna,signature dish,0,0.42990001384168863,26.628399966284633,23.069199989549816,23.499100003391504,49.69759995583445,0.0,0
oracle-k1,5,0,Pyrenna,signature dish,1,0.0,0.0,26.54450002592057,26.54450002592057,26.54450002592057,9.510912,0
oracle-k2,5,0,Pyrenna,signature dish,1,0.0,0.0,22.26679999148473,22.26679999148473,22.26679999148473,9.510912,0
reactive-lru-k1,5,0,Pyrenna,signature dish,0,0.45769999269396067,24.702400027308613,24.80349998222664,25.2611999749206,49.50590000953525,0.0,0
topic-k2,5,0,Pyrenna,signature dish,0,0.46909996308386326,24.22849996946752,25.927900045644492,26.397000008728355,50.15640001511201,0.0,0
oracle-k3,5,1,Bramwick,founding year,1,0.0,0.0,18.803699989803135,18.803699989803135,18.803699989803135,8.835072,0
reactive-lru-k1,5,1,Bramwick,founding year,0,0.4322000313550234,34.62849999777973,30.283100029919297,30.71530006127432,64.91160002769902,0.0,0
on-demand-k1,5,1,Bramwick,founding year,0,0.41969999438151717,22.02559995930642,27.65850001014769,28.078200004529208,49.68409996945411,0.0,0
oracle-k1,5,1,Bramwick,founding year,1,0.0,0.0,19.57790000597015,19.57790000597015,19.57790000597015,8.835072,0
topic-k3,5,1,Bramwick,founding year,0,0.3852999652735889,30.120100011117756,19.190700026229024,19.575999991502613,49.31080003734678,18.370559999999998,0
reactive-lru-k3,5,1,Bramwick,founding year,0,0.39899995317682624,29.495000024326146,23.721600009594113,24.12059996277094,53.21660003392026,0.0,0
reactive-lru-k2,5,1,Bramwick,founding year,0,0.5436999490484595,29.93910002987832,23.602799978107214,24.146499927155674,53.54190000798553,0.0,0
topic-k2,5,1,Bramwick,founding year,0,0.3849999629892409,30.133599997498095,27.346899965777993,27.731899928767234,57.48049996327609,9.609216,0
all-resident-k8,5,1,Bramwick,founding year,1,0.0,0.0,22.125300019979477,22.125300019979477,22.125300019979477,0.0,0
oracle-k2,5,1,Bramwick,founding year,1,0.0,0.0,20.493300049565732,20.493300049565732,20.493300049565732,8.835072,0
topic-k1,5,1,Bramwick,founding year,0,0.47969998558983207,24.32369999587536,27.12250000331551,27.60219998890534,51.44619999919087,0.0,0
oracle-k2,5,2,Bramwick,annual revenue,1,0.0,0.0,18.878899980336428,18.878899980336428,18.878899980336428,0.0,0
reactive-lru-k3,5,2,Bramwick,annual revenue,1,0.0,0.0,26.69690002221614,26.69690002221614,26.69690002221614,0.0,0
topic-k3,5,2,Bramwick,annual revenue,1,0.0,0.0,20.43740003136918,20.43740003136918,20.43740003136918,19.78368,2
reactive-lru-k2,5,2,Bramwick,annual revenue,1,0.0,0.0,24.940099974628538,24.940099974628538,24.940099974628538,0.0,0
on-demand-k1,5,2,Bramwick,annual revenue,0,0.41009997949004173,30.88709997246042,25.45700001064688,25.86709999013692,56.3440999831073,0.0,0
all-resident-k8,5,2,Bramwick,annual revenue,1,0.0,0.0,21.810100006405264,21.810100006405264,21.810100006405264,0.0,0
oracle-k3,5,2,Bramwick,annual revenue,1,0.0,0.0,24.13089998299256,24.13089998299256,24.13089998299256,0.0,0
topic-k2,5,2,Bramwick,annual revenue,1,0.0,0.0,30.41429998120293,30.41429998120293,30.41429998120293,9.474048,1
reactive-lru-k1,5,2,Bramwick,annual revenue,1,0.0,0.0,18.970799981616437,18.970799981616437,18.970799981616437,0.0,0
topic-k1,5,2,Bramwick,annual revenue,1,0.0,0.0,25.987699977122247,25.987699977122247,25.987699977122247,0.0,0
oracle-k1,5,2,Bramwick,annual revenue,1,0.0,0.0,18.57210003072396,18.57210003072396,18.57210003072396,0.0,0
topic-k3,5,3,Bramwick,corporate color,1,0.0,0.0,32.00720000313595,32.00720000313595,32.00720000313595,0.0,0
on-demand-k1,5,3,Bramwick,corporate color,0,0.40339998668059707,33.36719999788329,22.00489997630939,22.408299962989986,55.37209997419268,0.0,0
topic-k1,5,3,Bramwick,corporate color,1,0.0,0.0,19.328299968037754,19.328299968037754,19.328299968037754,0.0,0
oracle-k2,5,3,Bramwick,corporate color,1,0.0,0.0,23.83030002238229,23.83030002238229,23.83030002238229,0.0,0
all-resident-k8,5,3,Bramwick,corporate color,1,0.0,0.0,24.800799961667508,24.800799961667508,24.800799961667508,0.0,0
reactive-lru-k3,5,3,Bramwick,corporate color,1,0.0,0.0,22.024800011422485,22.024800011422485,22.024800011422485,0.0,0
reactive-lru-k1,5,3,Bramwick,corporate color,1,0.0,0.0,23.864599992521107,23.864599992521107,23.864599992521107,0.0,0
topic-k2,5,3,Bramwick,corporate color,1,0.0,0.0,21.678200049791485,21.678200049791485,21.678200049791485,0.0,0
oracle-k3,5,3,Bramwick,corporate color,1,0.0,0.0,30.06920003099367,30.06920003099367,30.06920003099367,0.0,0
reactive-lru-k2,5,3,Bramwick,corporate color,1,0.0,0.0,21.437799965497106,21.437799965497106,21.437799965497106,0.0,0
oracle-k1,5,3,Bramwick,corporate color,1,0.0,0.0,19.693200010806322,19.693200010806322,19.693200010806322,0.0,0
reactive-lru-k1,5,4,Bramwick,signature dish,1,0.0,0.0,19.203400006517768,19.203400006517768,19.203400006517768,0.0,0
topic-k1,5,4,Bramwick,signature dish,1,0.0,0.0,19.722700002603233,19.722700002603233,19.722700002603233,0.0,0
reactive-lru-k2,5,4,Bramwick,signature dish,1,0.0,0.0,19.17939999839291,19.17939999839291,19.17939999839291,0.0,0
all-resident-k8,5,4,Bramwick,signature dish,1,0.0,0.0,19.405199971515685,19.405199971515685,19.405199971515685,0.0,0
oracle-k3,5,4,Bramwick,signature dish,1,0.0,0.0,19.881299987901002,19.881299987901002,19.881299987901002,0.0,0
on-demand-k1,5,4,Bramwick,signature dish,0,0.42799999937415123,22.500099963508546,20.813100039958954,21.241100039333105,43.3132000034675,0.0,0
topic-k2,5,4,Bramwick,signature dish,1,0.0,0.0,19.52889998210594,19.52889998210594,19.52889998210594,0.0,0
oracle-k1,5,4,Bramwick,signature dish,1,0.0,0.0,18.901300034485757,18.901300034485757,18.901300034485757,0.0,0
reactive-lru-k3,5,4,Bramwick,signature dish,1,0.0,0.0,19.429099978879094,19.429099978879094,19.429099978879094,0.0,0
topic-k3,5,4,Bramwick,signature dish,1,0.0,0.0,20.06399998208508,20.06399998208508,20.06399998208508,0.0,0
oracle-k2,5,4,Bramwick,signature dish,1,0.0,0.0,19.631000002846122,19.631000002846122,19.631000002846122,0.0,0
topic-k3,5,5,Toskarel,signature dish,1,0.0,0.0,19.498400040902197,19.498400040902197,19.498400040902197,0.0,0
topic-k1,5,5,Toskarel,signature dish,0,0.4414999857544899,24.177500046789646,19.88450001226738,20.32599999802187,44.06200005905703,0.0,0
topic-k2,5,5,Toskarel,signature dish,1,0.0,0.0,19.247799995355308,19.247799995355308,19.247799995355308,0.0,0
all-resident-k8,5,5,Toskarel,signature dish,1,0.0,0.0,19.51890002237633,19.51890002237633,19.51890002237633,0.0,0
reactive-lru-k1,5,5,Toskarel,signature dish,0,0.4613000201061368,22.26840000366792,22.32599997660145,22.78729999670759,44.59439998026937,0.0,0
on-demand-k1,5,5,Toskarel,signature dish,0,0.43890002416446805,26.588400010950863,19.02399997925386,19.462900003418326,45.61239999020472,0.0,0
oracle-k3,5,5,Toskarel,signature dish,1,0.0,0.0,18.88150000013411,18.88150000013411,18.88150000013411,9.474048,0
oracle-k2,5,5,Toskarel,signature dish,1,0.0,0.0,19.285399990621954,19.285399990621954,19.285399990621954,9.474048,0
reactive-lru-k3,5,5,Toskarel,signature dish,0,0.44219999108463526,22.20939996186644,20.513699972070754,20.95589996315539,42.72309993393719,0.0,0
reactive-lru-k2,5,5,Toskarel,signature dish,0,0.4477999755181372,22.81840000068769,19.478400005027652,19.92619998054579,42.29680000571534,0.0,0
oracle-k1,5,5,Toskarel,signature dish,1,0.0,0.0,19.042100000660866,19.042100000660866,19.042100000660866,9.474048,0
reactive-lru-k1,5,6,Toskarel,signature dish,1,0.0,0.0,20.147999981418252,20.147999981418252,20.147999981418252,0.0,0
on-demand-k1,5,6,Toskarel,signature dish,0,0.4317999701015651,23.776000016368926,20.509199996013194,20.94099996611476,44.28520001238212,0.0,0
topic-k1,5,6,Toskarel,signature dish,1,0.0,0.0,22.478199971374124,22.478199971374124,22.478199971374124,0.0,0
oracle-k1,5,6,Toskarel,signature dish,1,0.0,0.0,19.90390004357323,19.90390004357323,19.90390004357323,0.0,0
reactive-lru-k3,5,6,Toskarel,signature dish,1,0.0,0.0,19.368099980056286,19.368099980056286,19.368099980056286,0.0,0
oracle-k2,5,6,Toskarel,signature dish,1,0.0,0.0,20.436199964024127,20.436199964024127,20.436199964024127,0.0,0
topic-k3,5,6,Toskarel,signature dish,1,0.0,0.0,19.543199974577874,19.543199974577874,19.543199974577874,9.510912,0
topic-k2,5,6,Toskarel,signature dish,1,0.0,0.0,20.809500012546778,20.809500012546778,20.809500012546778,9.510912,0
oracle-k3,5,6,Toskarel,signature dish,1,0.0,0.0,20.0374000123702,20.0374000123702,20.0374000123702,0.0,0
all-resident-k8,5,6,Toskarel,signature dish,1,0.0,0.0,19.296100013889372,19.296100013889372,19.296100013889372,0.0,0
reactive-lru-k2,5,6,Toskarel,signature dish,1,0.0,0.0,20.907800004351884,20.907800004351884,20.907800004351884,0.0,0
topic-k1,5,7,Quorvane,satellite name,0,0.48260000767186284,23.41969998087734,19.632200011983514,20.114800019655377,43.051899992860854,0.0,0
topic-k2,5,7,Quorvane,satellite name,0,0.4831000114791095,23.21060001850128,19.823000009637326,20.306100021116436,43.03360002813861,0.0,1
oracle-k3,5,7,Quorvane,satellite name,1,0.0,0.0,19.612800038885325,19.612800038885325,19.612800038885325,10.309632,0
reactive-lru-k2,5,7,Quorvane,satellite name,0,0.4637000383809209,22.63620001031086,19.792299950495362,20.255999988876283,42.42849996080622,0.0,0
oracle-k2,5,7,Quorvane,satellite name,1,0.0,0.0,19.974599999841303,19.974599999841303,19.974599999841303,10.309632,0
topic-k3,5,7,Quorvane,satellite name,1,0.0,0.0,19.176999980118126,19.176999980118126,19.176999980118126,0.0,0
oracle-k1,5,7,Quorvane,satellite name,1,0.0,0.0,19.483599986415356,19.483599986415356,19.483599986415356,10.309632,0
on-demand-k1,5,7,Quorvane,satellite name,0,0.4632999771274626,23.125500010792166,19.830700010061264,20.293999987188727,42.95620002085343,0.0,0
reactive-lru-k1,5,7,Quorvane,satellite name,0,0.4878999898210168,22.914799978025258,19.46370000950992,19.951599999330938,42.37849998753518,0.0,0
reactive-lru-k3,5,7,Quorvane,satellite name,0,0.47530001029372215,22.992099984548986,19.34689999325201,19.82220000354573,42.338999977800995,0.0,0
all-resident-k8,5,7,Quorvane,satellite name,1,0.0,0.0,20.859300042502582,20.859300042502582,20.859300042502582,0.0,0
all-resident-k8,5,8,Veltrax,headquarters city,1,0.0,0.0,19.689500040840358,19.689500040840358,19.689500040840358,0.0,0
reactive-lru-k1,5,8,Veltrax,headquarters city,0,0.4486000398173928,23.546000011265278,20.848900021519512,21.297500061336905,44.39490003278479,0.0,0
reactive-lru-k2,5,8,Veltrax,headquarters city,0,0.43890002416446805,25.808399950619787,19.77499999338761,20.213900017552078,45.5833999440074,0.0,0
topic-k2,5,8,Veltrax,headquarters city,0,0.41779997991397977,23.011299956124276,19.52909998362884,19.94689996354282,42.540399939753115,9.437184,0
topic-k1,5,8,Veltrax,headquarters city,0,0.4589000018313527,22.866200015414506,19.788799982052296,20.24769998388365,42.6549999974668,0.0,0
reactive-lru-k3,5,8,Veltrax,headquarters city,0,0.44730002991855145,22.68190000904724,19.874599995091558,20.32190002501011,42.5565000041388,0.0,0
oracle-k1,5,8,Veltrax,headquarters city,1,0.0,0.0,19.18519998434931,19.18519998434931,19.18519998434931,9.535488,0
oracle-k2,5,8,Veltrax,headquarters city,1,0.0,0.0,19.15730000473559,19.15730000473559,19.15730000473559,9.535488,0
on-demand-k1,5,8,Veltrax,headquarters city,0,0.4579999949783087,23.270600009709597,19.081200007349253,19.53920000232756,42.35180001705885,0.0,0
oracle-k3,5,8,Veltrax,headquarters city,1,0.0,0.0,19.760700000915676,19.760700000915676,19.760700000915676,9.535488,0
topic-k3,5,8,Veltrax,headquarters city,1,0.0,0.0,19.824600021820515,19.824600021820515,19.824600021820515,18.972672000000003,1
on-demand-k1,5,9,Pyrenna,mascot animal,0,0.4427999956533313,21.772999956738204,19.515099993441254,19.957899989094585,41.28809995017946,0.0,0
reactive-lru-k1,5,9,Pyrenna,mascot animal,0,0.4490999854169786,23.919400002341717,19.763500022236258,20.212600007653236,43.682900024577975,0.0,0
oracle-k1,5,9,Pyrenna,mascot animal,1,0.0,0.0,20.550900022499263,20.550900022499263,20.550900022499263,9.510912,0
oracle-k2,5,9,Pyrenna,mascot animal,1,0.0,0.0,20.428599964361638,20.428599964361638,20.428599964361638,9.510912,0
oracle-k3,5,9,Pyrenna,mascot animal,1,0.0,0.0,19.455300003755838,19.455300003755838,19.455300003755838,9.510912,0
topic-k1,5,9,Pyrenna,mascot animal,0,0.4311999655328691,22.585799975786358,19.639100006315857,20.070299971848726,42.224899982102215,0.0,0
all-resident-k8,5,9,Pyrenna,mascot animal,1,0.0,0.0,20.06070001516491,20.06070001516491,20.06070001516491,0.0,0
reactive-lru-k3,5,9,Pyrenna,mascot animal,0,0.4476999747566879,23.618799983523786,19.093099981546402,19.54079995630309,42.71189996507019,0.0,0
reactive-lru-k2,5,9,Pyrenna,mascot animal,0,0.43760001426562667,21.789300022646785,19.347299996297807,19.784900010563433,41.13660001894459,0.0,0
topic-k3,5,9,Pyrenna,mascot animal,1,0.0,0.0,19.766699988394976,19.766699988394976,19.766699988394976,9.510912,1
topic-k2,5,9,Pyrenna,mascot animal,1,0.0,0.0,19.055399985518306,19.055399985518306,19.055399985518306,9.510912,1
topic-k1,5,10,Ilmeth,chief executive,0,0.42019999818876386,22.6552999811247,20.07109997794032,20.491299976129085,42.72639995906502,0.0,0
oracle-k2,5,10,Ilmeth,chief executive,1,0.0,0.0,18.63549998961389,18.63549998961389,18.63549998961389,8.761344,0
reactive-lru-k3,5,10,Ilmeth,chief executive,0,0.4123999970033765,22.2465000115335,21.537200023885816,21.949600020889193,43.783700035419315,0.0,0
reactive-lru-k2,5,10,Ilmeth,chief executive,0,0.42639998719096184,21.889699972234666,19.595899968408048,20.02229995559901,41.485599940642715,0.0,0
topic-k3,5,10,Ilmeth,chief executive,1,0.0,0.0,19.153699977323413,19.153699977323413,19.153699977323413,18.370559999999998,0
reactive-lru-k1,5,10,Ilmeth,chief executive,0,0.42699999175965786,21.66989998659119,18.598300055600703,19.02530004736036,40.26820004219189,0.0,0
topic-k2,5,10,Ilmeth,chief executive,0,0.37999998312443495,22.070400009397417,19.50369996484369,19.883699947968125,41.57409997424111,9.609216,0
oracle-k3,5,10,Ilmeth,chief executive,1,0.0,0.0,19.467499980237335,19.467499980237335,19.467499980237335,8.761344,0
oracle-k1,5,10,Ilmeth,chief executive,1,0.0,0.0,19.648800021968782,19.648800021968782,19.648800021968782,8.761344,0
all-resident-k8,5,10,Ilmeth,chief executive,1,0.0,0.0,19.330799987073988,19.330799987073988,19.330799987073988,0.0,0
on-demand-k1,5,10,Ilmeth,chief executive,0,0.40580000495538116,22.251699992921203,19.187300000339746,19.593100005295128,41.43899999326095,0.0,0
topic-k1,5,11,Toskarel,primary material,0,0.4439999465830624,22.370999970007688,19.61660000961274,20.0605999561958,41.98759997962043,0.0,0
oracle-k3,5,11,Toskarel,primary material,1,0.0,0.0,20.641200011596084,20.641200011596084,20.641200011596084,9.474048,0
topic-k3,5,11,Toskarel,primary material,1,0.0,0.0,19.402300007641315,19.402300007641315,19.402300007641315,9.474048,0
reactive-lru-k2,5,11,Toskarel,primary material,0,0.44620002154260874,23.979299992788583,18.69659998919815,19.142800010740757,42.67589998198673,0.0,0
oracle-k1,5,11,Toskarel,primary material,1,0.0,0.0,18.974200007505715,18.974200007505715,18.974200007505715,9.474048,0
reactive-lru-k3,5,11,Toskarel,primary material,0,0.44249999336898327,22.734300000593066,19.643699983134866,20.08619997650385,42.37799998372793,0.0,0
all-resident-k8,5,11,Toskarel,primary material,1,0.0,0.0,18.785700027365237,18.785700027365237,18.785700027365237,0.0,0
reactive-lru-k1,5,11,Toskarel,primary material,0,0.44929998693987727,23.005099967122078,18.9379999646917,19.387299951631576,41.94309993181378,0.0,0
topic-k2,5,11,Toskarel,primary material,0,0.44790003448724747,26.70450002187863,19.741799973417073,20.18970000790432,46.4462999952957,0.0,1
on-demand-k1,5,11,Toskarel,primary material,0,0.44680002611130476,22.774700017180294,20.22700000088662,20.673800026997924,43.00170001806691,0.0,0
oracle-k2,5,11,Toskarel,primary material,1,0.0,0.0,19.2179000005126,19.2179000005126,19.2179000005126,9.474048,0
topic-k1,6,0,Pyrenna,employee count,0,0.43699995148926973,22.90250000078231,19.79859999846667,20.23559994995594,42.70109999924898,0.0,0
topic-k2,6,0,Pyrenna,employee count,0,0.44700002763420343,21.57049998641014,19.16429999982938,19.611300027463585,40.73479998623952,0.0,0
oracle-k1,6,0,Pyrenna,employee count,1,0.0,0.0,19.864399975631386,19.864399975631386,19.864399975631386,9.510912,0
all-resident-k8,6,0,Pyrenna,employee count,1,0.0,0.0,19.704699981957674,19.704699981957674,19.704699981957674,75.472896,0
reactive-lru-k2,6,0,Pyrenna,employee count,0,0.44540001545101404,22.495700046420097,19.736899994313717,20.18230000976473,42.232600040733814,0.0,0
oracle-k2,6,0,Pyrenna,employee count,1,0.0,0.0,19.177200039848685,19.177200039848685,19.177200039848685,9.510912,0
oracle-k3,6,0,Pyrenna,employee count,1,0.0,0.0,19.157600007019937,19.157600007019937,19.157600007019937,9.510912,0
reactive-lru-k3,6,0,Pyrenna,employee count,0,0.44760003220289946,23.238199995830655,20.02410002751276,20.47170005971566,43.262300023343414,0.0,0
reactive-lru-k1,6,0,Pyrenna,employee count,0,0.43559999903663993,22.25820004241541,19.199100031983107,19.634700031019747,41.45730007439852,0.0,0
topic-k3,6,0,Pyrenna,employee count,0,0.4400999750941992,22.041099960915744,20.049999991897494,20.490099966991693,42.09109995281324,0.0,0
on-demand-k1,6,0,Pyrenna,employee count,0,0.45270001282915473,22.626499994657934,19.765600038226694,20.21830005105585,42.39210003288463,0.0,0
topic-k3,6,1,Pyrenna,headquarters city,1,0.0,0.0,19.800500012934208,19.800500012934208,19.800500012934208,18.370559999999998,0
oracle-k2,6,1,Pyrenna,headquarters city,1,0.0,0.0,19.651299982797354,19.651299982797354,19.651299982797354,0.0,0
topic-k2,6,1,Pyrenna,headquarters city,1,0.0,0.0,19.722800003364682,19.722800003364682,19.722800003364682,9.609216,0
all-resident-k8,6,1,Pyrenna,headquarters city,1,0.0,0.0,19.28190002217889,19.28190002217889,19.28190002217889,0.0,0
oracle-k3,6,1,Pyrenna,headquarters city,1,0.0,0.0,20.16759995603934,20.16759995603934,20.16759995603934,0.0,0
reactive-lru-k2,6,1,Pyrenna,headquarters city,1,0.0,0.0,19.854500016663224,19.854500016663224,19.854500016663224,0.0,0
topic-k1,6,1,Pyrenna,headquarters city,1,0.0,0.0,19.686299958266318,19.686299958266318,19.686299958266318,0.0,0
on-demand-k1,6,1,Pyrenna,headquarters city,0,0.4482999793253839,22.643700009211898,20.04619996296242,20.494499942287803,42.68989997217432,0.0,0
oracle-k1,6,1,Pyrenna,headquarters city,1,0.0,0.0,19.237600034102798,19.237600034102798,19.237600034102798,0.0,0
reactive-lru-k1,6,1,Pyrenna,headquarters city,1,0.0,0.0,19.40749998902902,19.40749998902902,19.40749998902902,0.0,0
reactive-lru-k3,6,1,Pyrenna,headquarters city,1,0.0,0.0,20.075100008398294,20.075100008398294,20.075100008398294,0.0,0
reactive-lru-k1,6,2,Pyrenna,mascot animal,1,0.0,0.0,20.407999982126057,20.407999982126057,20.407999982126057,0.0,0
on-demand-k1,6,2,Pyrenna,mascot animal,0,0.44299999717622995,22.553500020876527,19.15690000168979,19.59989999886602,41.71040002256632,0.0,0
oracle-k3,6,2,Pyrenna,mascot animal,1,0.0,0.0,19.288400013465434,19.288400013465434,19.288400013465434,0.0,0
all-resident-k8,6,2,Pyrenna,mascot animal,1,0.0,0.0,19.77319997968152,19.77319997968152,19.77319997968152,0.0,0
oracle-k1,6,2,Pyrenna,mascot animal,1,0.0,0.0,18.93319998634979,18.93319998634979,18.93319998634979,0.0,0
topic-k3,6,2,Pyrenna,mascot animal,1,0.0,0.0,19.234500010497868,19.234500010497868,19.234500010497868,0.0,0
topic-k2,6,2,Pyrenna,mascot animal,1,0.0,0.0,19.31410003453493,19.31410003453493,19.31410003453493,0.0,0
reactive-lru-k2,6,2,Pyrenna,mascot animal,1,0.0,0.0,19.411400018725544,19.411400018725544,19.411400018725544,0.0,0
reactive-lru-k3,6,2,Pyrenna,mascot animal,1,0.0,0.0,20.364199997857213,20.364199997857213,20.364199997857213,0.0,0
oracle-k2,6,2,Pyrenna,mascot animal,1,0.0,0.0,20.402400055900216,20.402400055900216,20.402400055900216,0.0,0
topic-k1,6,2,Pyrenna,mascot animal,1,0.0,0.0,19.62400000775233,19.62400000775233,19.62400000775233,0.0,0
oracle-k2,6,3,Seluun,corporate color,1,0.0,0.0,19.562500005122274,19.562500005122274,19.562500005122274,9.437184,0
topic-k3,6,3,Seluun,corporate color,0,0.44679996790364385,22.17049995670095,20.501299994066358,20.94809996197,42.67179995076731,0.0,1
reactive-lru-k1,6,3,Seluun,corporate color,0,0.444200006313622,21.90259995404631,19.44010000443086,19.884300010744482,41.34269995847717,0.0,0
topic-k2,6,3,Seluun,corporate color,0,0.5707999807782471,23.150899971369654,19.034500000998378,19.605299981776625,42.18539997236803,0.0,1
oracle-k3,6,3,Seluun,corporate color,1,0.0,0.0,19.390299974475056,19.390299974475056,19.390299974475056,9.437184,0
all-resident-k8,6,3,Seluun,corporate color,1,0.0,0.0,19.570000004023314,19.570000004023314,19.570000004023314,0.0,0
on-demand-k1,6,3,Seluun,corporate color,0,0.450699997600168,22.85800001118332,19.485800003167242,19.93650000076741,42.34380001435056,0.0,0
reactive-lru-k3,6,3,Seluun,corporate color,0,0.4440000047907233,22.8105999995023,19.548800017219037,19.99280002200976,42.35940001672134,0.0,0
oracle-k1,6,3,Seluun,corporate color,1,0.0,0.0,19.178499991539866,19.178499991539866,19.178499991539866,9.437184,0
topic-k1,6,3,Seluun,corporate color,0,0.4233000217936933,21.354800031986088,21.013199992012233,21.436500013805926,42.36800002399832,0.0,0
reactive-lru-k2,6,3,Seluun,corporate color,0,0.443900004029274,22.367199999280274,19.242499954998493,19.686399959027767,41.60969995427877,0.0,0
topic-k3,6,4,Bramwick,annual revenue,1,0.0,0.0,18.943000002764165,18.943000002764165,18.943000002764165,18.444288,1
on-demand-k1,6,4,Bramwick,annual revenue,0,0.42289996054023504,21.702099998947233,19.12579999770969,19.548699958249927,40.827899996656924,0.0,0
topic-k1,6,4,Bramwick,annual revenue,0,0.4019000334665179,21.661899983882904,19.407999992836267,19.809900026302785,41.06989997671917,0.0,0
reactive-lru-k3,6,4,Bramwick,annual revenue,0,0.43260003440082073,22.356900037266314,19.35430004959926,19.78690008400008,41.711200086865574,0.0,0
topic-k2,6,4,Bramwick,annual revenue,1,0.0,0.0,19.56889999564737,19.56889999564737,19.56889999564737,8.835072,0
reactive-lru-k1,6,4,Bramwick,annual revenue,0,0.4165000282227993,22.032300010323524,19.838400010485202,20.254900038708,41.87070002080873,0.0,0
oracle-k2,6,4,Bramwick,annual revenue,1,0.0,0.0,19.96740000322461,19.96740000322461,19.96740000322461,8.835072,0
reactive-lru-k2,6,4,Bramwick,annual revenue,0,0.41799998143687844,22.4253999767825,18.979900050908327,19.397900032345206,41.40530002769083,0.0,0
oracle-k1,6,4,Bramwick,annual revenue,1,0.0,0.0,20.414699974935502,20.414699974935502,20.414699974935502,8.835072,0
all-resident-k8,6,4,Bramwick,annual revenue,1,0.0,0.0,19.240599998738617,19.240599998738617,19.240599998738617,0.0,0
oracle-k3,6,4,Bramwick,annual revenue,1,0.0,0.0,19.01469996664673,19.01469996664673,19.01469996664673,8.835072,0
reactive-lru-k1,6,5,Bramwick,flagship product,1,0.0,0.0,20.057199988514185,20.057199988514185,20.057199988514185,0.0,0
reactive-lru-k2,6,5,Bramwick,flagship product,1,0.0,0.0,19.605400040745735,19.605400040745735,19.605400040745735,0.0,0
topic-k2,6,5,Bramwick,flagship product,1,0.0,0.0,19.113100017420948,19.113100017420948,19.113100017420948,9.474048,0
reactive-lru-k3,6,5,Bramwick,flagship product,1,0.0,0.0,19.10059998044744,19.10059998044744,19.10059998044744,0.0,0
oracle-k1,6,5,Bramwick,flagship product,1,0.0,0.0,20.240899990312755,20.240899990312755,20.240899990312755,0.0,0
oracle-k2,6,5,Bramwick,flagship product,1,0.0,0.0,20.129900018218905,20.129900018218905,20.129900018218905,0.0,0
topic-k1,6,5,Bramwick,flagship product,1,0.0,0.0,21.13639999879524,21.13639999879524,21.13639999879524,0.0,0
topic-k3,6,5,Bramwick,flagship product,1,0.0,0.0,25.68520000204444,25.68520000204444,25.68520000204444,19.78368,1
oracle-k3,6,5,Bramwick,flagship product,1,0.0,0.0,24.959400005172938,24.959400005172938,24.959400005172938,0.0,0
on-demand-k1,6,5,Bramwick,flagship product,0,0.40309998439624906,31.081699999049306,30.101299984380603,30.504399968776852,61.18299998342991,0.0,0
all-resident-k8,6,5,Bramwick,flagship product,1,0.0,0.0,27.103400032501668,27.103400032501668,27.103400032501668,0.0,0
topic-k2,6,6,Bramwick,archive codename,1,0.0,0.0,35.05160001805052,35.05160001805052,35.05160001805052,0.0,0
oracle-k3,6,6,Bramwick,archive codename,1,0.0,0.0,20.34530002856627,20.34530002856627,20.34530002856627,0.0,0
topic-k1,6,6,Bramwick,archive codename,1,0.0,0.0,36.19389998493716,36.19389998493716,36.19389998493716,0.0,0
reactive-lru-k3,6,6,Bramwick,archive codename,1,0.0,0.0,27.45699998922646,27.45699998922646,27.45699998922646,0.0,0
all-resident-k8,6,6,Bramwick,archive codename,1,0.0,0.0,21.519300004001707,21.519300004001707,21.519300004001707,0.0,0
oracle-k2,6,6,Bramwick,archive codename,1,0.0,0.0,25.068400020245463,25.068400020245463,25.068400020245463,0.0,0
on-demand-k1,6,6,Bramwick,archive codename,0,0.40770001942291856,23.02100002998486,26.798400038387626,27.206100057810545,49.81940006837249,0.0,0
reactive-lru-k2,6,6,Bramwick,archive codename,1,0.0,0.0,31.064499984495342,31.064499984495342,31.064499984495342,0.0,0
topic-k3,6,6,Bramwick,archive codename,1,0.0,0.0,20.793700008653104,20.793700008653104,20.793700008653104,0.0,0
oracle-k1,6,6,Bramwick,archive codename,1,0.0,0.0,25.33410000614822,25.33410000614822,25.33410000614822,0.0,0
reactive-lru-k1,6,6,Bramwick,archive codename,1,0.0,0.0,29.564899974502623,29.564899974502623,29.564899974502623,0.0,0
reactive-lru-k2,6,7,Bramwick,lucky number,1,0.0,0.0,29.3270000256598,29.3270000256598,29.3270000256598,0.0,0
topic-k3,6,7,Bramwick,lucky number,1,0.0,0.0,20.016100024804473,20.016100024804473,20.016100024804473,0.0,0
on-demand-k1,6,7,Bramwick,lucky number,0,0.401599972974509,21.958299970719963,29.114699980709702,29.51629995368421,51.072999951429665,0.0,0
reactive-lru-k1,6,7,Bramwick,lucky number,1,0.0,0.0,26.72649995656684,26.72649995656684,26.72649995656684,0.0,0
oracle-k3,6,7,Bramwick,lucky number,1,0.0,0.0,24.841399979777634,24.841399979777634,24.841399979777634,0.0,0
oracle-k2,6,7,Bramwick,lucky number,1,0.0,0.0,23.275599989574403,23.275599989574403,23.275599989574403,0.0,0
topic-k1,6,7,Bramwick,lucky number,1,0.0,0.0,23.66890001576394,23.66890001576394,23.66890001576394,0.0,0
oracle-k1,6,7,Bramwick,lucky number,1,0.0,0.0,22.646799974609166,22.646799974609166,22.646799974609166,0.0,0
topic-k2,6,7,Bramwick,lucky number,1,0.0,0.0,34.606700006406754,34.606700006406754,34.606700006406754,0.0,0
all-resident-k8,6,7,Bramwick,lucky number,1,0.0,0.0,32.3361000046134,32.3361000046134,32.3361000046134,0.0,0
reactive-lru-k3,6,7,Bramwick,lucky number,1,0.0,0.0,27.71200001006946,27.71200001006946,27.71200001006946,0.0,0
reactive-lru-k2,6,8,Bramwick,annual revenue,1,0.0,0.0,34.97129998868331,34.97129998868331,34.97129998868331,0.0,0
reactive-lru-k1,6,8,Bramwick,annual revenue,1,0.0,0.0,25.57100000558421,25.57100000558421,25.57100000558421,0.0,0
on-demand-k1,6,8,Bramwick,annual revenue,0,0.4282000008970499,29.35490000527352,33.81449996959418,34.24269997049123,63.1693999748677,0.0,0
oracle-k2,6,8,Bramwick,annual revenue,1,0.0,0.0,19.163599994499236,19.163599994499236,19.163599994499236,0.0,0
topic-k1,6,8,Bramwick,annual revenue,1,0.0,0.0,19.396300020162016,19.396300020162016,19.396300020162016,0.0,0
topic-k2,6,8,Bramwick,annual revenue,1,0.0,0.0,28.04960001958534,28.04960001958534,28.04960001958534,0.0,0
topic-k3,6,8,Bramwick,annual revenue,1,0.0,0.0,29.465799976605922,29.465799976605922,29.465799976605922,0.0,0
all-resident-k8,6,8,Bramwick,annual revenue,1,0.0,0.0,31.728799978736788,31.728799978736788,31.728799978736788,0.0,0
oracle-k1,6,8,Bramwick,annual revenue,1,0.0,0.0,22.90139999240637,22.90139999240637,22.90139999240637,0.0,0
oracle-k3,6,8,Bramwick,annual revenue,1,0.0,0.0,24.11030000075698,24.11030000075698,24.11030000075698,0.0,0
reactive-lru-k3,6,8,Bramwick,annual revenue,1,0.0,0.0,23.65529997041449,23.65529997041449,23.65529997041449,0.0,0
on-demand-k1,6,9,Bramwick,lucky number,0,0.45629998203366995,26.756900013424456,21.594899997580796,22.051199979614466,48.35180001100525,0.0,0
oracle-k2,6,9,Bramwick,lucky number,1,0.0,0.0,23.780899995472282,23.780899995472282,23.780899995472282,0.0,0
all-resident-k8,6,9,Bramwick,lucky number,1,0.0,0.0,28.09140004683286,28.09140004683286,28.09140004683286,0.0,0
oracle-k1,6,9,Bramwick,lucky number,1,0.0,0.0,19.766999990679324,19.766999990679324,19.766999990679324,0.0,0
reactive-lru-k1,6,9,Bramwick,lucky number,1,0.0,0.0,35.93080001883209,35.93080001883209,35.93080001883209,0.0,0
topic-k3,6,9,Bramwick,lucky number,1,0.0,0.0,24.481399974320084,24.481399974320084,24.481399974320084,0.0,0
reactive-lru-k3,6,9,Bramwick,lucky number,1,0.0,0.0,28.804500005207956,28.804500005207956,28.804500005207956,0.0,0
reactive-lru-k2,6,9,Bramwick,lucky number,1,0.0,0.0,23.443200043402612,23.443200043402612,23.443200043402612,0.0,0
topic-k2,6,9,Bramwick,lucky number,1,0.0,0.0,22.991799982264638,22.991799982264638,22.991799982264638,0.0,0
oracle-k3,6,9,Bramwick,lucky number,1,0.0,0.0,23.039900057483464,23.039900057483464,23.039900057483464,0.0,0
topic-k1,6,9,Bramwick,lucky number,1,0.0,0.0,23.183599987532943,23.183599987532943,23.183599987532943,0.0,0
topic-k3,6,10,Bramwick,board chair,1,0.0,0.0,21.05329994810745,21.05329994810745,21.05329994810745,0.0,0
all-resident-k8,6,10,Bramwick,board chair,1,0.0,0.0,26.742500020191073,26.742500020191073,26.742500020191073,0.0,0
topic-k1,6,10,Bramwick,board chair,1,0.0,0.0,21.15119999507442,21.15119999507442,21.15119999507442,0.0,0
oracle-k1,6,10,Bramwick,board chair,1,0.0,0.0,24.147799995262176,24.147799995262176,24.147799995262176,0.0,0
oracle-k2,6,10,Bramwick,board chair,1,0.0,0.0,28.193999954964966,28.193999954964966,28.193999954964966,0.0,0
reactive-lru-k2,6,10,Bramwick,board chair,1,0.0,0.0,29.186900006607175,29.186900006607175,29.186900006607175,0.0,0
on-demand-k1,6,10,Bramwick,board chair,0,0.4132999456487596,27.134999982081354,22.287299972958863,22.700599918607622,49.422299955040216,0.0,0
topic-k2,6,10,Bramwick,board chair,1,0.0,0.0,28.36230001412332,28.36230001412332,28.36230001412332,0.0,0
reactive-lru-k3,6,10,Bramwick,board chair,1,0.0,0.0,30.308299988973886,30.308299988973886,30.308299988973886,0.0,0
reactive-lru-k1,6,10,Bramwick,board chair,1,0.0,0.0,30.78199998708442,30.78199998708442,30.78199998708442,0.0,0
oracle-k3,6,10,Bramwick,board chair,1,0.0,0.0,21.672100003343076,21.672100003343076,21.672100003343076,0.0,0
oracle-k1,6,11,Quorvane,founding year,1,0.0,0.0,33.693899982608855,33.693899982608855,33.693899982608855,10.309632,0
topic-k3,6,11,Quorvane,founding year,1,0.0,0.0,26.741800014860928,26.741800014860928,26.741800014860928,0.0,0
topic-k2,6,11,Quorvane,founding year,0,0.4792999825440347,31.105700007174164,20.771200011949986,21.25049999449402,51.87690001912415,0.0,1
oracle-k2,6,11,Quorvane,founding year,1,0.0,0.0,21.837699983734637,21.837699983734637,21.837699983734637,10.309632,0
reactive-lru-k1,6,11,Quorvane,founding year,0,0.4876999882981181,29.233100009150803,20.04909998504445,20.536799973342568,49.28219999419525,0.0,0
topic-k1,6,11,Quorvane,founding year,0,0.4754999536089599,26.616599992848933,32.2561000357382,32.73159998934716,58.87270002858713,0.0,0
oracle-k3,6,11,Quorvane,founding year,1,0.0,0.0,29.241700016427785,29.241700016427785,29.241700016427785,10.309632,0
on-demand-k1,6,11,Quorvane,founding year,0,0.5013999762013555,37.60799998417497,22.183599998243153,22.68499997444451,59.79159998241812,0.0,0
reactive-lru-k2,6,11,Quorvane,founding year,0,0.5052000051364303,34.71690003061667,26.191000011749566,26.696200016885996,60.90790004236624,0.0,0
reactive-lru-k3,6,11,Quorvane,founding year,0,0.47360005555674434,22.91729999706149,19.986000028438866,20.45960008399561,42.90330002550036,0.0,0
all-resident-k8,6,11,Quorvane,founding year,1,0.0,0.0,19.990500004496425,19.990500004496425,19.990500004496425,0.0,0
oracle-k1,7,0,Toskarel,satellite name,1,0.0,0.0,21.1037999833934,21.1037999833934,21.1037999833934,9.474048,0
oracle-k2,7,0,Toskarel,satellite name,1,0.0,0.0,20.048800040967762,20.048800040967762,20.048800040967762,9.474048,0
on-demand-k1,7,0,Toskarel,satellite name,0,0.44159998651593924,23.480799980461597,20.353099971543998,20.794699958059937,43.833899952005595,0.0,0
topic-k3,7,0,Toskarel,satellite name,0,0.43700000969693065,23.69260002160445,19.574600039049983,20.011600048746914,43.26720006065443,0.0,0
oracle-k3,7,0,Toskarel,satellite name,1,0.0,0.0,20.16010001534596,20.16010001534596,20.16010001534596,9.474048,0
all-resident-k8,7,0,Toskarel,satellite name,1,0.0,0.0,20.716700004413724,20.716700004413724,20.716700004413724,75.472896,0
reactive-lru-k1,7,0,Toskarel,satellite name,0,0.4406999796628952,23.103299958165735,20.69049997953698,21.131199959199876,43.793799937702715,0.0,0
topic-k1,7,0,Toskarel,satellite name,0,0.4475000314414501,22.502999985590577,19.72919999388978,20.17670002533123,42.232199979480356,0.0,0
reactive-lru-k2,7,0,Toskarel,satellite name,0,0.4406999796628952,23.119499965105206,19.663299957755953,20.10399993741885,42.78279992286116,0.0,0
topic-k2,7,0,Toskarel,satellite name,0,0.45950000640004873,22.402000031434,19.05200001783669,19.51150002423674,41.45400004927069,0.0,0
reactive-lru-k3,7,0,Toskarel,satellite name,0,0.44410000555217266,22.401200025342405,19.2176999989897,19.661800004541874,41.618900024332106,0.0,0
oracle-k2,7,1,Quorvane,archive codename,1,0.0,0.0,20.23879997432232,20.23879997432232,20.23879997432232,10.309632,0
reactive-lru-k1,7,1,Quorvane,archive codename,0,0.4884999943897128,22.930299979634583,19.559100037440658,20.04760003183037,42.48940001707524,0.0,0
on-demand-k1,7,1,Quorvane,archive codename,0,0.47480000648647547,24.836500000674278,20.719400024972856,21.19420003145933,45.555900025647134,0.0,0
topic-k2,7,1,Quorvane,archive codename,0,0.4721999866887927,23.361300001852214,20.110699988435954,20.582899975124747,43.47199999028817,9.510912,0
oracle-k1,7,1,Quorvane,archive codename,1,0.0,0.0,19.448200007900596,19.448200007900596,19.448200007900596,10.309632,0
topic-k1,7,1,Quorvane,archive codename,0,0.464899989310652,23.758299998007715,23.36640004068613,23.831300029996783,47.124700038693845,0.0,0
topic-k3,7,1,Quorvane,archive codename,1,0.0,0.0,20.414500031620264,20.414500031620264,20.414500031620264,19.820543999999998,0
all-resident-k8,7,1,Quorvane,archive codename,1,0.0,0.0,20.500399987213314,20.500399987213314,20.500399987213314,0.0,0
reactive-lru-k2,7,1,Quorvane,archive codename,0,0.5015999777242541,26.804099965374917,20.808000001125038,21.309599978849292,47.612099966499954,0.0,0
oracle-k3,7,1,Quorvane,archive codename,1,0.0,0.0,21.01650001714006,21.01650001714006,21.01650001714006,10.309632,0
reactive-lru-k3,7,1,Quorvane,archive codename,0,0.49399997806176543,23.66569999139756,20.380000001750886,20.873999979812652,44.045699993148446,0.0,0
reactive-lru-k2,7,2,Quorvane,flagship product,1,0.0,0.0,19.790899998042732,19.790899998042732,19.790899998042732,0.0,0
all-resident-k8,7,2,Quorvane,flagship product,1,0.0,0.0,20.507599983830005,20.507599983830005,20.507599983830005,0.0,0
oracle-k3,7,2,Quorvane,flagship product,1,0.0,0.0,20.16449999064207,20.16449999064207,20.16449999064207,0.0,0
reactive-lru-k3,7,2,Quorvane,flagship product,1,0.0,0.0,21.45360002759844,21.45360002759844,21.45360002759844,0.0,0
on-demand-k1,7,2,Quorvane,flagship product,0,0.4865999799221754,23.833799990825355,22.122599999420345,22.60919997934252,45.9563999902457,0.0,0
topic-k1,7,2,Quorvane,flagship product,1,0.0,0.0,21.185000019613653,21.185000019613653,21.185000019613653,0.0,0
oracle-k2,7,2,Quorvane,flagship product,1,0.0,0.0,21.044099994469434,21.044099994469434,21.044099994469434,0.0,0
topic-k2,7,2,Quorvane,flagship product,1,0.0,0.0,22.18100003665313,22.18100003665313,22.18100003665313,9.437184,1
reactive-lru-k1,7,2,Quorvane,flagship product,1,0.0,0.0,20.488500013016164,20.488500013016164,20.488500013016164,0.0,0
oracle-k1,7,2,Quorvane,flagship product,1,0.0,0.0,21.943599975202233,21.943599975202233,21.943599975202233,0.0,0
topic-k3,7,2,Quorvane,flagship product,1,0.0,0.0,20.558100019115955,20.558100019115955,20.558100019115955,18.972672000000003,1
reactive-lru-k3,7,3,Veltrax,anthem composer,0,0.4458999610505998,22.815999982412905,20.370899990666658,20.816799951717257,43.18689997307956,0.0,0
on-demand-k1,7,3,Veltrax,anthem composer,0,0.4539000219665468,22.997799969743937,21.979999961331487,22.433899983298033,44.977799931075424,0.0,0
topic-k1,7,3,Veltrax,anthem composer,0,0.44790003448724747,23.740800039377064,21.763700002338737,22.211600036825985,45.5045000417158,0.0,0
reactive-lru-k1,7,3,Veltrax,anthem composer,0,0.4504999960772693,23.12050003092736,21.390400012023747,21.840900008101016,44.51090004295111,0.0,0
reactive-lru-k2,7,3,Veltrax,anthem composer,0,0.45270001282915473,23.88639998389408,20.860299991909415,21.31300000473857,44.746699975803494,0.0,0
topic-k3,7,3,Veltrax,anthem composer,1,0.0,0.0,20.83749999292195,20.83749999292195,20.83749999292195,0.0,0
all-resident-k8,7,3,Veltrax,anthem composer,1,0.0,0.0,21.42240002285689,21.42240002285689,21.42240002285689,0.0,0
topic-k2,7,3,Veltrax,anthem composer,0,0.44709997018799186,23.69679999537766,21.254199964459985,21.701299934647977,44.950999959837645,0.0,1
oracle-k1,7,3,Veltrax,anthem composer,1,0.0,0.0,21.02250000461936,21.02250000461936,21.02250000461936,9.535488,0
oracle-k2,7,3,Veltrax,anthem composer,1,0.0,0.0,21.184700017329305,21.184700017329305,21.184700017329305,9.535488,0
oracle-k3,7,3,Veltrax,anthem composer,1,0.0,0.0,20.901299954857677,20.901299954857677,20.901299954857677,9.535488,0
topic-k3,7,4,Veltrax,anthem composer,1,0.0,0.0,21.131099958438426,21.131099958438426,21.131099958438426,9.510912,1
oracle-k1,7,4,Veltrax,anthem composer,1,0.0,0.0,22.257300035562366,22.257300035562366,22.257300035562366,0.0,0
all-resident-k8,7,4,Veltrax,anthem composer,1,0.0,0.0,22.728500014636666,22.728500014636666,22.728500014636666,0.0,0
topic-k2,7,4,Veltrax,anthem composer,1,0.0,0.0,21.09679998829961,21.09679998829961,21.09679998829961,9.510912,0
oracle-k3,7,4,Veltrax,anthem composer,1,0.0,0.0,20.02840000204742,20.02840000204742,20.02840000204742,0.0,0
on-demand-k1,7,4,Veltrax,anthem composer,0,0.45009999303147197,23.842599999625236,20.6503999652341,21.100499958265573,44.49299996485934,0.0,0
oracle-k2,7,4,Veltrax,anthem composer,1,0.0,0.0,20.794900017790496,20.794900017790496,20.794900017790496,0.0,0
reactive-lru-k2,7,4,Veltrax,anthem composer,1,0.0,0.0,21.76790003431961,21.76790003431961,21.76790003431961,0.0,0
reactive-lru-k3,7,4,Veltrax,anthem composer,1,0.0,0.0,19.34359996812418,19.34359996812418,19.34359996812418,0.0,0
reactive-lru-k1,7,4,Veltrax,anthem composer,1,0.0,0.0,18.796499993186444,18.796499993186444,18.796499993186444,0.0,0
topic-k1,7,4,Veltrax,anthem composer,1,0.0,0.0,20.800900005269796,20.800900005269796,20.800900005269796,0.0,0
reactive-lru-k1,7,5,Veltrax,headquarters city,1,0.0,0.0,19.930900016333908,19.930900016333908,19.930900016333908,0.0,0
reactive-lru-k3,7,5,Veltrax,headquarters city,1,0.0,0.0,20.648200006689876,20.648200006689876,20.648200006689876,0.0,0
oracle-k1,7,5,Veltrax,headquarters city,1,0.0,0.0,19.996799994260073,19.996799994260073,19.996799994260073,0.0,0
topic-k1,7,5,Veltrax,headquarters city,1,0.0,0.0,20.61049995245412,20.61049995245412,20.61049995245412,0.0,0
topic-k2,7,5,Veltrax,headquarters city,1,0.0,0.0,19.99300002353266,19.99300002353266,19.99300002353266,0.0,0
all-resident-k8,7,5,Veltrax,headquarters city,1,0.0,0.0,21.194699977058917,21.194699977058917,21.194699977058917,0.0,0
topic-k3,7,5,Veltrax,headquarters city,1,0.0,0.0,23.062099993694574,23.062099993694574,23.062099993694574,0.0,0
oracle-k2,7,5,Veltrax,headquarters city,1,0.0,0.0,25.728799984790385,25.728799984790385,25.728799984790385,0.0,0
on-demand-k1,7,5,Veltrax,headquarters city,0,0.4466000245884061,25.03170003183186,22.62560004601255,23.072200070600957,47.65730007784441,0.0,0
reactive-lru-k2,7,5,Veltrax,headquarters city,1,0.0,0.0,24.97670002048835,24.97670002048835,24.97670002048835,0.0,0
oracle-k3,7,5,Veltrax,headquarters city,1,0.0,0.0,20.436100021470338,20.436100021470338,20.436100021470338,0.0,0
oracle-k2,7,6,Veltrax,corporate color,1,0.0,0.0,19.81650001835078,19.81650001835078,19.81650001835078,0.0,0
oracle-k1,7,6,Veltrax,corporate color,1,0.0,0.0,21.055899967905134,21.055899967905134,21.055899967905134,0.0,0
topic-k3,7,6,Veltrax,corporate color,1,0.0,0.0,21.707799984142184,21.707799984142184,21.707799984142184,0.0,0
reactive-lru-k3,7,6,Veltrax,corporate color,1,0.0,0.0,22.95909996610135,22.95909996610135,22.95909996610135,0.0,0
all-resident-k8,7,6,Veltrax,corporate color,1,0.0,0.0,18.934299994725734,18.934299994725734,18.934299994725734,0.0,0
on-demand-k1,7,6,Veltrax,corporate color,0,0.44999999227002263,22.002400015480816,20.627400022931397,21.07740001520142,42.62980003841221,0.0,0
topic-k1,7,6,Veltrax,corporate color,1,0.0,0.0,20.45960002578795,20.45960002578795,20.45960002578795,0.0,0
oracle-k3,7,6,Veltrax,corporate color,1,0.0,0.0,21.550300007220358,21.550300007220358,21.550300007220358,0.0,0
reactive-lru-k2,7,6,Veltrax,corporate color,1,0.0,0.0,20.41040000040084,20.41040000040084,20.41040000040084,0.0,0
reactive-lru-k1,7,6,Veltrax,corporate color,1,0.0,0.0,21.418499993160367,21.418499993160367,21.418499993160367,0.0,0
topic-k2,7,6,Veltrax,corporate color,1,0.0,0.0,20.435200014617294,20.435200014617294,20.435200014617294,0.0,0
on-demand-k1,7,7,Veltrax,anthem composer,0,0.45009999303147197,23.79010000731796,20.95109998481348,21.401199977844954,44.74119999213144,0.0,0
reactive-lru-k2,7,7,Veltrax,anthem composer,1,0.0,0.0,22.49090000987053,22.49090000987053,22.49090000987053,0.0,0
reactive-lru-k1,7,7,Veltrax,anthem composer,1,0.0,0.0,20.565800019539893,20.565800019539893,20.565800019539893,0.0,0
topic-k1,7,7,Veltrax,anthem composer,1,0.0,0.0,21.16780000505969,21.16780000505969,21.16780000505969,0.0,0
topic-k3,7,7,Veltrax,anthem composer,1,0.0,0.0,19.931600021664053,19.931600021664053,19.931600021664053,0.0,0
oracle-k3,7,7,Veltrax,anthem composer,1,0.0,0.0,20.32439998583868,20.32439998583868,20.32439998583868,0.0,0
oracle-k2,7,7,Veltrax,anthem composer,1,0.0,0.0,19.920699996873736,19.920699996873736,19.920699996873736,0.0,0
topic-k2,7,7,Veltrax,anthem composer,1,0.0,0.0,20.7007999997586,20.7007999997586,20.7007999997586,0.0,0
reactive-lru-k3,7,7,Veltrax,anthem composer,1,0.0,0.0,20.829399989452213,20.829399989452213,20.829399989452213,0.0,0
all-resident-k8,7,7,Veltrax,anthem composer,1,0.0,0.0,20.580300013534725,20.580300013534725,20.580300013534725,0.0,0
oracle-k1,7,7,Veltrax,anthem composer,1,0.0,0.0,20.750099967699498,20.750099967699498,20.750099967699498,0.0,0
oracle-k1,7,8,Veltrax,chief engineer,1,0.0,0.0,19.14079999551177,19.14079999551177,19.14079999551177,0.0,0
oracle-k3,7,8,Veltrax,chief engineer,1,0.0,0.0,19.521299982443452,19.521299982443452,19.521299982443452,0.0,0
reactive-lru-k1,7,8,Veltrax,chief engineer,1,0.0,0.0,20.753299992065877,20.753299992065877,20.753299992065877,0.0,0
oracle-k2,7,8,Veltrax,chief engineer,1,0.0,0.0,21.15910005522892,21.15910005522892,21.15910005522892,0.0,0
on-demand-k1,7,8,Veltrax,chief engineer,0,0.4372000112198293,24.196999962441623,21.556299994699657,21.993500005919486,45.75329995714128,0.0,0
topic-k2,7,8,Veltrax,chief engineer,1,0.0,0.0,21.000700013246387,21.000700013246387,21.000700013246387,0.0,0
reactive-lru-k2,7,8,Veltrax,chief engineer,1,0.0,0.0,20.26540000224486,20.26540000224486,20.26540000224486,0.0,0
topic-k3,7,8,Veltrax,chief engineer,1,0.0,0.0,21.30110003054142,21.30110003054142,21.30110003054142,0.0,0
reactive-lru-k3,7,8,Veltrax,chief engineer,1,0.0,0.0,20.46560001326725,20.46560001326725,20.46560001326725,0.0,0
topic-k1,7,8,Veltrax,chief engineer,1,0.0,0.0,21.00160002009943,21.00160002009943,21.00160002009943,0.0,0
all-resident-k8,7,8,Veltrax,chief engineer,1,0.0,0.0,19.713899993803352,19.713899993803352,19.713899993803352,0.0,0
topic-k3,7,9,Quorvane,research lab city,1,0.0,0.0,20.38980001816526,20.38980001816526,20.38980001816526,0.0,0
oracle-k3,7,9,Quorvane,research lab city,1,0.0,0.0,20.859799988102168,20.859799988102168,20.859799988102168,10.309632,0
oracle-k1,7,9,Quorvane,research lab city,1,0.0,0.0,19.943299994338304,19.943299994338304,19.943299994338304,10.309632,0
topic-k1,7,9,Quorvane,research lab city,0,0.4954999894835055,23.15729996189475,20.337599969934672,20.833099959418178,43.49489993182942,0.0,0
all-resident-k8,7,9,Quorvane,research lab city,1,0.0,0.0,19.50819999910891,19.50819999910891,19.50819999910891,0.0,0
topic-k2,7,9,Quorvane,research lab city,0,0.4711000365205109,23.050200019497424,20.93219995731488,21.40329999383539,43.9823999768123,0.0,1
reactive-lru-k2,7,9,Quorvane,research lab city,1,0.0,0.0,20.895700028631836,20.895700028631836,20.895700028631836,0.0,0
reactive-lru-k3,7,9,Quorvane,research lab city,1,0.0,0.0,20.937399996910244,20.937399996910244,20.937399996910244,0.0,0
reactive-lru-k1,7,9,Quorvane,research lab city,0,0.46900002053007483,23.55579996947199,22.08309998968616,22.552100010216236,45.63889995915815,0.0,0
oracle-k2,7,9,Quorvane,research lab city,1,0.0,0.0,19.63389996672049,19.63389996672049,19.63389996672049,10.309632,0
on-demand-k1,7,9,Quorvane,research lab city,0,0.4686000174842775,22.105000040028244,19.688300031702965,20.156900049187243,41.79330007173121,0.0,0
reactive-lru-k2,7,10,Quorvane,flagship product,1,0.0,0.0,18.975900020450354,18.975900020450354,18.975900020450354,0.0,0
on-demand-k1,7,10,Quorvane,flagship product,0,0.49899995792657137,22.626199992373586,19.399800046812743,19.898800004739314,42.02600003918633,0.0,0
reactive-lru-k3,7,10,Quorvane,flagship product,1,0.0,0.0,19.809599965810776,19.809599965810776,19.809599965810776,0.0,0
oracle-k1,7,10,Quorvane,flagship product,1,0.0,0.0,20.58099996065721,20.58099996065721,20.58099996065721,0.0,0
topic-k3,7,10,Quorvane,flagship product,1,0.0,0.0,19.983200007118285,19.983200007118285,19.983200007118285,9.437184,1
topic-k2,7,10,Quorvane,flagship product,1,0.0,0.0,19.779999973252416,19.779999973252416,19.779999973252416,9.437184,0
all-resident-k8,7,10,Quorvane,flagship product,1,0.0,0.0,20.573000016156584,20.573000016156584,20.573000016156584,0.0,0
topic-k1,7,10,Quorvane,flagship product,1,0.0,0.0,19.588799972552806,19.588799972552806,19.588799972552806,0.0,0
oracle-k3,7,10,Quorvane,flagship product,1,0.0,0.0,20.678500004578382,20.678500004578382,20.678500004578382,0.0,0
oracle-k2,7,10,Quorvane,flagship product,1,0.0,0.0,20.48150001792237,20.48150001792237,20.48150001792237,0.0,0
reactive-lru-k1,7,10,Quorvane,flagship product,1,0.0,0.0,20.20909998100251,20.20909998100251,20.20909998100251,0.0,0
oracle-k3,7,11,Quorvane,board chair,1,0.0,0.0,20.5707999994047,20.5707999994047,20.5707999994047,0.0,0
reactive-lru-k3,7,11,Quorvane,board chair,1,0.0,0.0,21.82560000801459,21.82560000801459,21.82560000801459,0.0,0
reactive-lru-k1,7,11,Quorvane,board chair,1,0.0,0.0,20.247199980076402,20.247199980076402,20.247199980076402,0.0,0
on-demand-k1,7,11,Quorvane,board chair,0,0.4688999615609646,25.27479996206239,21.021399996243417,21.490299957804382,46.296199958305806,0.0,0
all-resident-k8,7,11,Quorvane,board chair,1,0.0,0.0,20.05059999646619,20.05059999646619,20.05059999646619,0.0,0
topic-k1,7,11,Quorvane,board chair,1,0.0,0.0,22.25659997202456,22.25659997202456,22.25659997202456,0.0,0
reactive-lru-k2,7,11,Quorvane,board chair,1,0.0,0.0,22.76309998705983,22.76309998705983,22.76309998705983,0.0,0
topic-k3,7,11,Quorvane,board chair,1,0.0,0.0,19.856100028846413,19.856100028846413,19.856100028846413,0.0,0
oracle-k2,7,11,Quorvane,board chair,1,0.0,0.0,20.695899962447584,20.695899962447584,20.695899962447584,0.0,0
oracle-k1,7,11,Quorvane,board chair,1,0.0,0.0,19.97069997014478,19.97069997014478,19.97069997014478,0.0,0
topic-k2,7,11,Quorvane,board chair,1,0.0,0.0,20.35599999362603,20.35599999362603,20.35599999362603,0.0,0
reactive-lru-k3,8,0,Ilmeth,satellite name,0,0.4065000102855265,25.473499961663038,19.76879994617775,20.175299956463277,45.24229990784079,0.0,0
all-resident-k8,8,0,Ilmeth,satellite name,1,0.0,0.0,20.128599950112402,20.128599950112402,20.128599950112402,75.472896,0
oracle-k3,8,0,Ilmeth,satellite name,1,0.0,0.0,19.053799973335117,19.053799973335117,19.053799973335117,8.761344,0
topic-k2,8,0,Ilmeth,satellite name,0,0.4042999935336411,21.71900001121685,20.483600033912808,20.88790002744645,42.20260004512966,0.0,0
oracle-k2,8,0,Ilmeth,satellite name,1,0.0,0.0,21.63750003091991,21.63750003091991,21.63750003091991,8.761344,0
oracle-k1,8,0,Ilmeth,satellite name,1,0.0,0.0,20.739200001116842,20.739200001116842,20.739200001116842,8.761344,0
on-demand-k1,8,0,Ilmeth,satellite name,0,0.4206000012345612,23.65410001948476,20.990699995309114,21.411299996543676,44.64480001479387,0.0,0
topic-k3,8,0,Ilmeth,satellite name,0,0.41969999438151717,22.97360001830384,20.50549996783957,20.925199962221086,43.47909998614341,0.0,0
topic-k1,8,0,Ilmeth,satellite name,0,0.4157000221312046,21.988900029100478,20.66270000068471,21.078400022815913,42.651600029785186,0.0,0
reactive-lru-k2,8,0,Ilmeth,satellite name,0,0.4144000122323632,23.022100038360804,21.02849999209866,21.442900004331023,44.050600030459464,0.0,0
reactive-lru-k1,8,0,Ilmeth,satellite name,0,0.4130000015720725,22.74700003908947,20.660100039094687,21.07310004066676,43.40710007818416,0.0,0
reactive-lru-k3,8,1,Ilmeth,flagship product,1,0.0,0.0,19.759399991016835,19.759399991016835,19.759399991016835,0.0,0
on-demand-k1,8,1,Ilmeth,flagship product,0,0.48400001833215356,23.805400007404387,19.979899981990457,20.46390000032261,43.785299989394844,0.0,0
topic-k3,8,1,Ilmeth,flagship product,1,0.0,0.0,21.200599963776767,21.200599963776767,21.200599963776767,19.083264,0
oracle-k3,8,1,Ilmeth,flagship product,1,0.0,0.0,19.932299968786538,19.932299968786538,19.932299968786538,0.0,0
oracle-k2,8,1,Ilmeth,flagship product,1,0.0,0.0,19.874599995091558,19.874599995091558,19.874599995091558,0.0,0
reactive-lru-k2,8,1,Ilmeth,flagship product,1,0.0,0.0,20.33069997560233,20.33069997560233,20.33069997560233,0.0,0
all-resident-k8,8,1,Ilmeth,flagship product,1,0.0,0.0,20.174000004772097,20.174000004772097,20.174000004772097,0.0,0
topic-k2,8,1,Ilmeth,flagship product,1,0.0,0.0,20.174200006294996,20.174200006294996,20.174200006294996,9.609216,0
topic-k1,8,1,Ilmeth,flagship product,1,0.0,0.0,19.43410001695156,19.43410001695156,19.43410001695156,0.0,0
oracle-k1,8,1,Ilmeth,flagship product,1,0.0,0.0,20.237600023392588,20.237600023392588,20.237600023392588,0.0,0
reactive-lru-k1,8,1,Ilmeth,flagship product,1,0.0,0.0,19.038400030694902,19.038400030694902,19.038400030694902,0.0,0
on-demand-k1,8,2,Ilmeth,archive codename,0,0.4178999806754291,21.855000057257712,21.672500006388873,22.090399987064302,43.527500063646585,0.0,0
topic-k2,8,2,Ilmeth,archive codename,1,0.0,0.0,20.32469998812303,20.32469998812303,20.32469998812303,0.0,0
all-resident-k8,8,2,Ilmeth,archive codename,1,0.0,0.0,18.77359999343753,18.77359999343753,18.77359999343753,0.0,0
oracle-k1,8,2,Ilmeth,archive codename,1,0.0,0.0,20.572899957187474,20.572899957187474,20.572899957187474,0.0,0
topic-k3,8,2,Ilmeth,archive codename,1,0.0,0.0,20.725700014736503,20.725700014736503,20.725700014736503,0.0,0
oracle-k3,8,2,Ilmeth,archive codename,1,0.0,0.0,22.42829999886453,22.42829999886453,22.42829999886453,0.0,0
reactive-lru-k1,8,2,Ilmeth,archive codename,1,0.0,0.0,20.80900000873953,20.80900000873953,20.80900000873953,0.0,0
oracle-k2,8,2,Ilmeth,archive codename,1,0.0,0.0,20.276500028558075,20.276500028558075,20.276500028558075,0.0,0
reactive-lru-k2,8,2,Ilmeth,archive codename,1,0.0,0.0,20.993300015106797,20.993300015106797,20.993300015106797,0.0,0
topic-k1,8,2,Ilmeth,archive codename,1,0.0,0.0,19.85650003189221,19.85650003189221,19.85650003189221,0.0,0
reactive-lru-k3,8,2,Ilmeth,archive codename,1,0.0,0.0,20.577499992214143,20.577499992214143,20.577499992214143,0.0,0
oracle-k3,8,3,Ilmeth,employee count,1,0.0,0.0,20.99549997365102,20.99549997365102,20.99549997365102,0.0,0
topic-k1,8,3,Ilmeth,employee count,1,0.0,0.0,19.547600008081645,19.547600008081645,19.547600008081645,0.0,0
reactive-lru-k2,8,3,Ilmeth,employee count,1,0.0,0.0,20.601299998816103,20.601299998816103,20.601299998816103,0.0,0
on-demand-k1,8,3,Ilmeth,employee count,0,0.4132000030949712,23.268299992196262,21.85960003407672,22.27280003717169,45.12790002627298,0.0,0
all-resident-k8,8,3,Ilmeth,employee count,1,0.0,0.0,20.050899998750538,20.050899998750538,20.050899998750538,0.0,0
reactive-lru-k3,8,3,Ilmeth,employee count,1,0.0,0.0,20.635199965909123,20.635199965909123,20.635199965909123,0.0,0
oracle-k1,8,3,Ilmeth,employee count,1,0.0,0.0,19.43879999453202,19.43879999453202,19.43879999453202,0.0,0
reactive-lru-k1,8,3,Ilmeth,employee count,1,0.0,0.0,20.221600017976016,20.221600017976016,20.221600017976016,0.0,0
topic-k3,8,3,Ilmeth,employee count,1,0.0,0.0,22.214900003746152,22.214900003746152,22.214900003746152,0.0,0
topic-k2,8,3,Ilmeth,employee count,1,0.0,0.0,20.41530003771186,20.41530003771186,20.41530003771186,0.0,0
oracle-k2,8,3,Ilmeth,employee count,1,0.0,0.0,20.23299998836592,20.23299998836592,20.23299998836592,0.0,0
oracle-k1,8,4,Toskarel,flagship product,1,0.0,0.0,21.061600011307746,21.061600011307746,21.061600011307746,9.474048,0
topic-k1,8,4,Toskarel,flagship product,0,0.4406999796628952,23.46569998189807,22.123700007796288,22.564399987459183,45.58939998969436,0.0,0
reactive-lru-k3,8,4,Toskarel,flagship product,0,0.4542000242508948,22.99620001576841,19.332500000018626,19.78670002426952,42.328700015787035,0.0,0
topic-k2,8,4,Toskarel,flagship product,0,0.7001000340096653,22.9782999958843,20.44340001884848,21.143500052858144,43.42170001473278,0.0,1
reactive-lru-k1,8,4,Toskarel,flagship product,0,0.4423000500537455,24.15459998883307,20.294699992518872,20.737000042572618,44.44929998135194,0.0,0
on-demand-k1,8,4,Toskarel,flagship product,0,0.4468999686650932,23.61370000289753,20.56299999821931,21.009899966884404,44.17670000111684,0.0,0
all-resident-k8,8,4,Toskarel,flagship product,1,0.0,0.0,21.077000012155622,21.077000012155622,21.077000012155622,0.0,0
reactive-lru-k2,8,4,Toskarel,flagship product,0,0.4607000155374408,23.734099988359958,21.227599994745106,21.688300010282546,44.96169998310506,0.0,0
oracle-k3,8,4,Toskarel,flagship product,1,0.0,0.0,19.56740004243329,19.56740004243329,19.56740004243329,9.474048,0
topic-k3,8,4,Toskarel,flagship product,1,0.0,0.0,19.648599962238222,19.648599962238222,19.648599962238222,0.0,0
oracle-k2,8,4,Toskarel,flagship product,1,0.0,0.0,19.498999987263232,19.498999987263232,19.498999987263232,9.474048,0
reactive-lru-k2,8,5,Quorvane,chief executive,0,0.485299970023334,22.404399991501123,20.345599972642958,20.830899942666292,42.74999996414408,0.0,0
on-demand-k1,8,5,Quorvane,chief executive,0,0.493000028654933,22.492800024338067,18.730999960098416,19.22399998875335,41.22379998443648,0.0,0
topic-k3,8,5,Quorvane,chief executive,1,0.0,0.0,19.055999990087003,19.055999990087003,19.055999990087003,19.820543999999998,1
topic-k2,8,5,Quorvane,chief executive,0,0.4463000223040581,23.005300026852638,19.64630000293255,20.092600025236607,42.651600029785186,9.510912,0
all-resident-k8,8,5,Quorvane,chief executive,1,0.0,0.0,19.61949997348711,19.61949997348711,19.61949997348711,0.0,0
reactive-lru-k1,8,5,Quorvane,chief executive,0,0.4878999898210168,22.9354000184685,19.052299961913377,19.540199951734394,41.987699980381876,0.0,0
oracle-k3,8,5,Quorvane,chief executive,1,0.0,0.0,19.226199947297573,19.226199947297573,19.226199947297573,10.309632,0
topic-k1,8,5,Quorvane,chief executive,0,0.4802999901585281,22.401199967134744,20.5514999688603,21.031799959018826,42.95269993599504,0.0,0
oracle-k2,8,5,Quorvane,chief executive,1,0.0,0.0,20.187399990390986,20.187399990390986,20.187399990390986,10.309632,0
oracle-k1,8,5,Quorvane,chief executive,1,0.0,0.0,19.148899998981506,19.148899998981506,19.148899998981506,10.309632,0
reactive-lru-k3,8,5,Quorvane,chief executive,0,0.48160000005736947,23.240899958182126,19.82809999026358,20.30969999032095,43.06899994844571,0.0,0
topic-k2,8,6,Quorvane,motto word,1,0.0,0.0,19.621899991761893,19.621899991761893,19.621899991761893,9.437184,1
topic-k1,8,6,Quorvane,motto word,1,0.0,0.0,20.11879999190569,20.11879999190569,20.11879999190569,0.0,0
oracle-k1,8,6,Quorvane,motto word,1,0.0,0.0,20.134699996560812,20.134699996560812,20.134699996560812,0.0,0
reactive-lru-k3,8,6,Quorvane,motto word,1,0.0,0.0,20.496699959039688,20.496699959039688,20.496699959039688,0.0,0
oracle-k2,8,6,Quorvane,motto word,1,0.0,0.0,22.00479997554794,22.00479997554794,22.00479997554794,0.0,0
topic-k3,8,6,Quorvane,motto word,1,0.0,0.0,19.813999999314547,19.813999999314547,19.813999999314547,18.972672000000003,1
reactive-lru-k1,8,6,Quorvane,motto word,1,0.0,0.0,20.356699998956174,20.356699998956174,20.356699998956174,0.0,0
on-demand-k1,8,6,Quorvane,motto word,0,0.5086999735794961,23.291199991945177,20.301399985328317,20.810099958907813,43.592599977273494,0.0,0
reactive-lru-k2,8,6,Quorvane,motto word,1,0.0,0.0,20.769399998243898,20.769399998243898,20.769399998243898,0.0,0
oracle-k3,8,6,Quorvane,motto word,1,0.0,0.0,20.588800020050257,20.588800020050257,20.588800020050257,0.0,0
all-resident-k8,8,6,Quorvane,motto word,1,0.0,0.0,20.017400034703314,20.017400034703314,20.017400034703314,0.0,0
oracle-k1,8,7,Quorvane,stock ticker,1,0.0,0.0,19.76769999600947,19.76769999600947,19.76769999600947,0.0,0
all-resident-k8,8,7,Quorvane,stock ticker,1,0.0,0.0,19.081000005826354,19.081000005826354,19.081000005826354,0.0,0
oracle-k3,8,7,Quorvane,stock ticker,1,0.0,0.0,21.762199990916997,21.762199990916997,21.762199990916997,0.0,0
on-demand-k1,8,7,Quorvane,stock ticker,0,0.48290000995621085,23.266699980013072,20.18990000942722,20.67280001938343,43.45659998944029,0.0,0
oracle-k2,8,7,Quorvane,stock ticker,1,0.0,0.0,19.87289998214692,19.87289998214692,19.87289998214692,0.0,0
topic-k3,8,7,Quorvane,stock ticker,1,0.0,0.0,18.895499990321696,18.895499990321696,18.895499990321696,0.0,0
reactive-lru-k3,8,7,Quorvane,stock ticker,1,0.0,0.0,20.78820002498105,20.78820002498105,20.78820002498105,0.0,0
reactive-lru-k2,8,7,Quorvane,stock ticker,1,0.0,0.0,19.47739999741316,19.47739999741316,19.47739999741316,0.0,0
topic-k2,8,7,Quorvane,stock ticker,1,0.0,0.0,21.64019999327138,21.64019999327138,21.64019999327138,0.0,0
reactive-lru-k1,8,7,Quorvane,stock ticker,1,0.0,0.0,20.474899967666715,20.474899967666715,20.474899967666715,0.0,0
topic-k1,8,7,Quorvane,stock ticker,1,0.0,0.0,20.06529999198392,20.06529999198392,20.06529999198392,0.0,0
reactive-lru-k3,8,8,Quorvane,primary material,1,0.0,0.0,21.434900001622736,21.434900001622736,21.434900001622736,0.0,0
oracle-k2,8,8,Quorvane,primary material,1,0.0,0.0,20.138300023972988,20.138300023972988,20.138300023972988,0.0,0
topic-k1,8,8,Quorvane,primary material,1,0.0,0.0,19.215899985283613,19.215899985283613,19.215899985283613,0.0,0
topic-k2,8,8,Quorvane,primary material,1,0.0,0.0,18.944900017231703,18.944900017231703,18.944900017231703,0.0,0
oracle-k1,8,8,Quorvane,primary material,1,0.0,0.0,18.913000007160008,18.913000007160008,18.913000007160008,0.0,0
all-resident-k8,8,8,Quorvane,primary material,1,0.0,0.0,21.62250003311783,21.62250003311783,21.62250003311783,0.0,0
on-demand-k1,8,8,Quorvane,primary material,0,0.47090003499761224,23.3130999840796,20.236800017300993,20.707700052298605,43.54990000138059,0.0,0
reactive-lru-k2,8,8,Quorvane,primary material,1,0.0,0.0,19.48890002677217,19.48890002677217,19.48890002677217,0.0,0
topic-k3,8,8,Quorvane,primary material,1,0.0,0.0,19.321400031913072,19.321400031913072,19.321400031913072,0.0,0
oracle-k3,8,8,Quorvane,primary material,1,0.0,0.0,22.875099966768175,22.875099966768175,22.875099966768175,0.0,0
reactive-lru-k1,8,8,Quorvane,primary material,1,0.0,0.0,20.872499968390912,20.872499968390912,20.872499968390912,0.0,0
topic-k3,8,9,Quorvane,flagship product,1,0.0,0.0,19.580399966798723,19.580399966798723,19.580399966798723,0.0,0
topic-k2,8,9,Quorvane,flagship product,1,0.0,0.0,19.94079997530207,19.94079997530207,19.94079997530207,0.0,0
all-resident-k8,8,9,Quorvane,flagship product,1,0.0,0.0,20.742000022437423,20.742000022437423,20.742000022437423,0.0,0
topic-k1,8,9,Quorvane,flagship product,1,0.0,0.0,20.430999982636422,20.430999982636422,20.430999982636422,0.0,0
reactive-lru-k1,8,9,Quorvane,flagship product,1,0.0,0.0,20.291200024075806,20.291200024075806,20.291200024075806,0.0,0
oracle-k3,8,9,Quorvane,flagship product,1,0.0,0.0,20.062699972186238,20.062699972186238,20.062699972186238,0.0,0
reactive-lru-k2,8,9,Quorvane,flagship product,1,0.0,0.0,20.33500000834465,20.33500000834465,20.33500000834465,0.0,0
oracle-k2,8,9,Quorvane,flagship product,1,0.0,0.0,19.654300005640835,19.654300005640835,19.654300005640835,0.0,0
on-demand-k1,8,9,Quorvane,flagship product,0,0.4700000281445682,22.504399996250868,19.162299984600395,19.632300012744963,41.66669998085126,0.0,0
oracle-k1,8,9,Quorvane,flagship product,1,0.0,0.0,19.09479999449104,19.09479999449104,19.09479999449104,0.0,0
reactive-lru-k3,8,9,Quorvane,flagship product,1,0.0,0.0,19.503400020767003,19.503400020767003,19.503400020767003,0.0,0
oracle-k3,8,10,Quorvane,stock ticker,1,0.0,0.0,19.264100003056228,19.264100003056228,19.264100003056228,0.0,0
all-resident-k8,8,10,Quorvane,stock ticker,1,0.0,0.0,19.421899982262403,19.421899982262403,19.421899982262403,0.0,0
reactive-lru-k3,8,10,Quorvane,stock ticker,1,0.0,0.0,20.05039999494329,20.05039999494329,20.05039999494329,0.0,0
topic-k1,8,10,Quorvane,stock ticker,1,0.0,0.0,19.608500006143004,19.608500006143004,19.608500006143004,0.0,0
on-demand-k1,8,10,Quorvane,stock ticker,0,0.4854000289924443,22.91619998868555,19.526700023561716,20.01210005255416,42.442900012247264,0.0,0
topic-k2,8,10,Quorvane,stock ticker,1,0.0,0.0,19.13050003349781,19.13050003349781,19.13050003349781,0.0,0
oracle-k1,8,10,Quorvane,stock ticker,1,0.0,0.0,20.020199997816235,20.020199997816235,20.020199997816235,0.0,0
reactive-lru-k2,8,10,Quorvane,stock ticker,1,0.0,0.0,20.642300019972026,20.642300019972026,20.642300019972026,0.0,0
topic-k3,8,10,Quorvane,stock ticker,1,0.0,0.0,20.026600046548992,20.026600046548992,20.026600046548992,0.0,0
reactive-lru-k1,8,10,Quorvane,stock ticker,1,0.0,0.0,20.905999990645796,20.905999990645796,20.905999990645796,0.0,0
oracle-k2,8,10,Quorvane,stock ticker,1,0.0,0.0,21.059999999124557,21.059999999124557,21.059999999124557,0.0,0
reactive-lru-k2,8,11,Quorvane,headquarters city,1,0.0,0.0,19.6832999936305,19.6832999936305,19.6832999936305,0.0,0
topic-k3,8,11,Quorvane,headquarters city,1,0.0,0.0,18.787600041832775,18.787600041832775,18.787600041832775,0.0,0
topic-k1,8,11,Quorvane,headquarters city,1,0.0,0.0,19.89669998874888,19.89669998874888,19.89669998874888,0.0,0
oracle-k3,8,11,Quorvane,headquarters city,1,0.0,0.0,19.51710000867024,19.51710000867024,19.51710000867024,0.0,0
on-demand-k1,8,11,Quorvane,headquarters city,0,0.47149998135864735,22.876599978189915,19.647100009024143,20.11859999038279,42.52369998721406,0.0,0
oracle-k1,8,11,Quorvane,headquarters city,1,0.0,0.0,20.20610001636669,20.20610001636669,20.20610001636669,0.0,0
topic-k2,8,11,Quorvane,headquarters city,1,0.0,0.0,19.66369996080175,19.66369996080175,19.66369996080175,0.0,0
all-resident-k8,8,11,Quorvane,headquarters city,1,0.0,0.0,19.633200019598007,19.633200019598007,19.633200019598007,0.0,0
reactive-lru-k3,8,11,Quorvane,headquarters city,1,0.0,0.0,19.521999987773597,19.521999987773597,19.521999987773597,0.0,0
oracle-k2,8,11,Quorvane,headquarters city,1,0.0,0.0,19.771399965975434,19.771399965975434,19.771399965975434,0.0,0
reactive-lru-k1,8,11,Quorvane,headquarters city,1,0.0,0.0,20.160499960184097,20.160499960184097,20.160499960184097,0.0,0
topic-k2,9,0,Veltrax,chief executive,0,0.44460000935941935,23.082400031853467,20.22369997575879,20.66829998511821,43.30610000761226,0.0,0
topic-k1,9,0,Veltrax,chief executive,0,0.45140000293031335,22.77689997572452,20.944699994288385,21.3960999972187,43.7215999700129,0.0,0
all-resident-k8,9,0,Veltrax,chief executive,1,0.0,0.0,19.816900021396577,19.816900021396577,19.816900021396577,75.472896,0
oracle-k3,9,0,Veltrax,chief executive,1,0.0,0.0,21.460000018123537,21.460000018123537,21.460000018123537,9.535488,0
topic-k3,9,0,Veltrax,chief executive,0,0.4484999808482826,22.965800017118454,19.41940002143383,19.867900002282113,42.385200038552284,0.0,0
on-demand-k1,9,0,Veltrax,chief executive,0,0.430600019171834,23.02580000832677,19.246499985456467,19.6771000046283,42.272299993783236,0.0,0
oracle-k2,9,0,Veltrax,chief executive,1,0.0,0.0,19.973999995272607,19.973999995272607,19.973999995272607,9.535488,0
reactive-lru-k3,9,0,Veltrax,chief executive,0,0.4463000223040581,24.68919998500496,19.055899989325553,19.50220001162961,43.745099974330515,0.0,0
reactive-lru-k1,9,0,Veltrax,chief executive,0,0.45409996528178453,23.65069999359548,19.851399993058294,20.30549995834008,43.502099986653775,0.0,0
reactive-lru-k2,9,0,Veltrax,chief executive,0,0.4616000223904848,22.748599993065,20.153900026343763,20.615500048734248,42.90250001940876,0.0,0
oracle-k1,9,0,Veltrax,chief executive,1,0.0,0.0,18.74819997465238,18.74819997465238,18.74819997465238,9.535488,0
reactive-lru-k1,9,1,Veltrax,headquarters city,1,0.0,0.0,19.15280002867803,19.15280002867803,19.15280002867803,0.0,0
oracle-k1,9,1,Veltrax,headquarters city,1,0.0,0.0,19.0388000337407,19.0388000337407,19.0388000337407,0.0,0
reactive-lru-k3,9,1,Veltrax,headquarters city,1,0.0,0.0,19.972899986896664,19.972899986896664,19.972899986896664,0.0,0
topic-k1,9,1,Veltrax,headquarters city,1,0.0,0.0,19.2179000005126,19.2179000005126,19.2179000005126,0.0,0
on-demand-k1,9,1,Veltrax,headquarters city,0,0.43840002035722136,22.57840003585443,18.98950000759214,19.427900027949363,41.56790004344657,0.0,0
all-resident-k8,9,1,Veltrax,headquarters city,1,0.0,0.0,20.208300033118576,20.208300033118576,20.208300033118576,0.0,0
oracle-k3,9,1,Veltrax,headquarters city,1,0.0,0.0,20.825800020247698,20.825800020247698,20.825800020247698,0.0,0
oracle-k2,9,1,Veltrax,headquarters city,1,0.0,0.0,19.56029998837039,19.56029998837039,19.56029998837039,0.0,0
topic-k2,9,1,Veltrax,headquarters city,1,0.0,0.0,19.36930004740134,19.36930004740134,19.36930004740134,9.510912,0
reactive-lru-k2,9,1,Veltrax,headquarters city,1,0.0,0.0,19.243500020820647,19.243500020820647,19.243500020820647,0.0,0
topic-k3,9,1,Veltrax,headquarters city,1,0.0,0.0,19.559700042009354,19.559700042009354,19.559700042009354,19.820543999999998,0
on-demand-k1,9,2,Veltrax,satellite name,0,0.44710002839565277,24.4302999926731,18.592400010675192,19.039500039070845,43.02270000334829,0.0,0
topic-k3,9,2,Veltrax,satellite name,1,0.0,0.0,19.088100001681596,19.088100001681596,19.088100001681596,0.0,0
oracle-k3,9,2,Veltrax,satellite name,1,0.0,0.0,18.333900021389127,18.333900021389127,18.333900021389127,0.0,0
all-resident-k8,9,2,Veltrax,satellite name,1,0.0,0.0,18.15880002686754,18.15880002686754,18.15880002686754,0.0,0
oracle-k1,9,2,Veltrax,satellite name,1,0.0,0.0,18.456799967680126,18.456799967680126,18.456799967680126,0.0,0
reactive-lru-k3,9,2,Veltrax,satellite name,1,0.0,0.0,18.590299994684756,18.590299994684756,18.590299994684756,0.0,0
topic-k1,9,2,Veltrax,satellite name,1,0.0,0.0,20.215600030496716,20.215600030496716,20.215600030496716,0.0,0
reactive-lru-k2,9,2,Veltrax,satellite name,1,0.0,0.0,20.81090002320707,20.81090002320707,20.81090002320707,0.0,0
topic-k2,9,2,Veltrax,satellite name,1,0.0,0.0,19.144300022162497,19.144300022162497,19.144300022162497,0.0,0
reactive-lru-k1,9,2,Veltrax,satellite name,1,0.0,0.0,19.98370001092553,19.98370001092553,19.98370001092553,0.0,0
oracle-k2,9,2,Veltrax,satellite name,1,0.0,0.0,19.09649994922802,19.09649994922802,19.09649994922802,0.0,0
topic-k3,9,3,Veltrax,flagship product,1,0.0,0.0,19.291499978862703,19.291499978862703,19.291499978862703,0.0,0
oracle-k1,9,3,Veltrax,flagship product,1,0.0,0.0,20.089900004677474,20.089900004677474,20.089900004677474,0.0,0
on-demand-k1,9,3,Veltrax,flagship product,0,0.4770000232383609,22.73049997165799,19.369899993762374,19.846900017000735,42.100399965420365,0.0,0
reactive-lru-k2,9,3,Veltrax,flagship product,1,0.0,0.0,19.326400011777878,19.326400011777878,19.326400011777878,0.0,0
oracle-k2,9,3,Veltrax,flagship product,1,0.0,0.0,19.495400018058717,19.495400018058717,19.495400018058717,0.0,0
topic-k2,9,3,Veltrax,flagship product,1,0.0,0.0,19.073300005402416,19.073300005402416,19.073300005402416,0.0,0
reactive-lru-k3,9,3,Veltrax,flagship product,1,0.0,0.0,20.05469996947795,20.05469996947795,20.05469996947795,0.0,0
oracle-k3,9,3,Veltrax,flagship product,1,0.0,0.0,20.312100008595735,20.312100008595735,20.312100008595735,0.0,0
topic-k1,9,3,Veltrax,flagship product,1,0.0,0.0,20.131700031924993,20.131700031924993,20.131700031924993,0.0,0
all-resident-k8,9,3,Veltrax,flagship product,1,0.0,0.0,19.75269999820739,19.75269999820739,19.75269999820739,0.0,0
reactive-lru-k1,9,3,Veltrax,flagship product,1,0.0,0.0,21.568399970419705,21.568399970419705,21.568399970419705,0.0,0
oracle-k1,9,4,Veltrax,motto word,1,0.0,0.0,19.100500037893653,19.100500037893653,19.100500037893653,0.0,0
topic-k1,9,4,Veltrax,motto word,1,0.0,0.0,19.303200009744614,19.303200009744614,19.303200009744614,0.0,0
reactive-lru-k2,9,4,Veltrax,motto word,1,0.0,0.0,19.230300036724657,19.230300036724657,19.230300036724657,0.0,0
topic-k2,9,4,Veltrax,motto word,1,0.0,0.0,19.77340003941208,19.77340003941208,19.77340003941208,0.0,0
oracle-k2,9,4,Veltrax,motto word,1,0.0,0.0,19.51429998734966,19.51429998734966,19.51429998734966,0.0,0
all-resident-k8,9,4,Veltrax,motto word,1,0.0,0.0,20.932800020091236,20.932800020091236,20.932800020091236,0.0,0
oracle-k3,9,4,Veltrax,motto word,1,0.0,0.0,19.564799964427948,19.564799964427948,19.564799964427948,0.0,0
topic-k3,9,4,Veltrax,motto word,1,0.0,0.0,19.43719998234883,19.43719998234883,19.43719998234883,0.0,0
reactive-lru-k1,9,4,Veltrax,motto word,1,0.0,0.0,21.977800002787262,21.977800002787262,21.977800002787262,0.0,0
reactive-lru-k3,9,4,Veltrax,motto word,1,0.0,0.0,19.230299978516996,19.230299978516996,19.230299978516996,0.0,0
on-demand-k1,9,4,Veltrax,motto word,0,0.4582999972626567,23.24459998635575,20.119099994190037,20.577399991452694,43.36369998054579,0.0,0
on-demand-k1,9,5,Veltrax,flagship product,0,0.44599996181204915,22.511999995913357,19.77789995726198,20.22389991907403,42.289899953175336,0.0,0
reactive-lru-k3,9,5,Veltrax,flagship product,1,0.0,0.0,19.606399990152568,19.606399990152568,19.606399990152568,0.0,0
reactive-lru-k2,9,5,Veltrax,flagship product,1,0.0,0.0,19.5411000167951,19.5411000167951,19.5411000167951,0.0,0
oracle-k1,9,5,Veltrax,flagship product,1,0.0,0.0,19.698899996001273,19.698899996001273,19.698899996001273,0.0,0
topic-k3,9,5,Veltrax,flagship product,1,0.0,0.0,19.45630001137033,19.45630001137033,19.45630001137033,0.0,0
all-resident-k8,9,5,Veltrax,flagship product,1,0.0,0.0,19.25909996498376,19.25909996498376,19.25909996498376,0.0,0
oracle-k3,9,5,Veltrax,flagship product,1,0.0,0.0,19.72429995657876,19.72429995657876,19.72429995657876,0.0,0
topic-k1,9,5,Veltrax,flagship product,1,0.0,0.0,20.411300007253885,20.411300007253885,20.411300007253885,0.0,0
oracle-k2,9,5,Veltrax,flagship product,1,0.0,0.0,20.245900028385222,20.245900028385222,20.245900028385222,0.0,0
topic-k2,9,5,Veltrax,flagship product,1,0.0,0.0,19.653900002595037,19.653900002595037,19.653900002595037,0.0,0
reactive-lru-k1,9,5,Veltrax,flagship product,1,0.0,0.0,19.62410000851378,19.62410000851378,19.62410000851378,0.0,0
oracle-k1,9,6,Veltrax,annual revenue,1,0.0,0.0,18.780099984724075,18.780099984724075,18.780099984724075,0.0,0
topic-k3,9,6,Veltrax,annual revenue,1,0.0,0.0,18.883400014601648,18.883400014601648,18.883400014601648,0.0,0
reactive-lru-k3,9,6,Veltrax,annual revenue,1,0.0,0.0,18.726499984040856,18.726499984040856,18.726499984040856,0.0,0
reactive-lru-k1,9,6,Veltrax,annual revenue,1,0.0,0.0,19.13919998332858,19.13919998332858,19.13919998332858,0.0,0
topic-k1,9,6,Veltrax,annual revenue,1,0.0,0.0,18.98410002468154,18.98410002468154,18.98410002468154,0.0,0
topic-k2,9,6,Veltrax,annual revenue,1,0.0,0.0,19.421799981500953,19.421799981500953,19.421799981500953,0.0,0
reactive-lru-k2,9,6,Veltrax,annual revenue,1,0.0,0.0,19.553299993276596,19.553299993276596,19.553299993276596,0.0,0
all-resident-k8,9,6,Veltrax,annual revenue,1,0.0,0.0,19.10689997021109,19.10689997021109,19.10689997021109,0.0,0
on-demand-k1,9,6,Veltrax,annual revenue,0,0.46030001249164343,22.6237999740988,19.544500042684376,20.00480005517602,42.16830001678318,0.0,0
oracle-k3,9,6,Veltrax,annual revenue,1,0.0,0.0,19.36480001313612,19.36480001313612,19.36480001313612,0.0,0
oracle-k2,9,6,Veltrax,annual revenue,1,0.0,0.0,19.12290003383532,19.12290003383532,19.12290003383532,0.0,0
all-resident-k8,9,7,Quorvane,anthem composer,1,0.0,0.0,19.342700019478798,19.342700019478798,19.342700019478798,0.0,0
reactive-lru-k1,9,7,Quorvane,anthem composer,0,0.48729998525232077,22.996499959845096,19.579000014346093,20.066299999598414,42.57549997419119,0.0,0
oracle-k2,9,7,Quorvane,anthem composer,1,0.0,0.0,20.205200009513646,20.205200009513646,20.205200009513646,10.309632,0
on-demand-k1,9,7,Quorvane,anthem composer,0,0.4760000156238675,23.59019999857992,19.479500013403594,19.955500029027462,43.069700011983514,0.0,0
topic-k3,9,7,Quorvane,anthem composer,1,0.0,0.0,19.378700002562255,19.378700002562255,19.378700002562255,0.0,0
reactive-lru-k3,9,7,Quorvane,anthem composer,0,0.47960004303604364,23.263600014615804,19.334199954755604,19.813799997791648,42.59779996937141,0.0,0
topic-k1,9,7,Quorvane,anthem composer,0,0.4848999669775367,23.457200033590198,19.153599976561964,19.6384999435395,42.61080001015216,0.0,0
oracle-k3,9,7,Quorvane,anthem composer,1,0.0,0.0,20.301499986089766,20.301499986089766,20.301499986089766,10.309632,0
oracle-k1,9,7,Quorvane,anthem composer,1,0.0,0.0,19.18099995236844,19.18099995236844,19.18099995236844,10.309632,0
topic-k2,9,7,Quorvane,anthem composer,0,0.48430002061650157,23.901900043711066,22.196399979293346,22.680699999909848,46.09830002300441,0.0,1
reactive-lru-k2,9,7,Quorvane,anthem composer,0,0.48779998905956745,22.193600016180426,18.817399977706373,19.30519996676594,41.0109999938868,0.0,0
oracle-k3,9,8,Quorvane,lucky number,1,0.0,0.0,20.670599944423884,20.670599944423884,20.670599944423884,0.0,0
topic-k1,9,8,Quorvane,lucky number,1,0.0,0.0,20.067499950528145,20.067499950528145,20.067499950528145,0.0,0
all-resident-k8,9,8,Quorvane,lucky number,1,0.0,0.0,19.07270000083372,19.07270000083372,19.07270000083372,0.0,0
reactive-lru-k1,9,8,Quorvane,lucky number,1,0.0,0.0,19.28890001727268,19.28890001727268,19.28890001727268,0.0,0
reactive-lru-k3,9,8,Quorvane,lucky number,1,0.0,0.0,19.54509998904541,19.54509998904541,19.54509998904541,0.0,0
on-demand-k1,9,8,Quorvane,lucky number,0,0.4700000281445682,22.182899992913008,18.86079995892942,19.330799987073988,41.04369995184243,0.0,0
oracle-k2,9,8,Quorvane,lucky number,1,0.0,0.0,20.56929998798296,20.56929998798296,20.56929998798296,0.0,0
reactive-lru-k2,9,8,Quorvane,lucky number,1,0.0,0.0,18.863099976442754,18.863099976442754,18.863099976442754,0.0,0
topic-k2,9,8,Quorvane,lucky number,1,0.0,0.0,19.48439999250695,19.48439999250695,19.48439999250695,9.437184,0
topic-k3,9,8,Quorvane,lucky number,1,0.0,0.0,19.487100013066083,19.487100013066083,19.487100013066083,9.437184,1
oracle-k1,9,8,Quorvane,lucky number,1,0.0,0.0,20.49209998222068,20.49209998222068,20.49209998222068,0.0,0
oracle-k3,9,9,Quorvane,mascot animal,1,0.0,0.0,19.234800012782216,19.234800012782216,19.234800012782216,0.0,0
on-demand-k1,9,9,Quorvane,mascot animal,0,0.4831000114791095,23.021700035315007,19.544800044968724,20.027900056447834,42.56650008028373,0.0,0
reactive-lru-k3,9,9,Quorvane,mascot animal,1,0.0,0.0,19.291700038593262,19.291700038593262,19.291700038593262,0.0,0
oracle-k2,9,9,Quorvane,mascot animal,1,0.0,0.0,19.207000033929944,19.207000033929944,19.207000033929944,0.0,0
reactive-lru-k1,9,9,Quorvane,mascot animal,1,0.0,0.0,20.16469999216497,20.16469999216497,20.16469999216497,0.0,0
all-resident-k8,9,9,Quorvane,mascot animal,1,0.0,0.0,19.4164999993518,19.4164999993518,19.4164999993518,0.0,0
reactive-lru-k2,9,9,Quorvane,mascot animal,1,0.0,0.0,18.921300012152642,18.921300012152642,18.921300012152642,0.0,0
topic-k1,9,9,Quorvane,mascot animal,1,0.0,0.0,19.48610000545159,19.48610000545159,19.48610000545159,0.0,0
topic-k2,9,9,Quorvane,mascot animal,1,0.0,0.0,19.519300025422126,19.519300025422126,19.519300025422126,0.0,0
oracle-k1,9,9,Quorvane,mascot animal,1,0.0,0.0,19.824199960567057,19.824199960567057,19.824199960567057,0.0,0
topic-k3,9,9,Quorvane,mascot animal,1,0.0,0.0,19.30550002725795,19.30550002725795,19.30550002725795,0.0,0
on-demand-k1,9,10,Seluun,founding year,0,0.45110000064596534,22.885899990797043,19.172800006344914,19.62390000699088,42.05869999714196,0.0,0
oracle-k2,9,10,Seluun,founding year,1,0.0,0.0,18.969899974763393,18.969899974763393,18.969899974763393,9.437184,0
reactive-lru-k3,9,10,Seluun,founding year,0,0.42480003321543336,21.74710005056113,19.672300026286393,20.097100059501827,41.41940007684752,0.0,0
topic-k2,9,10,Seluun,founding year,1,0.0,0.0,19.37330001965165,19.37330001965165,19.37330001965165,0.0,0
reactive-lru-k2,9,10,Seluun,founding year,0,0.44999999227002263,22.927300014998764,20.198000012896955,20.648000005166978,43.12530002789572,0.0,0
oracle-k3,9,10,Seluun,founding year,1,0.0,0.0,19.19129997259006,19.19129997259006,19.19129997259006,9.437184,0
topic-k3,9,10,Seluun,founding year,1,0.0,0.0,21.58419997431338,21.58419997431338,21.58419997431338,0.0,0
topic-k1,9,10,Seluun,founding year,0,0.4333999822847545,22.346100013237447,19.624800013843924,20.05819999612868,41.97090002708137,0.0,0
reactive-lru-k1,9,10,Seluun,founding year,0,0.4463000223040581,22.064499964471906,19.363500003237277,19.809800025541335,41.427999967709184,0.0,0
oracle-k1,9,10,Seluun,founding year,1,0.0,0.0,18.86820001527667,18.86820001527667,18.86820001527667,9.437184,0
all-resident-k8,9,10,Seluun,founding year,1,0.0,0.0,21.57659997465089,21.57659997465089,21.57659997465089,0.0,0
reactive-lru-k3,9,11,Seluun,primary material,1,0.0,0.0,19.35139996930957,19.35139996930957,19.35139996930957,0.0,0
topic-k1,9,11,Seluun,primary material,1,0.0,0.0,20.8118999726139,20.8118999726139,20.8118999726139,0.0,0
topic-k3,9,11,Seluun,primary material,1,0.0,0.0,19.910600036382675,19.910600036382675,19.910600036382675,18.444288,0
oracle-k3,9,11,Seluun,primary material,1,0.0,0.0,19.73940001334995,19.73940001334995,19.73940001334995,0.0,0
oracle-k2,9,11,Seluun,primary material,1,0.0,0.0,19.849500036798418,19.849500036798418,19.849500036798418,0.0,0
on-demand-k1,9,11,Seluun,primary material,0,0.4458999610505998,23.38119997875765,20.099800021853298,20.545699982903898,43.48100000061095,0.0,0
oracle-k1,9,11,Seluun,primary material,1,0.0,0.0,20.204200001899153,20.204200001899153,20.204200001899153,0.0,0
reactive-lru-k2,9,11,Seluun,primary material,1,0.0,0.0,20.20309999352321,20.20309999352321,20.20309999352321,0.0,0
all-resident-k8,9,11,Seluun,primary material,1,0.0,0.0,19.26799997454509,19.26799997454509,19.26799997454509,0.0,0
reactive-lru-k1,9,11,Seluun,primary material,1,0.0,0.0,20.82989999325946,20.82989999325946,20.82989999325946,0.0,0
topic-k2,9,11,Seluun,primary material,1,0.0,0.0,19.047300040256232,19.047300040256232,19.047300040256232,8.835072,0
oracle-k1,10,0,Seluun,annual revenue,1,0.0,0.0,18.940400041174144,18.940400041174144,18.940400041174144,9.437184,0
all-resident-k8,10,0,Seluun,annual revenue,1,0.0,0.0,19.42399999825284,19.42399999825284,19.42399999825284,75.472896,0
reactive-lru-k3,10,0,Seluun,annual revenue,0,0.44620002154260874,22.27300003869459,18.944199953693897,19.390399975236505,41.21719999238849,0.0,0
oracle-k2,10,0,Seluun,annual revenue,1,0.0,0.0,19.070599984843284,19.070599984843284,19.070599984843284,9.437184,0
on-demand-k1,10,0,Seluun,annual revenue,0,0.47690002247691154,22.12330000475049,20.68630000576377,21.16320002824068,42.80960001051426,0.0,0
reactive-lru-k1,10,0,Seluun,annual revenue,0,0.4324999754317105,23.655899974983186,19.375899981241673,19.808399956673384,43.03179995622486,0.0,0
oracle-k3,10,0,Seluun,annual revenue,1,0.0,0.0,19.495299959089607,19.495299959089607,19.495299959089607,9.437184,0
topic-k2,10,0,Seluun,annual revenue,0,0.4264999879524112,24.70599999651313,19.412700028624386,19.839200016576797,44.118700025137514,0.0,0
topic-k1,10,0,Seluun,annual revenue,0,0.4495999892242253,22.366999997757375,20.2415999956429,20.691199984867126,42.608599993400276,0.0,0
reactive-lru-k2,10,0,Seluun,annual revenue,0,0.4479999770410359,22.284099948592484,20.02679998986423,20.474799966905266,42.310899938456714,0.0,0
topic-k3,10,0,Seluun,annual revenue,0,0.457499991171062,22.87449996219948,19.53029999276623,19.987799983937293,42.40479995496571,0.0,0
reactive-lru-k3,10,1,Seluun,chief executive,1,0.0,0.0,19.3851999938488,19.3851999938488,19.3851999938488,0.0,0
all-resident-k8,10,1,Seluun,chief executive,1,0.0,0.0,19.716800015885383,19.716800015885383,19.716800015885383,0.0,0
oracle-k2,10,1,Seluun,chief executive,1,0.0,0.0,21.079299971461296,21.079299971461296,21.079299971461296,0.0,0
on-demand-k1,10,1,Seluun,chief executive,0,0.43290003668516874,23.753800021950155,20.184499968308955,20.617400004994124,43.93829999025911,0.0,0
topic-k3,10,1,Seluun,chief executive,1,0.0,0.0,19.73530004033819,19.73530004033819,19.73530004033819,18.444288,0
reactive-lru-k2,10,1,Seluun,chief executive,1,0.0,0.0,18.998899962753057,18.998899962753057,18.998899962753057,0.0,0
reactive-lru-k1,10,1,Seluun,chief executive,1,0.0,0.0,19.351000024471432,19.351000024471432,19.351000024471432,0.0,0
topic-k1,10,1,Seluun,chief executive,1,0.0,0.0,19.396200019400567,19.396200019400567,19.396200019400567,0.0,0
topic-k2,10,1,Seluun,chief executive,1,0.0,0.0,19.236500025726855,19.236500025726855,19.236500025726855,8.835072,0
oracle-k3,10,1,Seluun,chief executive,1,0.0,0.0,21.31720003671944,21.31720003671944,21.31720003671944,0.0,0
oracle-k1,10,1,Seluun,chief executive,1,0.0,0.0,19.68619995750487,19.68619995750487,19.68619995750487,0.0,0
reactive-lru-k1,10,2,Seluun,chief engineer,1,0.0,0.0,20.596199959982187,20.596199959982187,20.596199959982187,0.0,0
topic-k3,10,2,Seluun,chief engineer,1,0.0,0.0,19.058500009123236,19.058500009123236,19.058500009123236,0.0,0
reactive-lru-k3,10,2,Seluun,chief engineer,1,0.0,0.0,19.89490003325045,19.89490003325045,19.89490003325045,0.0,0
on-demand-k1,10,2,Seluun,chief engineer,0,0.45760005014017224,21.246900025289506,19.156299997121096,19.613900047261268,40.4032000224106,0.0,0
oracle-k1,10,2,Seluun,chief engineer,1,0.0,0.0,20.671000005677342,20.671000005677342,20.671000005677342,0.0,0
topic-k2,10,2,Seluun,chief engineer,1,0.0,0.0,24.130200035870075,24.130200035870075,24.130200035870075,0.0,0
all-resident-k8,10,2,Seluun,chief engineer,1,0.0,0.0,21.120899997185916,21.120899997185916,21.120899997185916,0.0,0
reactive-lru-k2,10,2,Seluun,chief engineer,1,0.0,0.0,21.362499974202365,21.362499974202365,21.362499974202365,0.0,0
oracle-k3,10,2,Seluun,chief engineer,1,0.0,0.0,19.2745000240393,19.2745000240393,19.2745000240393,0.0,0
topic-k1,10,2,Seluun,chief engineer,1,0.0,0.0,20.410199998877943,20.410199998877943,20.410199998877943,0.0,0
oracle-k2,10,2,Seluun,chief engineer,1,0.0,0.0,19.348799949511886,19.348799949511886,19.348799949511886,0.0,0
oracle-k3,10,3,Seluun,flagship product,1,0.0,0.0,20.215600030496716,20.215600030496716,20.215600030496716,0.0,0
reactive-lru-k1,10,3,Seluun,flagship product,1,0.0,0.0,19.475199980661273,19.475199980661273,19.475199980661273,0.0,0
all-resident-k8,10,3,Seluun,flagship product,1,0.0,0.0,19.41790001001209,19.41790001001209,19.41790001001209,0.0,0
topic-k2,10,3,Seluun,flagship product,1,0.0,0.0,19.824599963612854,19.824599963612854,19.824599963612854,0.0,0
topic-k3,10,3,Seluun,flagship product,1,0.0,0.0,18.88749998761341,18.88749998761341,18.88749998761341,0.0,0
oracle-k1,10,3,Seluun,flagship product,1,0.0,0.0,18.796699994709343,18.796699994709343,18.796699994709343,0.0,0
reactive-lru-k2,10,3,Seluun,flagship product,1,0.0,0.0,19.166299956850708,19.166299956850708,19.166299956850708,0.0,0
topic-k1,10,3,Seluun,flagship product,1,0.0,0.0,19.3349999608472,19.3349999608472,19.3349999608472,0.0,0
on-demand-k1,10,3,Seluun,flagship product,0,0.4504999960772693,22.6357999490574,19.443900033365935,19.894400029443204,42.079699982423335,0.0,0
reactive-lru-k3,10,3,Seluun,flagship product,1,0.0,0.0,20.624900003895164,20.624900003895164,20.624900003895164,0.0,0
oracle-k2,10,3,Seluun,flagship product,1,0.0,0.0,20.61799995135516,20.61799995135516,20.61799995135516,0.0,0
reactive-lru-k1,10,4,Seluun,board chair,1,0.0,0.0,20.358000008855015,20.358000008855015,20.358000008855015,0.0,0
reactive-lru-k3,10,4,Seluun,board chair,1,0.0,0.0,19.788100034929812,19.788100034929812,19.788100034929812,0.0,0
topic-k2,10,4,Seluun,board chair,1,0.0,0.0,21.224899974185973,21.224899974185973,21.224899974185973,0.0,0
oracle-k2,10,4,Seluun,board chair,1,0.0,0.0,19.279600004665554,19.279600004665554,19.279600004665554,0.0,0
on-demand-k1,10,4,Seluun,board chair,0,0.45029999455437064,22.161300003062934,20.29349998338148,20.74379997793585,42.454799986444414,0.0,0
oracle-k3,10,4,Seluun,board chair,1,0.0,0.0,20.323899982031435,20.323899982031435,20.323899982031435,0.0,0
all-resident-k8,10,4,Seluun,board chair,1,0.0,0.0,20.3095999895595,20.3095999895595,20.3095999895595,0.0,0
oracle-k1,10,4,Seluun,board chair,1,0.0,0.0,19.820599991362542,19.820599991362542,19.820599991362542,0.0,0
reactive-lru-k2,10,4,Seluun,board chair,1,0.0,0.0,19.46679997490719,19.46679997490719,19.46679997490719,0.0,0
topic-k1,10,4,Seluun,board chair,1,0.0,0.0,20.783199986908585,20.783199986908585,20.783199986908585,0.0,0
topic-k3,10,4,Seluun,board chair,1,0.0,0.0,19.64469999074936,19.64469999074936,19.64469999074936,0.0,0
on-demand-k1,10,5,Draskel,research lab city,0,0.4427999956533313,23.928199952933937,21.032200020272285,21.475000015925616,44.96039997320622,0.0,0
all-resident-k8,10,5,Draskel,research lab city,1,0.0,0.0,21.882499975617975,21.882499975617975,21.882499975617975,0.0,0
topic-k3,10,5,Draskel,research lab city,1,0.0,0.0,20.900200004689395,20.900200004689395,20.900200004689395,0.0,0
topic-k2,10,5,Draskel,research lab city,0,0.44949998846277595,23.0149999842979,20.020500000100583,20.46999998856336,43.035499984398484,0.0,1
reactive-lru-k2,10,5,Draskel,research lab city,0,0.44219999108463526,21.592299977783114,20.79879998927936,21.240999980363995,42.39109996706247,0.0,0
oracle-k1,10,5,Draskel,research lab city,1,0.0,0.0,20.959799992851913,20.959799992851913,20.959799992851913,9.609216,0
topic-k1,10,5,Draskel,research lab city,0,0.4517999477684498,22.184400004334748,20.448399998713285,20.900199946481735,42.63280000304803,0.0,0
oracle-k3,10,5,Draskel,research lab city,1,0.0,0.0,20.159000006970018,20.159000006970018,20.159000006970018,9.609216,0
reactive-lru-k1,10,5,Draskel,research lab city,0,0.4469000268727541,22.172799974214286,20.658700028434396,21.10560005530715,42.83150000264868,0.0,0
reactive-lru-k3,10,5,Draskel,research lab city,0,0.44980004895478487,22.935700020752847,20.249900000635535,20.69970004959032,43.18560002138838,0.0,0
oracle-k2,10,5,Draskel,research lab city,1,0.0,0.0,20.76779998606071,20.76779998606071,20.76779998606071,9.609216,0
topic-k2,10,6,Draskel,anthem composer,1,0.0,0.0,19.517700013238937,19.517700013238937,19.517700013238937,0.0,0
all-resident-k8,10,6,Draskel,anthem composer,1,0.0,0.0,20.46529995277524,20.46529995277524,20.46529995277524,0.0,0
oracle-k1,10,6,Draskel,anthem composer,1,0.0,0.0,19.646400003693998,19.646400003693998,19.646400003693998,0.0,0
topic-k1,10,6,Draskel,anthem composer,1,0.0,0.0,19.496799970511347,19.496799970511347,19.496799970511347,0.0,0
topic-k3,10,6,Draskel,anthem composer,1,0.0,0.0,22.464599984232336,22.464599984232336,22.464599984232336,9.510912,1
on-demand-k1,10,6,Draskel,anthem composer,0,0.46900002053007483,24.12030001869425,20.245399966370314,20.71439998690039,44.365699985064566,0.0,0
reactive-lru-k2,10,6,Draskel,anthem composer,1,0.0,0.0,21.234399988316,21.234399988316,21.234399988316,0.0,0
reactive-lru-k1,10,6,Draskel,anthem composer,1,0.0,0.0,23.260599991772324,23.260599991772324,23.260599991772324,0.0,0
oracle-k3,10,6,Draskel,anthem composer,1,0.0,0.0,19.95559997158125,19.95559997158125,19.95559997158125,0.0,0
oracle-k2,10,6,Draskel,anthem composer,1,0.0,0.0,22.58980000624433,22.58980000624433,22.58980000624433,0.0,0
reactive-lru-k3,10,6,Draskel,anthem composer,1,0.0,0.0,20.975599996745586,20.975599996745586,20.975599996745586,0.0,0
reactive-lru-k3,10,7,Draskel,mascot animal,1,0.0,0.0,21.04490000056103,21.04490000056103,21.04490000056103,0.0,0
reactive-lru-k1,10,7,Draskel,mascot animal,1,0.0,0.0,21.233199979178607,21.233199979178607,21.233199979178607,0.0,0
all-resident-k8,10,7,Draskel,mascot animal,1,0.0,0.0,20.885799953248352,20.885799953248352,20.885799953248352,0.0,0
oracle-k1,10,7,Draskel,mascot animal,1,0.0,0.0,20.772600022610277,20.772600022610277,20.772600022610277,0.0,0
reactive-lru-k2,10,7,Draskel,mascot animal,1,0.0,0.0,20.150800002738833,20.150800002738833,20.150800002738833,0.0,0
topic-k3,10,7,Draskel,mascot animal,1,0.0,0.0,20.70970000931993,20.70970000931993,20.70970000931993,0.0,0
topic-k1,10,7,Draskel,mascot animal,1,0.0,0.0,21.11739997053519,21.11739997053519,21.11739997053519,0.0,0
oracle-k3,10,7,Draskel,mascot animal,1,0.0,0.0,19.47739999741316,19.47739999741316,19.47739999741316,0.0,0
topic-k2,10,7,Draskel,mascot animal,1,0.0,0.0,21.076199947856367,21.076199947856367,21.076199947856367,0.0,0
on-demand-k1,10,7,Draskel,mascot animal,0,0.45599997974932194,22.055999957956374,20.797599980141968,21.25359995989129,42.85359993809834,0.0,0
oracle-k2,10,7,Draskel,mascot animal,1,0.0,0.0,19.786199962254614,19.786199962254614,19.786199962254614,0.0,0
all-resident-k8,10,8,Draskel,chief executive,1,0.0,0.0,21.77940000547096,21.77940000547096,21.77940000547096,0.0,0
topic-k3,10,8,Draskel,chief executive,1,0.0,0.0,20.496799959801137,20.496799959801137,20.496799959801137,0.0,0
topic-k1,10,8,Draskel,chief executive,1,0.0,0.0,20.07750002667308,20.07750002667308,20.07750002667308,0.0,0
oracle-k2,10,8,Draskel,chief executive,1,0.0,0.0,20.256899995729327,20.256899995729327,20.256899995729327,0.0,0
oracle-k1,10,8,Draskel,chief executive,1,0.0,0.0,20.57210000930354,20.57210000930354,20.57210000930354,0.0,0
on-demand-k1,10,8,Draskel,chief executive,0,0.44999999227002263,22.686699987389147,20.971800026018173,21.421800018288195,43.65850001340732,0.0,0
reactive-lru-k3,10,8,Draskel,chief executive,1,0.0,0.0,21.64469996932894,21.64469996932894,21.64469996932894,0.0,0
reactive-lru-k1,10,8,Draskel,chief executive,1,0.0,0.0,20.14999999664724,20.14999999664724,20.14999999664724,0.0,0
reactive-lru-k2,10,8,Draskel,chief executive,1,0.0,0.0,20.586099999491125,20.586099999491125,20.586099999491125,0.0,0
topic-k2,10,8,Draskel,chief executive,1,0.0,0.0,24.628999992273748,24.628999992273748,24.628999992273748,0.0,0
oracle-k3,10,8,Draskel,chief executive,1,0.0,0.0,21.799199981614947,21.799199981614947,21.799199981614947,0.0,0
topic-k2,10,9,Seluun,founding river,1,0.0,0.0,20.466200017835945,20.466200017835945,20.466200017835945,0.0,0
oracle-k2,10,9,Seluun,founding river,1,0.0,0.0,19.412199966609478,19.412199966609478,19.412199966609478,9.437184,0
all-resident-k8,10,9,Seluun,founding river,1,0.0,0.0,19.565100024919957,19.565100024919957,19.565100024919957,0.0,0
topic-k3,10,9,Seluun,founding river,1,0.0,0.0,21.348999987822026,21.348999987822026,21.348999987822026,0.0,0
oracle-k3,10,9,Seluun,founding river,1,0.0,0.0,21.54869999503717,21.54869999503717,21.54869999503717,9.437184,0
topic-k1,10,9,Seluun,founding river,0,0.4335999838076532,24.1634999983944,22.196299978531897,22.62989996233955,46.3597999769263,0.0,0
reactive-lru-k2,10,9,Seluun,founding river,1,0.0,0.0,21.75569999963045,21.75569999963045,21.75569999963045,0.0,0
oracle-k1,10,9,Seluun,founding river,1,0.0,0.0,21.06519998051226,21.06519998051226,21.06519998051226,9.437184,0
reactive-lru-k1,10,9,Seluun,founding river,0,0.43919996824115515,24.199499981477857,20.69789997767657,21.137099945917726,44.89739995915443,0.0,0
reactive-lru-k3,10,9,Seluun,founding river,1,0.0,0.0,26.891599991358817,26.891599991358817,26.891599991358817,0.0,0
on-demand-k1,10,9,Seluun,founding river,0,0.4400999750941992,26.416199980303645,29.613899998366833,30.053999973461032,56.03009997867048,0.0,0
reactive-lru-k1,10,10,Seluun,satellite name,1,0.0,0.0,23.19889998761937,23.19889998761937,23.19889998761937,0.0,0
all-resident-k8,10,10,Seluun,satellite name,1,0.0,0.0,25.96369996899739,25.96369996899739,25.96369996899739,0.0,0
reactive-lru-k2,10,10,Seluun,satellite name,1,0.0,0.0,25.813699990976602,25.813699990976602,25.813699990976602,0.0,0
on-demand-k1,10,10,Seluun,satellite name,0,0.43270003516227007,30.030400026589632,19.632500014267862,20.065200049430132,49.662900040857494,0.0,0
reactive-lru-k3,10,10,Seluun,satellite name,1,0.0,0.0,23.58440001262352,23.58440001262352,23.58440001262352,0.0,0
oracle-k3,10,10,Seluun,satellite name,1,0.0,0.0,27.613300015218556,27.613300015218556,27.613300015218556,0.0,0
topic-k2,10,10,Seluun,satellite name,1,0.0,0.0,29.31800001533702,29.31800001533702,29.31800001533702,8.835072,0
oracle-k1,10,10,Seluun,satellite name,1,0.0,0.0,27.24540000781417,27.24540000781417,27.24540000781417,0.0,0
topic-k1,10,10,Seluun,satellite name,1,0.0,0.0,19.491699989885092,19.491699989885092,19.491699989885092,0.0,0
oracle-k2,10,10,Seluun,satellite name,1,0.0,0.0,19.807000004220754,19.807000004220754,19.807000004220754,0.0,0
topic-k3,10,10,Seluun,satellite name,1,0.0,0.0,26.385000033769757,26.385000033769757,26.385000033769757,8.835072,1
oracle-k1,10,11,Bramwick,annual revenue,1,0.0,0.0,25.65399999730289,25.65399999730289,25.65399999730289,8.835072,0
reactive-lru-k2,10,11,Bramwick,annual revenue,0,0.4504999960772693,31.10169997671619,23.711199988611042,24.161699984688312,54.81289996532723,0.0,0
oracle-k2,10,11,Bramwick,annual revenue,1,0.0,0.0,19.65050003491342,19.65050003491342,19.65050003491342,8.835072,0
topic-k2,10,11,Bramwick,annual revenue,1,0.0,0.0,28.938000032212585,28.938000032212585,28.938000032212585,0.0,0
all-resident-k8,10,11,Bramwick,annual revenue,1,0.0,0.0,20.202799991238862,20.202799991238862,20.202799991238862,0.0,0
oracle-k3,10,11,Bramwick,annual revenue,1,0.0,0.0,31.35400003520772,31.35400003520772,31.35400003520772,8.835072,0
on-demand-k1,10,11,Bramwick,annual revenue,0,0.43240003287792206,29.628399992361665,25.04209999460727,25.474500027485192,54.670499986968935,0.0,0
reactive-lru-k3,10,11,Bramwick,annual revenue,0,0.40900002932175994,30.48379998654127,27.002600021660328,27.411600050982088,57.4864000082016,0.0,0
reactive-lru-k1,10,11,Bramwick,annual revenue,0,0.41290000081062317,27.209200023207814,31.16120002232492,31.574100023135543,58.37040004553273,0.0,0
topic-k1,10,11,Bramwick,annual revenue,0,0.43919996824115515,32.69769996404648,26.083000004291534,26.52219997253269,58.78069996833801,0.0,0
topic-k3,10,11,Bramwick,annual revenue,1,0.0,0.0,21.757700014859438,21.757700014859438,21.757700014859438,0.0,0
all-resident-k8,11,0,Toskarel,corporate color,1,0.0,0.0,20.94670000951737,20.94670000951737,20.94670000951737,75.472896,0
on-demand-k1,11,0,Toskarel,corporate color,0,0.43710001045838,26.644900033716112,25.501700001768768,25.938800012227148,52.14660003548488,0.0,0
topic-k2,11,0,Toskarel,corporate color,0,0.4327999777160585,25.336700025945902,27.253600012045354,27.686399989761412,52.590300037991256,0.0,0
oracle-k3,11,0,Toskarel,corporate color,1,0.0,0.0,28.54749996913597,28.54749996913597,28.54749996913597,9.474048,0
oracle-k1,11,0,Toskarel,corporate color,1,0.0,0.0,27.163000020664185,27.163000020664185,27.163000020664185,9.474048,0
reactive-lru-k2,11,0,Toskarel,corporate color,0,0.4597000079229474,34.626000036951154,27.816099987830967,28.275799995753914,62.44210002478212,0.0,0
oracle-k2,11,0,Toskarel,corporate color,1,0.0,0.0,31.246099970303476,31.246099970303476,31.246099970303476,9.474048,0
topic-k3,11,0,Toskarel,corporate color,0,0.45599997974932194,28.80379999987781,23.642199987079948,24.09819996682927,52.44599998695776,0.0,0
reactive-lru-k3,11,0,Toskarel,corporate color,0,0.43349998304620385,29.46749998955056,32.99959999276325,33.433099975809455,62.46709998231381,0.0,0
reactive-lru-k1,11,0,Toskarel,corporate color,0,0.45300001511350274,32.00010000728071,23.553899955004454,24.006899970117956,55.55399996228516,0.0,0
topic-k1,11,0,Toskarel,corporate color,0,0.4442999488674104,28.120100032538176,27.80830004485324,28.25259999372065,55.928400077391416,0.0,0
oracle-k3,11,1,Toskarel,satellite name,1,0.0,0.0,23.13390001654625,23.13390001654625,23.13390001654625,0.0,0
reactive-lru-k1,11,1,Toskarel,satellite name,1,0.0,0.0,26.323899975977838,26.323899975977838,26.323899975977838,0.0,0
topic-k3,11,1,Toskarel,satellite name,1,0.0,0.0,24.07630003290251,24.07630003290251,24.07630003290251,19.820543999999998,0
oracle-k1,11,1,Toskarel,satellite name,1,0.0,0.0,26.56070003286004,26.56070003286004,26.56070003286004,0.0,0
topic-k2,11,1,Toskarel,satellite name,1,0.0,0.0,28.078800009097904,28.078800009097904,28.078800009097904,9.510912,0
oracle-k2,11,1,Toskarel,satellite name,1,0.0,0.0,22.80199999222532,22.80199999222532,22.80199999222532,0.0,0
topic-k1,11,1,Toskarel,satellite name,1,0.0,0.0,27.323400019668043,27.323400019668043,27.323400019668043,0.0,0
reactive-lru-k3,11,1,Toskarel,satellite name,1,0.0,0.0,23.578600026667118,23.578600026667118,23.578600026667118,0.0,0
all-resident-k8,11,1,Toskarel,satellite name,1,0.0,0.0,28.75220001442358,28.75220001442358,28.75220001442358,0.0,0
reactive-lru-k2,11,1,Toskarel,satellite name,1,0.0,0.0,24.375599983613938,24.375599983613938,24.375599983613938,0.0,0
on-demand-k1,11,1,Toskarel,satellite name,0,0.44460000935941935,28.984299977310002,19.90949996979907,20.35409997915849,48.89379994710907,0.0,0
oracle-k2,11,2,Quorvane,motto word,1,0.0,0.0,19.692600006237626,19.692600006237626,19.692600006237626,10.309632,0
topic-k3,11,2,Quorvane,motto word,1,0.0,0.0,29.667299997527152,29.667299997527152,29.667299997527152,0.0,0
reactive-lru-k3,11,2,Quorvane,motto word,0,0.470499973744154,30.007399967871606,24.86700000008568,25.337499973829836,54.87439996795729,0.0,0
oracle-k3,11,2,Quorvane,motto word,1,0.0,0.0,22.897700022440404,22.897700022440404,22.897700022440404,10.309632,0
topic-k2,11,2,Quorvane,motto word,0,0.4655999946407974,30.665399972349405,25.810600025579333,26.27620002022013,56.47599999792874,0.0,1
topic-k1,11,2,Quorvane,motto word,0,0.49569999100640416,25.721200043335557,21.928699978161603,22.424399969168007,47.64990002149716,0.0,0
reactive-lru-k1,11,2,Quorvane,motto word,0,0.46609999844804406,29.076899983920157,23.74560001771897,24.211700016167015,52.82250000163913,0.0,0
on-demand-k1,11,2,Quorvane,motto word,0,0.49429998034611344,29.754299961496145,20.059800008311868,20.55409998865798,49.81409996980801,0.0,0
reactive-lru-k2,11,2,Quorvane,motto word,0,0.48400001833215356,23.28770002350211,21.564099995885044,22.048100014217198,44.851800019387156,0.0,0
all-resident-k8,11,2,Quorvane,motto word,1,0.0,0.0,21.24189998721704,21.24189998721704,21.24189998721704,0.0,0
oracle-k1,11,2,Quorvane,motto word,1,0.0,0.0,20.25350002804771,20.25350002804771,20.25350002804771,10.309632,0
reactive-lru-k2,11,3,Quorvane,anthem composer,1,0.0,0.0,20.71999997133389,20.71999997133389,20.71999997133389,0.0,0
oracle-k2,11,3,Quorvane,anthem composer,1,0.0,0.0,21.33370004594326,21.33370004594326,21.33370004594326,0.0,0
reactive-lru-k3,11,3,Quorvane,anthem composer,1,0.0,0.0,21.073399984743446,21.073399984743446,21.073399984743446,0.0,0
topic-k1,11,3,Quorvane,anthem composer,1,0.0,0.0,20.312100008595735,20.312100008595735,20.312100008595735,0.0,0
topic-k2,11,3,Quorvane,anthem composer,1,0.0,0.0,19.831899960990995,19.831899960990995,19.831899960990995,9.437184,0
on-demand-k1,11,3,Quorvane,anthem composer,0,0.4893000004813075,23.65670003928244,19.741400028578937,20.230700029060245,43.39810006786138,0.0,0
reactive-lru-k1,11,3,Quorvane,anthem composer,1,0.0,0.0,21.681099955458194,21.681099955458194,21.681099955458194,0.0,0
oracle-k3,11,3,Quorvane,anthem composer,1,0.0,0.0,19.930000009480864,19.930000009480864,19.930000009480864,0.0,0
oracle-k1,11,3,Quorvane,anthem composer,1,0.0,0.0,20.77509998343885,20.77509998343885,20.77509998343885,0.0,0
topic-k3,11,3,Quorvane,anthem composer,1,0.0,0.0,20.06389998132363,20.06389998132363,20.06389998132363,18.972672000000003,1
all-resident-k8,11,3,Quorvane,anthem composer,1,0.0,0.0,20.75570001034066,20.75570001034066,20.75570001034066,0.0,0
reactive-lru-k1,11,4,Seluun,motto word,0,0.4539999645203352,25.410400005057454,21.488700003828853,21.94269996834919,46.89910000888631,0.0,0
topic-k3,11,4,Seluun,motto word,1,0.0,0.0,20.394599996507168,20.394599996507168,20.394599996507168,0.0,0
all-resident-k8,11,4,Seluun,motto word,1,0.0,0.0,19.125399994663894,19.125399994663894,19.125399994663894,0.0,0
on-demand-k1,11,4,Seluun,motto word,0,0.44999999227002263,23.028099967632443,20.368200028315187,20.81820002058521,43.39629999594763,0.0,0
oracle-k3,11,4,Seluun,motto word,1,0.0,0.0,22.830799978692085,22.830799978692085,22.830799978692085,9.437184,0
oracle-k1,11,4,Seluun,motto word,1,0.0,0.0,21.0044999839738,21.0044999839738,21.0044999839738,9.437184,0
reactive-lru-k3,11,4,Seluun,motto word,0,0.43810001807287335,23.612899996805936,20.176000020001084,20.614100038073957,43.78890001680702,0.0,0
topic-k2,11,4,Seluun,motto word,1,0.0,0.0,21.36449998943135,21.36449998943135,21.36449998943135,0.0,0
topic-k1,11,4,Seluun,motto word,0,0.5062000127509236,21.468100021593273,19.11250001285225,19.618700025603175,40.580600034445524,0.0,0
oracle-k2,11,4,Seluun,motto word,1,0.0,0.0,20.25380003033206,20.25380003033206,20.25380003033206,9.437184,0
reactive-lru-k2,11,4,Seluun,motto word,0,0.4480000352486968,23.145199986174703,20.13479999732226,20.582800032570958,43.279999983496964,0.0,0
on-demand-k1,11,5,Seluun,motto word,0,0.4379000165499747,22.668900026474148,19.40749998902902,19.845400005578995,42.07640001550317,0.0,0
topic-k3,11,5,Seluun,motto word,1,0.0,0.0,20.0238999677822,20.0238999677822,20.0238999677822,18.444288,1
reactive-lru-k3,11,5,Seluun,motto word,1,0.0,0.0,21.67419996112585,21.67419996112585,21.67419996112585,0.0,0
topic-k1,11,5,Seluun,motto word,1,0.0,0.0,20.081099995877594,20.081099995877594,20.081099995877594,0.0,0
oracle-k2,11,5,Seluun,motto word,1,0.0,0.0,19.93660000152886,19.93660000152886,19.93660000152886,0.0,0
topic-k2,11,5,Seluun,motto word,1,0.0,0.0,20.32020001206547,20.32020001206547,20.32020001206547,8.835072,0
oracle-k3,11,5,Seluun,motto word,1,0.0,0.0,20.725300011690706,20.725300011690706,20.725300011690706,0.0,0
all-resident-k8,11,5,Seluun,motto word,1,0.0,0.0,19.593900011386722,19.593900011386722,19.593900011386722,0.0,0
oracle-k1,11,5,Seluun,motto word,1,0.0,0.0,20.147199975326657,20.147199975326657,20.147199975326657,0.0,0
reactive-lru-k1,11,5,Seluun,motto word,1,0.0,0.0,19.992399960756302,19.992399960756302,19.992399960756302,0.0,0
reactive-lru-k2,11,5,Seluun,motto word,1,0.0,0.0,19.502100010868162,19.502100010868162,19.502100010868162,0.0,0
reactive-lru-k2,11,6,Seluun,stock ticker,1,0.0,0.0,20.62219998333603,20.62219998333603,20.62219998333603,0.0,0
reactive-lru-k3,11,6,Seluun,stock ticker,1,0.0,0.0,20.09929995983839,20.09929995983839,20.09929995983839,0.0,0
on-demand-k1,11,6,Seluun,stock ticker,0,0.44350000098347664,22.575900016818196,19.7141999960877,20.157699997071177,42.290100012905896,0.0,0
oracle-k2,11,6,Seluun,stock ticker,1,0.0,0.0,19.506499986164272,19.506499986164272,19.506499986164272,0.0,0
topic-k2,11,6,Seluun,stock ticker,1,0.0,0.0,20.258700009435415,20.258700009435415,20.258700009435415,0.0,0
oracle-k3,11,6,Seluun,stock ticker,1,0.0,0.0,19.15270002791658,19.15270002791658,19.15270002791658,0.0,0
topic-k1,11,6,Seluun,stock ticker,1,0.0,0.0,20.214199961628765,20.214199961628765,20.214199961628765,0.0,0
oracle-k1,11,6,Seluun,stock ticker,1,0.0,0.0,19.353599986061454,19.353599986061454,19.353599986061454,0.0,0
reactive-lru-k1,11,6,Seluun,stock ticker,1,0.0,0.0,20.93040000181645,20.93040000181645,20.93040000181645,0.0,0
topic-k3,11,6,Seluun,stock ticker,1,0.0,0.0,20.28310002060607,20.28310002060607,20.28310002060607,0.0,0
all-resident-k8,11,6,Seluun,stock ticker,1,0.0,0.0,19.48479999555275,19.48479999555275,19.48479999555275,0.0,0
oracle-k2,11,7,Seluun,chief executive,1,0.0,0.0,20.64890001202002,20.64890001202002,20.64890001202002,0.0,0
topic-k3,11,7,Seluun,chief executive,1,0.0,0.0,20.729899988509715,20.729899988509715,20.729899988509715,0.0,0
oracle-k1,11,7,Seluun,chief executive,1,0.0,0.0,20.136000006459653,20.136000006459653,20.136000006459653,0.0,0
topic-k1,11,7,Seluun,chief executive,1,0.0,0.0,20.247999986167997,20.247999986167997,20.247999986167997,0.0,0
topic-k2,11,7,Seluun,chief executive,1,0.0,0.0,19.35450005112216,19.35450005112216,19.35450005112216,0.0,0
on-demand-k1,11,7,Seluun,chief executive,0,0.4463000223040581,22.49380003195256,21.191899955738336,21.638199978042394,43.685699987690896,0.0,0
reactive-lru-k2,11,7,Seluun,chief executive,1,0.0,0.0,19.965599989518523,19.965599989518523,19.965599989518523,0.0,0
oracle-k3,11,7,Seluun,chief executive,1,0.0,0.0,19.97220003977418,19.97220003977418,19.97220003977418,0.0,0
all-resident-k8,11,7,Seluun,chief executive,1,0.0,0.0,20.424199989065528,20.424199989065528,20.424199989065528,0.0,0
reactive-lru-k1,11,7,Seluun,chief executive,1,0.0,0.0,19.619900034740567,19.619900034740567,19.619900034740567,0.0,0
reactive-lru-k3,11,7,Seluun,chief executive,1,0.0,0.0,20.041999989189208,20.041999989189208,20.041999989189208,0.0,0
all-resident-k8,11,8,Bramwick,founding year,1,0.0,0.0,21.720900025684386,21.720900025684386,21.720900025684386,0.0,0
on-demand-k1,11,8,Bramwick,founding year,0,0.4222000134177506,22.858500014990568,19.5780000067316,20.00020002014935,42.43650002172217,0.0,0
oracle-k1,11,8,Bramwick,founding year,1,0.0,0.0,20.206700020935386,20.206700020935386,20.206700020935386,8.835072,0
reactive-lru-k2,11,8,Bramwick,founding year,0,0.4189999890513718,23.585100017953664,21.041299973148853,21.460299962200224,44.62639999110252,0.0,0
topic-k2,11,8,Bramwick,founding year,1,0.0,0.0,20.18949994817376,20.18949994817376,20.18949994817376,0.0,0
topic-k3,11,8,Bramwick,founding year,1,0.0,0.0,20.500399987213314,20.500399987213314,20.500399987213314,0.0,0
reactive-lru-k3,11,8,Bramwick,founding year,0,0.4149000160396099,22.72179996361956,20.550900022499263,20.965800038538873,43.27269998611882,0.0,0
topic-k1,11,8,Bramwick,founding year,0,0.4094000323675573,22.806900029536337,20.137500017881393,20.54690005024895,42.94440004741773,0.0,0
reactive-lru-k1,11,8,Bramwick,founding year,0,0.4363000043667853,23.805700009688735,25.24669998092577,25.682999985292554,49.052399990614504,0.0,0
oracle-k3,11,8,Bramwick,founding year,1,0.0,0.0,21.37069997843355,21.37069997843355,21.37069997843355,8.835072,0
oracle-k2,11,8,Bramwick,founding year,1,0.0,0.0,19.589299976360053,19.589299976360053,19.589299976360053,8.835072,0
oracle-k3,11,9,Bramwick,research lab city,1,0.0,0.0,18.66260002134368,18.66260002134368,18.66260002134368,0.0,0
topic-k2,11,9,Bramwick,research lab city,1,0.0,0.0,20.369599980767816,20.369599980767816,20.369599980767816,9.474048,0
reactive-lru-k1,11,9,Bramwick,research lab city,1,0.0,0.0,19.96619999408722,19.96619999408722,19.96619999408722,0.0,0
topic-k3,11,9,Bramwick,research lab city,1,0.0,0.0,19.81339999474585,19.81339999474585,19.81339999474585,19.78368,1
oracle-k1,11,9,Bramwick,research lab city,1,0.0,0.0,20.42249997612089,20.42249997612089,20.42249997612089,0.0,0
reactive-lru-k2,11,9,Bramwick,research lab city,1,0.0,0.0,20.168200018815696,20.168200018815696,20.168200018815696,0.0,0
oracle-k2,11,9,Bramwick,research lab city,1,0.0,0.0,20.839500008150935,20.839500008150935,20.839500008150935,0.0,0
reactive-lru-k3,11,9,Bramwick,research lab city,1,0.0,0.0,20.639700000174344,20.639700000174344,20.639700000174344,0.0,0
on-demand-k1,11,9,Bramwick,research lab city,0,0.4113000468350947,23.233700019773096,20.438199979253113,20.849500026088208,43.67189999902621,0.0,0
all-resident-k8,11,9,Bramwick,research lab city,1,0.0,0.0,20.923600008245558,20.923600008245558,20.923600008245558,0.0,0
topic-k1,11,9,Bramwick,research lab city,1,0.0,0.0,21.098700002767146,21.098700002767146,21.098700002767146,0.0,0
reactive-lru-k2,11,10,Bramwick,employee count,1,0.0,0.0,21.413000009488314,21.413000009488314,21.413000009488314,0.0,0
oracle-k3,11,10,Bramwick,employee count,1,0.0,0.0,21.88309998018667,21.88309998018667,21.88309998018667,0.0,0
oracle-k2,11,10,Bramwick,employee count,1,0.0,0.0,21.621699968818575,21.621699968818575,21.621699968818575,0.0,0
on-demand-k1,11,10,Bramwick,employee count,0,0.4133000038564205,24.921100004576147,21.918300015386194,22.331600019242615,46.83940001996234,0.0,0
oracle-k1,11,10,Bramwick,employee count,1,0.0,0.0,20.83870000205934,20.83870000205934,20.83870000205934,0.0,0
reactive-lru-k3,11,10,Bramwick,employee count,1,0.0,0.0,21.391100017353892,21.391100017353892,21.391100017353892,0.0,0
all-resident-k8,11,10,Bramwick,employee count,1,0.0,0.0,20.449500007089227,20.449500007089227,20.449500007089227,0.0,0
topic-k2,11,10,Bramwick,employee count,1,0.0,0.0,20.436299964785576,20.436299964785576,20.436299964785576,0.0,0
topic-k3,11,10,Bramwick,employee count,1,0.0,0.0,20.507400040514767,20.507400040514767,20.507400040514767,0.0,0
reactive-lru-k1,11,10,Bramwick,employee count,1,0.0,0.0,20.27120004640892,20.27120004640892,20.27120004640892,0.0,0
topic-k1,11,10,Bramwick,employee count,1,0.0,0.0,19.44000000366941,19.44000000366941,19.44000000366941,0.0,0
reactive-lru-k3,11,11,Bramwick,chief engineer,1,0.0,0.0,19.56739998422563,19.56739998422563,19.56739998422563,0.0,0
topic-k2,11,11,Bramwick,chief engineer,1,0.0,0.0,20.719499967526644,20.719499967526644,20.719499967526644,0.0,0
oracle-k2,11,11,Bramwick,chief engineer,1,0.0,0.0,21.028899995144457,21.028899995144457,21.028899995144457,0.0,0
oracle-k1,11,11,Bramwick,chief engineer,1,0.0,0.0,20.59410000219941,20.59410000219941,20.59410000219941,0.0,0
on-demand-k1,11,11,Bramwick,chief engineer,0,0.42699999175965786,22.119099972769618,19.623500003945082,20.05049999570474,41.7425999767147,0.0,0
reactive-lru-k1,11,11,Bramwick,chief engineer,1,0.0,0.0,19.50809999834746,19.50809999834746,19.50809999834746,0.0,0
reactive-lru-k2,11,11,Bramwick,chief engineer,1,0.0,0.0,20.184600027278066,20.184600027278066,20.184600027278066,0.0,0
topic-k1,11,11,Bramwick,chief engineer,1,0.0,0.0,19.345599983353168,19.345599983353168,19.345599983353168,0.0,0
oracle-k3,11,11,Bramwick,chief engineer,1,0.0,0.0,19.142499950248748,19.142499950248748,19.142499950248748,0.0,0
all-resident-k8,11,11,Bramwick,chief engineer,1,0.0,0.0,20.39449999574572,20.39449999574572,20.39449999574572,0.0,0
topic-k3,11,11,Bramwick,chief engineer,1,0.0,0.0,20.10839997092262,20.10839997092262,20.10839997092262,0.0,0
topic-k1,12,0,Ilmeth,corporate color,0,0.4078000201843679,22.79579994501546,19.85350000904873,20.261300029233098,42.64929995406419,0.0,0
on-demand-k1,12,0,Ilmeth,corporate color,0,0.4084000247530639,23.313899990171194,19.422599987592548,19.831000012345612,42.73649997776374,0.0,0
topic-k2,12,0,Ilmeth,corporate color,0,0.40309998439624906,23.028199968393892,20.690899982582778,21.093999966979027,43.71909995097667,0.0,0
oracle-k2,12,0,Ilmeth,corporate color,1,0.0,0.0,21.599699975922704,21.599699975922704,21.599699975922704,8.761344,0
reactive-lru-k1,12,0,Ilmeth,corporate color,0,0.4156999639235437,23.232700012158602,21.680800011381507,22.09649997530505,44.91350002354011,0.0,0
reactive-lru-k3,12,0,Ilmeth,corporate color,0,0.42019999818876386,22.96769997337833,19.990200002212077,20.41040000040084,42.95789997559041,0.0,0
all-resident-k8,12,0,Ilmeth,corporate color,1,0.0,0.0,20.188800001051277,20.188800001051277,20.188800001051277,75.472896,0
oracle-k3,12,0,Ilmeth,corporate color,1,0.0,0.0,20.08020004723221,20.08020004723221,20.08020004723221,8.761344,0
oracle-k1,12,0,Ilmeth,corporate color,1,0.0,0.0,20.972999976947904,20.972999976947904,20.972999976947904,8.761344,0
reactive-lru-k2,12,0,Ilmeth,corporate color,0,0.4140000091865659,23.108000052161515,19.843899994157255,20.25790000334382,42.95190004631877,0.0,0
topic-k3,12,0,Ilmeth,corporate color,0,0.4081000224687159,22.76920003350824,19.649999972898513,20.05809999536723,42.419200006406754,0.0,0
all-resident-k8,12,1,Draskel,chief engineer,1,0.0,0.0,20.388799952343106,20.388799952343106,20.388799952343106,0.0,0
topic-k3,12,1,Draskel,chief engineer,1,0.0,0.0,21.50540001457557,21.50540001457557,21.50540001457557,19.083264,0
reactive-lru-k2,12,1,Draskel,chief engineer,0,0.4833000130020082,22.71600003587082,20.26659995317459,20.7498999661766,42.98259998904541,0.0,0
topic-k2,12,1,Draskel,chief engineer,1,0.0,0.0,20.005700003821403,20.005700003821403,20.005700003821403,9.609216,0
topic-k1,12,1,Draskel,chief engineer,0,0.4419999895617366,22.383700008504093,21.376300021074712,21.81830001063645,43.760000029578805,0.0,0
reactive-lru-k1,12,1,Draskel,chief engineer,0,0.4474000306800008,23.026000009849668,20.516699994914234,20.964100025594234,43.5427000047639,0.0,0
oracle-k2,12,1,Draskel,chief engineer,1,0.0,0.0,20.251000009011477,20.251000009011477,20.251000009011477,9.609216,0
reactive-lru-k3,12,1,Draskel,chief engineer,0,0.4452999564819038,22.400899964850396,21.246399963274598,21.691699919756502,43.647299928124994,0.0,0
on-demand-k1,12,1,Draskel,chief engineer,0,0.4468999686650932,24.502299958840013,19.89049999974668,20.337399968411773,44.39279995858669,0.0,0
oracle-k3,12,1,Draskel,chief engineer,1,0.0,0.0,21.571099990978837,21.571099990978837,21.571099990978837,9.609216,0
oracle-k1,12,1,Draskel,chief engineer,1,0.0,0.0,19.860400003381073,19.860400003381073,19.860400003381073,9.609216,0
reactive-lru-k1,12,2,Draskel,signature dish,1,0.0,0.0,19.895299978088588,19.895299978088588,19.895299978088588,0.0,0
topic-k3,12,2,Draskel,signature dish,1,0.0,0.0,19.772499974351376,19.772499974351376,19.772499974351376,18.948096,1
oracle-k1,12,2,Draskel,signature dish,1,0.0,0.0,20.417199993971735,20.417199993971735,20.417199993971735,0.0,0
reactive-lru-k2,12,2,Draskel,signature dish,1,0.0,0.0,20.32160002272576,20.32160002272576,20.32160002272576,0.0,0
on-demand-k1,12,2,Draskel,signature dish,0,0.44929998693987727,23.65209994604811,21.45369997015223,21.902999957092106,45.10579991620034,0.0,0
topic-k1,12,2,Draskel,signature dish,1,0.0,0.0,19.93040001252666,19.93040001252666,19.93040001252666,0.0,0
topic-k2,12,2,Draskel,signature dish,1,0.0,0.0,20.351999963168055,20.351999963168055,20.351999963168055,9.437184,0
all-resident-k8,12,2,Draskel,signature dish,1,0.0,0.0,19.821900001261383,19.821900001261383,19.821900001261383,0.0,0
oracle-k2,12,2,Draskel,signature dish,1,0.0,0.0,20.169499970506877,20.169499970506877,20.169499970506877,0.0,0
reactive-lru-k3,12,2,Draskel,signature dish,1,0.0,0.0,20.35280002746731,20.35280002746731,20.35280002746731,0.0,0
oracle-k3,12,2,Draskel,signature dish,1,0.0,0.0,19.644199986942112,19.644199986942112,19.644199986942112,0.0,0
reactive-lru-k2,12,3,Pyrenna,employee count,0,0.44319999869912863,21.800999995321035,19.450799969490618,19.893999968189746,41.25179996481165,0.0,0
reactive-lru-k1,12,3,Pyrenna,employee count,0,0.4455000162124634,22.36780000384897,22.718599997460842,23.164100013673306,45.08640000130981,0.0,0
topic-k2,12,3,Pyrenna,employee count,0,0.43620000360533595,24.805900000501424,20.802600018214434,21.23880002181977,45.60850001871586,0.0,1
oracle-k2,12,3,Pyrenna,employee count,1,0.0,0.0,20.575600035954267,20.575600035954267,20.575600035954267,9.510912,0
all-resident-k8,12,3,Pyrenna,employee count,1,0.0,0.0,19.150300009641796,19.150300009641796,19.150300009641796,0.0,0
reactive-lru-k3,12,3,Pyrenna,employee count,0,0.5108999903313816,22.011900029610842,19.0015000407584,19.512400031089783,41.013400070369244,0.0,0
on-demand-k1,12,3,Pyrenna,employee count,0,0.4477000329643488,22.879299998749048,20.744299981743097,21.192000014707446,43.623599980492145,0.0,0
topic-k1,12,3,Pyrenna,employee count,0,0.4475000314414501,23.497199988923967,20.271599991247058,20.719100022688508,43.768799980171025,0.0,0
oracle-k1,12,3,Pyrenna,employee count,1,0.0,0.0,19.8816999909468,19.8816999909468,19.8816999909468,9.510912,0
topic-k3,12,3,Pyrenna,employee count,1,0.0,0.0,19.17350001167506,19.17350001167506,19.17350001167506,0.0,0
oracle-k3,12,3,Pyrenna,employee count,1,0.0,0.0,20.322100026533008,20.322100026533008,20.322100026533008,9.510912,0
oracle-k2,12,4,Draskel,anthem composer,1,0.0,0.0,20.005600003059953,20.005600003059953,20.005600003059953,9.609216,0
topic-k1,12,4,Draskel,anthem composer,0,0.44440000783652067,22.430999961216003,20.755000005010515,21.199400012847036,43.18599996622652,0.0,0
oracle-k1,12,4,Draskel,anthem composer,1,0.0,0.0,20.285800041165203,20.285800041165203,20.285800041165203,9.609216,0
reactive-lru-k1,12,4,Draskel,anthem composer,0,0.4392999690026045,22.611599997617304,20.78219997929409,21.221499948296696,43.393799976911396,0.0,0
all-resident-k8,12,4,Draskel,anthem composer,1,0.0,0.0,19.208699988666922,19.208699988666922,19.208699988666922,0.0,0
topic-k2,12,4,Draskel,anthem composer,1,0.0,0.0,19.444099976681173,19.444099976681173,19.444099976681173,0.0,0
on-demand-k1,12,4,Draskel,anthem composer,0,0.4369000089354813,22.925299999769777,21.54390001669526,21.980800025630742,44.46920001646504,0.0,0
reactive-lru-k3,12,4,Draskel,anthem composer,1,0.0,0.0,22.73979998426512,22.73979998426512,22.73979998426512,0.0,0
reactive-lru-k2,12,4,Draskel,anthem composer,1,0.0,0.0,22.037899994757026,22.037899994757026,22.037899994757026,0.0,0
topic-k3,12,4,Draskel,anthem composer,1,0.0,0.0,20.48780000768602,20.48780000768602,20.48780000768602,8.761344,1
oracle-k3,12,4,Draskel,anthem composer,1,0.0,0.0,21.019099978730083,21.019099978730083,21.019099978730083,9.609216,0
topic-k2,12,5,Veltrax,chief engineer,0,0.41580002289265394,24.22989998012781,19.650300033390522,20.066100056283176,43.88020001351833,9.437184,0
oracle-k2,12,5,Veltrax,chief engineer,1,0.0,0.0,20.671499951276928,20.671499951276928,20.671499951276928,9.535488,0
reactive-lru-k1,12,5,Veltrax,chief engineer,0,0.4414999857544899,23.081100021954626,21.784699987620115,22.226199973374605,44.86580000957474,0.0,0
reactive-lru-k2,12,5,Veltrax,chief engineer,0,0.44729997171089053,22.519599995575845,20.073199993930757,20.520499965641648,42.5927999895066,0.0,0
all-resident-k8,12,5,Veltrax,chief engineer,1,0.0,0.0,20.179799990728498,20.179799990728498,20.179799990728498,0.0,0
oracle-k3,12,5,Veltrax,chief engineer,1,0.0,0.0,20.69489995483309,20.69489995483309,20.69489995483309,9.535488,0
on-demand-k1,12,5,Veltrax,chief engineer,0,0.4469000268727541,24.898000003304332,19.23129998613149,19.678200013004243,44.12929998943582,0.0,0
topic-k3,12,5,Veltrax,chief engineer,0,0.4118999931961298,22.86269998876378,19.901399966329336,20.313299959525466,42.764099955093116,9.437184,1
reactive-lru-k3,12,5,Veltrax,chief engineer,0,0.44380000326782465,22.170400014147162,19.235400017350912,19.679200020618737,41.405800031498075,0.0,0
topic-k1,12,5,Veltrax,chief engineer,0,0.515200023073703,23.185099998954684,19.46799998404458,19.983200007118285,42.653099982999265,0.0,0
oracle-k1,12,5,Veltrax,chief engineer,1,0.0,0.0,20.147499977611005,20.147499977611005,20.147499977611005,9.535488,0
oracle-k2,12,6,Pyrenna,corporate color,1,0.0,0.0,20.772600022610277,20.772600022610277,20.772600022610277,9.510912,0
topic-k3,12,6,Pyrenna,corporate color,1,0.0,0.0,20.237599965184927,20.237599965184927,20.237599965184927,19.820543999999998,1
reactive-lru-k2,12,6,Pyrenna,corporate color,0,0.4535000189207494,22.827500011771917,21.01230004336685,21.4658000622876,43.83980005513877,0.0,0
all-resident-k8,12,6,Pyrenna,corporate color,1,0.0,0.0,19.492299994453788,19.492299994453788,19.492299994453788,0.0,0
oracle-k1,12,6,Pyrenna,corporate color,1,0.0,0.0,19.97070002835244,19.97070002835244,19.97070002835244,9.510912,0
topic-k2,12,6,Pyrenna,corporate color,1,0.0,0.0,20.667399978265166,20.667399978265166,20.667399978265166,9.510912,1
reactive-lru-k1,12,6,Pyrenna,corporate color,0,0.44979999074712396,22.703700000420213,20.498699974268675,20.9484999650158,43.20239997468889,0.0,0
oracle-k3,12,6,Pyrenna,corporate color,1,0.0,0.0,20.753199991304427,20.753199991304427,20.753199991304427,9.510912,0
reactive-lru-k3,12,6,Pyrenna,corporate color,1,0.0,0.0,22.86840003216639,22.86840003216639,22.86840003216639,0.0,0
topic-k1,12,6,Pyrenna,corporate color,0,0.4615000216290355,22.920800023712218,20.26120002847165,20.722700050100684,43.18200005218387,0.0,0
on-demand-k1,12,6,Pyrenna,corporate color,0,0.44729997171089053,22.712100006174296,20.61780000803992,21.065099979750812,43.32990001421422,0.0,0
topic-k2,12,7,Pyrenna,anthem composer,1,0.0,0.0,20.833400019910187,20.833400019910187,20.833400019910187,9.609216,0
on-demand-k1,12,7,Pyrenna,anthem composer,0,0.4822000046260655,23.448199965059757,21.467799961101264,21.94999996572733,44.91599992616102,0.0,0
reactive-lru-k3,12,7,Pyrenna,anthem composer,1,0.0,0.0,21.874100028071553,21.874100028071553,21.874100028071553,0.0,0
all-resident-k8,12,7,Pyrenna,anthem composer,1,0.0,0.0,19.84919997630641,19.84919997630641,19.84919997630641,0.0,0
oracle-k3,12,7,Pyrenna,anthem composer,1,0.0,0.0,19.43440001923591,19.43440001923591,19.43440001923591,0.0,0
reactive-lru-k2,12,7,Pyrenna,anthem composer,1,0.0,0.0,19.779699970968068,19.779699970968068,19.779699970968068,0.0,0
oracle-k1,12,7,Pyrenna,anthem composer,1,0.0,0.0,19.850200042128563,19.850200042128563,19.850200042128563,0.0,0
reactive-lru-k1,12,7,Pyrenna,anthem composer,1,0.0,0.0,20.36940003745258,20.36940003745258,20.36940003745258,0.0,0
topic-k1,12,7,Pyrenna,anthem composer,1,0.0,0.0,21.548300050199032,21.548300050199032,21.548300050199032,0.0,0
topic-k3,12,7,Pyrenna,anthem composer,1,0.0,0.0,20.888000028207898,20.888000028207898,20.888000028207898,18.370559999999998,1
oracle-k2,12,7,Pyrenna,anthem composer,1,0.0,0.0,19.44020000519231,19.44020000519231,19.44020000519231,0.0,0
topic-k2,12,8,Pyrenna,motto word,1,0.0,0.0,22.315000009257346,22.315000009257346,22.315000009257346,0.0,0
oracle-k2,12,8,Pyrenna,motto word,1,0.0,0.0,19.8697000159882,19.8697000159882,19.8697000159882,0.0,0
topic-k3,12,8,Pyrenna,motto word,1,0.0,0.0,20.04149998538196,20.04149998538196,20.04149998538196,0.0,0
reactive-lru-k1,12,8,Pyrenna,motto word,1,0.0,0.0,20.069600024726242,20.069600024726242,20.069600024726242,0.0,0
reactive-lru-k3,12,8,Pyrenna,motto word,1,0.0,0.0,19.990200002212077,19.990200002212077,19.990200002212077,0.0,0
all-resident-k8,12,8,Pyrenna,motto word,1,0.0,0.0,20.303299999795854,20.303299999795854,20.303299999795854,0.0,0
topic-k1,12,8,Pyrenna,motto word,1,0.0,0.0,19.51399998506531,19.51399998506531,19.51399998506531,0.0,0
reactive-lru-k2,12,8,Pyrenna,motto word,1,0.0,0.0,21.181500051170588,21.181500051170588,21.181500051170588,0.0,0
oracle-k1,12,8,Pyrenna,motto word,1,0.0,0.0,19.898400001693517,19.898400001693517,19.898400001693517,0.0,0
oracle-k3,12,8,Pyrenna,motto word,1,0.0,0.0,20.710499957203865,20.710499957203865,20.710499957203865,0.0,0
on-demand-k1,12,8,Pyrenna,motto word,0,0.514000013936311,23.200900002848357,20.564300008118153,21.078300022054464,43.76520001096651,0.0,0
oracle-k2,12,9,Pyrenna,chief executive,1,0.0,0.0,19.294099998660386,19.294099998660386,19.294099998660386,0.0,0
topic-k3,12,9,Pyrenna,chief executive,1,0.0,0.0,20.898599992506206,20.898599992506206,20.898599992506206,0.0,0
oracle-k3,12,9,Pyrenna,chief executive,1,0.0,0.0,19.395199953578413,19.395199953578413,19.395199953578413,0.0,0
on-demand-k1,12,9,Pyrenna,chief executive,0,0.45039999531582,22.330300009343773,23.34249997511506,23.79289997043088,45.672799984458834,0.0,0
all-resident-k8,12,9,Pyrenna,chief executive,1,0.0,0.0,20.73200000450015,20.73200000450015,20.73200000450015,0.0,0
reactive-lru-k3,12,9,Pyrenna,chief executive,1,0.0,0.0,19.427899969741702,19.427899969741702,19.427899969741702,0.0,0
topic-k1,12,9,Pyrenna,chief executive,1,0.0,0.0,21.478600043337792,21.478600043337792,21.478600043337792,0.0,0
reactive-lru-k2,12,9,Pyrenna,chief executive,1,0.0,0.0,19.71700001740828,19.71700001740828,19.71700001740828,0.0,0
topic-k2,12,9,Pyrenna,chief executive,1,0.0,0.0,19.28180002141744,19.28180002141744,19.28180002141744,0.0,0
oracle-k1,12,9,Pyrenna,chief executive,1,0.0,0.0,19.519799971021712,19.519799971021712,19.519799971021712,0.0,0
reactive-lru-k1,12,9,Pyrenna,chief executive,1,0.0,0.0,19.856799975968897,19.856799975968897,19.856799975968897,0.0,0
reactive-lru-k3,12,10,Ilmeth,archive codename,0,0.4153999616391957,23.012800025753677,19.42799997050315,19.843399932142347,42.44079999625683,0.0,0
all-resident-k8,12,10,Ilmeth,archive codename,1,0.0,0.0,19.660099991597235,19.660099991597235,19.660099991597235,0.0,0
reactive-lru-k2,12,10,Ilmeth,archive codename,0,0.40089996764436364,22.70710002630949,19.391899986658245,19.79279995430261,42.099000012967736,0.0,0
topic-k3,12,10,Ilmeth,archive codename,1,0.0,0.0,21.297400002367795,21.297400002367795,21.297400002367795,0.0,0
reactive-lru-k1,12,10,Ilmeth,archive codename,0,0.4031999851576984,22.3322999663651,19.101500045508146,19.504700030665845,41.433800011873245,0.0,0
oracle-k2,12,10,Ilmeth,archive codename,1,0.0,0.0,21.720700024161488,21.720700024161488,21.720700024161488,8.761344,0
oracle-k1,12,10,Ilmeth,archive codename,1,0.0,0.0,19.546199997421354,19.546199997421354,19.546199997421354,8.761344,0
topic-k1,12,10,Ilmeth,archive codename,0,0.4138000076636672,22.34859997406602,19.434800022281706,19.848600029945374,41.783399996347725,0.0,0
topic-k2,12,10,Ilmeth,archive codename,0,0.4152000183239579,22.46430004015565,19.36899998690933,19.784200005233288,41.83330002706498,0.0,1
on-demand-k1,12,10,Ilmeth,archive codename,0,0.4626999725587666,23.148100008256733,20.150800002738833,20.6134999752976,43.29890001099557,0.0,0
oracle-k3,12,10,Ilmeth,archive codename,1,0.0,0.0,21.22689998941496,21.22689998941496,21.22689998941496,8.761344,0
topic-k1,12,11,Ilmeth,anthem composer,1,0.0,0.0,19.919199985451996,19.919199985451996,19.919199985451996,0.0,0
topic-k3,12,11,Ilmeth,anthem composer,1,0.0,0.0,20.73360001668334,20.73360001668334,20.73360001668334,9.474048,0
on-demand-k1,12,11,Ilmeth,anthem composer,0,0.424700032453984,25.269599980674684,20.218899997416884,20.643600029870868,45.48849997809157,0.0,0
reactive-lru-k3,12,11,Ilmeth,anthem composer,1,0.0,0.0,20.81179997185245,20.81179997185245,20.81179997185245,0.0,0
oracle-k3,12,11,Ilmeth,anthem composer,1,0.0,0.0,20.133999991230667,20.133999991230667,20.133999991230667,0.0,0
reactive-lru-k2,12,11,Ilmeth,anthem composer,1,0.0,0.0,21.421700017526746,21.421700017526746,21.421700017526746,0.0,0
reactive-lru-k1,12,11,Ilmeth,anthem composer,1,0.0,0.0,19.467800040729344,19.467800040729344,19.467800040729344,0.0,0
all-resident-k8,12,11,Ilmeth,anthem composer,1,0.0,0.0,21.068800007924438,21.068800007924438,21.068800007924438,0.0,0
topic-k2,12,11,Ilmeth,anthem composer,1,0.0,0.0,20.567099971231073,20.567099971231073,20.567099971231073,9.609216,0
oracle-k2,12,11,Ilmeth,anthem composer,1,0.0,0.0,19.821299996692687,19.821299996692687,19.821299996692687,0.0,0
oracle-k1,12,11,Ilmeth,anthem composer,1,0.0,0.0,19.549299962818623,19.549299962818623,19.549299962818623,0.0,0
topic-k1,13,0,Seluun,founding year,0,0.4361000028438866,23.02849997067824,19.719600037205964,20.15570004004985,42.748100007884204,0.0,0
on-demand-k1,13,0,Seluun,founding year,0,0.4267999902367592,24.066499958280474,19.135900016408414,19.562700006645173,43.20239997468889,0.0,0
topic-k3,13,0,Seluun,founding year,0,0.4420999903231859,22.90879999054596,20.91170003404841,21.353800024371594,43.82050002459437,0.0,0
reactive-lru-k1,13,0,Seluun,founding year,0,0.444800010882318,24.06719996361062,20.473799959290773,20.91859997017309,44.54099992290139,0.0,0
topic-k2,13,0,Seluun,founding year,0,0.43349998304620385,22.81389996642247,22.6684000226669,23.101900005713105,45.48229998908937,0.0,0
oracle-k2,13,0,Seluun,founding year,1,0.0,0.0,23.424600018188357,23.424600018188357,23.424600018188357,9.437184,0
all-resident-k8,13,0,Seluun,founding year,1,0.0,0.0,25.182600016705692,25.182600016705692,25.182600016705692,75.472896,0
reactive-lru-k2,13,0,Seluun,founding year,0,0.47909998102113605,23.660100006964058,20.935799984727055,21.41489996574819,44.59589999169111,0.0,0
reactive-lru-k3,13,0,Seluun,founding year,0,0.44189998880028725,24.593799957074225,21.26430004136637,21.706200030166656,45.85809999844059,0.0,0
oracle-k3,13,0,Seluun,founding year,1,0.0,0.0,20.570300053805113,20.570300053805113,20.570300053805113,9.437184,0
oracle-k1,13,0,Seluun,founding year,1,0.0,0.0,19.983100006356835,19.983100006356835,19.983100006356835,9.437184,0
oracle-k1,13,1,Seluun,chief engineer,1,0.0,0.0,18.873299995902926,18.873299995902926,18.873299995902926,0.0,0
all-resident-k8,13,1,Seluun,chief engineer,1,0.0,0.0,19.781499984674156,19.781499984674156,19.781499984674156,0.0,0
reactive-lru-k3,13,1,Seluun,chief engineer,1,0.0,0.0,19.746300007682294,19.746300007682294,19.746300007682294,0.0,0
reactive-lru-k2,13,1,Seluun,chief engineer,1,0.0,0.0,19.80030001141131,19.80030001141131,19.80030001141131,0.0,0
topic-k1,13,1,Seluun,chief engineer,1,0.0,0.0,20.386099989991635,20.386099989991635,20.386099989991635,0.0,0
topic-k2,13,1,Seluun,chief engineer,1,0.0,0.0,20.012699998915195,20.012699998915195,20.012699998915195,8.835072,0
on-demand-k1,13,1,Seluun,chief engineer,0,0.4655999946407974,23.316899954807013,19.468799990136176,19.934399984776974,42.78569994494319,0.0,0
reactive-lru-k1,13,1,Seluun,chief engineer,1,0.0,0.0,19.61799996206537,19.61799996206537,19.61799996206537,0.0,0
oracle-k3,13,1,Seluun,chief engineer,1,0.0,0.0,20.5763999838382,20.5763999838382,20.5763999838382,0.0,0
oracle-k2,13,1,Seluun,chief engineer,1,0.0,0.0,20.485299988649786,20.485299988649786,20.485299988649786,0.0,0
topic-k3,13,1,Seluun,chief engineer,1,0.0,0.0,19.562300003599375,19.562300003599375,19.562300003599375,18.444288,0
oracle-k1,13,2,Seluun,lucky number,1,0.0,0.0,21.3645999901928,21.3645999901928,21.3645999901928,0.0,0
reactive-lru-k3,13,2,Seluun,lucky number,1,0.0,0.0,21.287400042638183,21.287400042638183,21.287400042638183,0.0,0
on-demand-k1,13,2,Seluun,lucky number,0,0.44380000326782465,22.72199996514246,21.17969997925684,21.623499982524663,43.9016999443993,0.0,0
oracle-k3,13,2,Seluun,lucky number,1,0.0,0.0,20.49359999364242,20.49359999364242,20.49359999364242,0.0,0
reactive-lru-k1,13,2,Seluun,lucky number,1,0.0,0.0,20.024299970827997,20.024299970827997,20.024299970827997,0.0,0
topic-k2,13,2,Seluun,lucky number,1,0.0,0.0,19.63439997052774,19.63439997052774,19.63439997052774,0.0,0
all-resident-k8,13,2,Seluun,lucky number,1,0.0,0.0,20.125500042922795,20.125500042922795,20.125500042922795,0.0,0
oracle-k2,13,2,Seluun,lucky number,1,0.0,0.0,19.94699996430427,19.94699996430427,19.94699996430427,0.0,0
reactive-lru-k2,13,2,Seluun,lucky number,1,0.0,0.0,19.97219998156652,19.97219998156652,19.97219998156652,0.0,0
topic-k1,13,2,Seluun,lucky number,1,0.0,0.0,19.92150000296533,19.92150000296533,19.92150000296533,0.0,0
topic-k3,13,2,Seluun,lucky number,1,0.0,0.0,20.138999971095473,20.138999971095473,20.138999971095473,0.0,0
oracle-k1,13,3,Seluun,archive codename,1,0.0,0.0,20.657499961089343,20.657499961089343,20.657499961089343,0.0,0
reactive-lru-k3,13,3,Seluun,archive codename,1,0.0,0.0,20.089600002393126,20.089600002393126,20.089600002393126,0.0,0
topic-k3,13,3,Seluun,archive codename,1,0.0,0.0,20.02420002827421,20.02420002827421,20.02420002827421,0.0,0
reactive-lru-k2,13,3,Seluun,archive codename,1,0.0,0.0,20.80639998894185,20.80639998894185,20.80639998894185,0.0,0
all-resident-k8,13,3,Seluun,archive codename,1,0.0,0.0,20.45940002426505,20.45940002426505,20.45940002426505,0.0,0
reactive-lru-k1,13,3,Seluun,archive codename,1,0.0,0.0,20.284200028982013,20.284200028982013,20.284200028982013,0.0,0
oracle-k2,13,3,Seluun,archive codename,1,0.0,0.0,20.49789996817708,20.49789996817708,20.49789996817708,0.0,0
oracle-k3,13,3,Seluun,archive codename,1,0.0,0.0,20.024699973873794,20.024699973873794,20.024699973873794,0.0,0
topic-k2,13,3,Seluun,archive codename,1,0.0,0.0,21.370299975387752,21.370299975387752,21.370299975387752,0.0,0
topic-k1,13,3,Seluun,archive codename,1,0.0,0.0,20.80180001212284,20.80180001212284,20.80180001212284,0.0,0
on-demand-k1,13,3,Seluun,archive codename,0,0.4676000098697841,26.37119998689741,21.38869999907911,21.856300008948892,47.75989998597652,0.0,0
oracle-k1,13,4,Veltrax,headquarters city,1,0.0,0.0,20.252700021956116,20.252700021956116,20.252700021956116,9.535488,0
all-resident-k8,13,4,Veltrax,headquarters city,1,0.0,0.0,20.418500003870577,20.418500003870577,20.418500003870577,0.0,0
oracle-k3,13,4,Veltrax,headquarters city,1,0.0,0.0,20.049999991897494,20.049999991897494,20.049999991897494,9.535488,0
topic-k3,13,4,Veltrax,headquarters city,0,0.4358000005595386,24.41989997169003,20.196600002236664,20.632400002796203,44.61649997392669,0.0,1
on-demand-k1,13,4,Veltrax,headquarters city,0,0.4365999484434724,23.187900020275265,20.34250000724569,20.779099955689162,43.530400027520955,0.0,0
reactive-lru-k2,13,4,Veltrax,headquarters city,0,0.44299999717622995,23.78699998371303,21.15559997037053,21.59859996754676,44.94259995408356,0.0,0
topic-k1,13,4,Veltrax,headquarters city,0,0.4542000242508948,24.46420001797378,20.801300008315593,21.255500032566488,45.265500026289374,0.0,0
topic-k2,13,4,Veltrax,headquarters city,0,0.44239999260753393,23.269800003618002,20.727899973280728,21.170299965888262,43.99769997689873,0.0,1
oracle-k2,13,4,Veltrax,headquarters city,1,0.0,0.0,20.420100016053766,20.420100016053766,20.420100016053766,9.535488,0
reactive-lru-k1,13,4,Veltrax,headquarters city,0,0.44789997627958655,23.04489997914061,19.952300004661083,20.40019998094067,42.99719998380169,0.0,0
reactive-lru-k3,13,4,Veltrax,headquarters city,0,0.45039999531582,25.27180005563423,20.965599978808314,21.415999974124134,46.237400034442544,0.0,0
all-resident-k8,13,5,Pyrenna,satellite name,1,0.0,0.0,20.1056000078097,20.1056000078097,20.1056000078097,0.0,0
topic-k2,13,5,Pyrenna,satellite name,1,0.0,0.0,19.918100035283715,19.918100035283715,19.918100035283715,9.510912,0
topic-k3,13,5,Pyrenna,satellite name,1,0.0,0.0,19.93949996540323,19.93949996540323,19.93949996540323,19.820543999999998,1
oracle-k3,13,5,Pyrenna,satellite name,1,0.0,0.0,20.242200000211596,20.242200000211596,20.242200000211596,9.510912,0
reactive-lru-k1,13,5,Pyrenna,satellite name,0,0.46499999007210135,23.118000011891127,19.93340003537014,20.398400025442243,43.05140004726127,0.0,0
oracle-k2,13,5,Pyrenna,satellite name,1,0.0,0.0,19.524000003002584,19.524000003002584,19.524000003002584,9.510912,0
reactive-lru-k2,13,5,Pyrenna,satellite name,0,0.450699997600168,22.49800000572577,19.90529999602586,20.35599999362603,42.40330000175163,0.0,0
topic-k1,13,5,Pyrenna,satellite name,0,0.43840002035722136,22.467800008598715,20.295900001656264,20.734300022013485,42.76370001025498,0.0,0
oracle-k1,13,5,Pyrenna,satellite name,1,0.0,0.0,20.048500038683414,20.048500038683414,20.048500038683414,9.510912,0
on-demand-k1,13,5,Pyrenna,satellite name,0,0.4412999842315912,22.93959999224171,20.20480000646785,20.64609999069944,43.14439999870956,0.0,0
reactive-lru-k3,13,5,Pyrenna,satellite name,0,0.4493999877013266,23.007400042843074,20.6758999847807,21.125299972482026,43.68330002762377,0.0,0
on-demand-k1,13,6,Pyrenna,stock ticker,0,0.4416999872773886,22.709100041538477,20.50530002452433,20.94700001180172,43.21440006606281,0.0,0
oracle-k1,13,6,Pyrenna,stock ticker,1,0.0,0.0,20.12439997633919,20.12439997633919,20.12439997633919,0.0,0
reactive-lru-k1,13,6,Pyrenna,stock ticker,1,0.0,0.0,19.932499970309436,19.932499970309436,19.932499970309436,0.0,0
topic-k3,13,6,Pyrenna,stock ticker,1,0.0,0.0,19.570900010876358,19.570900010876358,19.570900010876358,18.370559999999998,1
oracle-k3,13,6,Pyrenna,stock ticker,1,0.0,0.0,18.9144000178203,18.9144000178203,18.9144000178203,0.0,0
topic-k2,13,6,Pyrenna,stock ticker,1,0.0,0.0,19.255599996540695,19.255599996540695,19.255599996540695,9.609216,0
reactive-lru-k2,13,6,Pyrenna,stock ticker,1,0.0,0.0,19.561900000553578,19.561900000553578,19.561900000553578,0.0,0
topic-k1,13,6,Pyrenna,stock ticker,1,0.0,0.0,19.939800025895238,19.939800025895238,19.939800025895238,0.0,0
reactive-lru-k3,13,6,Pyrenna,stock ticker,1,0.0,0.0,19.755400018766522,19.755400018766522,19.755400018766522,0.0,0
all-resident-k8,13,6,Pyrenna,stock ticker,1,0.0,0.0,20.070899976417422,20.070899976417422,20.070899976417422,0.0,0
oracle-k2,13,6,Pyrenna,stock ticker,1,0.0,0.0,20.45519999228418,20.45519999228418,20.45519999228418,0.0,0
topic-k2,13,7,Pyrenna,annual revenue,1,0.0,0.0,21.756400004960597,21.756400004960597,21.756400004960597,0.0,0
on-demand-k1,13,7,Pyrenna,annual revenue,0,0.4484999808482826,22.00609998544678,20.280700002331287,20.72919998317957,42.28679998777807,0.0,0
reactive-lru-k1,13,7,Pyrenna,annual revenue,1,0.0,0.0,20.098300010431558,20.098300010431558,20.098300010431558,0.0,0
reactive-lru-k3,13,7,Pyrenna,annual revenue,1,0.0,0.0,19.430199987255037,19.430199987255037,19.430199987255037,0.0,0
reactive-lru-k2,13,7,Pyrenna,annual revenue,1,0.0,0.0,19.034500000998378,19.034500000998378,19.034500000998378,0.0,0
topic-k3,13,7,Pyrenna,annual revenue,1,0.0,0.0,19.672999973408878,19.672999973408878,19.672999973408878,0.0,0
oracle-k3,13,7,Pyrenna,annual revenue,1,0.0,0.0,19.96180001879111,19.96180001879111,19.96180001879111,0.0,0
oracle-k1,13,7,Pyrenna,annual revenue,1,0.0,0.0,20.855600014328957,20.855600014328957,20.855600014328957,0.0,0
topic-k1,13,7,Pyrenna,annual revenue,1,0.0,0.0,20.330899977125227,20.330899977125227,20.330899977125227,0.0,0
oracle-k2,13,7,Pyrenna,annual revenue,1,0.0,0.0,21.441600052639842,21.441600052639842,21.441600052639842,0.0,0
all-resident-k8,13,7,Pyrenna,annual revenue,1,0.0,0.0,19.48930002981797,19.48930002981797,19.48930002981797,0.0,0
reactive-lru-k1,13,8,Pyrenna,corporate color,1,0.0,0.0,20.944499992765486,20.944499992765486,20.944499992765486,0.0,0
all-resident-k8,13,8,Pyrenna,corporate color,1,0.0,0.0,20.914599997922778,20.914599997922778,20.914599997922778,0.0,0
reactive-lru-k3,13,8,Pyrenna,corporate color,1,0.0,0.0,20.07099997717887,20.07099997717887,20.07099997717887,0.0,0
reactive-lru-k2,13,8,Pyrenna,corporate color,1,0.0,0.0,20.54830000270158,20.54830000270158,20.54830000270158,0.0,0
oracle-k3,13,8,Pyrenna,corporate color,1,0.0,0.0,20.498599973507226,20.498599973507226,20.498599973507226,0.0,0
topic-k1,13,8,Pyrenna,corporate color,1,0.0,0.0,21.315400023013353,21.315400023013353,21.315400023013353,0.0,0
on-demand-k1,13,8,Pyrenna,corporate color,0,0.46909996308386326,24.152299971319735,19.674499984830618,20.14359994791448,43.82679995615035,0.0,0
oracle-k1,13,8,Pyrenna,corporate color,1,0.0,0.0,21.385200030636042,21.385200030636042,21.385200030636042,0.0,0
topic-k2,13,8,Pyrenna,corporate color,1,0.0,0.0,19.239799992647022,19.239799992647022,19.239799992647022,0.0,0
topic-k3,13,8,Pyrenna,corporate color,1,0.0,0.0,20.57220001006499,20.57220001006499,20.57220001006499,0.0,0
oracle-k2,13,8,Pyrenna,corporate color,1,0.0,0.0,20.29799995943904,20.29799995943904,20.29799995943904,0.0,0
oracle-k2,13,9,Draskel,lucky number,1,0.0,0.0,19.61190003203228,19.61190003203228,19.61190003203228,9.609216,0
reactive-lru-k1,13,9,Draskel,lucky number,0,0.45769999269396067,24.09689995693043,20.67399997031316,21.131699963007122,44.77089992724359,0.0,0
oracle-k1,13,9,Draskel,lucky number,1,0.0,0.0,19.829299999400973,19.829299999400973,19.829299999400973,9.609216,0
topic-k2,13,9,Draskel,lucky number,1,0.0,0.0,19.40320001449436,19.40320001449436,19.40320001449436,0.0,0
all-resident-k8,13,9,Draskel,lucky number,1,0.0,0.0,20.12000000104308,20.12000000104308,20.12000000104308,0.0,0
topic-k3,13,9,Draskel,lucky number,1,0.0,0.0,19.19399999314919,19.19399999314919,19.19399999314919,0.0,0
reactive-lru-k2,13,9,Draskel,lucky number,0,0.4412999842315912,22.77199999662116,19.788700039498508,20.2300000237301,42.56070003611967,0.0,0
reactive-lru-k3,13,9,Draskel,lucky number,0,0.45950000640004873,23.12799997162074,19.9381000129506,20.397600019350648,43.06609998457134,0.0,0
oracle-k3,13,9,Draskel,lucky number,1,0.0,0.0,19.471999956294894,19.471999956294894,19.471999956294894,9.609216,0
on-demand-k1,13,9,Draskel,lucky number,0,0.44890004210174084,22.615600028075278,21.68210002128035,22.13100006338209,44.297700049355626,0.0,0
topic-k1,13,9,Draskel,lucky number,0,0.4535000189207494,22.26830000290647,19.395300012547523,19.848800031468272,41.663600015453994,0.0,0
reactive-lru-k2,13,10,Draskel,signature dish,1,0.0,0.0,19.20920005068183,19.20920005068183,19.20920005068183,0.0,0
reactive-lru-k3,13,10,Draskel,signature dish,1,0.0,0.0,19.703000027220696,19.703000027220696,19.703000027220696,0.0,0
oracle-k3,13,10,Draskel,signature dish,1,0.0,0.0,22.7543999790214,22.7543999790214,22.7543999790214,0.0,0
on-demand-k1,13,10,Draskel,signature dish,0,0.47859997721388936,21.734200010541826,19.556300016120076,20.034899993333966,41.2905000266619,0.0,0
topic-k1,13,10,Draskel,signature dish,1,0.0,0.0,19.574500038288534,19.574500038288534,19.574500038288534,0.0,0
topic-k3,13,10,Draskel,signature dish,1,0.0,0.0,19.385599996894598,19.385599996894598,19.385599996894598,9.437184,1
oracle-k2,13,10,Draskel,signature dish,1,0.0,0.0,19.70399997662753,19.70399997662753,19.70399997662753,0.0,0
oracle-k1,13,10,Draskel,signature dish,1,0.0,0.0,19.65060003567487,19.65060003567487,19.65060003567487,0.0,0
topic-k2,13,10,Draskel,signature dish,1,0.0,0.0,19.431799999438226,19.431799999438226,19.431799999438226,9.437184,0
reactive-lru-k1,13,10,Draskel,signature dish,1,0.0,0.0,19.433899957221,19.433899957221,19.433899957221,0.0,0
all-resident-k8,13,10,Draskel,signature dish,1,0.0,0.0,19.77039995836094,19.77039995836094,19.77039995836094,0.0,0
topic-k3,13,11,Draskel,founding river,1,0.0,0.0,20.067400007974356,20.067400007974356,20.067400007974356,0.0,0
reactive-lru-k1,13,11,Draskel,founding river,1,0.0,0.0,19.44030000595376,19.44030000595376,19.44030000595376,0.0,0
reactive-lru-k2,13,11,Draskel,founding river,1,0.0,0.0,19.723900011740625,19.723900011740625,19.723900011740625,0.0,0
all-resident-k8,13,11,Draskel,founding river,1,0.0,0.0,19.642399973236024,19.642399973236024,19.642399973236024,0.0,0
topic-k2,13,11,Draskel,founding river,1,0.0,0.0,20.09349997388199,20.09349997388199,20.09349997388199,0.0,0
topic-k1,13,11,Draskel,founding river,1,0.0,0.0,21.50130004156381,21.50130004156381,21.50130004156381,0.0,0
oracle-k1,13,11,Draskel,founding river,1,0.0,0.0,21.518299996387213,21.518299996387213,21.518299996387213,0.0,0
oracle-k3,13,11,Draskel,founding river,1,0.0,0.0,21.075399999972433,21.075399999972433,21.075399999972433,0.0,0
on-demand-k1,13,11,Draskel,founding river,0,0.46200002543628216,24.155799997970462,20.417599997017533,20.879600022453815,44.573399994987994,0.0,0
reactive-lru-k3,13,11,Draskel,founding river,1,0.0,0.0,21.35559997987002,21.35559997987002,21.35559997987002,0.0,0
oracle-k2,13,11,Draskel,founding river,1,0.0,0.0,20.29039995977655,20.29039995977655,20.29039995977655,0.0,0
topic-k3,14,0,Draskel,chief engineer,0,0.4751000087708235,22.345200006384403,20.71900002192706,21.194100030697882,43.06420002831146,0.0,0
on-demand-k1,14,0,Draskel,chief engineer,0,0.4898000042885542,23.273799975868315,20.713800040539354,21.20360004482791,43.98760001640767,0.0,0
reactive-lru-k2,14,0,Draskel,chief engineer,0,0.4412999842315912,23.52190000237897,20.71429998613894,21.15559997037053,44.23619998851791,0.0,0
topic-k2,14,0,Draskel,chief engineer,0,0.443900004029274,22.91280002100393,22.36649999395013,22.810399997979403,45.27930001495406,0.0,0
oracle-k3,14,0,Draskel,chief engineer,1,0.0,0.0,23.162800003774464,23.162800003774464,23.162800003774464,9.609216,0
reactive-lru-k1,14,0,Draskel,chief engineer,0,0.4594000056385994,22.155100014060736,20.430899981874973,20.890299987513572,42.58599999593571,0.0,0
reactive-lru-k3,14,0,Draskel,chief engineer,0,0.4447000101208687,22.623600030783564,21.22689998941496,21.67159999953583,43.850500020198524,0.0,0
all-resident-k8,14,0,Draskel,chief engineer,1,0.0,0.0,19.73049994558096,19.73049994558096,19.73049994558096,75.472896,0
oracle-k2,14,0,Draskel,chief engineer,1,0.0,0.0,19.626200024504215,19.626200024504215,19.626200024504215,9.609216,0
topic-k1,14,0,Draskel,chief engineer,0,0.43940002797171474,22.639700036961585,20.13520000036806,20.574600028339773,42.774900037329644,0.0,0
oracle-k1,14,0,Draskel,chief engineer,1,0.0,0.0,19.275199971161783,19.275199971161783,19.275199971161783,9.609216,0
reactive-lru-k1,14,1,Draskel,lucky number,1,0.0,0.0,19.74970003357157,19.74970003357157,19.74970003357157,0.0,0
on-demand-k1,14,1,Draskel,lucky number,0,0.4396000294946134,21.688800014089793,20.66090004518628,21.100500074680895,42.349700059276074,0.0,0
oracle-k1,14,1,Draskel,lucky number,1,0.0,0.0,20.137200015597045,20.137200015597045,20.137200015597045,0.0,0
all-resident-k8,14,1,Draskel,lucky number,1,0.0,0.0,20.31249995343387,20.31249995343387,20.31249995343387,0.0,0
oracle-k3,14,1,Draskel,lucky number,1,0.0,0.0,19.328200025483966,19.328200025483966,19.328200025483966,0.0,0
topic-k3,14,1,Draskel,lucky number,1,0.0,0.0,19.34839994646609,19.34839994646609,19.34839994646609,18.948096,0
reactive-lru-k2,14,1,Draskel,lucky number,1,0.0,0.0,21.18250000057742,21.18250000057742,21.18250000057742,0.0,0
reactive-lru-k3,14,1,Draskel,lucky number,1,0.0,0.0,19.172800006344914,19.172800006344914,19.172800006344914,0.0,0
topic-k1,14,1,Draskel,lucky number,1,0.0,0.0,19.56909999717027,19.56909999717027,19.56909999717027,0.0,0
oracle-k2,14,1,Draskel,lucky number,1,0.0,0.0,20.196900004521012,20.196900004521012,20.196900004521012,0.0,0
topic-k2,14,1,Draskel,lucky number,1,0.0,0.0,21.102900034748018,21.102900034748018,21.102900034748018,9.437184,0
reactive-lru-k2,14,2,Bramwick,chief engineer,0,0.4130000015720725,22.37949997652322,19.597899983637035,20.010899985209107,41.977399960160255,0.0,0
topic-k3,14,2,Bramwick,chief engineer,0,0.4349999944679439,24.875600007362664,19.335699966177344,19.77069996064529,44.21129997354001,0.0,1
reactive-lru-k3,14,2,Bramwick,chief engineer,0,0.4288000054657459,22.665900003630668,19.534000020939857,19.962800026405603,42.199900024570525,0.0,0
all-resident-k8,14,2,Bramwick,chief engineer,1,0.0,0.0,19.745700003113598,19.745700003113598,19.745700003113598,0.0,0
on-demand-k1,14,2,Bramwick,chief engineer,0,0.4186999867670238,23.435199982486665,19.9319000239484,20.350600010715425,43.36710000643507,0.0,0
topic-k1,14,2,Bramwick,chief engineer,0,0.4057000041939318,22.535600000992417,21.630300034303218,22.03600003849715,44.165900035295635,0.0,0
oracle-k1,14,2,Bramwick,chief engineer,1,0.0,0.0,19.426399958319962,19.426399958319962,19.426399958319962,8.835072,0
oracle-k3,14,2,Bramwick,chief engineer,1,0.0,0.0,19.194599997717887,19.194599997717887,19.194599997717887,8.835072,0
topic-k2,14,2,Bramwick,chief engineer,0,0.4165000282227993,22.876400034874678,20.455299993045628,20.871800021268427,43.331700027920306,0.0,1
reactive-lru-k1,14,2,Bramwick,chief engineer,0,0.4211000050418079,22.409799974411726,19.191000028513372,19.61210003355518,41.6008000029251,0.0,0
oracle-k2,14,2,Bramwick,chief engineer,1,0.0,0.0,19.314600038342178,19.314600038342178,19.314600038342178,8.835072,0
oracle-k3,14,3,Bramwick,stock ticker,1,0.0,0.0,19.341700011864305,19.341700011864305,19.341700011864305,0.0,0
oracle-k1,14,3,Bramwick,stock ticker,1,0.0,0.0,19.538900000043213,19.538900000043213,19.538900000043213,0.0,0
all-resident-k8,14,3,Bramwick,stock ticker,1,0.0,0.0,19.750499981455505,19.750499981455505,19.750499981455505,0.0,0
topic-k3,14,3,Bramwick,stock ticker,1,0.0,0.0,20.125500042922795,20.125500042922795,20.125500042922795,19.78368,1
topic-k1,14,3,Bramwick,stock ticker,1,0.0,0.0,20.555199997033924,20.555199997033924,20.555199997033924,0.0,0
oracle-k2,14,3,Bramwick,stock ticker,1,0.0,0.0,20.84040001500398,20.84040001500398,20.84040001500398,0.0,0
on-demand-k1,14,3,Bramwick,stock ticker,0,0.41310000233352184,22.405199997592717,19.502900016959757,19.91600001929328,41.908100014552474,0.0,0
reactive-lru-k1,14,3,Bramwick,stock ticker,1,0.0,0.0,21.744799974840134,21.744799974840134,21.744799974840134,0.0,0
reactive-lru-k2,14,3,Bramwick,stock ticker,1,0.0,0.0,19.07129999017343,19.07129999017343,19.07129999017343,0.0,0
topic-k2,14,3,Bramwick,stock ticker,1,0.0,0.0,20.045500015839934,20.045500015839934,20.045500015839934,9.474048,0
reactive-lru-k3,14,3,Bramwick,stock ticker,1,0.0,0.0,20.05069999722764,20.05069999722764,20.05069999722764,0.0,0
reactive-lru-k1,14,4,Draskel,headquarters city,0,0.44709997018799186,23.67590001085773,19.59109999006614,20.038199960254133,43.26700000092387,0.0,0
oracle-k1,14,4,Draskel,headquarters city,1,0.0,0.0,19.321100029628724,19.321100029628724,19.321100029628724,9.609216,0
topic-k3,14,4,Draskel,headquarters city,0,0.44620002154260874,22.218500031158328,21.084400010295212,21.53060003183782,43.30290004145354,0.0,1
on-demand-k1,14,4,Draskel,headquarters city,0,0.500100024510175,22.811300004832447,19.68169998144731,20.181800005957484,42.492999986279756,0.0,0
topic-k2,14,4,Draskel,headquarters city,0,0.4455000162124634,23.54570000898093,22.90829998673871,23.353800002951175,46.45399999571964,0.0,1
oracle-k3,14,4,Draskel,headquarters city,1,0.0,0.0,19.405599974561483,19.405599974561483,19.405599974561483,9.609216,0
all-resident-k8,14,4,Draskel,headquarters city,1,0.0,0.0,18.696999992243946,18.696999992243946,18.696999992243946,0.0,0
oracle-k2,14,4,Draskel,headquarters city,1,0.0,0.0,19.736699992790818,19.736699992790818,19.736699992790818,9.609216,0
reactive-lru-k3,14,4,Draskel,headquarters city,1,0.0,0.0,19.40309995552525,19.40309995552525,19.40309995552525,0.0,0
topic-k1,14,4,Draskel,headquarters city,0,0.4659999976865947,21.772599953692406,20.193099975585938,20.659099973272532,41.965699929278344,0.0,0
reactive-lru-k2,14,4,Draskel,headquarters city,1,0.0,0.0,20.06090001668781,20.06090001668781,20.06090001668781,0.0,0
topic-k2,14,5,Toskarel,corporate color,0,0.4103000392206013,22.663000039756298,19.993899972178042,20.404200011398643,42.65690001193434,9.437184,0
all-resident-k8,14,5,Toskarel,corporate color,1,0.0,0.0,20.23259998532012,20.23259998532012,20.23259998532012,0.0,0
reactive-lru-k3,14,5,Toskarel,corporate color,0,0.4463000223040581,23.53519998723641,19.432100001722574,19.878400024026632,42.967299988958985,0.0,0
topic-k1,14,5,Toskarel,corporate color,0,0.4459000192582607,22.767600021325052,19.53469996806234,19.980599987320602,42.30229998938739,0.0,0
oracle-k3,14,5,Toskarel,corporate color,1,0.0,0.0,19.552999990992248,19.552999990992248,19.552999990992248,9.474048,0
oracle-k1,14,5,Toskarel,corporate color,1,0.0,0.0,19.41639999859035,19.41639999859035,19.41639999859035,9.474048,0
reactive-lru-k2,14,5,Toskarel,corporate color,0,0.4401999758556485,23.411899979691952,20.86400002008304,21.30419999593869,44.27589999977499,0.0,0
oracle-k2,14,5,Toskarel,corporate color,1,0.0,0.0,19.97959997970611,19.97959997970611,19.97959997970611,9.474048,0
topic-k3,14,5,Toskarel,corporate color,0,0.4078000201843679,22.09390001371503,19.412800029385835,19.820600049570203,41.506700043100864,18.948096,1
on-demand-k1,14,5,Toskarel,corporate color,0,0.4469999694265425,22.511100047267973,19.17210000101477,19.61909997044131,41.68320004828274,0.0,0
reactive-lru-k1,14,5,Toskarel,corporate color,0,0.4440000047907233,25.38299997104332,19.41940002143383,19.863400026224554,44.80239999247715,0.0,0
all-resident-k8,14,6,Toskarel,mascot animal,1,0.0,0.0,20.66540002124384,20.66540002124384,20.66540002124384,0.0,0
oracle-k1,14,6,Toskarel,mascot animal,1,0.0,0.0,20.8934000111185,20.8934000111185,20.8934000111185,0.0,0
topic-k2,14,6,Toskarel,mascot animal,1,0.0,0.0,19.405300030484796,19.405300030484796,19.405300030484796,9.510912,1
topic-k1,14,6,Toskarel,mascot animal,1,0.0,0.0,19.213900028262287,19.213900028262287,19.213900028262287,0.0,0
reactive-lru-k2,14,6,Toskarel,mascot animal,1,0.0,0.0,19.799200003035367,19.799200003035367,19.799200003035367,0.0,0
reactive-lru-k1,14,6,Toskarel,mascot animal,1,0.0,0.0,19.16879997588694,19.16879997588694,19.16879997588694,0.0,0
topic-k3,14,6,Toskarel,mascot animal,1,0.0,0.0,20.218299992848188,20.218299992848188,20.218299992848188,10.309632,1
on-demand-k1,14,6,Toskarel,mascot animal,0,0.5686000222340226,24.620999989565462,21.15879999473691,21.727400016970932,45.77979998430237,0.0,0
oracle-k3,14,6,Toskarel,mascot animal,1,0.0,0.0,19.717899966053665,19.717899966053665,19.717899966053665,0.0,0
oracle-k2,14,6,Toskarel,mascot animal,1,0.0,0.0,19.259799970313907,19.259799970313907,19.259799970313907,0.0,0
reactive-lru-k3,14,6,Toskarel,mascot animal,1,0.0,0.0,19.975400005932897,19.975400005932897,19.975400005932897,0.0,0
oracle-k2,14,7,Toskarel,primary material,1,0.0,0.0,19.226500007789582,19.226500007789582,19.226500007789582,0.0,0
topic-k3,14,7,Toskarel,primary material,1,0.0,0.0,19.121199962683022,19.121199962683022,19.121199962683022,0.0,0
oracle-k1,14,7,Toskarel,primary material,1,0.0,0.0,20.076399960089475,20.076399960089475,20.076399960089475,0.0,0
all-resident-k8,14,7,Toskarel,primary material,1,0.0,0.0,19.74680001148954,19.74680001148954,19.74680001148954,0.0,0
oracle-k3,14,7,Toskarel,primary material,1,0.0,0.0,18.86840001679957,18.86840001679957,18.86840001679957,0.0,0
reactive-lru-k1,14,7,Toskarel,primary material,1,0.0,0.0,19.747600017581135,19.747600017581135,19.747600017581135,0.0,0
reactive-lru-k2,14,7,Toskarel,primary material,1,0.0,0.0,19.9554999708198,19.9554999708198,19.9554999708198,0.0,0
topic-k1,14,7,Toskarel,primary material,1,0.0,0.0,19.362599996384233,19.362599996384233,19.362599996384233,0.0,0
on-demand-k1,14,7,Toskarel,primary material,0,0.4545000265352428,23.236899985931814,19.377100048586726,19.83160007512197,42.61400003451854,0.0,0
reactive-lru-k3,14,7,Toskarel,primary material,1,0.0,0.0,19.790199992712587,19.790199992712587,19.790199992712587,0.0,0
topic-k2,14,7,Toskarel,primary material,1,0.0,0.0,19.332800002302974,19.332800002302974,19.332800002302974,0.0,0
topic-k2,14,8,Quorvane,corporate color,0,0.48120005521923304,22.699300025124103,19.50410002609715,19.98530008131638,42.20340005122125,0.0,1
reactive-lru-k3,14,8,Quorvane,corporate color,0,0.46609999844804406,23.03899999242276,19.734099972993135,20.20019997144118,42.773099965415895,0.0,0
topic-k1,14,8,Quorvane,corporate color,0,0.48019998939707875,22.56169996690005,19.6460000006482,20.12619999004528,42.20769996754825,0.0,0
all-resident-k8,14,8,Quorvane,corporate color,1,0.0,0.0,19.674000039231032,19.674000039231032,19.674000039231032,0.0,0
reactive-lru-k2,14,8,Quorvane,corporate color,0,0.5015999777242541,22.562499972991645,18.967099953442812,19.468699931167066,41.52959992643446,0.0,0
reactive-lru-k1,14,8,Quorvane,corporate color,0,0.47039997298270464,22.76800002437085,21.540299989283085,22.01069996226579,44.308300013653934,0.0,0
oracle-k3,14,8,Quorvane,corporate color,1,0.0,0.0,19.28869995754212,19.28869995754212,19.28869995754212,10.309632,0
oracle-k2,14,8,Quorvane,corporate color,1,0.0,0.0,19.934399984776974,19.934399984776974,19.934399984776974,10.309632,0
on-demand-k1,14,8,Quorvane,corporate color,0,0.5021000397391617,24.008399981539696,19.863299967255443,20.365400006994605,43.87169994879514,0.0,0
topic-k3,14,8,Quorvane,corporate color,1,0.0,0.0,19.73050000378862,19.73050000378862,19.73050000378862,0.0,0
oracle-k1,14,8,Quorvane,corporate color,1,0.0,0.0,19.784800009801984,19.784800009801984,19.784800009801984,10.309632,0
reactive-lru-k1,14,9,Veltrax,board chair,0,0.44380000326782465,23.926800000481308,19.898700003977865,20.34250000724569,43.82550000445917,0.0,0
reactive-lru-k3,14,9,Veltrax,board chair,0,0.4414999857544899,23.768800019752234,20.793200004845858,21.234699990600348,44.56200002459809,0.0,0
oracle-k1,14,9,Veltrax,board chair,1,0.0,0.0,20.83440002752468,20.83440002752468,20.83440002752468,9.535488,0
oracle-k2,14,9,Veltrax,board chair,1,0.0,0.0,20.612399966921657,20.612399966921657,20.612399966921657,9.535488,0
all-resident-k8,14,9,Veltrax,board chair,1,0.0,0.0,21.00460004294291,21.00460004294291,21.00460004294291,0.0,0
on-demand-k1,14,9,Veltrax,board chair,0,0.4406999796628952,23.60050001880154,20.684099989011884,21.12479996867478,44.284600007813424,0.0,0
topic-k1,14,9,Veltrax,board chair,0,0.44890004210174084,25.81270004156977,20.772900024894625,21.221800066996366,46.585600066464394,0.0,0
reactive-lru-k2,14,9,Veltrax,board chair,0,0.4376999568194151,25.161299970932305,21.0977999959141,21.535499952733517,46.25909996684641,0.0,0
topic-k2,14,9,Veltrax,board chair,0,0.4146000137552619,24.422400048933923,21.16460003890097,21.579200052656233,45.587000087834895,9.437184,0
topic-k3,14,9,Veltrax,board chair,1,0.0,0.0,20.298699964769185,20.298699964769185,20.298699964769185,18.972672000000003,1
oracle-k3,14,9,Veltrax,board chair,1,0.0,0.0,20.903599972371012,20.903599972371012,20.903599972371012,9.535488,0
on-demand-k1,14,10,Veltrax,flagship product,0,0.4391000256873667,24.443300033453852,22.4760000128299,22.915100038517267,46.91930004628375,0.0,0
all-resident-k8,14,10,Veltrax,flagship product,1,0.0,0.0,19.688599975779653,19.688599975779653,19.688599975779653,0.0,0
topic-k2,14,10,Veltrax,flagship product,1,0.0,0.0,19.92910000262782,19.92910000262782,19.92910000262782,9.510912,1
topic-k3,14,10,Veltrax,flagship product,1,0.0,0.0,20.589300023857504,20.589300023857504,20.589300023857504,9.510912,1
reactive-lru-k2,14,10,Veltrax,flagship product,1,0.0,0.0,20.22830001078546,20.22830001078546,20.22830001078546,0.0,0
reactive-lru-k3,14,10,Veltrax,flagship product,1,0.0,0.0,20.976200001314282,20.976200001314282,20.976200001314282,0.0,0
reactive-lru-k1,14,10,Veltrax,flagship product,1,0.0,0.0,21.076300006825477,21.076300006825477,21.076300006825477,0.0,0
oracle-k3,14,10,Veltrax,flagship product,1,0.0,0.0,21.02390001527965,21.02390001527965,21.02390001527965,0.0,0
oracle-k1,14,10,Veltrax,flagship product,1,0.0,0.0,19.55539995105937,19.55539995105937,19.55539995105937,0.0,0
topic-k1,14,10,Veltrax,flagship product,1,0.0,0.0,20.089600002393126,20.089600002393126,20.089600002393126,0.0,0
oracle-k2,14,10,Veltrax,flagship product,1,0.0,0.0,20.716500002890825,20.716500002890825,20.716500002890825,0.0,0
reactive-lru-k1,14,11,Quorvane,corporate color,0,0.47339999582618475,23.187900020275265,19.856099970638752,20.329499966464937,43.04399999091402,0.0,0
topic-k1,14,11,Quorvane,corporate color,0,0.47040003119036555,23.364000022411346,21.9797000172548,22.450100048445165,45.343700039666146,0.0,0
on-demand-k1,14,11,Quorvane,corporate color,0,0.48160000005736947,24.2065999773331,19.97650001430884,20.45810001436621,44.18309999164194,0.0,0
oracle-k1,14,11,Quorvane,corporate color,1,0.0,0.0,20.50809998763725,20.50809998763725,20.50809998763725,10.309632,0
topic-k3,14,11,Quorvane,corporate color,1,0.0,0.0,20.90099995257333,20.90099995257333,20.90099995257333,0.0,0
oracle-k3,14,11,Quorvane,corporate color,1,0.0,0.0,21.269500022754073,21.269500022754073,21.269500022754073,10.309632,0
reactive-lru-k3,14,11,Quorvane,corporate color,1,0.0,0.0,20.744799985550344,20.744799985550344,20.744799985550344,0.0,0
all-resident-k8,14,11,Quorvane,corporate color,1,0.0,0.0,20.20200004335493,20.20200004335493,20.20200004335493,0.0,0
reactive-lru-k2,14,11,Quorvane,corporate color,1,0.0,0.0,21.00459998473525,21.00459998473525,21.00459998473525,0.0,0
oracle-k2,14,11,Quorvane,corporate color,1,0.0,0.0,19.78400000371039,19.78400000371039,19.78400000371039,10.309632,0
topic-k2,14,11,Quorvane,corporate color,0,0.48210000386461616,22.92899996973574,20.9366999915801,21.418799995444715,43.86569996131584,0.0,1
oracle-k1,15,0,Bramwick,mascot animal,1,0.0,0.0,20.34960000310093,20.34960000310093,20.34960000310093,8.835072,0
reactive-lru-k1,15,0,Bramwick,mascot animal,0,0.4171000327914953,22.92070002295077,19.906300003640354,20.32340003643185,42.82700002659112,0.0,0
reactive-lru-k2,15,0,Bramwick,mascot animal,0,0.4084000247530639,22.91870000772178,20.125299983192235,20.5337000079453,43.04399999091402,0.0,0
reactive-lru-k3,15,0,Bramwick,mascot animal,0,0.508100027218461,24.550399975851178,20.07300005061552,20.58110007783398,44.6234000264667,0.0,0
oracle-k3,15,0,Bramwick,mascot animal,1,0.0,0.0,19.381500023882836,19.381500023882836,19.381500023882836,8.835072,0
oracle-k2,15,0,Bramwick,mascot animal,1,0.0,0.0,19.550300028640777,19.550300028640777,19.550300028640777,8.835072,0
on-demand-k1,15,0,Bramwick,mascot animal,0,0.41529996087774634,23.476700007449836,21.235199994407594,21.65049995528534,44.71190000185743,0.0,0
topic-k3,15,0,Bramwick,mascot animal,0,0.4228000179864466,22.587799991015345,20.316299982368946,20.739100000355393,42.90409997338429,0.0,0
topic-k1,15,0,Bramwick,mascot animal,0,0.42240001494064927,23.61089998157695,20.253900031093508,20.676300046034157,43.86480001267046,0.0,0
all-resident-k8,15,0,Bramwick,mascot animal,1,0.0,0.0,20.770900009665638,20.770900009665638,20.770900009665638,75.472896,0
topic-k2,15,0,Bramwick,mascot animal,0,0.41500001680105925,22.927199956029654,20.937299996148795,21.352300012949854,43.86449995217845,0.0,0
oracle-k2,15,1,Veltrax,lucky number,1,0.0,0.0,20.72920004138723,20.72920004138723,20.72920004138723,9.535488,0
oracle-k3,15,1,Veltrax,lucky number,1,0.0,0.0,20.697499974630773,20.697499974630773,20.697499974630773,9.535488,0
reactive-lru-k1,15,1,Veltrax,lucky number,0,0.44130004243925214,23.592100013047457,20.13509999960661,20.57640004204586,43.727200012654066,0.0,0
all-resident-k8,15,1,Veltrax,lucky number,1,0.0,0.0,19.035300007089972,19.035300007089972,19.035300007089972,0.0,0
topic-k2,15,1,Veltrax,lucky number,0,0.41450001299381256,24.062399985268712,19.926699984353036,20.34119999734685,43.98909996962175,9.474048,0
oracle-k1,15,1,Veltrax,lucky number,1,0.0,0.0,20.602100004907697,20.602100004907697,20.602100004907697,9.535488,0
reactive-lru-k2,15,1,Veltrax,lucky number,0,0.4539000219665468,23.00630003446713,19.804099982138723,20.25800000410527,42.810400016605854,0.0,0
topic-k1,15,1,Veltrax,lucky number,0,0.43590000132098794,23.47469999222085,19.90379998460412,20.339699985925108,43.37849997682497,0.0,0
on-demand-k1,15,1,Veltrax,lucky number,0,0.4461000207811594,24.12519999779761,19.5157999987714,19.96190001955256,43.64099999656901,0.0,0
reactive-lru-k3,15,1,Veltrax,lucky number,0,0.44780003372579813,22.937700035981834,19.626400026027113,20.07420005975291,42.56410006200895,0.0,0
topic-k3,15,1,Veltrax,lucky number,0,0.4123999970033765,22.614599962253124,19.822900008875877,20.235300005879253,42.437499971129,19.78368,0
on-demand-k1,15,2,Quorvane,annual revenue,0,0.47719996655359864,22.740099986549467,19.375699979718775,19.852899946272373,42.11579996626824,0.0,0
reactive-lru-k1,15,2,Quorvane,annual revenue,0,0.477299967315048,24.088500009384006,20.808800007216632,21.28609997453168,44.89730001660064,0.0,0
oracle-k1,15,2,Quorvane,annual revenue,1,0.0,0.0,21.959700039587915,21.959700039587915,21.959700039587915,10.309632,0
reactive-lru-k3,15,2,Quorvane,annual revenue,0,0.47640001866966486,23.863700043875724,21.123799961060286,21.60019997972995,44.98750000493601,0.0,0
topic-k1,15,2,Quorvane,annual revenue,0,0.48459996469318867,24.07040004618466,20.578399999067187,21.062999963760376,44.648800045251846,0.0,0
oracle-k3,15,2,Quorvane,annual revenue,1,0.0,0.0,21.17670001462102,21.17670001462102,21.17670001462102,10.309632,0
topic-k2,15,2,Quorvane,annual revenue,0,0.44600002001971006,23.14710000064224,20.398300024680793,20.844300044700503,43.54540002532303,9.510912,1
reactive-lru-k2,15,2,Quorvane,annual revenue,0,0.49050000961869955,22.920200019143522,21.362599974963814,21.853099984582514,44.282799994107336,0.0,0
all-resident-k8,15,2,Quorvane,annual revenue,1,0.0,0.0,20.917900023050606,20.917900023050606,20.917900023050606,0.0,0
topic-k3,15,2,Quorvane,annual revenue,1,0.0,0.0,19.678099954035133,19.678099954035133,19.678099954035133,9.510912,1
oracle-k2,15,2,Quorvane,annual revenue,1,0.0,0.0,21.388900000602007,21.388900000602007,21.388900000602007,10.309632,0
oracle-k2,15,3,Quorvane,corporate color,1,0.0,0.0,21.40630001667887,21.40630001667887,21.40630001667887,0.0,0
oracle-k3,15,3,Quorvane,corporate color,1,0.0,0.0,20.17970004817471,20.17970004817471,20.17970004817471,0.0,0
on-demand-k1,15,3,Quorvane,corporate color,0,0.46939996536821127,23.01369997439906,19.994799979031086,20.464199944399297,43.008499953430146,0.0,0
reactive-lru-k3,15,3,Quorvane,corporate color,1,0.0,0.0,20.432400051504374,20.432400051504374,20.432400051504374,0.0,0
reactive-lru-k1,15,3,Quorvane,corporate color,1,0.0,0.0,20.086799981072545,20.086799981072545,20.086799981072545,0.0,0
topic-k3,15,3,Quorvane,corporate color,1,0.0,0.0,20.039500028360635,20.039500028360635,20.039500028360635,9.437184,1
reactive-lru-k2,15,3,Quorvane,corporate color,1,0.0,0.0,20.409099990502,20.409099990502,20.409099990502,0.0,0
all-resident-k8,15,3,Quorvane,corporate color,1,0.0,0.0,20.450000010896474,20.450000010896474,20.450000010896474,0.0,0
oracle-k1,15,3,Quorvane,corporate color,1,0.0,0.0,21.781700022984296,21.781700022984296,21.781700022984296,0.0,0
topic-k2,15,3,Quorvane,corporate color,1,0.0,0.0,20.588799961842597,20.588799961842597,20.588799961842597,9.437184,1
topic-k1,15,3,Quorvane,corporate color,1,0.0,0.0,20.157699997071177,20.157699997071177,20.157699997071177,0.0,0
oracle-k3,15,4,Quorvane,headquarters city,1,0.0,0.0,20.857399969827384,20.857399969827384,20.857399969827384,0.0,0
topic-k3,15,4,Quorvane,headquarters city,1,0.0,0.0,25.6468000006862,25.6468000006862,25.6468000006862,0.0,0
topic-k1,15,4,Quorvane,headquarters city,1,0.0,0.0,20.044200005941093,20.044200005941093,20.044200005941093,0.0,0
reactive-lru-k3,15,4,Quorvane,headquarters city,1,0.0,0.0,19.48439999250695,19.48439999250695,19.48439999250695,0.0,0
on-demand-k1,15,4,Quorvane,headquarters city,0,0.47669996274635196,23.334199970122427,20.694100006949157,21.17079996969551,44.02829997707158,0.0,0
reactive-lru-k1,15,4,Quorvane,headquarters city,1,0.0,0.0,19.329899980220944,19.329899980220944,19.329899980220944,0.0,0
topic-k2,15,4,Quorvane,headquarters city,1,0.0,0.0,21.33660000981763,21.33660000981763,21.33660000981763,0.0,0
all-resident-k8,15,4,Quorvane,headquarters city,1,0.0,0.0,22.094199957791716,22.094199957791716,22.094199957791716,0.0,0
reactive-lru-k2,15,4,Quorvane,headquarters city,1,0.0,0.0,20.14069998404011,20.14069998404011,20.14069998404011,0.0,0
oracle-k2,15,4,Quorvane,headquarters city,1,0.0,0.0,20.423599984496832,20.423599984496832,20.423599984496832,0.0,0
oracle-k1,15,4,Quorvane,headquarters city,1,0.0,0.0,21.27450000261888,21.27450000261888,21.27450000261888,0.0,0
reactive-lru-k1,15,5,Quorvane,chief executive,1,0.0,0.0,20.473099953960627,20.473099953960627,20.473099953960627,0.0,0
on-demand-k1,15,5,Quorvane,chief executive,0,0.47669996274635196,22.896100010257214,20.99599997745827,21.47269994020462,43.89209998771548,0.0,0
topic-k1,15,5,Quorvane,chief executive,1,0.0,0.0,21.267500007525086,21.267500007525086,21.267500007525086,0.0,0
reactive-lru-k3,15,5,Quorvane,chief executive,1,0.0,0.0,22.995400009676814,22.995400009676814,22.995400009676814,0.0,0
oracle-k1,15,5,Quorvane,chief executive,1,0.0,0.0,21.008000010624528,21.008000010624528,21.008000010624528,0.0,0
topic-k3,15,5,Quorvane,chief executive,1,0.0,0.0,21.827799966558814,21.827799966558814,21.827799966558814,0.0,0
topic-k2,15,5,Quorvane,chief executive,1,0.0,0.0,20.472300006076694,20.472300006076694,20.472300006076694,0.0,0
oracle-k3,15,5,Quorvane,chief executive,1,0.0,0.0,20.8740999805741,20.8740999805741,20.8740999805741,0.0,0
oracle-k2,15,5,Quorvane,chief executive,1,0.0,0.0,20.238299970515072,20.238299970515072,20.238299970515072,0.0,0
all-resident-k8,15,5,Quorvane,chief executive,1,0.0,0.0,20.429299969691783,20.429299969691783,20.429299969691783,0.0,0
reactive-lru-k2,15,5,Quorvane,chief executive,1,0.0,0.0,20.425900002010167,20.425900002010167,20.425900002010167,0.0,0
oracle-k1,15,6,Seluun,stock ticker,1,0.0,0.0,19.412399968132377,19.412399968132377,19.412399968132377,9.437184,0
reactive-lru-k2,15,6,Seluun,stock ticker,0,0.4705999745056033,23.480200034100562,20.303600002080202,20.774199976585805,43.783800036180764,0.0,0
oracle-k2,15,6,Seluun,stock ticker,1,0.0,0.0,20.94230003422126,20.94230003422126,20.94230003422126,9.437184,0
reactive-lru-k3,15,6,Seluun,stock ticker,0,0.4440000047907233,22.89809996727854,21.325399982742965,21.76939998753369,44.223499950021505,0.0,0
topic-k2,15,6,Seluun,stock ticker,1,0.0,0.0,20.57350001996383,20.57350001996383,20.57350001996383,0.0,0
oracle-k3,15,6,Seluun,stock ticker,1,0.0,0.0,20.45660000294447,20.45660000294447,20.45660000294447,9.437184,0
topic-k3,15,6,Seluun,stock ticker,1,0.0,0.0,20.491000032052398,20.491000032052398,20.491000032052398,0.0,0
all-resident-k8,15,6,Seluun,stock ticker,1,0.0,0.0,20.923699950799346,20.923699950799346,20.923699950799346,0.0,0
reactive-lru-k1,15,6,Seluun,stock ticker,0,0.43479999294504523,23.047099995892495,21.17650001309812,21.611300006043166,44.223600008990616,0.0,0
topic-k1,15,6,Seluun,stock ticker,0,0.4954999894835055,23.3633000170812,19.94819997344166,20.443699962925166,43.31149999052286,0.0,0
on-demand-k1,15,6,Seluun,stock ticker,0,0.4401000333018601,22.59310003137216,20.775399985723197,21.215500019025058,43.36850001709536,0.0,0
topic-k2,15,7,Bramwick,employee count,1,0.0,0.0,20.615800051018596,20.615800051018596,20.615800051018596,8.835072,0
reactive-lru-k1,15,7,Bramwick,employee count,0,0.42039999971166253,23.457699979189783,20.56200004881248,20.98240004852414,44.01970002800226,0.0,0
reactive-lru-k2,15,7,Bramwick,employee count,0,0.42070000199601054,23.051199968904257,20.13029996305704,20.55099996505305,43.1814999319613,0.0,0
oracle-k1,15,7,Bramwick,employee count,1,0.0,0.0,20.779799961019307,20.779799961019307,20.779799961019307,8.835072,0
oracle-k2,15,7,Bramwick,employee count,1,0.0,0.0,19.695800030604005,19.695800030604005,19.695800030604005,8.835072,0
all-resident-k8,15,7,Bramwick,employee count,1,0.0,0.0,20.271899993531406,20.271899993531406,20.271899993531406,0.0,0
oracle-k3,15,7,Bramwick,employee count,1,0.0,0.0,19.51260003261268,19.51260003261268,19.51260003261268,8.835072,0
topic-k1,15,7,Bramwick,employee count,0,0.4352999967522919,23.166699975263327,20.443500019609928,20.87880001636222,43.610199994873255,0.0,0
reactive-lru-k3,15,7,Bramwick,employee count,0,0.4124999977648258,23.343100037891418,21.74389996798709,22.156399965751916,45.08700000587851,0.0,0
topic-k3,15,7,Bramwick,employee count,1,0.0,0.0,20.646599994506687,20.646599994506687,20.646599994506687,18.444288,0
on-demand-k1,15,7,Bramwick,employee count,0,0.4162999684922397,23.553699953481555,20.12170001398772,20.53799998247996,43.675399967469275,0.0,0
topic-k2,15,8,Quorvane,founding river,0,0.4458000184968114,23.22989999083802,21.221300004981458,21.66710002347827,44.45119999581948,9.474048,0
topic-k3,15,8,Quorvane,founding river,1,0.0,0.0,19.971299974713475,19.971299974713475,19.971299974713475,19.78368,1
on-demand-k1,15,8,Quorvane,founding river,0,0.4675000091083348,23.011700017377734,19.87130002817139,20.338800037279725,42.883000045549124,0.0,0
reactive-lru-k3,15,8,Quorvane,founding river,1,0.0,0.0,19.901499967090786,19.901499967090786,19.901499967090786,0.0,0
reactive-lru-k1,15,8,Quorvane,founding river,0,0.4873999860137701,22.288799984380603,20.785900007467717,21.273299993481487,43.07469999184832,0.0,0
all-resident-k8,15,8,Quorvane,founding river,1,0.0,0.0,21.141400036867708,21.141400036867708,21.141400036867708,0.0,0
reactive-lru-k2,15,8,Quorvane,founding river,0,0.4797999863512814,22.51759998034686,20.407899981364608,20.88769996771589,42.925499961711466,0.0,0
topic-k1,15,8,Quorvane,founding river,0,0.4854999715462327,23.33970001200214,19.804199982900172,20.289699954446405,43.14389999490231,0.0,0
oracle-k3,15,8,Quorvane,founding river,1,0.0,0.0,20.088299992494285,20.088299992494285,20.088299992494285,10.309632,0
oracle-k2,15,8,Quorvane,founding river,1,0.0,0.0,19.22959997318685,19.22959997318685,19.22959997318685,10.309632,0
oracle-k1,15,8,Quorvane,founding river,1,0.0,0.0,18.977600033394992,18.977600033394992,18.977600033394992,10.309632,0
all-resident-k8,15,9,Seluun,annual revenue,1,0.0,0.0,20.14219999546185,20.14219999546185,20.14219999546185,0.0,0
reactive-lru-k3,15,9,Seluun,annual revenue,1,0.0,0.0,19.82969994423911,19.82969994423911,19.82969994423911,0.0,0
topic-k2,15,9,Seluun,annual revenue,1,0.0,0.0,19.75699997274205,19.75699997274205,19.75699997274205,9.437184,1
oracle-k3,15,9,Seluun,annual revenue,1,0.0,0.0,20.045100012794137,20.045100012794137,20.045100012794137,9.437184,0
on-demand-k1,15,9,Seluun,annual revenue,0,0.4363999469205737,22.23880001110956,21.792099985759705,22.22849993268028,44.030899996869266,0.0,0
oracle-k2,15,9,Seluun,annual revenue,1,0.0,0.0,19.858299987390637,19.858299987390637,19.858299987390637,9.437184,0
oracle-k1,15,9,Seluun,annual revenue,1,0.0,0.0,19.911899988073856,19.911899988073856,19.911899988073856,9.437184,0
reactive-lru-k2,15,9,Seluun,annual revenue,0,0.42719999328255653,22.506400011479855,19.707600004039705,20.13479999732226,42.21400001551956,0.0,0
topic-k3,15,9,Seluun,annual revenue,1,0.0,0.0,19.78949998738244,19.78949998738244,19.78949998738244,18.972672000000003,1
reactive-lru-k1,15,9,Seluun,annual revenue,0,0.4282000008970499,22.540600039064884,19.716100010555238,20.144300011452287,42.25670004962012,0.0,0
topic-k1,15,9,Seluun,annual revenue,0,0.43129996629431844,23.81109999259934,19.439299998339266,19.870599964633584,43.250399990938604,0.0,0
reactive-lru-k1,15,10,Bramwick,annual revenue,0,0.41500001680105925,23.30869995057583,20.20180004183203,20.61680005863309,43.51049999240786,0.0,0
oracle-k2,15,10,Bramwick,annual revenue,1,0.0,0.0,25.10259998962283,25.10259998962283,25.10259998962283,8.835072,0
on-demand-k1,15,10,Bramwick,annual revenue,0,0.41750003583729267,24.24639998935163,20.6950000138022,21.112500049639493,44.94140000315383,0.0,0
reactive-lru-k3,15,10,Bramwick,annual revenue,1,0.0,0.0,19.950699992477894,19.950699992477894,19.950699992477894,0.0,0
topic-k3,15,10,Bramwick,annual revenue,1,0.0,0.0,19.649700028821826,19.649700028821826,19.649700028821826,18.444288,1
oracle-k1,15,10,Bramwick,annual revenue,1,0.0,0.0,21.41809999011457,21.41809999011457,21.41809999011457,8.835072,0
topic-k2,15,10,Bramwick,annual revenue,1,0.0,0.0,20.104800001718104,20.104800001718104,20.104800001718104,8.835072,0
all-resident-k8,15,10,Bramwick,annual revenue,1,0.0,0.0,20.293799985665828,20.293799985665828,20.293799985665828,0.0,0
topic-k1,15,10,Bramwick,annual revenue,0,0.4059000057168305,22.36639999318868,21.676299977116287,22.082199982833117,44.042699970304966,0.0,0
oracle-k3,15,10,Bramwick,annual revenue,1,0.0,0.0,19.711999979335815,19.711999979335815,19.711999979335815,8.835072,0
reactive-lru-k2,15,10,Bramwick,annual revenue,0,0.4029999836347997,23.430400004144758,20.174300007056445,20.577299990691245,43.6047000112012,0.0,0
topic-k1,15,11,Bramwick,chief engineer,1,0.0,0.0,19.430799991823733,19.430799991823733,19.430799991823733,0.0,0
oracle-k2,15,11,Bramwick,chief engineer,1,0.0,0.0,19.939000019803643,19.939000019803643,19.939000019803643,0.0,0
oracle-k3,15,11,Bramwick,chief engineer,1,0.0,0.0,19.80319997528568,19.80319997528568,19.80319997528568,0.0,0
topic-k3,15,11,Bramwick,chief engineer,1,0.0,0.0,19.354499992914498,19.354499992914498,19.354499992914498,19.78368,1
reactive-lru-k1,15,11,Bramwick,chief engineer,1,0.0,0.0,21.326499991118908,21.326499991118908,21.326499991118908,0.0,0
on-demand-k1,15,11,Bramwick,chief engineer,0,0.40630000876262784,22.899300034623593,20.000700023956597,20.407000032719225,42.90000005858019,0.0,0
all-resident-k8,15,11,Bramwick,chief engineer,1,0.0,0.0,20.21330001298338,20.21330001298338,20.21330001298338,0.0,0
reactive-lru-k2,15,11,Bramwick,chief engineer,1,0.0,0.0,20.215699973050505,20.215699973050505,20.215699973050505,0.0,0
topic-k2,15,11,Bramwick,chief engineer,1,0.0,0.0,19.55099997576326,19.55099997576326,19.55099997576326,9.474048,0
oracle-k1,15,11,Bramwick,chief engineer,1,0.0,0.0,20.590500032994896,20.590500032994896,20.590500032994896,0.0,0
reactive-lru-k3,15,11,Bramwick,chief engineer,1,0.0,0.0,20.651399972848594,20.651399972848594,20.651399972848594,0.0,0
topic-k3,16,0,Seluun,mascot animal,0,0.44329999946057796,22.200900013558567,21.29209996201098,21.735399961471558,43.492999975569546,0.0,0
oracle-k2,16,0,Seluun,mascot animal,1,0.0,0.0,20.746099995449185,20.746099995449185,20.746099995449185,9.437184,0
topic-k2,16,0,Seluun,mascot animal,0,0.4387000226415694,25.12970002135262,20.676899992395192,21.11560001503676,45.80660001374781,0.0,0
reactive-lru-k2,16,0,Seluun,mascot animal,0,0.43479999294504523,23.9844000316225,19.664700026623905,20.09950001956895,43.649100058246404,0.0,0
oracle-k3,16,0,Seluun,mascot animal,1,0.0,0.0,20.974699989892542,20.974699989892542,20.974699989892542,9.437184,0
oracle-k1,16,0,Seluun,mascot animal,1,0.0,0.0,20.56770003400743,20.56770003400743,20.56770003400743,9.437184,0
reactive-lru-k3,16,0,Seluun,mascot animal,0,0.4290000069886446,22.603999997954816,20.225899992510676,20.65489999949932,42.82989999046549,0.0,0
topic-k1,16,0,Seluun,mascot animal,0,0.4282000008970499,22.229199996218085,20.768500049598515,21.196700050495565,42.9977000458166,0.0,0
on-demand-k1,16,0,Seluun,mascot animal,0,0.44510001316666603,23.350500036031008,21.183599950745702,21.628699963912368,44.53409998677671,0.0,0
reactive-lru-k1,16,0,Seluun,mascot animal,0,0.4691999638453126,22.691500023938715,20.675300038419664,21.144500002264977,43.36680006235838,0.0,0
all-resident-k8,16,0,Seluun,mascot animal,1,0.0,0.0,19.774299988057464,19.774299988057464,19.774299988057464,75.472896,0
oracle-k1,16,1,Seluun,board chair,1,0.0,0.0,20.042799995280802,20.042799995280802,20.042799995280802,0.0,0
topic-k3,16,1,Seluun,board chair,1,0.0,0.0,19.90220003062859,19.90220003062859,19.90220003062859,18.444288,0
reactive-lru-k3,16,1,Seluun,board chair,1,0.0,0.0,21.12160000251606,21.12160000251606,21.12160000251606,0.0,0
topic-k1,16,1,Seluun,board chair,1,0.0,0.0,19.786200020462275,19.786200020462275,19.786200020462275,0.0,0
reactive-lru-k1,16,1,Seluun,board chair,1,0.0,0.0,20.69779997691512,20.69779997691512,20.69779997691512,0.0,0
all-resident-k8,16,1,Seluun,board chair,1,0.0,0.0,19.988999993074685,19.988999993074685,19.988999993074685,0.0,0
reactive-lru-k2,16,1,Seluun,board chair,1,0.0,0.0,19.702000019606203,19.702000019606203,19.702000019606203,0.0,0
oracle-k3,16,1,Seluun,board chair,1,0.0,0.0,19.176799978595227,19.176799978595227,19.176799978595227,0.0,0
topic-k2,16,1,Seluun,board chair,1,0.0,0.0,20.0918999616988,20.0918999616988,20.0918999616988,8.835072,0
oracle-k2,16,1,Seluun,board chair,1,0.0,0.0,20.634000014979392,20.634000014979392,20.634000014979392,0.0,0
on-demand-k1,16,1,Seluun,board chair,0,0.44029997661709785,23.358299979008734,20.768699992913753,21.20899996953085,44.12699997192249,0.0,0
all-resident-k8,16,2,Seluun,flagship product,1,0.0,0.0,20.474900025874376,20.474900025874376,20.474900025874376,0.0,0
oracle-k3,16,2,Seluun,flagship product,1,0.0,0.0,21.552500023972243,21.552500023972243,21.552500023972243,0.0,0
topic-k1,16,2,Seluun,flagship product,1,0.0,0.0,19.82099999440834,19.82099999440834,19.82099999440834,0.0,0
topic-k2,16,2,Seluun,flagship product,1,0.0,0.0,20.68610000424087,20.68610000424087,20.68610000424087,0.0,0
oracle-k2,16,2,Seluun,flagship product,1,0.0,0.0,20.124099974054843,20.124099974054843,20.124099974054843,0.0,0
topic-k3,16,2,Seluun,flagship product,1,0.0,0.0,20.750200026668608,20.750200026668608,20.750200026668608,0.0,0
reactive-lru-k1,16,2,Seluun,flagship product,1,0.0,0.0,20.67289996193722,20.67289996193722,20.67289996193722,0.0,0
on-demand-k1,16,2,Seluun,flagship product,0,0.4322000313550234,22.882700024638325,20.509299996774644,20.941500028129667,43.39200002141297,0.0,0
reactive-lru-k3,16,2,Seluun,flagship product,1,0.0,0.0,20.8118999726139,20.8118999726139,20.8118999726139,0.0,0
oracle-k1,16,2,Seluun,flagship product,1,0.0,0.0,21.193500026129186,21.193500026129186,21.193500026129186,0.0,0
reactive-lru-k2,16,2,Seluun,flagship product,1,0.0,0.0,19.984499958809465,19.984499958809465,19.984499958809465,0.0,0
reactive-lru-k1,16,3,Draskel,motto word,0,0.4401999758556485,23.874300008174032,21.1737000499852,21.61390002584085,45.04800005815923,0.0,0
topic-k1,16,3,Draskel,motto word,0,0.44350000098347664,23.696200049016625,19.24150000559166,19.685000006575137,42.937700054608285,0.0,0
oracle-k3,16,3,Draskel,motto word,1,0.0,0.0,19.496100023388863,19.496100023388863,19.496100023388863,9.609216,0
oracle-k2,16,3,Draskel,motto word,1,0.0,0.0,19.912399991881102,19.912399991881102,19.912399991881102,9.609216,0
oracle-k1,16,3,Draskel,motto word,1,0.0,0.0,20.602500007953495,20.602500007953495,20.602500007953495,9.609216,0
reactive-lru-k3,16,3,Draskel,motto word,0,0.4539000219665468,24.883799953386188,19.46359995054081,19.917499972507358,44.347399903927,0.0,0
topic-k3,16,3,Draskel,motto word,1,0.0,0.0,20.951100043021142,20.951100043021142,20.951100043021142,0.0,0
all-resident-k8,16,3,Draskel,motto word,1,0.0,0.0,20.858799980487674,20.858799980487674,20.858799980487674,0.0,0
on-demand-k1,16,3,Draskel,motto word,0,0.4388000234030187,22.641200048383325,19.707200000993907,20.146000024396926,42.34840004937723,0.0,0
topic-k2,16,3,Draskel,motto word,0,0.4634999786503613,23.7294000107795,19.416900002397597,19.880399981047958,43.1463000131771,0.0,1
reactive-lru-k2,16,3,Draskel,motto word,0,0.4564999835565686,22.479999985080212,19.855799968354404,20.312299951910973,42.335799953434616,0.0,0
topic-k1,16,4,Draskel,anthem composer,1,0.0,0.0,19.32020002277568,19.32020002277568,19.32020002277568,0.0,0
oracle-k3,16,4,Draskel,anthem composer,1,0.0,0.0,20.21499996772036,20.21499996772036,20.21499996772036,0.0,0
all-resident-k8,16,4,Draskel,anthem composer,1,0.0,0.0,20.283499965444207,20.283499965444207,20.283499965444207,0.0,0
reactive-lru-k3,16,4,Draskel,anthem composer,1,0.0,0.0,20.18859999952838,20.18859999952838,20.18859999952838,0.0,0
oracle-k1,16,4,Draskel,anthem composer,1,0.0,0.0,21.31889999145642,21.31889999145642,21.31889999145642,0.0,0
reactive-lru-k1,16,4,Draskel,anthem composer,1,0.0,0.0,21.2535000173375,21.2535000173375,21.2535000173375,0.0,0
oracle-k2,16,4,Draskel,anthem composer,1,0.0,0.0,20.92320000519976,20.92320000519976,20.92320000519976,0.0,0
reactive-lru-k2,16,4,Draskel,anthem composer,1,0.0,0.0,21.232099970802665,21.232099970802665,21.232099970802665,0.0,0
topic-k3,16,4,Draskel,anthem composer,1,0.0,0.0,20.533100003376603,20.533100003376603,20.533100003376603,9.510912,1
on-demand-k1,16,4,Draskel,anthem composer,0,0.45200000749900937,22.629499959293753,20.558500022161752,21.01050002966076,43.187999981455505,0.0,0
topic-k2,16,4,Draskel,anthem composer,1,0.0,0.0,20.642500021494925,20.642500021494925,20.642500021494925,0.0,0
topic-k1,16,5,Draskel,mascot animal,1,0.0,0.0,20.712299970909953,20.712299970909953,20.712299970909953,0.0,0
oracle-k1,16,5,Draskel,mascot animal,1,0.0,0.0,21.569600037764758,21.569600037764758,21.569600037764758,0.0,0
topic-k3,16,5,Draskel,mascot animal,1,0.0,0.0,20.79899999080226,20.79899999080226,20.79899999080226,0.0,0
reactive-lru-k1,16,5,Draskel,mascot animal,1,0.0,0.0,21.25650004018098,21.25650004018098,21.25650004018098,0.0,0
topic-k2,16,5,Draskel,mascot animal,1,0.0,0.0,20.319400005973876,20.319400005973876,20.319400005973876,0.0,0
on-demand-k1,16,5,Draskel,mascot animal,0,0.4524000105448067,23.755099973641336,20.24750004056841,20.699900051113218,44.00260001420975,0.0,0
all-resident-k8,16,5,Draskel,mascot animal,1,0.0,0.0,20.23989998269826,20.23989998269826,20.23989998269826,0.0,0
reactive-lru-k2,16,5,Draskel,mascot animal,1,0.0,0.0,20.694400009233505,20.694400009233505,20.694400009233505,0.0,0
oracle-k3,16,5,Draskel,mascot animal,1,0.0,0.0,21.190900006331503,21.190900006331503,21.190900006331503,0.0,0
oracle-k2,16,5,Draskel,mascot animal,1,0.0,0.0,21.074999996926636,21.074999996926636,21.074999996926636,0.0,0
reactive-lru-k3,16,5,Draskel,mascot animal,1,0.0,0.0,21.059000049717724,21.059000049717724,21.059000049717724,0.0,0
on-demand-k1,16,6,Draskel,satellite name,0,0.4558000364340842,23.79589999327436,21.949700021650642,22.405500058084726,45.745600014925,0.0,0
reactive-lru-k3,16,6,Draskel,satellite name,1,0.0,0.0,21.137100004125386,21.137100004125386,21.137100004125386,0.0,0
reactive-lru-k1,16,6,Draskel,satellite name,1,0.0,0.0,22.712200006935745,22.712200006935745,22.712200006935745,0.0,0
oracle-k3,16,6,Draskel,satellite name,1,0.0,0.0,21.022100001573563,21.022100001573563,21.022100001573563,0.0,0
oracle-k1,16,6,Draskel,satellite name,1,0.0,0.0,20.892800006549805,20.892800006549805,20.892800006549805,0.0,0
topic-k1,16,6,Draskel,satellite name,1,0.0,0.0,19.97510000364855,19.97510000364855,19.97510000364855,0.0,0
all-resident-k8,16,6,Draskel,satellite name,1,0.0,0.0,19.44429997820407,19.44429997820407,19.44429997820407,0.0,0
reactive-lru-k2,16,6,Draskel,satellite name,1,0.0,0.0,20.26259998092428,20.26259998092428,20.26259998092428,0.0,0
topic-k3,16,6,Draskel,satellite name,1,0.0,0.0,19.826600037049502,19.826600037049502,19.826600037049502,0.0,0
topic-k2,16,6,Draskel,satellite name,1,0.0,0.0,20.50069998949766,20.50069998949766,20.50069998949766,0.0,0
oracle-k2,16,6,Draskel,satellite name,1,0.0,0.0,20.70420002564788,20.70420002564788,20.70420002564788,0.0,0
oracle-k1,16,7,Draskel,board chair,1,0.0,0.0,19.695500028319657,19.695500028319657,19.695500028319657,0.0,0
oracle-k2,16,7,Draskel,board chair,1,0.0,0.0,20.958299981430173,20.958299981430173,20.958299981430173,0.0,0
on-demand-k1,16,7,Draskel,board chair,0,0.45110000064596534,22.132900019641966,22.00609998544678,22.457199986092746,44.13900000508875,0.0,0
reactive-lru-k3,16,7,Draskel,board chair,1,0.0,0.0,20.6385999917984,20.6385999917984,20.6385999917984,0.0,0
oracle-k3,16,7,Draskel,board chair,1,0.0,0.0,20.578299998305738,20.578299998305738,20.578299998305738,0.0,0
topic-k3,16,7,Draskel,board chair,1,0.0,0.0,20.653999992646277,20.653999992646277,20.653999992646277,0.0,0
topic-k1,16,7,Draskel,board chair,1,0.0,0.0,21.092699957080185,21.092699957080185,21.092699957080185,0.0,0
reactive-lru-k2,16,7,Draskel,board chair,1,0.0,0.0,21.35579998139292,21.35579998139292,21.35579998139292,0.0,0
all-resident-k8,16,7,Draskel,board chair,1,0.0,0.0,22.05209998646751,22.05209998646751,22.05209998646751,0.0,0
topic-k2,16,7,Draskel,board chair,1,0.0,0.0,21.222000010311604,21.222000010311604,21.222000010311604,0.0,0
reactive-lru-k1,16,7,Draskel,board chair,1,0.0,0.0,21.346100023947656,21.346100023947656,21.346100023947656,0.0,0
topic-k2,16,8,Draskel,stock ticker,1,0.0,0.0,20.273400004953146,20.273400004953146,20.273400004953146,0.0,0
oracle-k2,16,8,Draskel,stock ticker,1,0.0,0.0,20.056100038345903,20.056100038345903,20.056100038345903,0.0,0
all-resident-k8,16,8,Draskel,stock ticker,1,0.0,0.0,22.050000028684735,22.050000028684735,22.050000028684735,0.0,0
oracle-k3,16,8,Draskel,stock ticker,1,0.0,0.0,21.374700008891523,21.374700008891523,21.374700008891523,0.0,0
reactive-lru-k1,16,8,Draskel,stock ticker,1,0.0,0.0,20.58840001700446,20.58840001700446,20.58840001700446,0.0,0
on-demand-k1,16,8,Draskel,stock ticker,0,0.4599000094458461,22.888700012117624,19.55700002145022,20.016900030896068,42.445700033567846,0.0,0
reactive-lru-k3,16,8,Draskel,stock ticker,1,0.0,0.0,22.257099975831807,22.257099975831807,22.257099975831807,0.0,0
topic-k1,16,8,Draskel,stock ticker,1,0.0,0.0,21.14980004262179,21.14980004262179,21.14980004262179,0.0,0
oracle-k1,16,8,Draskel,stock ticker,1,0.0,0.0,20.489900023676455,20.489900023676455,20.489900023676455,0.0,0
reactive-lru-k2,16,8,Draskel,stock ticker,1,0.0,0.0,20.605199970304966,20.605199970304966,20.605199970304966,0.0,0
topic-k3,16,8,Draskel,stock ticker,1,0.0,0.0,21.701599995139986,21.701599995139986,21.701599995139986,0.0,0
all-resident-k8,16,9,Draskel,primary material,1,0.0,0.0,20.640899951104075,20.640899951104075,20.640899951104075,0.0,0
reactive-lru-k1,16,9,Draskel,primary material,1,0.0,0.0,21.36630000313744,21.36630000313744,21.36630000313744,0.0,0
topic-k2,16,9,Draskel,primary material,1,0.0,0.0,20.648000005166978,20.648000005166978,20.648000005166978,0.0,0
oracle-k3,16,9,Draskel,primary material,1,0.0,0.0,20.18699998734519,20.18699998734519,20.18699998734519,0.0,0
reactive-lru-k3,16,9,Draskel,primary material,1,0.0,0.0,20.299200026784092,20.299200026784092,20.299200026784092,0.0,0
reactive-lru-k2,16,9,Draskel,primary material,1,0.0,0.0,20.716500002890825,20.716500002890825,20.716500002890825,0.0,0
oracle-k1,16,9,Draskel,primary material,1,0.0,0.0,20.935500040650368,20.935500040650368,20.935500040650368,0.0,0
topic-k3,16,9,Draskel,primary material,1,0.0,0.0,19.329400034621358,19.329400034621358,19.329400034621358,0.0,0
on-demand-k1,16,9,Draskel,primary material,0,0.4461999633349478,22.64029998332262,21.55310002854094,21.999299991875887,44.19340001186356,0.0,0
oracle-k2,16,9,Draskel,primary material,1,0.0,0.0,20.933099964167923,20.933099964167923,20.933099964167923,0.0,0
topic-k1,16,9,Draskel,primary material,1,0.0,0.0,20.398300024680793,20.398300024680793,20.398300024680793,0.0,0
oracle-k3,16,10,Draskel,mascot animal,1,0.0,0.0,20.309000043198466,20.309000043198466,20.309000043198466,0.0,0
reactive-lru-k1,16,10,Draskel,mascot animal,1,0.0,0.0,20.384799980092794,20.384799980092794,20.384799980092794,0.0,0
oracle-k2,16,10,Draskel,mascot animal,1,0.0,0.0,19.91880004061386,19.91880004061386,19.91880004061386,0.0,0
topic-k2,16,10,Draskel,mascot animal,1,0.0,0.0,22.968299977947026,22.968299977947026,22.968299977947026,0.0,0
reactive-lru-k2,16,10,Draskel,mascot animal,1,0.0,0.0,19.619000027887523,19.619000027887523,19.619000027887523,0.0,0
all-resident-k8,16,10,Draskel,mascot animal,1,0.0,0.0,19.528299977537245,19.528299977537245,19.528299977537245,0.0,0
reactive-lru-k3,16,10,Draskel,mascot animal,1,0.0,0.0,20.781599974725395,20.781599974725395,20.781599974725395,0.0,0
topic-k1,16,10,Draskel,mascot animal,1,0.0,0.0,19.38680000603199,19.38680000603199,19.38680000603199,0.0,0
on-demand-k1,16,10,Draskel,mascot animal,0,0.43809995986521244,22.74549996946007,21.21039998019114,21.648499940056354,43.95589994965121,0.0,0
oracle-k1,16,10,Draskel,mascot animal,1,0.0,0.0,19.688599975779653,19.688599975779653,19.688599975779653,0.0,0
topic-k3,16,10,Draskel,mascot animal,1,0.0,0.0,19.680999976117164,19.680999976117164,19.680999976117164,0.0,0
all-resident-k8,16,11,Draskel,satellite name,1,0.0,0.0,20.16459999140352,20.16459999140352,20.16459999140352,0.0,0
reactive-lru-k2,16,11,Draskel,satellite name,1,0.0,0.0,19.72739998018369,19.72739998018369,19.72739998018369,0.0,0
on-demand-k1,16,11,Draskel,satellite name,0,0.534999999217689,23.870999983046204,21.233099978417158,21.768099977634847,45.10409996146336,0.0,0
topic-k1,16,11,Draskel,satellite name,1,0.0,0.0,20.23249998455867,20.23249998455867,20.23249998455867,0.0,0
reactive-lru-k1,16,11,Draskel,satellite name,1,0.0,0.0,20.348899997770786,20.348899997770786,20.348899997770786,0.0,0
topic-k2,16,11,Draskel,satellite name,1,0.0,0.0,22.002400015480816,22.002400015480816,22.002400015480816,0.0,0
topic-k3,16,11,Draskel,satellite name,1,0.0,0.0,20.949200028553605,20.949200028553605,20.949200028553605,0.0,0
oracle-k3,16,11,Draskel,satellite name,1,0.0,0.0,20.281400007661432,20.281400007661432,20.281400007661432,0.0,0
oracle-k1,16,11,Draskel,satellite name,1,0.0,0.0,20.646799996029586,20.646799996029586,20.646799996029586,0.0,0
reactive-lru-k3,16,11,Draskel,satellite name,1,0.0,0.0,21.76790003431961,21.76790003431961,21.76790003431961,0.0,0
oracle-k2,16,11,Draskel,satellite name,1,0.0,0.0,21.35559997987002,21.35559997987002,21.35559997987002,0.0,0
oracle-k3,17,0,Ilmeth,anthem composer,1,0.0,0.0,20.281200006138533,20.281200006138533,20.281200006138533,8.761344,0
oracle-k2,17,0,Ilmeth,anthem composer,1,0.0,0.0,20.70529997581616,20.70529997581616,20.70529997581616,8.761344,0
reactive-lru-k2,17,0,Ilmeth,anthem composer,0,0.4105999832972884,23.332999960985035,20.475999976042658,20.886599959339947,43.80899993702769,0.0,0
reactive-lru-k3,17,0,Ilmeth,anthem composer,0,0.4042999935336411,23.72810000088066,20.73779999045655,21.142099983990192,44.46589999133721,0.0,0
oracle-k1,17,0,Ilmeth,anthem composer,1,0.0,0.0,19.943499995861202,19.943499995861202,19.943499995861202,8.761344,0
topic-k3,17,0,Ilmeth,anthem composer,0,0.4084000247530639,23.594900034368038,20.409900054801255,20.81830007955432,44.004800089169294,0.0,0
reactive-lru-k1,17,0,Ilmeth,anthem composer,0,0.414899957831949,22.362199961207807,20.10080002946779,20.51569998729974,42.4629999906756,0.0,0
on-demand-k1,17,0,Ilmeth,anthem composer,0,0.4146999563090503,22.419799992349,21.72909997170791,22.14379992801696,44.14889996405691,0.0,0
all-resident-k8,17,0,Ilmeth,anthem composer,1,0.0,0.0,20.924999960698187,20.924999960698187,20.924999960698187,75.472896,0
topic-k1,17,0,Ilmeth,anthem composer,0,0.41939999209716916,22.940499999094754,19.724000012502074,20.143400004599243,42.66450001159683,0.0,0
topic-k2,17,0,Ilmeth,anthem composer,0,0.408699968829751,22.876599978189915,20.526600012090057,20.935299980919808,43.40319999027997,0.0,0
oracle-k3,17,1,Ilmeth,archive codename,1,0.0,0.0,20.167100010439754,20.167100010439754,20.167100010439754,0.0,0
all-resident-k8,17,1,Ilmeth,archive codename,1,0.0,0.0,20.434800011571497,20.434800011571497,20.434800011571497,0.0,0
topic-k1,17,1,Ilmeth,archive codename,1,0.0,0.0,20.99549997365102,20.99549997365102,20.99549997365102,0.0,0
reactive-lru-k2,17,1,Ilmeth,archive codename,1,0.0,0.0,20.367000019177794,20.367000019177794,20.367000019177794,0.0,0
oracle-k1,17,1,Ilmeth,archive codename,1,0.0,0.0,20.74690000154078,20.74690000154078,20.74690000154078,0.0,0
topic-k2,17,1,Ilmeth,archive codename,1,0.0,0.0,20.570100052282214,20.570100052282214,20.570100052282214,9.609216,0
on-demand-k1,17,1,Ilmeth,archive codename,0,0.4047999973408878,23.66690000053495,20.260199962649494,20.664999959990382,43.927099963184446,0.0,0
reactive-lru-k1,17,1,Ilmeth,archive codename,1,0.0,0.0,20.680799963884056,20.680799963884056,20.680799963884056,0.0,0
topic-k3,17,1,Ilmeth,archive codename,1,0.0,0.0,19.963499973528087,19.963499973528087,19.963499973528087,19.083264,0
oracle-k2,17,1,Ilmeth,archive codename,1,0.0,0.0,19.322700041811913,19.322700041811913,19.322700041811913,0.0,0
reactive-lru-k3,17,1,Ilmeth,archive codename,1,0.0,0.0,20.236900018062443,20.236900018062443,20.236900018062443,0.0,0
reactive-lru-k1,17,2,Draskel,satellite name,0,0.4600000102072954,23.18859996739775,19.355199998244643,19.81520000845194,42.54379996564239,0.0,0
oracle-k3,17,2,Draskel,satellite name,1,0.0,0.0,21.8550999998115,21.8550999998115,21.8550999998115,9.609216,0
topic-k1,17,2,Draskel,satellite name,0,0.4490999854169786,23.65360001567751,21.2341999867931,21.68329997221008,44.88780000247061,0.0,0
on-demand-k1,17,2,Draskel,satellite name,0,0.457499991171062,23.891700024250895,20.035399997141212,20.492899988312274,43.92710002139211,0.0,0
topic-k2,17,2,Draskel,satellite name,1,0.0,0.0,20.275299961213022,20.275299961213022,20.275299961213022,0.0,0
reactive-lru-k2,17,2,Draskel,satellite name,0,0.45759999193251133,24.049700004979968,20.40450001368299,20.862100005615503,44.45420001866296,0.0,0
reactive-lru-k3,17,2,Draskel,satellite name,0,0.450699997600168,22.33389997854829,20.51160001428798,20.962300011888146,42.84549999283627,0.0,0
oracle-k1,17,2,Draskel,satellite name,1,0.0,0.0,20.049799990374595,20.049799990374595,20.049799990374595,9.609216,0
topic-k3,17,2,Draskel,satellite name,1,0.0,0.0,20.023600023705512,20.023600023705512,20.023600023705512,0.0,0
all-resident-k8,17,2,Draskel,satellite name,1,0.0,0.0,19.76579998154193,19.76579998154193,19.76579998154193,0.0,0
oracle-k2,17,2,Draskel,satellite name,1,0.0,0.0,19.290999975055456,19.290999975055456,19.290999975055456,9.609216,0
topic-k1,17,3,Seluun,primary material,0,0.43969997204840183,22.500300023239106,20.44319995911792,20.88289993116632,42.943499982357025,0.0,0
oracle-k1,17,3,Seluun,primary material,1,0.0,0.0,21.85840002493933,21.85840002493933,21.85840002493933,9.437184,0
reactive-lru-k1,17,3,Seluun,primary material,0,0.4385000211186707,22.776400030124933,21.091000002343208,21.52950002346188,43.86740003246814,0.0,0
topic-k2,17,3,Seluun,primary material,1,0.0,0.0,19.940199970733374,19.940199970733374,19.940199970733374,9.437184,0
oracle-k2,17,3,Seluun,primary material,1,0.0,0.0,20.898799994029105,20.898799994029105,20.898799994029105,9.437184,0
on-demand-k1,17,3,Seluun,primary material,0,0.43559999903663993,22.59439998306334,20.623399992473423,21.058999991510063,43.217799975536764,0.0,0
all-resident-k8,17,3,Seluun,primary material,1,0.0,0.0,19.96449998114258,19.96449998114258,19.96449998114258,0.0,0
reactive-lru-k2,17,3,Seluun,primary material,0,0.44979999074712396,24.435099971015006,22.094500018283725,22.54430000903085,46.52959998929873,0.0,0
oracle-k3,17,3,Seluun,primary material,1,0.0,0.0,19.657600030768663,19.657600030768663,19.657600030768663,9.437184,0
reactive-lru-k3,17,3,Seluun,primary material,0,0.43969997204840183,22.676999971736223,19.584399997256696,20.024099969305098,42.26139996899292,0.0,0
topic-k3,17,3,Seluun,primary material,1,0.0,0.0,19.731700012926012,19.731700012926012,19.731700012926012,18.948096,1
on-demand-k1,17,4,Bramwick,flagship product,0,0.4133000038564205,22.0088999485597,19.898500002454966,20.311800006311387,41.90739995101467,0.0,0
oracle-k1,17,4,Bramwick,flagship product,1,0.0,0.0,19.36610002303496,19.36610002303496,19.36610002303496,8.835072,0
oracle-k2,17,4,Bramwick,flagship product,1,0.0,0.0,18.99150002282113,18.99150002282113,18.99150002282113,8.835072,0
reactive-lru-k1,17,4,Bramwick,flagship product,0,0.40909997187554836,22.88810000754893,20.393799990415573,20.80289996229112,43.2818999979645,0.0,0
topic-k1,17,4,Bramwick,flagship product,0,0.4113999893888831,23.500500014051795,19.698699994478375,20.110099983867258,43.19920000853017,0.0,0
oracle-k3,17,4,Bramwick,flagship product,1,0.0,0.0,18.83590000215918,18.83590000215918,18.83590000215918,8.835072,0
all-resident-k8,17,4,Bramwick,flagship product,1,0.0,0.0,20.20640001865104,20.20640001865104,20.20640001865104,0.0,0
reactive-lru-k2,17,4,Bramwick,flagship product,0,0.4181999829597771,22.706400020979345,19.659000041428953,20.07720002438873,42.3654000624083,0.0,0
topic-k2,17,4,Bramwick,flagship product,1,0.0,0.0,19.634699972812086,19.634699972812086,19.634699972812086,8.835072,0
reactive-lru-k3,17,4,Bramwick,flagship product,0,0.4197000525891781,22.545900021214038,20.679900015238672,21.09960006782785,43.22580003645271,0.0,0
topic-k3,17,4,Bramwick,flagship product,1,0.0,0.0,20.458399958442897,20.458399958442897,20.458399958442897,8.835072,1
topic-k2,17,5,Bramwick,founding year,1,0.0,0.0,19.944700004998595,19.944700004998595,19.944700004998595,9.474048,0
reactive-lru-k3,17,5,Bramwick,founding year,1,0.0,0.0,20.26239997940138,20.26239997940138,20.26239997940138,0.0,0
reactive-lru-k2,17,5,Bramwick,founding year,1,0.0,0.0,19.8950000340119,19.8950000340119,19.8950000340119,0.0,0
reactive-lru-k1,17,5,Bramwick,founding year,1,0.0,0.0,19.534200022462755,19.534200022462755,19.534200022462755,0.0,0
all-resident-k8,17,5,Bramwick,founding year,1,0.0,0.0,20.091300015337765,20.091300015337765,20.091300015337765,0.0,0
oracle-k1,17,5,Bramwick,founding year,1,0.0,0.0,20.0745000038296,20.0745000038296,20.0745000038296,0.0,0
oracle-k3,17,5,Bramwick,founding year,1,0.0,0.0,21.281299996189773,21.281299996189773,21.281299996189773,0.0,0
topic-k1,17,5,Bramwick,founding year,1,0.0,0.0,20.026200043503195,20.026200043503195,20.026200043503195,0.0,0
on-demand-k1,17,5,Bramwick,founding year,0,0.40660001104697585,22.205499990377575,20.759299979545176,21.165899990592152,42.96479996992275,0.0,0
oracle-k2,17,5,Bramwick,founding year,1,0.0,0.0,21.356499986723065,21.356499986723065,21.356499986723065,0.0,0
topic-k3,17,5,Bramwick,founding year,1,0.0,0.0,20.966599986422807,20.966599986422807,20.966599986422807,19.78368,0
oracle-k1,17,6,Bramwick,employee count,1,0.0,0.0,19.913800002541393,19.913800002541393,19.913800002541393,0.0,0
reactive-lru-k3,17,6,Bramwick,employee count,1,0.0,0.0,19.851499993819743,19.851499993819743,19.851499993819743,0.0,0
oracle-k2,17,6,Bramwick,employee count,1,0.0,0.0,19.628799986094236,19.628799986094236,19.628799986094236,0.0,0
topic-k2,17,6,Bramwick,employee count,1,0.0,0.0,20.320799958426505,20.320799958426505,20.320799958426505,0.0,0
oracle-k3,17,6,Bramwick,employee count,1,0.0,0.0,20.777700003236532,20.777700003236532,20.777700003236532,0.0,0
on-demand-k1,17,6,Bramwick,employee count,0,0.423500023316592,22.644200013019145,19.877899962011725,20.301399985328317,42.52209997503087,0.0,0
topic-k1,17,6,Bramwick,employee count,1,0.0,0.0,21.663099993020296,21.663099993020296,21.663099993020296,0.0,0
reactive-lru-k2,17,6,Bramwick,employee count,1,0.0,0.0,19.89779999712482,19.89779999712482,19.89779999712482,0.0,0
topic-k3,17,6,Bramwick,employee count,1,0.0,0.0,20.250300003681332,20.250300003681332,20.250300003681332,0.0,0
all-resident-k8,17,6,Bramwick,employee count,1,0.0,0.0,19.52169998548925,19.52169998548925,19.52169998548925,0.0,0
reactive-lru-k1,17,6,Bramwick,employee count,1,0.0,0.0,20.227499946486205,20.227499946486205,20.227499946486205,0.0,0
topic-k1,17,7,Bramwick,research lab city,1,0.0,0.0,19.72160005243495,19.72160005243495,19.72160005243495,0.0,0
oracle-k2,17,7,Bramwick,research lab city,1,0.0,0.0,21.555299987085164,21.555299987085164,21.555299987085164,0.0,0
oracle-k3,17,7,Bramwick,research lab city,1,0.0,0.0,20.07119997870177,20.07119997870177,20.07119997870177,0.0,0
oracle-k1,17,7,Bramwick,research lab city,1,0.0,0.0,20.0433999998495,20.0433999998495,20.0433999998495,0.0,0
on-demand-k1,17,7,Bramwick,research lab city,0,0.4056000034324825,23.088800022378564,19.565000024158508,19.97060002759099,42.65380004653707,0.0,0
all-resident-k8,17,7,Bramwick,research lab city,1,0.0,0.0,19.996300048660487,19.996300048660487,19.996300048660487,0.0,0
reactive-lru-k1,17,7,Bramwick,research lab city,1,0.0,0.0,19.82519996818155,19.82519996818155,19.82519996818155,0.0,0
reactive-lru-k3,17,7,Bramwick,research lab city,1,0.0,0.0,20.288500003516674,20.288500003516674,20.288500003516674,0.0,0
topic-k2,17,7,Bramwick,research lab city,1,0.0,0.0,19.740600022487342,19.740600022487342,19.740600022487342,0.0,0
topic-k3,17,7,Bramwick,research lab city,1,0.0,0.0,20.186199981253594,20.186199981253594,20.186199981253594,0.0,0
reactive-lru-k2,17,7,Bramwick,research lab city,1,0.0,0.0,19.898600003216416,19.898600003216416,19.898600003216416,0.0,0
topic-k1,17,8,Bramwick,primary material,1,0.0,0.0,19.104200007859617,19.104200007859617,19.104200007859617,0.0,0
oracle-k2,17,8,Bramwick,primary material,1,0.0,0.0,19.485600001644343,19.485600001644343,19.485600001644343,0.0,0
on-demand-k1,17,8,Bramwick,primary material,0,0.41939999209716916,23.215799999888986,19.26839997759089,19.687799969688058,42.484199977479875,0.0,0
reactive-lru-k3,17,8,Bramwick,primary material,1,0.0,0.0,19.689599983394146,19.689599983394146,19.689599983394146,0.0,0
topic-k2,17,8,Bramwick,primary material,1,0.0,0.0,20.7943000132218,20.7943000132218,20.7943000132218,0.0,0
oracle-k3,17,8,Bramwick,primary material,1,0.0,0.0,19.413799978792667,19.413799978792667,19.413799978792667,0.0,0
all-resident-k8,17,8,Bramwick,primary material,1,0.0,0.0,19.756300025619566,19.756300025619566,19.756300025619566,0.0,0
topic-k3,17,8,Bramwick,primary material,1,0.0,0.0,19.488500023726374,19.488500023726374,19.488500023726374,0.0,0
reactive-lru-k1,17,8,Bramwick,primary material,1,0.0,0.0,21.37510001193732,21.37510001193732,21.37510001193732,0.0,0
oracle-k1,17,8,Bramwick,primary material,1,0.0,0.0,21.784299984574318,21.784299984574318,21.784299984574318,0.0,0
reactive-lru-k2,17,8,Bramwick,primary material,1,0.0,0.0,21.246899967081845,21.246899967081845,21.246899967081845,0.0,0
topic-k2,17,9,Bramwick,research lab city,1,0.0,0.0,21.205900004133582,21.205900004133582,21.205900004133582,0.0,0
oracle-k1,17,9,Bramwick,research lab city,1,0.0,0.0,21.027699986007065,21.027699986007065,21.027699986007065,0.0,0
reactive-lru-k2,17,9,Bramwick,research lab city,1,0.0,0.0,21.371199982240796,21.371199982240796,21.371199982240796,0.0,0
all-resident-k8,17,9,Bramwick,research lab city,1,0.0,0.0,20.3971000155434,20.3971000155434,20.3971000155434,0.0,0
oracle-k3,17,9,Bramwick,research lab city,1,0.0,0.0,20.737099985126406,20.737099985126406,20.737099985126406,0.0,0
reactive-lru-k3,17,9,Bramwick,research lab city,1,0.0,0.0,22.506100009195507,22.506100009195507,22.506100009195507,0.0,0
oracle-k2,17,9,Bramwick,research lab city,1,0.0,0.0,20.20170004107058,20.20170004107058,20.20170004107058,0.0,0
topic-k1,17,9,Bramwick,research lab city,1,0.0,0.0,20.119799999520183,20.119799999520183,20.119799999520183,0.0,0
reactive-lru-k1,17,9,Bramwick,research lab city,1,0.0,0.0,19.54249996924773,19.54249996924773,19.54249996924773,0.0,0
topic-k3,17,9,Bramwick,research lab city,1,0.0,0.0,20.476099976804107,20.476099976804107,20.476099976804107,0.0,0
on-demand-k1,17,9,Bramwick,research lab city,0,0.40870002703741193,23.117000004276633,20.564100006595254,20.972800033632666,43.68110001087189,0.0,0
topic-k1,17,10,Quorvane,founding year,0,0.46880001900717616,23.453500005416572,19.957699987571687,20.426500006578863,43.41119999298826,0.0,0
all-resident-k8,17,10,Quorvane,founding year,1,0.0,0.0,20.703600021079183,20.703600021079183,20.703600021079183,0.0,0
on-demand-k1,17,10,Quorvane,founding year,0,0.47260004794225097,23.814200016204268,20.15549998031929,20.628100028261542,43.96969999652356,0.0,0
oracle-k2,17,10,Quorvane,founding year,1,0.0,0.0,19.742799981031567,19.742799981031567,19.742799981031567,10.309632,0
topic-k3,17,10,Quorvane,founding year,1,0.0,0.0,20.36630001384765,20.36630001384765,20.36630001384765,0.0,0
reactive-lru-k3,17,10,Quorvane,founding year,0,0.4705999745056033,23.51770002860576,19.5782000082545,20.0487999827601,43.09590003686026,0.0,0
oracle-k3,17,10,Quorvane,founding year,1,0.0,0.0,20.23439999902621,20.23439999902621,20.23439999902621,10.309632,0
reactive-lru-k1,17,10,Quorvane,founding year,0,0.49049995141103864,22.83430000534281,20.63119999365881,21.12169994506985,43.46549999900162,0.0,0
reactive-lru-k2,17,10,Quorvane,founding year,0,0.5428000004030764,22.851800022181123,20.287299994379282,20.83009999478236,43.139100016560405,0.0,0
oracle-k1,17,10,Quorvane,founding year,1,0.0,0.0,20.61939996201545,20.61939996201545,20.61939996201545,10.309632,0
topic-k2,17,10,Quorvane,founding year,0,0.47640001866966486,23.35149998543784,20.575500035192817,21.051900053862482,43.92700002063066,0.0,1
on-demand-k1,17,11,Quorvane,founding river,0,0.4737999988719821,22.93530001770705,20.92029998311773,21.39409998198971,43.85560000082478,0.0,0
all-resident-k8,17,11,Quorvane,founding river,1,0.0,0.0,20.86079999571666,20.86079999571666,20.86079999571666,0.0,0
oracle-k2,17,11,Quorvane,founding river,1,0.0,0.0,20.04469995154068,20.04469995154068,20.04469995154068,0.0,0
topic-k3,17,11,Quorvane,founding river,1,0.0,0.0,21.132900030352175,21.132900030352175,21.132900030352175,18.972672000000003,1
topic-k1,17,11,Quorvane,founding river,1,0.0,0.0,20.70390002336353,20.70390002336353,20.70390002336353,0.0,0
topic-k2,17,11,Quorvane,founding river,1,0.0,0.0,21.32599998731166,21.32599998731166,21.32599998731166,9.437184,0
reactive-lru-k2,17,11,Quorvane,founding river,1,0.0,0.0,20.039100025314838,20.039100025314838,20.039100025314838,0.0,0
oracle-k1,17,11,Quorvane,founding river,1,0.0,0.0,19.904699991457164,19.904699991457164,19.904699991457164,0.0,0
oracle-k3,17,11,Quorvane,founding river,1,0.0,0.0,20.275100017897785,20.275100017897785,20.275100017897785,0.0,0
reactive-lru-k1,17,11,Quorvane,founding river,1,0.0,0.0,20.22669999860227,20.22669999860227,20.22669999860227,0.0,0
reactive-lru-k3,17,11,Quorvane,founding river,1,0.0,0.0,20.030400017276406,20.030400017276406,20.030400017276406,0.0,0
oracle-k1,18,0,Bramwick,chief engineer,1,0.0,0.0,20.20900003844872,20.20900003844872,20.20900003844872,8.835072,0
oracle-k3,18,0,Bramwick,chief engineer,1,0.0,0.0,20.02550003817305,20.02550003817305,20.02550003817305,8.835072,0
reactive-lru-k2,18,0,Bramwick,chief engineer,0,0.41529996087774634,22.710299992468208,20.732799952384084,21.14809991326183,43.44309994485229,0.0,0
reactive-lru-k1,18,0,Bramwick,chief engineer,0,0.41939999209716916,22.929699975065887,19.75279999896884,20.17219999106601,42.68249997403473,0.0,0
topic-k1,18,0,Bramwick,chief engineer,0,0.41579996468499303,22.69499999238178,20.81489999545738,21.230699960142374,43.50989998783916,0.0,0
reactive-lru-k3,18,0,Bramwick,chief engineer,0,0.42429997120052576,23.383499996270984,26.041700039058924,26.46600001025945,49.42520003532991,0.0,0
all-resident-k8,18,0,Bramwick,chief engineer,1,0.0,0.0,19.32019996456802,19.32019996456802,19.32019996456802,75.472896,0
topic-k3,18,0,Bramwick,chief engineer,0,0.424100027885288,23.16039998549968,19.440500007476658,19.864600035361946,42.60089999297634,0.0,0
topic-k2,18,0,Bramwick,chief engineer,0,0.4039999912492931,23.366899986285716,19.694600021466613,20.098600012715906,43.06150000775233,0.0,0
on-demand-k1,18,0,Bramwick,chief engineer,0,0.41799998143687844,21.958499972242862,21.37070003664121,21.78870001807809,43.32920000888407,0.0,0
oracle-k2,18,0,Bramwick,chief engineer,1,0.0,0.0,20.181500003673136,20.181500003673136,20.181500003673136,8.835072,0
oracle-k1,18,1,Quorvane,flagship product,1,0.0,0.0,20.67130000796169,20.67130000796169,20.67130000796169,10.309632,0
reactive-lru-k2,18,1,Quorvane,flagship product,0,0.47669996274635196,23.466299986466765,20.830299996305257,21.30699995905161,44.29659998277202,0.0,0
topic-k2,18,1,Quorvane,flagship product,0,0.4477999755181372,22.942400013562292,19.384499988518655,19.832299964036793,42.32690000208095,9.474048,0
oracle-k2,18,1,Quorvane,flagship product,1,0.0,0.0,18.770800030324608,18.770800030324608,18.770800030324608,10.309632,0
topic-k3,18,1,Quorvane,flagship product,1,0.0,0.0,21.513600018806756,21.513600018806756,21.513600018806756,19.78368,0
reactive-lru-k1,18,1,Quorvane,flagship product,0,0.4819999448955059,23.143000027630478,19.598099985159934,20.08009993005544,42.74110001279041,0.0,0
on-demand-k1,18,1,Quorvane,flagship product,0,0.4820000031031668,22.587999992538244,19.24009999493137,19.722099998034537,41.82809998746961,0.0,0
reactive-lru-k3,18,1,Quorvane,flagship product,0,0.4735999973490834,23.036899976432323,20.064999989699572,20.538599987048656,43.101899966131896,0.0,0
oracle-k3,18,1,Quorvane,flagship product,1,0.0,0.0,20.141999993938953,20.141999993938953,20.141999993938953,10.309632,0
all-resident-k8,18,1,Quorvane,flagship product,1,0.0,0.0,20.17500001238659,20.17500001238659,20.17500001238659,0.0,0
topic-k1,18,1,Quorvane,flagship product,0,0.46850001672282815,22.65519998036325,19.452700042165816,19.921200058888644,42.107900022529066,0.0,0
reactive-lru-k3,18,2,Veltrax,annual revenue,0,0.4411999834701419,22.722999972756952,19.862000015564263,20.303199999034405,42.584999988321215,0.0,0
oracle-k1,18,2,Veltrax,annual revenue,1,0.0,0.0,19.728699990082532,19.728699990082532,19.728699990082532,9.535488,0
topic-k1,18,2,Veltrax,annual revenue,0,0.44709997018799186,22.979400004260242,19.689799984917045,20.136899955105036,42.66919998917729,0.0,0
oracle-k2,18,2,Veltrax,annual revenue,1,0.0,0.0,20.144700014498085,20.144700014498085,20.144700014498085,9.535488,0
topic-k3,18,2,Veltrax,annual revenue,1,0.0,0.0,22.16059999773279,22.16059999773279,22.16059999773279,18.972672000000003,1
on-demand-k1,18,2,Veltrax,annual revenue,0,0.4419999895617366,23.618799983523786,21.077900019008666,21.519900008570403,44.69670000253245,0.0,0
reactive-lru-k1,18,2,Veltrax,annual revenue,0,0.44109998270869255,23.677999968640506,20.43139998568222,20.872499968390912,44.109399954322726,0.0,0
reactive-lru-k2,18,2,Veltrax,annual revenue,0,0.44490001164376736,22.872400004416704,20.664399955421686,21.109299967065454,43.53679995983839,0.0,0
topic-k2,18,2,Veltrax,annual revenue,0,0.4133000038564205,23.152000037953258,20.543299964629114,20.956599968485534,43.69530000258237,9.437184,1
all-resident-k8,18,2,Veltrax,annual revenue,1,0.0,0.0,20.47460002359003,20.47460002359003,20.47460002359003,0.0,0
oracle-k3,18,2,Veltrax,annual revenue,1,0.0,0.0,19.93939996464178,19.93939996464178,19.93939996464178,9.535488,0
oracle-k3,18,3,Veltrax,founding year,1,0.0,0.0,19.981199991889298,19.981199991889298,19.981199991889298,0.0,0
all-resident-k8,18,3,Veltrax,founding year,1,0.0,0.0,21.826199954375625,21.826199954375625,21.826199954375625,0.0,0
reactive-lru-k1,18,3,Veltrax,founding year,1,0.0,0.0,22.370199963916093,22.370199963916093,22.370199963916093,0.0,0
topic-k3,18,3,Veltrax,founding year,1,0.0,0.0,20.535900024697185,20.535900024697185,20.535900024697185,9.510912,1
reactive-lru-k3,18,3,Veltrax,founding year,1,0.0,0.0,22.434799990151078,22.434799990151078,22.434799990151078,0.0,0
topic-k2,18,3,Veltrax,founding year,1,0.0,0.0,20.652599981985986,20.652599981985986,20.652599981985986,9.510912,1
on-demand-k1,18,3,Veltrax,founding year,0,0.436800008174032,26.334399997722358,20.996300037950277,21.43310004612431,47.330700035672635,0.0,0
topic-k1,18,3,Veltrax,founding year,1,0.0,0.0,21.146700019016862,21.146700019016862,21.146700019016862,0.0,0
oracle-k1,18,3,Veltrax,founding year,1,0.0,0.0,21.075500000733882,21.075500000733882,21.075500000733882,0.0,0
oracle-k2,18,3,Veltrax,founding year,1,0.0,0.0,21.097699995152652,21.097699995152652,21.097699995152652,0.0,0
reactive-lru-k2,18,3,Veltrax,founding year,1,0.0,0.0,20.74820001143962,20.74820001143962,20.74820001143962,0.0,0
topic-k2,18,4,Draskel,founding river,0,0.4422999918460846,22.898399969562888,21.255499974358827,21.69779996620491,44.153899943921715,0.0,1
oracle-k3,18,4,Draskel,founding river,1,0.0,0.0,21.33940003113821,21.33940003113821,21.33940003113821,9.609216,0
oracle-k2,18,4,Draskel,founding river,1,0.0,0.0,21.134599985089153,21.134599985089153,21.134599985089153,9.609216,0
oracle-k1,18,4,Draskel,founding river,1,0.0,0.0,20.612700027413666,20.612700027413666,20.612700027413666,9.609216,0
all-resident-k8,18,4,Draskel,founding river,1,0.0,0.0,21.045299945399165,21.045299945399165,21.045299945399165,0.0,0
topic-k3,18,4,Draskel,founding river,0,0.44139998499304056,23.52769998833537,20.682399976067245,21.123799961060286,44.210099964402616,0.0,0
on-demand-k1,18,4,Draskel,founding river,0,0.4406999796628952,22.464899986516684,22.392000013496727,22.832699993159622,44.85690000001341,0.0,0
reactive-lru-k1,18,4,Draskel,founding river,0,0.45110000064596534,23.541599977761507,20.336100016720593,20.78720001736656,43.8776999944821,0.0,0
topic-k1,18,4,Draskel,founding river,0,0.4602000117301941,23.011700017377734,19.66079999692738,20.121000008657575,42.672500014305115,0.0,0
reactive-lru-k3,18,4,Draskel,founding river,0,0.4335999838076532,23.109500005375594,21.893199998885393,22.326799982693046,45.00270000426099,0.0,0
reactive-lru-k2,18,4,Draskel,founding river,0,0.44049997813999653,23.239599948283285,20.685199997387826,21.125699975527823,43.92479994567111,0.0,0
topic-k2,18,5,Pyrenna,primary material,0,0.41450001299381256,22.123699949588627,19.34519998030737,19.759699993301183,41.468899929896,9.437184,0
reactive-lru-k3,18,5,Pyrenna,primary material,0,0.44020003406330943,23.214199987705797,20.675099978689104,21.115300012752414,43.8892999663949,0.0,0
topic-k3,18,5,Pyrenna,primary material,1,0.0,0.0,20.42999997502193,20.42999997502193,20.42999997502193,9.437184,0
oracle-k1,18,5,Pyrenna,primary material,1,0.0,0.0,21.629199967719615,21.629199967719615,21.629199967719615,9.510912,0
on-demand-k1,18,5,Pyrenna,primary material,0,0.4298000130802393,22.4255999783054,21.27420000033453,21.70400001341477,43.69979997863993,0.0,0
topic-k1,18,5,Pyrenna,primary material,0,0.4322999739088118,24.53100000275299,19.747900019865483,20.180199993774295,44.27890002261847,0.0,0
oracle-k2,18,5,Pyrenna,primary material,1,0.0,0.0,20.172499993350357,20.172499993350357,20.172499993350357,9.510912,0
all-resident-k8,18,5,Pyrenna,primary material,1,0.0,0.0,19.95879999594763,19.95879999594763,19.95879999594763,0.0,0
reactive-lru-k2,18,5,Pyrenna,primary material,0,0.4342000465840101,22.26090000476688,19.303200009744614,19.737400056328624,41.564100014511496,0.0,0
reactive-lru-k1,18,5,Pyrenna,primary material,0,0.44789997627958655,23.43020000262186,24.31780000915751,24.765699985437095,47.74800001177937,0.0,0
oracle-k3,18,5,Pyrenna,primary material,1,0.0,0.0,20.215599972289056,20.215599972289056,20.215599972289056,9.510912,0
reactive-lru-k2,18,6,Ilmeth,board chair,0,0.3983000060543418,23.83630000986159,19.573900033719838,19.97220003977418,43.410200043581426,0.0,0
topic-k3,18,6,Ilmeth,board chair,1,0.0,0.0,19.47709999512881,19.47709999512881,19.47709999512881,8.761344,1
reactive-lru-k1,18,6,Ilmeth,board chair,0,0.4123999970033765,23.158499971032143,21.165199985262007,21.577599982265383,44.32369995629415,0.0,0
topic-k1,18,6,Ilmeth,board chair,0,0.4007999668829143,22.77199999662116,21.54859999427572,21.949399961158633,44.32059999089688,0.0,0
on-demand-k1,18,6,Ilmeth,board chair,0,0.41390000842511654,23.75019999453798,20.599099982064217,21.012999990489334,44.3492999766022,0.0,0
topic-k2,18,6,Ilmeth,board chair,0,0.40580000495538116,22.784899978432804,20.18969994969666,20.59549995465204,42.974599928129464,9.609216,1
reactive-lru-k3,18,6,Ilmeth,board chair,0,0.44450000859797,23.616400023456663,19.94069997454062,20.38519998313859,43.557099997997284,0.0,0
oracle-k3,18,6,Ilmeth,board chair,1,0.0,0.0,21.02410001680255,21.02410001680255,21.02410001680255,8.761344,0
all-resident-k8,18,6,Ilmeth,board chair,1,0.0,0.0,21.37960004620254,21.37960004620254,21.37960004620254,0.0,0
oracle-k1,18,6,Ilmeth,board chair,1,0.0,0.0,19.987199979368597,19.987199979368597,19.987199979368597,8.761344,0
oracle-k2,18,6,Ilmeth,board chair,1,0.0,0.0,20.00169997336343,20.00169997336343,20.00169997336343,8.761344,0
oracle-k2,18,7,Draskel,research lab city,1,0.0,0.0,20.429500029422343,20.429500029422343,20.429500029422343,9.609216,0
oracle-k1,18,7,Draskel,research lab city,1,0.0,0.0,20.44029999524355,20.44029999524355,20.44029999524355,9.609216,0
topic-k3,18,7,Draskel,research lab city,1,0.0,0.0,20.232000038959086,20.232000038959086,20.232000038959086,9.474048,0
reactive-lru-k1,18,7,Draskel,research lab city,0,0.44700002763420343,23.19330000318587,20.499999984167516,20.94700001180172,43.693299987353384,0.0,0
on-demand-k1,18,7,Draskel,research lab city,0,0.4398000310175121,22.85539999138564,21.01830003084615,21.45810006186366,43.87370002223179,0.0,0
topic-k2,18,7,Draskel,research lab city,1,0.0,0.0,19.415699993260205,19.415699993260205,19.415699993260205,0.0,0
topic-k1,18,7,Draskel,research lab city,0,0.44270005309954286,23.950700007844716,22.477799968328327,22.92050002142787,46.42849997617304,0.0,0
all-resident-k8,18,7,Draskel,research lab city,1,0.0,0.0,20.52029996411875,20.52029996411875,20.52029996411875,0.0,0
reactive-lru-k3,18,7,Draskel,research lab city,1,0.0,0.0,21.331199968699366,21.331199968699366,21.331199968699366,0.0,0
oracle-k3,18,7,Draskel,research lab city,1,0.0,0.0,20.904999983031303,20.904999983031303,20.904999983031303,9.609216,0
reactive-lru-k2,18,7,Draskel,research lab city,0,0.44819997856393456,22.51899999100715,20.80160001059994,21.249799989163876,43.32060000160709,0.0,0
reactive-lru-k1,18,8,Draskel,annual revenue,1,0.0,0.0,20.49929997883737,20.49929997883737,20.49929997883737,0.0,0
reactive-lru-k3,18,8,Draskel,annual revenue,1,0.0,0.0,21.928300033323467,21.928300033323467,21.928300033323467,0.0,0
topic-k3,18,8,Draskel,annual revenue,1,0.0,0.0,20.157799997832626,20.157799997832626,20.157799997832626,18.948096,1
on-demand-k1,18,8,Draskel,annual revenue,0,0.44979999074712396,22.979300003498793,20.535299961920828,20.98509995266795,43.51459996541962,0.0,0
all-resident-k8,18,8,Draskel,annual revenue,1,0.0,0.0,20.30259999446571,20.30259999446571,20.30259999446571,0.0,0
oracle-k3,18,8,Draskel,annual revenue,1,0.0,0.0,22.101699956692755,22.101699956692755,22.101699956692755,0.0,0
oracle-k1,18,8,Draskel,annual revenue,1,0.0,0.0,21.2772999657318,21.2772999657318,21.2772999657318,0.0,0
oracle-k2,18,8,Draskel,annual revenue,1,0.0,0.0,20.347299985587597,20.347299985587597,20.347299985587597,0.0,0
reactive-lru-k2,18,8,Draskel,annual revenue,1,0.0,0.0,21.354599972255528,21.354599972255528,21.354599972255528,0.0,0
topic-k1,18,8,Draskel,annual revenue,1,0.0,0.0,20.94529999885708,20.94529999885708,20.94529999885708,0.0,0
topic-k2,18,8,Draskel,annual revenue,1,0.0,0.0,21.621700027026236,21.621700027026236,21.621700027026236,9.437184,0
all-resident-k8,18,9,Draskel,annual revenue,1,0.0,0.0,22.394900035578758,22.394900035578758,22.394900035578758,0.0,0
oracle-k3,18,9,Draskel,annual revenue,1,0.0,0.0,22.01390004483983,22.01390004483983,22.01390004483983,0.0,0
reactive-lru-k2,18,9,Draskel,annual revenue,1,0.0,0.0,21.47010003682226,21.47010003682226,21.47010003682226,0.0,0
topic-k2,18,9,Draskel,annual revenue,1,0.0,0.0,19.95450002141297,19.95450002141297,19.95450002141297,0.0,0
oracle-k2,18,9,Draskel,annual revenue,1,0.0,0.0,20.926599972881377,20.926599972881377,20.926599972881377,0.0,0
topic-k1,18,9,Draskel,annual revenue,1,0.0,0.0,22.869599983096123,22.869599983096123,22.869599983096123,0.0,0
on-demand-k1,18,9,Draskel,annual revenue,0,0.44999999227002263,22.524899977725,20.3662000130862,20.816200005356222,42.8910999908112,0.0,0
oracle-k1,18,9,Draskel,annual revenue,1,0.0,0.0,20.469400042202324,20.469400042202324,20.469400042202324,0.0,0
reactive-lru-k3,18,9,Draskel,annual revenue,1,0.0,0.0,20.48629999626428,20.48629999626428,20.48629999626428,0.0,0
reactive-lru-k1,18,9,Draskel,annual revenue,1,0.0,0.0,21.594799996819347,21.594799996819347,21.594799996819347,0.0,0
topic-k3,18,9,Draskel,annual revenue,1,0.0,0.0,20.79300000332296,20.79300000332296,20.79300000332296,0.0,0
reactive-lru-k2,18,10,Draskel,board chair,1,0.0,0.0,20.7185999606736,20.7185999606736,20.7185999606736,0.0,0
all-resident-k8,18,10,Draskel,board chair,1,0.0,0.0,21.317899983841926,21.317899983841926,21.317899983841926,0.0,0
topic-k2,18,10,Draskel,board chair,1,0.0,0.0,20.55889996699989,20.55889996699989,20.55889996699989,0.0,0
oracle-k2,18,10,Draskel,board chair,1,0.0,0.0,19.732500019017607,19.732500019017607,19.732500019017607,0.0,0
oracle-k1,18,10,Draskel,board chair,1,0.0,0.0,21.505999960936606,21.505999960936606,21.505999960936606,0.0,0
topic-k3,18,10,Draskel,board chair,1,0.0,0.0,20.478399994317442,20.478399994317442,20.478399994317442,0.0,0
oracle-k3,18,10,Draskel,board chair,1,0.0,0.0,20.51900001242757,20.51900001242757,20.51900001242757,0.0,0
reactive-lru-k1,18,10,Draskel,board chair,1,0.0,0.0,20.961100002750754,20.961100002750754,20.961100002750754,0.0,0
reactive-lru-k3,18,10,Draskel,board chair,1,0.0,0.0,20.965600037015975,20.965600037015975,20.965600037015975,0.0,0
topic-k1,18,10,Draskel,board chair,1,0.0,0.0,20.86979994783178,20.86979994783178,20.86979994783178,0.0,0
on-demand-k1,18,10,Draskel,board chair,0,0.45039999531582,23.036799975670874,20.035199995618314,20.485599990934134,43.07199997128919,0.0,0
topic-k2,18,11,Draskel,chief executive,1,0.0,0.0,21.67310001095757,21.67310001095757,21.67310001095757,0.0,0
topic-k1,18,11,Draskel,chief executive,1,0.0,0.0,22.08770002471283,22.08770002471283,22.08770002471283,0.0,0
all-resident-k8,18,11,Draskel,chief executive,1,0.0,0.0,20.54229995701462,20.54229995701462,20.54229995701462,0.0,0
oracle-k3,18,11,Draskel,chief executive,1,0.0,0.0,21.76790003431961,21.76790003431961,21.76790003431961,0.0,0
reactive-lru-k2,18,11,Draskel,chief executive,1,0.0,0.0,20.524299994576722,20.524299994576722,20.524299994576722,0.0,0
reactive-lru-k1,18,11,Draskel,chief executive,1,0.0,0.0,20.576899987645447,20.576899987645447,20.576899987645447,0.0,0
reactive-lru-k3,18,11,Draskel,chief executive,1,0.0,0.0,19.688499975018203,19.688499975018203,19.688499975018203,0.0,0
topic-k3,18,11,Draskel,chief executive,1,0.0,0.0,20.086899981833994,20.086899981833994,20.086899981833994,0.0,0
oracle-k2,18,11,Draskel,chief executive,1,0.0,0.0,21.038200007751584,21.038200007751584,21.038200007751584,0.0,0
on-demand-k1,18,11,Draskel,chief executive,0,0.45419996604323387,22.181899985298514,20.50380001310259,20.957999979145825,42.685699998401105,0.0,0
oracle-k1,18,11,Draskel,chief executive,1,0.0,0.0,20.239099976606667,20.239099976606667,20.239099976606667,0.0,0
reactive-lru-k2,19,0,Draskel,primary material,0,0.47699996503069997,23.639399965759367,21.586599992588162,22.063599957618862,45.22599995834753,0.0,0
topic-k2,19,0,Draskel,primary material,0,0.43969997204840183,24.317000003065914,21.091600006911904,21.531299978960305,45.40860000997782,0.0,0
on-demand-k1,19,0,Draskel,primary material,0,0.4493999877013266,23.31140002934262,23.08479999192059,23.534199979621917,46.39620002126321,0.0,0
oracle-k3,19,0,Draskel,primary material,1,0.0,0.0,21.329799958039075,21.329799958039075,21.329799958039075,9.609216,0
reactive-lru-k1,19,0,Draskel,primary material,0,0.4495999892242253,23.09530001366511,22.323599958326668,22.773199947550893,45.41889997199178,0.0,0
topic-k1,19,0,Draskel,primary material,0,0.45200000749900937,25.644399982411414,20.854100002907217,21.306100010406226,46.49849998531863,0.0,0
all-resident-k8,19,0,Draskel,primary material,1,0.0,0.0,20.777199999429286,20.777199999429286,20.777199999429286,75.472896,0
topic-k3,19,0,Draskel,primary material,0,0.4469999694265425,22.69389998400584,20.15569998184219,20.602699951268733,42.84959996584803,0.0,0
oracle-k1,19,0,Draskel,primary material,1,0.0,0.0,19.944700004998595,19.944700004998595,19.944700004998595,9.609216,0
oracle-k2,19,0,Draskel,primary material,1,0.0,0.0,19.719499978236854,19.719499978236854,19.719499978236854,9.609216,0
reactive-lru-k3,19,0,Draskel,primary material,0,0.45659998431801796,22.811399947386235,20.202599989715964,20.65919997403398,43.0139999371022,0.0,0
reactive-lru-k1,19,1,Pyrenna,employee count,0,0.4352999967522919,23.586499970406294,21.098800003528595,21.534100000280887,44.68529997393489,0.0,0
oracle-k3,19,1,Pyrenna,employee count,1,0.0,0.0,20.104800001718104,20.104800001718104,20.104800001718104,9.510912,0
topic-k2,19,1,Pyrenna,employee count,0,0.41280000004917383,22.811700007878244,20.106200012378395,20.51900001242757,42.91790002025664,9.437184,0
topic-k3,19,1,Pyrenna,employee count,1,0.0,0.0,20.835199975408614,20.835199975408614,20.835199975408614,18.948096,0
oracle-k1,19,1,Pyrenna,employee count,1,0.0,0.0,21.56800002558157,21.56800002558157,21.56800002558157,9.510912,0
all-resident-k8,19,1,Pyrenna,employee count,1,0.0,0.0,20.224199979566038,20.224199979566038,20.224199979566038,0.0,0
oracle-k2,19,1,Pyrenna,employee count,1,0.0,0.0,21.005899994634092,21.005899994634092,21.005899994634092,9.510912,0
reactive-lru-k3,19,1,Pyrenna,employee count,0,0.4434000002220273,24.186199996620417,20.145700022112578,20.589100022334605,44.331900018732995,0.0,0
reactive-lru-k2,19,1,Pyrenna,employee count,0,0.44490001164376736,22.567999956663698,20.307799975853413,20.75269998749718,42.87579993251711,0.0,0
topic-k1,19,1,Pyrenna,employee count,0,0.43840002035722136,22.924400051124394,19.52610001899302,19.96450003935024,42.450500070117414,0.0,0
on-demand-k1,19,1,Pyrenna,employee count,0,0.44759997399523854,23.06550001958385,19.821699999738485,20.269299973733723,42.887200019322336,0.0,0
oracle-k2,19,2,Ilmeth,stock ticker,1,0.0,0.0,19.8876999784261,19.8876999784261,19.8876999784261,8.761344,0
reactive-lru-k3,19,2,Ilmeth,stock ticker,0,0.4212000058032572,23.492800013627857,19.146199978422374,19.56739998422563,42.63899999205023,0.0,0
oracle-k3,19,2,Ilmeth,stock ticker,1,0.0,0.0,19.15419998113066,19.15419998113066,19.15419998113066,8.761344,0
topic-k3,19,2,Ilmeth,stock ticker,1,0.0,0.0,19.983100006356835,19.983100006356835,19.983100006356835,8.761344,1
reactive-lru-k2,19,2,Ilmeth,stock ticker,0,0.40879996959120035,22.910800005774945,20.12330002617091,20.53209999576211,43.034100031945854,0.0,0
oracle-k1,19,2,Ilmeth,stock ticker,1,0.0,0.0,20.04909998504445,20.04909998504445,20.04909998504445,8.761344,0
topic-k1,19,2,Ilmeth,stock ticker,0,0.3999000182375312,22.651700011920184,19.601100008003414,20.001000026240945,42.2528000199236,0.0,0
reactive-lru-k1,19,2,Ilmeth,stock ticker,0,0.4126999992877245,23.1589000322856,19.158100010827184,19.570800010114908,42.317000043112785,0.0,0
on-demand-k1,19,2,Ilmeth,stock ticker,0,0.4095000331290066,22.995600011199713,20.241099991835654,20.65060002496466,43.23670000303537,0.0,0
all-resident-k8,19,2,Ilmeth,stock ticker,1,0.0,0.0,20.476200035773218,20.476200035773218,20.476200035773218,0.0,0
topic-k2,19,2,Ilmeth,stock ticker,0,0.3839000128209591,23.766099999193102,20.639099995605648,21.023000008426607,44.40519999479875,9.609216,1
oracle-k1,19,3,Draskel,board chair,1,0.0,0.0,20.303299999795854,20.303299999795854,20.303299999795854,9.609216,0
oracle-k2,19,3,Draskel,board chair,1,0.0,0.0,19.75430001039058,19.75430001039058,19.75430001039058,9.609216,0
topic-k1,19,3,Draskel,board chair,0,0.4457999602891505,22.740799991879612,20.21380001679063,20.65959997707978,42.95460000867024,0.0,0
on-demand-k1,19,3,Draskel,board chair,0,0.4354999982751906,22.643999953288585,19.70369997434318,20.13919997261837,42.347699927631766,0.0,0
topic-k2,19,3,Draskel,board chair,1,0.0,0.0,19.941799982916564,19.941799982916564,19.941799982916564,0.0,0
reactive-lru-k3,19,3,Draskel,board chair,1,0.0,0.0,20.36780002526939,20.36780002526939,20.36780002526939,0.0,0
reactive-lru-k2,19,3,Draskel,board chair,0,0.4420999903231859,22.75290002580732,19.284999987576157,19.727099977899343,42.03790001338348,0.0,0
all-resident-k8,19,3,Draskel,board chair,1,0.0,0.0,20.876599999610335,20.876599999610335,20.876599999610335,0.0,0
reactive-lru-k1,19,3,Draskel,board chair,0,0.46980002662166953,23.13210000284016,19.715200003702193,20.185000030323863,42.847300006542355,0.0,0
oracle-k3,19,3,Draskel,board chair,1,0.0,0.0,21.4269999996759,21.4269999996759,21.4269999996759,9.609216,0
topic-k3,19,3,Draskel,board chair,1,0.0,0.0,20.430499978829175,20.430499978829175,20.430499978829175,9.474048,0
topic-k1,19,4,Draskel,stock ticker,1,0.0,0.0,19.581099972128868,19.581099972128868,19.581099972128868,0.0,0
reactive-lru-k1,19,4,Draskel,stock ticker,1,0.0,0.0,21.72299998346716,21.72299998346716,21.72299998346716,0.0,0
oracle-k2,19,4,Draskel,stock ticker,1,0.0,0.0,21.41049999045208,21.41049999045208,21.41049999045208,0.0,0
on-demand-k1,19,4,Draskel,stock ticker,0,0.4756999551318586,22.98419998260215,20.446799986530095,20.922499941661954,43.430999969132245,0.0,0
oracle-k3,19,4,Draskel,stock ticker,1,0.0,0.0,19.991800014395267,19.991800014395267,19.991800014395267,0.0,0
reactive-lru-k3,19,4,Draskel,stock ticker,1,0.0,0.0,20.02100000390783,20.02100000390783,20.02100000390783,0.0,0
all-resident-k8,19,4,Draskel,stock ticker,1,0.0,0.0,20.81220003310591,20.81220003310591,20.81220003310591,0.0,0
topic-k3,19,4,Draskel,stock ticker,1,0.0,0.0,19.732700020540506,19.732700020540506,19.732700020540506,18.948096,1
oracle-k1,19,4,Draskel,stock ticker,1,0.0,0.0,20.368699973914772,20.368699973914772,20.368699973914772,0.0,0
topic-k2,19,4,Draskel,stock ticker,1,0.0,0.0,20.60009998967871,20.60009998967871,20.60009998967871,9.437184,0
reactive-lru-k2,19,4,Draskel,stock ticker,1,0.0,0.0,20.51579998806119,20.51579998806119,20.51579998806119,0.0,0
oracle-k1,19,5,Pyrenna,anthem composer,1,0.0,0.0,20.212800009176135,20.212800009176135,20.212800009176135,9.510912,0
all-resident-k8,19,5,Pyrenna,anthem composer,1,0.0,0.0,20.19869996001944,20.19869996001944,20.19869996001944,0.0,0
topic-k2,19,5,Pyrenna,anthem composer,0,0.4352999967522919,23.43450003536418,21.287000039592385,21.722300036344677,44.721500074956566,0.0,1
oracle-k2,19,5,Pyrenna,anthem composer,1,0.0,0.0,20.150399999693036,20.150399999693036,20.150399999693036,9.510912,0
reactive-lru-k2,19,5,Pyrenna,anthem composer,0,0.47940004151314497,23.353700002189726,20.307800034061074,20.78720007557422,43.6615000362508,0.0,0
on-demand-k1,19,5,Pyrenna,anthem composer,0,0.43569999979808927,22.786099987570196,20.81660000840202,21.25230000820011,43.602699995972216,0.0,0
oracle-k3,19,5,Pyrenna,anthem composer,1,0.0,0.0,19.958299992140383,19.958299992140383,19.958299992140383,9.510912,0
reactive-lru-k3,19,5,Pyrenna,anthem composer,1,0.0,0.0,19.80890001868829,19.80890001868829,19.80890001868829,0.0,0
reactive-lru-k1,19,5,Pyrenna,anthem composer,0,0.45140000293031335,23.128800035919994,19.67000000877306,20.121400011703372,42.79880004469305,0.0,0
topic-k3,19,5,Pyrenna,anthem composer,1,0.0,0.0,20.170899981167167,20.170899981167167,20.170899981167167,0.0,0
topic-k1,19,5,Pyrenna,anthem composer,0,0.4341000458225608,23.00470002228394,21.56770002329722,22.00180006911978,44.57240004558116,0.0,0
topic-k1,19,6,Pyrenna,founding river,1,0.0,0.0,19.456899957731366,19.456899957731366,19.456899957731366,0.0,0
oracle-k1,19,6,Pyrenna,founding river,1,0.0,0.0,20.517900004051626,20.517900004051626,20.517900004051626,0.0,0
topic-k2,19,6,Pyrenna,founding river,1,0.0,0.0,20.470399991609156,20.470399991609156,20.470399991609156,0.0,0
reactive-lru-k2,19,6,Pyrenna,founding river,1,0.0,0.0,20.48599999397993,20.48599999397993,20.48599999397993,0.0,0
topic-k3,19,6,Pyrenna,founding river,1,0.0,0.0,20.062999974470586,20.062999974470586,20.062999974470586,8.761344,1
on-demand-k1,19,6,Pyrenna,founding river,0,0.4352999967522919,22.346500016283244,19.64630000293255,20.08159999968484,41.99280001921579,0.0,0
reactive-lru-k3,19,6,Pyrenna,founding river,1,0.0,0.0,19.678400014527142,19.678400014527142,19.678400014527142,0.0,0
all-resident-k8,19,6,Pyrenna,founding river,1,0.0,0.0,20.9309000056237,20.9309000056237,20.9309000056237,0.0,0
reactive-lru-k1,19,6,Pyrenna,founding river,1,0.0,0.0,20.71460004663095,20.71460004663095,20.71460004663095,0.0,0
oracle-k3,19,6,Pyrenna,founding river,1,0.0,0.0,20.020299998577684,20.020299998577684,20.020299998577684,0.0,0
oracle-k2,19,6,Pyrenna,founding river,1,0.0,0.0,21.696300012990832,21.696300012990832,21.696300012990832,0.0,0
reactive-lru-k1,19,7,Ilmeth,corporate color,0,0.41290000081062317,22.535900003276765,22.004000027664006,22.41690002847463,44.53990003094077,0.0,0
topic-k2,19,7,Ilmeth,corporate color,0,0.4102999810129404,24.52489995630458,21.387199987657368,21.79749996867031,45.91209994396195,0.0,0
oracle-k3,19,7,Ilmeth,corporate color,1,0.0,0.0,22.131900012027472,22.131900012027472,22.131900012027472,8.761344,0
all-resident-k8,19,7,Ilmeth,corporate color,1,0.0,0.0,20.96019999589771,20.96019999589771,20.96019999589771,0.0,0
oracle-k2,19,7,Ilmeth,corporate color,1,0.0,0.0,21.516799984965473,21.516799984965473,21.516799984965473,8.761344,0
reactive-lru-k3,19,7,Ilmeth,corporate color,1,0.0,0.0,21.105899999383837,21.105899999383837,21.105899999383837,0.0,0
oracle-k1,19,7,Ilmeth,corporate color,1,0.0,0.0,19.39259999198839,19.39259999198839,19.39259999198839,8.761344,0
on-demand-k1,19,7,Ilmeth,corporate color,0,0.46410004142671824,22.91330002481118,20.282200013753027,20.746300055179745,43.195500038564205,0.0,0
topic-k3,19,7,Ilmeth,corporate color,1,0.0,0.0,22.639800037723035,22.639800037723035,22.639800037723035,0.0,0
reactive-lru-k2,19,7,Ilmeth,corporate color,0,0.41689997306093574,23.930199968162924,24.00209999177605,24.418999964836985,47.93229995993897,0.0,0
topic-k1,19,7,Ilmeth,corporate color,0,0.43979997280985117,24.08019994618371,21.25339995836839,21.693199931178242,45.3335999045521,0.0,0
oracle-k1,19,8,Ilmeth,headquarters city,1,0.0,0.0,21.577699983026832,21.577699983026832,21.577699983026832,0.0,0
oracle-k3,19,8,Ilmeth,headquarters city,1,0.0,0.0,22.21680001821369,22.21680001821369,22.21680001821369,0.0,0
topic-k2,19,8,Ilmeth,headquarters city,1,0.0,0.0,21.284500020556152,21.284500020556152,21.284500020556152,9.609216,0
on-demand-k1,19,8,Ilmeth,headquarters city,0,0.4013000288978219,24.474100035149604,22.48320000944659,22.884500038344413,46.957300044596195,0.0,0
topic-k3,19,8,Ilmeth,headquarters city,1,0.0,0.0,21.279299980960786,21.279299980960786,21.279299980960786,9.474048,0
topic-k1,19,8,Ilmeth,headquarters city,1,0.0,0.0,23.92909995978698,23.92909995978698,23.92909995978698,0.0,0
reactive-lru-k3,19,8,Ilmeth,headquarters city,1,0.0,0.0,20.31289995647967,20.31289995647967,20.31289995647967,0.0,0
reactive-lru-k1,19,8,Ilmeth,headquarters city,1,0.0,0.0,23.567299998831004,23.567299998831004,23.567299998831004,0.0,0
reactive-lru-k2,19,8,Ilmeth,headquarters city,1,0.0,0.0,20.901899959426373,20.901899959426373,20.901899959426373,0.0,0
all-resident-k8,19,8,Ilmeth,headquarters city,1,0.0,0.0,23.504699987825006,23.504699987825006,23.504699987825006,0.0,0
oracle-k2,19,8,Ilmeth,headquarters city,1,0.0,0.0,20.924200012814254,20.924200012814254,20.924200012814254,0.0,0
all-resident-k8,19,9,Ilmeth,flagship product,1,0.0,0.0,20.006899954751134,20.006899954751134,20.006899954751134,0.0,0
reactive-lru-k1,19,9,Ilmeth,flagship product,1,0.0,0.0,21.17800002451986,21.17800002451986,21.17800002451986,0.0,0
oracle-k3,19,9,Ilmeth,flagship product,1,0.0,0.0,20.69960004882887,20.69960004882887,20.69960004882887,0.0,0
topic-k3,19,9,Ilmeth,flagship product,1,0.0,0.0,21.268900018185377,21.268900018185377,21.268900018185377,0.0,0
on-demand-k1,19,9,Ilmeth,flagship product,0,0.4118999931961298,24.944700009655207,20.48790000844747,20.899800001643598,45.432600018102676,0.0,0
oracle-k2,19,9,Ilmeth,flagship product,1,0.0,0.0,22.787399997469038,22.787399997469038,22.787399997469038,0.0,0
reactive-lru-k2,19,9,Ilmeth,flagship product,1,0.0,0.0,21.309199975803494,21.309199975803494,21.309199975803494,0.0,0
topic-k1,19,9,Ilmeth,flagship product,1,0.0,0.0,20.279100048355758,20.279100048355758,20.279100048355758,0.0,0
oracle-k1,19,9,Ilmeth,flagship product,1,0.0,0.0,20.615699992049485,20.615699992049485,20.615699992049485,0.0,0
reactive-lru-k3,19,9,Ilmeth,flagship product,1,0.0,0.0,20.702900015749037,20.702900015749037,20.702900015749037,0.0,0
topic-k2,19,9,Ilmeth,flagship product,1,0.0,0.0,20.358300011139363,20.358300011139363,20.358300011139363,0.0,0
topic-k2,19,10,Toskarel,chief executive,0,0.4379999591037631,22.717299987562,19.16470000287518,19.602699961978942,41.88199999043718,0.0,1
oracle-k2,19,10,Toskarel,chief executive,1,0.0,0.0,20.153800025582314,20.153800025582314,20.153800025582314,9.474048,0
reactive-lru-k1,19,10,Toskarel,chief executive,0,0.44159998651593924,26.91019995836541,21.517899993341416,21.959499979857355,48.42809995170683,0.0,0
topic-k3,19,10,Toskarel,chief executive,1,0.0,0.0,21.87259995844215,21.87259995844215,21.87259995844215,0.0,0
reactive-lru-k3,19,10,Toskarel,chief executive,0,0.4531000158749521,22.32200000435114,20.286999992094934,20.740100007969886,42.60899999644607,0.0,0
on-demand-k1,19,10,Toskarel,chief executive,0,0.4477000329643488,24.121500027831644,19.62110004387796,20.068800076842308,43.7426000717096,0.0,0
topic-k1,19,10,Toskarel,chief executive,0,0.4447000101208687,23.80470000207424,20.446499984245747,20.891199994366616,44.25119998631999,0.0,0
oracle-k1,19,10,Toskarel,chief executive,1,0.0,0.0,19.604899978730828,19.604899978730828,19.604899978730828,9.474048,0
all-resident-k8,19,10,Toskarel,chief executive,1,0.0,0.0,19.234500010497868,19.234500010497868,19.234500010497868,0.0,0
oracle-k3,19,10,Toskarel,chief executive,1,0.0,0.0,20.554999995511025,20.554999995511025,20.554999995511025,9.474048,0
reactive-lru-k2,19,10,Toskarel,chief executive,0,0.44380000326782465,23.5619000159204,20.89840004919097,21.342200052458793,44.46030006511137,0.0,0
reactive-lru-k2,19,11,Toskarel,founding river,1,0.0,0.0,19.935400050599128,19.935400050599128,19.935400050599128,0.0,0
reactive-lru-k1,19,11,Toskarel,founding river,1,0.0,0.0,20.160800020676106,20.160800020676106,20.160800020676106,0.0,0
oracle-k1,19,11,Toskarel,founding river,1,0.0,0.0,20.50969999982044,20.50969999982044,20.50969999982044,0.0,0
topic-k3,19,11,Toskarel,founding river,1,0.0,0.0,20.22090001264587,20.22090001264587,20.22090001264587,19.820543999999998,0
topic-k1,19,11,Toskarel,founding river,1,0.0,0.0,21.362800034694374,21.362800034694374,21.362800034694374,0.0,0
oracle-k3,19,11,Toskarel,founding river,1,0.0,0.0,21.590899967122823,21.590899967122823,21.590899967122823,0.0,0
on-demand-k1,19,11,Toskarel,founding river,0,0.44870004057884216,23.855999985244125,20.999800006393343,21.448500046972185,44.85579999163747,0.0,0
reactive-lru-k3,19,11,Toskarel,founding river,1,0.0,0.0,21.67419996112585,21.67419996112585,21.67419996112585,0.0,0
topic-k2,19,11,Toskarel,founding river,1,0.0,0.0,21.454499976243824,21.454499976243824,21.454499976243824,9.510912,0
oracle-k2,19,11,Toskarel,founding river,1,0.0,0.0,22.48650003457442,22.48650003457442,22.48650003457442,0.0,0
all-resident-k8,19,11,Toskarel,founding river,1,0.0,0.0,21.847199997864664,21.847199997864664,21.847199997864664,0.0,0
reactive-lru-k3,20,0,Ilmeth,chief executive,0,0.40610000723972917,23.20919994963333,21.195499983150512,21.60159999039024,44.40469993278384,0.0,0
reactive-lru-k2,20,0,Ilmeth,chief executive,0,0.41340000461786985,23.1142999837175,22.42990001104772,22.84330001566559,45.54419999476522,0.0,0
reactive-lru-k1,20,0,Ilmeth,chief executive,0,0.4199999966658652,31.775499985087663,19.798099994659424,20.21809999132529,51.57359997974709,0.0,0
all-resident-k8,20,0,Ilmeth,chief executive,1,0.0,0.0,22.620000003371388,22.620000003371388,22.620000003371388,75.472896,0
topic-k1,20,0,Ilmeth,chief executive,0,0.4140000091865659,21.997599978931248,20.217299985233694,20.63129999442026,42.21489996416494,0.0,0
on-demand-k1,20,0,Ilmeth,chief executive,0,0.4192999913357198,23.83160003228113,20.256199990399182,20.6754999817349,44.08780002268031,0.0,0
oracle-k3,20,0,Ilmeth,chief executive,1,0.0,0.0,22.78409997234121,22.78409997234121,22.78409997234121,8.761344,0
oracle-k1,20,0,Ilmeth,chief executive,1,0.0,0.0,20.11859999038279,20.11859999038279,20.11859999038279,8.761344,0
oracle-k2,20,0,Ilmeth,chief executive,1,0.0,0.0,20.056899986229837,20.056899986229837,20.056899986229837,8.761344,0
topic-k2,20,0,Ilmeth,chief executive,0,0.40090002585202456,24.527400033548474,20.403800008352846,20.80470003420487,44.93120004190132,0.0,0
topic-k3,20,0,Ilmeth,chief executive,0,0.4050999996252358,23.52339995559305,22.26440003141761,22.669500031042844,45.78779998701066,0.0,0
reactive-lru-k1,20,1,Ilmeth,stock ticker,1,0.0,0.0,20.01520001795143,20.01520001795143,20.01520001795143,0.0,0
oracle-k2,20,1,Ilmeth,stock ticker,1,0.0,0.0,22.687499993480742,22.687499993480742,22.687499993480742,0.0,0
reactive-lru-k2,20,1,Ilmeth,stock ticker,1,0.0,0.0,21.09189995098859,21.09189995098859,21.09189995098859,0.0,0
oracle-k3,20,1,Ilmeth,stock ticker,1,0.0,0.0,21.079299971461296,21.079299971461296,21.079299971461296,0.0,0
topic-k1,20,1,Ilmeth,stock ticker,1,0.0,0.0,20.592299988493323,20.592299988493323,20.592299988493323,0.0,0
on-demand-k1,20,1,Ilmeth,stock ticker,0,0.4169999738223851,23.0271999607794,22.715500032063574,23.13250000588596,45.74269999284297,0.0,0
topic-k2,20,1,Ilmeth,stock ticker,1,0.0,0.0,20.500299986451864,20.500299986451864,20.500299986451864,9.609216,0
all-resident-k8,20,1,Ilmeth,stock ticker,1,0.0,0.0,20.156099984887987,20.156099984887987,20.156099984887987,0.0,0
topic-k3,20,1,Ilmeth,stock ticker,1,0.0,0.0,19.73929995438084,19.73929995438084,19.73929995438084,19.083264,0
oracle-k1,20,1,Ilmeth,stock ticker,1,0.0,0.0,20.154800033196807,20.154800033196807,20.154800033196807,0.0,0
reactive-lru-k3,20,1,Ilmeth,stock ticker,1,0.0,0.0,22.026100021321326,22.026100021321326,22.026100021321326,0.0,0
reactive-lru-k1,20,2,Draskel,signature dish,0,0.4529999569058418,24.56680004252121,20.6389999948442,21.09199995175004,45.20580003736541,0.0,0
reactive-lru-k3,20,2,Draskel,signature dish,0,0.46120001934468746,26.09860000666231,22.008200001437217,22.469400020781904,48.106800008099526,0.0,0
all-resident-k8,20,2,Draskel,signature dish,1,0.0,0.0,21.43749996321276,21.43749996321276,21.43749996321276,0.0,0
topic-k3,20,2,Draskel,signature dish,1,0.0,0.0,19.93780001066625,19.93780001066625,19.93780001066625,0.0,0
oracle-k2,20,2,Draskel,signature dish,1,0.0,0.0,21.507699973881245,21.507699973881245,21.507699973881245,9.609216,0
reactive-lru-k2,20,2,Draskel,signature dish,0,0.44839998008683324,24.35729996068403,19.37190000899136,19.820299989078194,43.72919996967539,0.0,0
topic-k1,20,2,Draskel,signature dish,0,0.4458999610505998,22.80009997775778,21.245400013867766,21.691299974918365,44.04549999162555,0.0,0
oracle-k1,20,2,Draskel,signature dish,1,0.0,0.0,19.916200020816177,19.916200020816177,19.916200020816177,9.609216,0
topic-k2,20,2,Draskel,signature dish,1,0.0,0.0,22.757099999580532,22.757099999580532,22.757099999580532,0.0,0
oracle-k3,20,2,Draskel,signature dish,1,0.0,0.0,20.166800008155406,20.166800008155406,20.166800008155406,9.609216,0
on-demand-k1,20,2,Draskel,signature dish,0,0.45220000902190804,23.029800038784742,21.231999970041215,21.684199979063123,44.26180000882596,0.0,0
all-resident-k8,20,3,Draskel,chief engineer,1,0.0,0.0,19.861599954310805,19.861599954310805,19.861599954310805,0.0,0
topic-k3,20,3,Draskel,chief engineer,1,0.0,0.0,22.500000020954758,22.500000020954758,22.500000020954758,18.948096,1
oracle-k1,20,3,Draskel,chief engineer,1,0.0,0.0,20.639800000935793,20.639800000935793,20.639800000935793,0.0,0
oracle-k2,20,3,Draskel,chief engineer,1,0.0,0.0,20.77649999409914,20.77649999409914,20.77649999409914,0.0,0
on-demand-k1,20,3,Draskel,chief engineer,0,0.46469998778775334,23.070399998687208,21.15129999583587,21.615999983623624,44.22169999452308,0.0,0
oracle-k3,20,3,Draskel,chief engineer,1,0.0,0.0,21.136299998033792,21.136299998033792,21.136299998033792,0.0,0
reactive-lru-k2,20,3,Draskel,chief engineer,1,0.0,0.0,21.176300011575222,21.176300011575222,21.176300011575222,0.0,0
reactive-lru-k1,20,3,Draskel,chief engineer,1,0.0,0.0,20.735400030389428,20.735400030389428,20.735400030389428,0.0,0
reactive-lru-k3,20,3,Draskel,chief engineer,1,0.0,0.0,22.6433000061661,22.6433000061661,22.6433000061661,0.0,0
topic-k1,20,3,Draskel,chief engineer,1,0.0,0.0,21.53790002921596,21.53790002921596,21.53790002921596,0.0,0
topic-k2,20,3,Draskel,chief engineer,1,0.0,0.0,22.78539998224005,22.78539998224005,22.78539998224005,9.437184,0
all-resident-k8,20,4,Draskel,chief executive,1,0.0,0.0,21.864800015464425,21.864800015464425,21.864800015464425,0.0,0
reactive-lru-k1,20,4,Draskel,chief executive,1,0.0,0.0,20.864799967966974,20.864799967966974,20.864799967966974,0.0,0
topic-k3,20,4,Draskel,chief executive,1,0.0,0.0,21.109600027557462,21.109600027557462,21.109600027557462,0.0,0
reactive-lru-k3,20,4,Draskel,chief executive,1,0.0,0.0,20.0862999772653,20.0862999772653,20.0862999772653,0.0,0
topic-k1,20,4,Draskel,chief executive,1,0.0,0.0,22.121199988760054,22.121199988760054,22.121199988760054,0.0,0
on-demand-k1,20,4,Draskel,chief executive,0,0.4523000097833574,22.189499984961003,19.876700011081994,20.32900002086535,42.066199996043,0.0,0
oracle-k1,20,4,Draskel,chief executive,1,0.0,0.0,22.111999976914376,22.111999976914376,22.111999976914376,0.0,0
topic-k2,20,4,Draskel,chief executive,1,0.0,0.0,20.999400003347546,20.999400003347546,20.999400003347546,0.0,0
oracle-k2,20,4,Draskel,chief executive,1,0.0,0.0,19.277599989436567,19.277599989436567,19.277599989436567,0.0,0
reactive-lru-k2,20,4,Draskel,chief executive,1,0.0,0.0,22.3629999672994,22.3629999672994,22.3629999672994,0.0,0
oracle-k3,20,4,Draskel,chief executive,1,0.0,0.0,19.920899998396635,19.920899998396635,19.920899998396635,0.0,0
reactive-lru-k3,20,5,Pyrenna,founding river,0,0.43509999522939324,23.063300002831966,19.927999994251877,20.36309998948127,42.99129999708384,0.0,0
oracle-k3,20,5,Pyrenna,founding river,1,0.0,0.0,20.01489995745942,20.01489995745942,20.01489995745942,9.510912,0
all-resident-k8,20,5,Pyrenna,founding river,1,0.0,0.0,20.315299974754453,20.315299974754453,20.315299974754453,0.0,0
oracle-k2,20,5,Pyrenna,founding river,1,0.0,0.0,20.071899984031916,20.071899984031916,20.071899984031916,9.510912,0
topic-k3,20,5,Pyrenna,founding river,1,0.0,0.0,20.34849999472499,20.34849999472499,20.34849999472499,0.0,0
reactive-lru-k1,20,5,Pyrenna,founding river,0,0.45039999531582,23.433600028511137,21.87880000565201,22.32920000096783,45.31240003416315,0.0,0
topic-k1,20,5,Pyrenna,founding river,0,0.4428999964147806,23.485600017011166,21.844200033228844,22.287100029643625,45.32980005024001,0.0,0
on-demand-k1,20,5,Pyrenna,founding river,0,0.4392999690026045,22.57939998526126,21.82850003009662,22.267799999099225,44.40790001535788,0.0,0
topic-k2,20,5,Pyrenna,founding river,0,0.4309999640099704,24.05389997875318,20.56029997766018,20.99129994167015,44.61419995641336,0.0,1
reactive-lru-k2,20,5,Pyrenna,founding river,0,0.4518000059761107,25.816700013820082,20.38689999608323,20.83870000205934,46.20360000990331,0.0,0
oracle-k1,20,5,Pyrenna,founding river,1,0.0,0.0,20.984299946576357,20.984299946576357,20.984299946576357,9.510912,0
topic-k1,20,6,Pyrenna,headquarters city,1,0.0,0.0,21.771300002001226,21.771300002001226,21.771300002001226,0.0,0
topic-k2,20,6,Pyrenna,headquarters city,1,0.0,0.0,23.734599992167205,23.734599992167205,23.734599992167205,0.0,0
oracle-k1,20,6,Pyrenna,headquarters city,1,0.0,0.0,21.822999988216907,21.822999988216907,21.822999988216907,0.0,0
reactive-lru-k1,20,6,Pyrenna,headquarters city,1,0.0,0.0,24.39180004876107,24.39180004876107,24.39180004876107,0.0,0
oracle-k3,20,6,Pyrenna,headquarters city,1,0.0,0.0,21.16750000277534,21.16750000277534,21.16750000277534,0.0,0
topic-k3,20,6,Pyrenna,headquarters city,1,0.0,0.0,20.631999999750406,20.631999999750406,20.631999999750406,8.761344,1
reactive-lru-k2,20,6,Pyrenna,headquarters city,1,0.0,0.0,21.38679998461157,21.38679998461157,21.38679998461157,0.0,0
oracle-k2,20,6,Pyrenna,headquarters city,1,0.0,0.0,20.267399959266186,20.267399959266186,20.267399959266186,0.0,0
all-resident-k8,20,6,Pyrenna,headquarters city,1,0.0,0.0,21.126600040588528,21.126600040588528,21.126600040588528,0.0,0
reactive-lru-k3,20,6,Pyrenna,headquarters city,1,0.0,0.0,20.528000022750348,20.528000022750348,20.528000022750348,0.0,0
on-demand-k1,20,6,Pyrenna,headquarters city,0,0.4416999872773886,22.25519996136427,20.721000037156045,21.162700024433434,42.976199998520315,0.0,0
topic-k1,20,7,Pyrenna,anthem composer,1,0.0,0.0,19.651499984320253,19.651499984320253,19.651499984320253,0.0,0
reactive-lru-k3,20,7,Pyrenna,anthem composer,1,0.0,0.0,20.581900025717914,20.581900025717914,20.581900025717914,0.0,0
reactive-lru-k1,20,7,Pyrenna,anthem composer,1,0.0,0.0,19.525300012901425,19.525300012901425,19.525300012901425,0.0,0
reactive-lru-k2,20,7,Pyrenna,anthem composer,1,0.0,0.0,20.584699988830835,20.584699988830835,20.584699988830835,0.0,0
all-resident-k8,20,7,Pyrenna,anthem composer,1,0.0,0.0,21.007000003010035,21.007000003010035,21.007000003010035,0.0,0
topic-k2,20,7,Pyrenna,anthem composer,1,0.0,0.0,21.53199998429045,21.53199998429045,21.53199998429045,0.0,0
oracle-k2,20,7,Pyrenna,anthem composer,1,0.0,0.0,21.010400028899312,21.010400028899312,21.010400028899312,0.0,0
on-demand-k1,20,7,Pyrenna,anthem composer,0,0.4349999944679439,23.100199992768466,20.851799985393882,21.286799979861826,43.95199997816235,0.0,0
topic-k3,20,7,Pyrenna,anthem composer,1,0.0,0.0,20.118399988859892,20.118399988859892,20.118399988859892,0.0,0
oracle-k1,20,7,Pyrenna,anthem composer,1,0.0,0.0,20.627099962439388,20.627099962439388,20.627099962439388,0.0,0
oracle-k3,20,7,Pyrenna,anthem composer,1,0.0,0.0,20.81489999545738,20.81489999545738,20.81489999545738,0.0,0
reactive-lru-k2,20,8,Pyrenna,board chair,1,0.0,0.0,21.217099973000586,21.217099973000586,21.217099973000586,0.0,0
topic-k3,20,8,Pyrenna,board chair,1,0.0,0.0,19.861900014802814,19.861900014802814,19.861900014802814,0.0,0
oracle-k3,20,8,Pyrenna,board chair,1,0.0,0.0,21.429500018712133,21.429500018712133,21.429500018712133,0.0,0
on-demand-k1,20,8,Pyrenna,board chair,0,0.4391000256873667,22.23880001110956,20.231899979989976,20.671000005677342,42.470699991099536,0.0,0
topic-k2,20,8,Pyrenna,board chair,1,0.0,0.0,21.175799949560314,21.175799949560314,21.175799949560314,0.0,0
oracle-k2,20,8,Pyrenna,board chair,1,0.0,0.0,19.29470000322908,19.29470000322908,19.29470000322908,0.0,0
oracle-k1,20,8,Pyrenna,board chair,1,0.0,0.0,19.94680002098903,19.94680002098903,19.94680002098903,0.0,0
all-resident-k8,20,8,Pyrenna,board chair,1,0.0,0.0,20.14390000840649,20.14390000840649,20.14390000840649,0.0,0
reactive-lru-k3,20,8,Pyrenna,board chair,1,0.0,0.0,20.420100016053766,20.420100016053766,20.420100016053766,0.0,0
reactive-lru-k1,20,8,Pyrenna,board chair,1,0.0,0.0,21.762099990155548,21.762099990155548,21.762099990155548,0.0,0
topic-k1,20,8,Pyrenna,board chair,1,0.0,0.0,20.98239999031648,20.98239999031648,20.98239999031648,0.0,0
reactive-lru-k3,20,9,Ilmeth,anthem composer,1,0.0,0.0,21.259000001009554,21.259000001009554,21.259000001009554,0.0,0
oracle-k2,20,9,Ilmeth,anthem composer,1,0.0,0.0,20.074900006875396,20.074900006875396,20.074900006875396,8.761344,0
reactive-lru-k2,20,9,Ilmeth,anthem composer,0,0.42320002103224397,24.30150000145659,20.65520000178367,21.078400022815913,44.95670000324026,0.0,0
topic-k1,20,9,Ilmeth,anthem composer,0,0.4059000057168305,23.010000004433095,20.870699954684824,21.276599960401654,43.88069995911792,0.0,0
oracle-k1,20,9,Ilmeth,anthem composer,1,0.0,0.0,21.11429994693026,21.11429994693026,21.11429994693026,8.761344,0
on-demand-k1,20,9,Ilmeth,anthem composer,0,0.4162000259384513,24.037900031544268,19.892700016498566,20.308900042437017,43.930600048042834,0.0,0
topic-k3,20,9,Ilmeth,anthem composer,1,0.0,0.0,21.357999998144805,21.357999998144805,21.357999998144805,0.0,0
oracle-k3,20,9,Ilmeth,anthem composer,1,0.0,0.0,23.80040002753958,23.80040002753958,23.80040002753958,8.761344,0
topic-k2,20,9,Ilmeth,anthem composer,0,0.41480001527816057,22.882300021592528,20.281100005377084,20.695900020655245,43.16340002696961,0.0,0
all-resident-k8,20,9,Ilmeth,anthem composer,1,0.0,0.0,20.73799999197945,20.73799999197945,20.73799999197945,0.0,0
reactive-lru-k1,20,9,Ilmeth,anthem composer,0,0.4065000102855265,23.703099985141307,23.06879998650402,23.475299996789545,46.771899971645325,0.0,0
topic-k3,20,10,Ilmeth,lucky number,1,0.0,0.0,22.244299994781613,22.244299994781613,22.244299994781613,9.474048,0
topic-k1,20,10,Ilmeth,lucky number,1,0.0,0.0,22.14679995086044,22.14679995086044,22.14679995086044,0.0,0
all-resident-k8,20,10,Ilmeth,lucky number,1,0.0,0.0,20.411500008776784,20.411500008776784,20.411500008776784,0.0,0
reactive-lru-k3,20,10,Ilmeth,lucky number,1,0.0,0.0,21.071799972560257,21.071799972560257,21.071799972560257,0.0,0
on-demand-k1,20,10,Ilmeth,lucky number,0,0.41370000690221786,23.282700043637305,20.65489999949932,21.06860000640154,43.93760004313663,0.0,0
oracle-k3,20,10,Ilmeth,lucky number,1,0.0,0.0,21.59450005274266,21.59450005274266,21.59450005274266,0.0,0
reactive-lru-k2,20,10,Ilmeth,lucky number,1,0.0,0.0,21.738799987360835,21.738799987360835,21.738799987360835,0.0,0
topic-k2,20,10,Ilmeth,lucky number,1,0.0,0.0,21.227800054475665,21.227800054475665,21.227800054475665,9.609216,0
oracle-k2,20,10,Ilmeth,lucky number,1,0.0,0.0,23.37810001336038,23.37810001336038,23.37810001336038,0.0,0
reactive-lru-k1,20,10,Ilmeth,lucky number,1,0.0,0.0,23.269400000572205,23.269400000572205,23.269400000572205,0.0,0
oracle-k1,20,10,Ilmeth,lucky number,1,0.0,0.0,21.002200024668127,21.002200024668127,21.002200024668127,0.0,0
oracle-k3,20,11,Toskarel,motto word,1,0.0,0.0,21.318499988410622,21.318499988410622,21.318499988410622,9.474048,0
topic-k1,20,11,Toskarel,motto word,0,0.44929998693987727,24.894800037145615,19.977599964477122,20.426899951417,44.87240000162274,0.0,0
reactive-lru-k3,20,11,Toskarel,motto word,0,0.4387000226415694,25.71620000526309,19.574500038288534,20.013200060930103,45.290700043551624,0.0,0
reactive-lru-k2,20,11,Toskarel,motto word,0,0.44219999108463526,23.874000005889684,20.293199981097132,20.735399972181767,44.167199986986816,0.0,0
oracle-k1,20,11,Toskarel,motto word,1,0.0,0.0,20.439499989151955,20.439499989151955,20.439499989151955,9.474048,0
topic-k2,20,11,Toskarel,motto word,0,0.44730002991855145,24.519700033124536,22.541399986948818,22.98870001686737,47.061100020073354,0.0,1
reactive-lru-k1,20,11,Toskarel,motto word,0,0.4589000018313527,27.90909999748692,22.370400023646653,22.829300025478005,50.27950002113357,0.0,0
topic-k3,20,11,Toskarel,motto word,1,0.0,0.0,21.396299998741597,21.396299998741597,21.396299998741597,0.0,0
all-resident-k8,20,11,Toskarel,motto word,1,0.0,0.0,21.314700017683208,21.314700017683208,21.314700017683208,0.0,0
on-demand-k1,20,11,Toskarel,motto word,0,0.4476999747566879,23.95020000403747,19.545699993614107,19.993399968370795,43.49589999765158,0.0,0
oracle-k2,20,11,Toskarel,motto word,1,0.0,0.0,21.177400019951165,21.177400019951165,21.177400019951165,9.474048,0
topic-k2,21,0,Draskel,founding year,0,0.44109998270869255,22.80620002420619,22.272000031080097,22.71310001378879,45.07820005528629,0.0,0
oracle-k1,21,0,Draskel,founding year,1,0.0,0.0,20.375900028739125,20.375900028739125,20.375900028739125,9.609216,0
on-demand-k1,21,0,Draskel,founding year,0,0.44380000326782465,24.549299967475235,20.825999963562936,21.26979996683076,45.37529993103817,0.0,0
all-resident-k8,21,0,Draskel,founding year,1,0.0,0.0,20.825800020247698,20.825800020247698,20.825800020247698,75.472896,0
oracle-k3,21,0,Draskel,founding year,1,0.0,0.0,20.00589994713664,20.00589994713664,20.00589994713664,9.609216,0
reactive-lru-k2,21,0,Draskel,founding year,0,0.6133000133559108,24.88090004771948,27.575000014621764,28.188300027977675,52.45590006234124,0.0,0
oracle-k2,21,0,Draskel,founding year,1,0.0,0.0,20.47869999660179,20.47869999660179,20.47869999660179,9.609216,0
topic-k1,21,0,Draskel,founding year,0,0.43949997052550316,22.77250000042841,21.576000028289855,22.015499998815358,44.34850002871826,0.0,0
reactive-lru-k1,21,0,Draskel,founding year,0,0.4455999587662518,22.875399969052523,19.476699992083013,19.922299950849265,42.352099961135536,0.0,0
reactive-lru-k3,21,0,Draskel,founding year,0,0.4820000031031668,23.856600048020482,20.66849998664111,21.150499989744276,44.52510003466159,0.0,0
topic-k3,21,0,Draskel,founding year,0,0.45579997822642326,23.04329996695742,21.2593000032939,21.715099981520325,44.30259997025132,0.0,0
all-resident-k8,21,1,Pyrenna,chief engineer,1,0.0,0.0,20.48169996123761,20.48169996123761,20.48169996123761,0.0,0
on-demand-k1,21,1,Pyrenna,chief engineer,0,0.45280001359060407,23.283699993044138,20.764299959409982,21.217099973000586,44.04799995245412,0.0,0
reactive-lru-k1,21,1,Pyrenna,chief engineer,0,0.44780003372579813,23.21850002044812,21.145899954717606,21.593699988443404,44.364399975165725,0.0,0
reactive-lru-k3,21,1,Pyrenna,chief engineer,0,0.4466000245884061,23.53230002336204,20.325099991168827,20.771700015757233,43.85740001453087,0.0,0
oracle-k3,21,1,Pyrenna,chief engineer,1,0.0,0.0,20.832099951803684,20.832099951803684,20.832099951803684,9.510912,0
reactive-lru-k2,21,1,Pyrenna,chief engineer,0,0.4496999899856746,22.734300000593066,22.37069996772334,22.820399957709014,45.104999968316406,0.0,0
oracle-k1,21,1,Pyrenna,chief engineer,1,0.0,0.0,21.06100000673905,21.06100000673905,21.06100000673905,9.510912,0
topic-k3,21,1,Pyrenna,chief engineer,1,0.0,0.0,22.257599979639053,22.257599979639053,22.257599979639053,18.948096,0
oracle-k2,21,1,Pyrenna,chief engineer,1,0.0,0.0,22.053199994843453,22.053199994843453,22.053199994843453,9.510912,0
topic-k2,21,1,Pyrenna,chief engineer,0,0.41829998372122645,24.622099997941405,22.19290001085028,22.611199994571507,46.815000008791685,9.437184,0
topic-k1,21,1,Pyrenna,chief engineer,0,0.437400012742728,24.519799975678325,19.88620002521202,20.323600037954748,44.406000000890344,0.0,0
on-demand-k1,21,2,Draskel,stock ticker,0,0.4466999671421945,23.19300000090152,20.41970001300797,20.866399980150163,43.61270001390949,0.0,0
oracle-k3,21,2,Draskel,stock ticker,1,0.0,0.0,21.939099999144673,21.939099999144673,21.939099999144673,9.609216,0
reactive-lru-k2,21,2,Draskel,stock ticker,1,0.0,0.0,21.37220004806295,21.37220004806295,21.37220004806295,0.0,0
topic-k1,21,2,Draskel,stock ticker,0,0.4417000454850495,25.207100028637797,20.259999961126596,20.701700006611645,45.46709998976439,0.0,0
all-resident-k8,21,2,Draskel,stock ticker,1,0.0,0.0,19.507399993017316,19.507399993017316,19.507399993017316,0.0,0
oracle-k1,21,2,Draskel,stock ticker,1,0.0,0.0,22.376400011125952,22.376400011125952,22.376400011125952,9.609216,0
topic-k3,21,2,Draskel,stock ticker,1,0.0,0.0,20.02840000204742,20.02840000204742,20.02840000204742,8.761344,1
reactive-lru-k1,21,2,Draskel,stock ticker,0,0.45059999683871865,22.888899955432862,19.495999964419752,19.94659996125847,42.384899919852614,0.0,0
topic-k2,21,2,Draskel,stock ticker,1,0.0,0.0,21.07570000225678,21.07570000225678,21.07570000225678,9.609216,1
oracle-k2,21,2,Draskel,stock ticker,1,0.0,0.0,21.73959999345243,21.73959999345243,21.73959999345243,9.609216,0
reactive-lru-k3,21,2,Draskel,stock ticker,1,0.0,0.0,19.52149998396635,19.52149998396635,19.52149998396635,0.0,0
topic-k3,21,3,Draskel,corporate color,1,0.0,0.0,21.018699975684285,21.018699975684285,21.018699975684285,9.437184,1
all-resident-k8,21,3,Draskel,corporate color,1,0.0,0.0,20.50130005227402,20.50130005227402,20.50130005227402,0.0,0
topic-k2,21,3,Draskel,corporate color,1,0.0,0.0,19.951700000092387,19.951700000092387,19.951700000092387,9.437184,0
reactive-lru-k3,21,3,Draskel,corporate color,1,0.0,0.0,20.95719997305423,20.95719997305423,20.95719997305423,0.0,0
oracle-k1,21,3,Draskel,corporate color,1,0.0,0.0,20.03850002074614,20.03850002074614,20.03850002074614,0.0,0
topic-k1,21,3,Draskel,corporate color,1,0.0,0.0,23.2215000432916,23.2215000432916,23.2215000432916,0.0,0
oracle-k2,21,3,Draskel,corporate color,1,0.0,0.0,19.695899973157793,19.695899973157793,19.695899973157793,0.0,0
reactive-lru-k1,21,3,Draskel,corporate color,1,0.0,0.0,20.191599964164197,20.191599964164197,20.191599964164197,0.0,0
reactive-lru-k2,21,3,Draskel,corporate color,1,0.0,0.0,20.7941000116989,20.7941000116989,20.7941000116989,0.0,0
on-demand-k1,21,3,Draskel,corporate color,0,0.46499999007210135,22.801600047387183,19.807300006505102,20.272299996577203,42.608900053892285,0.0,0
oracle-k3,21,3,Draskel,corporate color,1,0.0,0.0,21.475299960002303,21.475299960002303,21.475299960002303,0.0,0
reactive-lru-k3,21,4,Pyrenna,satellite name,1,0.0,0.0,20.169799972791225,20.169799972791225,20.169799972791225,0.0,0
on-demand-k1,21,4,Pyrenna,satellite name,0,0.4427999956533313,22.848199994768947,21.225100033916533,21.667900029569864,44.07330002868548,0.0,0
topic-k3,21,4,Pyrenna,satellite name,1,0.0,0.0,20.350399950984865,20.350399950984865,20.350399950984865,0.0,0
topic-k2,21,4,Pyrenna,satellite name,0,0.4418000462464988,22.21090003149584,27.804100012872368,28.245900059118867,50.01500004436821,0.0,1
all-resident-k8,21,4,Pyrenna,satellite name,1,0.0,0.0,21.497300011105835,21.497300011105835,21.497300011105835,0.0,0
reactive-lru-k2,21,4,Pyrenna,satellite name,1,0.0,0.0,21.496999950613827,21.496999950613827,21.496999950613827,0.0,0
oracle-k1,21,4,Pyrenna,satellite name,1,0.0,0.0,20.78980003716424,20.78980003716424,20.78980003716424,9.510912,0
topic-k1,21,4,Pyrenna,satellite name,0,0.4416999872773886,25.373700016643852,21.80780004709959,22.24950003437698,47.18150006374344,0.0,0
reactive-lru-k1,21,4,Pyrenna,satellite name,0,0.4455999587662518,23.54129997547716,22.784599976148456,23.230199934914708,46.325899951625615,0.0,0
oracle-k3,21,4,Pyrenna,satellite name,1,0.0,0.0,21.919200022239238,21.919200022239238,21.919200022239238,9.510912,0
oracle-k2,21,4,Pyrenna,satellite name,1,0.0,0.0,19.399099983274937,19.399099983274937,19.399099983274937,9.510912,0
topic-k2,21,5,Ilmeth,board chair,0,0.4029000410810113,24.207099981140345,19.68460000352934,20.08750004461035,43.891699984669685,0.0,0
oracle-k2,21,5,Ilmeth,board chair,1,0.0,0.0,21.24339999863878,21.24339999863878,21.24339999863878,8.761344,0
all-resident-k8,21,5,Ilmeth,board chair,1,0.0,0.0,21.13240002654493,21.13240002654493,21.13240002654493,0.0,0
oracle-k3,21,5,Ilmeth,board chair,1,0.0,0.0,21.765300014521927,21.765300014521927,21.765300014521927,8.761344,0
on-demand-k1,21,5,Ilmeth,board chair,0,0.41470001451671124,22.403100039809942,20.043800002895296,20.458500017412007,42.44690004270524,0.0,0
topic-k3,21,5,Ilmeth,board chair,1,0.0,0.0,19.778900023084134,19.778900023084134,19.778900023084134,8.761344,1
reactive-lru-k3,21,5,Ilmeth,board chair,0,0.4097000346519053,22.8417000034824,21.193899970967323,21.603600005619228,44.035599974449724,0.0,0
reactive-lru-k2,21,5,Ilmeth,board chair,0,0.4120999947190285,23.971299990080297,19.97970003867522,20.391800033394247,43.951000028755516,0.0,0
reactive-lru-k1,21,5,Ilmeth,board chair,0,0.4180999821983278,24.558499979320914,19.60449997568503,20.022599957883358,44.162999955005944,0.0,0
topic-k1,21,5,Ilmeth,board chair,0,0.40689995512366295,22.780500003136694,20.765700028277934,21.172599983401597,43.54620003141463,0.0,0
oracle-k1,21,5,Ilmeth,board chair,1,0.0,0.0,19.2741000209935,19.2741000209935,19.2741000209935,8.761344,0
oracle-k2,21,6,Seluun,signature dish,1,0.0,0.0,20.591899985447526,20.591899985447526,20.591899985447526,9.437184,0
all-resident-k8,21,6,Seluun,signature dish,1,0.0,0.0,26.539099984802306,26.539099984802306,26.539099984802306,0.0,0
on-demand-k1,21,6,Seluun,signature dish,0,0.4322000313550234,23.401200014632195,20.759200036991388,21.19140006834641,44.16040005162358,0.0,0
reactive-lru-k2,21,6,Seluun,signature dish,0,0.44949998846277595,23.850099998526275,21.100300014950335,21.54980000341311,44.95040001347661,0.0,0
topic-k1,21,6,Seluun,signature dish,0,0.4393000272102654,23.087000008672476,20.496400014963,20.935700042173266,43.58340002363548,0.0,0
oracle-k1,21,6,Seluun,signature dish,1,0.0,0.0,19.748999970033765,19.748999970033765,19.748999970033765,9.437184,0
reactive-lru-k1,21,6,Seluun,signature dish,0,0.44979999074712396,22.382900002412498,19.654600007925183,20.104399998672307,42.03750001033768,0.0,0
oracle-k3,21,6,Seluun,signature dish,1,0.0,0.0,20.27160004945472,20.27160004945472,20.27160004945472,9.437184,0
topic-k2,21,6,Seluun,signature dish,0,0.4110999871045351,23.543899995274842,22.061600000597537,22.47269998770207,45.60549999587238,9.609216,0
reactive-lru-k3,21,6,Seluun,signature dish,0,0.4472000291571021,23.04780000122264,21.002700028475374,21.449900057632476,44.050500029698014,0.0,0
topic-k3,21,6,Seluun,signature dish,0,0.4096999764442444,23.032700002659112,20.76159999705851,21.171299973502755,43.79429999971762,9.474048,0
oracle-k2,21,7,Seluun,employee count,1,0.0,0.0,20.391300029587,20.391300029587,20.391300029587,0.0,0
all-resident-k8,21,7,Seluun,employee count,1,0.0,0.0,20.870700012892485,20.870700012892485,20.870700012892485,0.0,0
topic-k3,21,7,Seluun,employee count,1,0.0,0.0,20.617500005755574,20.617500005755574,20.617500005755574,18.444288,1
reactive-lru-k2,21,7,Seluun,employee count,1,0.0,0.0,20.30529995681718,20.30529995681718,20.30529995681718,0.0,0
reactive-lru-k3,21,7,Seluun,employee count,1,0.0,0.0,20.136900013312697,20.136900013312697,20.136900013312697,0.0,0
reactive-lru-k1,21,7,Seluun,employee count,1,0.0,0.0,20.020099997054785,20.020099997054785,20.020099997054785,0.0,0
on-demand-k1,21,7,Seluun,employee count,0,0.43100002221763134,25.017999985720962,21.338700025808066,21.769700048025697,46.35670001152903,0.0,0
topic-k2,21,7,Seluun,employee count,1,0.0,0.0,21.127999993041158,21.127999993041158,21.127999993041158,8.835072,1
oracle-k3,21,7,Seluun,employee count,1,0.0,0.0,20.479099999647588,20.479099999647588,20.479099999647588,0.0,0
oracle-k1,21,7,Seluun,employee count,1,0.0,0.0,21.583500027190894,21.583500027190894,21.583500027190894,0.0,0
topic-k1,21,7,Seluun,employee count,1,0.0,0.0,20.522400038316846,20.522400038316846,20.522400038316846,0.0,0
reactive-lru-k3,21,8,Draskel,research lab city,0,0.45250001130625606,22.736899962183088,20.774499978870153,21.22699999017641,43.51139994105324,0.0,0
all-resident-k8,21,8,Draskel,research lab city,1,0.0,0.0,21.321100008208305,21.321100008208305,21.321100008208305,0.0,0
oracle-k1,21,8,Draskel,research lab city,1,0.0,0.0,21.350800001528114,21.350800001528114,21.350800001528114,9.609216,0
oracle-k2,21,8,Draskel,research lab city,1,0.0,0.0,20.48760000616312,20.48760000616312,20.48760000616312,9.609216,0
topic-k1,21,8,Draskel,research lab city,0,0.4418000462464988,23.488399980124086,19.46649997262284,19.90830001886934,42.95489995274693,0.0,0
oracle-k3,21,8,Draskel,research lab city,1,0.0,0.0,22.114699997473508,22.114699997473508,22.114699997473508,9.609216,0
on-demand-k1,21,8,Draskel,research lab city,0,0.44350000098347664,23.630600015167147,19.981699995696545,20.42519999668002,43.61230001086369,0.0,0
topic-k3,21,8,Draskel,research lab city,1,0.0,0.0,20.035199995618314,20.035199995618314,20.035199995618314,0.0,0
reactive-lru-k2,21,8,Draskel,research lab city,0,0.4488999838940799,22.488799993880093,20.74990002438426,21.19880000827834,43.23870001826435,0.0,0
reactive-lru-k1,21,8,Draskel,research lab city,0,0.4390000249259174,22.87600003182888,23.025100002996624,23.46410002792254,45.901100034825504,0.0,0
topic-k2,21,8,Draskel,research lab city,0,0.47069997526705265,22.432400030083954,19.742900040000677,20.21360001526773,42.17530007008463,0.0,1
oracle-k2,21,9,Draskel,annual revenue,1,0.0,0.0,21.239400026388466,21.239400026388466,21.239400026388466,0.0,0
topic-k2,21,9,Draskel,annual revenue,1,0.0,0.0,21.07120002619922,21.07120002619922,21.07120002619922,0.0,0
on-demand-k1,21,9,Draskel,annual revenue,0,0.44649996561929584,25.72959999088198,32.948900014162064,33.39539997978136,58.67850000504404,0.0,0
oracle-k1,21,9,Draskel,annual revenue,1,0.0,0.0,26.324099977500737,26.324099977500737,26.324099977500737,0.0,0
topic-k1,21,9,Draskel,annual revenue,1,0.0,0.0,35.05619999486953,35.05619999486953,35.05619999486953,0.0,0
reactive-lru-k1,21,9,Draskel,annual revenue,1,0.0,0.0,19.477900001220405,19.477900001220405,19.477900001220405,0.0,0
reactive-lru-k3,21,9,Draskel,annual revenue,1,0.0,0.0,20.987599971704185,20.987599971704185,20.987599971704185,0.0,0
topic-k3,21,9,Draskel,annual revenue,1,0.0,0.0,25.89839999563992,25.89839999563992,25.89839999563992,9.510912,1
oracle-k3,21,9,Draskel,annual revenue,1,0.0,0.0,32.16530004283413,32.16530004283413,32.16530004283413,0.0,0
reactive-lru-k2,21,9,Draskel,annual revenue,1,0.0,0.0,19.519599969498813,19.519599969498813,19.519599969498813,0.0,0
all-resident-k8,21,9,Draskel,annual revenue,1,0.0,0.0,28.733199986163527,28.733199986163527,28.733199986163527,0.0,0
topic-k2,21,10,Draskel,mascot animal,1,0.0,0.0,19.838200008962303,19.838200008962303,19.838200008962303,0.0,0
all-resident-k8,21,10,Draskel,mascot animal,1,0.0,0.0,26.011700043454766,26.011700043454766,26.011700043454766,0.0,0
reactive-lru-k3,21,10,Draskel,mascot animal,1,0.0,0.0,20.964500028640032,20.964500028640032,20.964500028640032,0.0,0
topic-k3,21,10,Draskel,mascot animal,1,0.0,0.0,19.67430004151538,19.67430004151538,19.67430004151538,0.0,0
reactive-lru-k1,21,10,Draskel,mascot animal,1,0.0,0.0,23.231099999975413,23.231099999975413,23.231099999975413,0.0,0
oracle-k1,21,10,Draskel,mascot animal,1,0.0,0.0,20.13950003311038,20.13950003311038,20.13950003311038,0.0,0
oracle-k2,21,10,Draskel,mascot animal,1,0.0,0.0,21.16909995675087,21.16909995675087,21.16909995675087,0.0,0
topic-k1,21,10,Draskel,mascot animal,1,0.0,0.0,29.899900022428483,29.899900022428483,29.899900022428483,0.0,0
oracle-k3,21,10,Draskel,mascot animal,1,0.0,0.0,32.9432999715209,32.9432999715209,32.9432999715209,0.0,0
reactive-lru-k2,21,10,Draskel,mascot animal,1,0.0,0.0,20.162099972367287,20.162099972367287,20.162099972367287,0.0,0
on-demand-k1,21,10,Draskel,mascot animal,0,0.4602000117301941,22.288700041826814,21.815499989315867,22.27570000104606,44.10420003114268,0.0,0
reactive-lru-k1,21,11,Pyrenna,chief executive,0,0.44319999869912863,24.625100020784885,21.04010002221912,21.48330002091825,45.665200043004006,0.0,0
topic-k2,21,11,Pyrenna,chief executive,0,0.4346999921835959,22.125499963294715,19.065700005739927,19.500399997923523,41.19119996903464,0.0,0
reactive-lru-k3,21,11,Pyrenna,chief executive,0,0.4499000497162342,24.401500006206334,21.232200029771775,21.68210007948801,45.63370003597811,0.0,0
oracle-k2,21,11,Pyrenna,chief executive,1,0.0,0.0,20.436600025277585,20.436600025277585,20.436600025277585,9.510912,0
oracle-k1,21,11,Pyrenna,chief executive,1,0.0,0.0,20.27579996502027,20.27579996502027,20.27579996502027,9.510912,0
on-demand-k1,21,11,Pyrenna,chief executive,0,0.4477999755181372,23.737200011964887,19.23590002115816,19.683699996676296,42.973100033123046,0.0,0
oracle-k3,21,11,Pyrenna,chief executive,1,0.0,0.0,20.72619996033609,20.72619996033609,20.72619996033609,9.510912,0
reactive-lru-k2,21,11,Pyrenna,chief executive,0,0.4697999684140086,22.95439998852089,19.497099972795695,19.966899941209704,42.451499961316586,0.0,0
all-resident-k8,21,11,Pyrenna,chief executive,1,0.0,0.0,24.506400048267096,24.506400048267096,24.506400048267096,0.0,0
topic-k1,21,11,Pyrenna,chief executive,0,0.4512000014074147,25.229400023818016,19.789700047113,20.240900048520416,45.01910007093102,0.0,0
topic-k3,21,11,Pyrenna,chief executive,1,0.0,0.0,21.978400007355958,21.978400007355958,21.978400007355958,0.0,0
on-demand-k1,22,0,Bramwick,chief engineer,0,0.4050999996252358,22.183099994435906,21.245400013867766,21.650500013493,43.42850000830367,0.0,0
oracle-k2,22,0,Bramwick,chief engineer,1,0.0,0.0,19.979899981990457,19.979899981990457,19.979899981990457,8.835072,0
oracle-k1,22,0,Bramwick,chief engineer,1,0.0,0.0,19.84010002342984,19.84010002342984,19.84010002342984,8.835072,0
topic-k1,22,0,Bramwick,chief engineer,0,0.41850004345178604,22.93390000704676,19.506399985402822,19.92490002885461,42.44029999244958,0.0,0
reactive-lru-k2,22,0,Bramwick,chief engineer,0,0.403700047172606,23.32759997807443,19.523700000718236,19.927400047890842,42.85129997879267,0.0,0
reactive-lru-k1,22,0,Bramwick,chief engineer,0,0.42669998947530985,22.6552999811247,19.713699992280453,20.140399981755763,42.36899997340515,0.0,0
oracle-k3,22,0,Bramwick,chief engineer,1,0.0,0.0,19.676900003105402,19.676900003105402,19.676900003105402,8.835072,0
topic-k3,22,0,Bramwick,chief engineer,0,0.41879998752847314,22.540399979334325,20.669499994255602,21.088299981784075,43.20989997358993,0.0,0
topic-k2,22,0,Bramwick,chief engineer,0,0.4236000240780413,23.1768999947235,20.417100051417947,20.840700075495988,43.594000046141446,0.0,0
all-resident-k8,22,0,Bramwick,chief engineer,1,0.0,0.0,20.375400024931878,20.375400024931878,20.375400024931878,75.472896,0
reactive-lru-k3,22,0,Bramwick,chief engineer,0,0.40550000267103314,22.952300030738115,19.105600018519908,19.51110002119094,42.05790004925802,0.0,0
reactive-lru-k3,22,1,Bramwick,flagship product,1,0.0,0.0,20.3408999950625,20.3408999950625,20.3408999950625,0.0,0
all-resident-k8,22,1,Bramwick,flagship product,1,0.0,0.0,19.27729998715222,19.27729998715222,19.27729998715222,0.0,0
oracle-k2,22,1,Bramwick,flagship product,1,0.0,0.0,20.869100000709295,20.869100000709295,20.869100000709295,0.0,0
topic-k1,22,1,Bramwick,flagship product,1,0.0,0.0,20.821299985982478,20.821299985982478,20.821299985982478,0.0,0
on-demand-k1,22,1,Bramwick,flagship product,0,0.40710001485422254,25.199500028975308,20.30809997813776,20.715199992991984,45.50760000711307,0.0,0
topic-k2,22,1,Bramwick,flagship product,1,0.0,0.0,19.366499967873096,19.366499967873096,19.366499967873096,9.474048,0
reactive-lru-k2,22,1,Bramwick,flagship product,1,0.0,0.0,20.20009997067973,20.20009997067973,20.20009997067973,0.0,0
oracle-k3,22,1,Bramwick,flagship product,1,0.0,0.0,20.59410000219941,20.59410000219941,20.59410000219941,0.0,0
topic-k3,22,1,Bramwick,flagship product,1,0.0,0.0,22.847299987915903,22.847299987915903,22.847299987915903,19.78368,0
reactive-lru-k1,22,1,Bramwick,flagship product,1,0.0,0.0,20.7187999621965,20.7187999621965,20.7187999621965,0.0,0
oracle-k1,22,1,Bramwick,flagship product,1,0.0,0.0,20.805099979043007,20.805099979043007,20.805099979043007,0.0,0
reactive-lru-k2,22,2,Veltrax,headquarters city,0,0.43810001807287335,23.017600004095584,20.80300002126023,21.241100039333105,43.820600025355816,0.0,0
topic-k3,22,2,Veltrax,headquarters city,0,0.4675000091083348,25.371299998369068,19.815699954051524,20.28319996315986,45.18699995242059,0.0,1
reactive-lru-k3,22,2,Veltrax,headquarters city,0,0.44380000326782465,22.929999977350235,21.019100036937743,21.462900040205568,43.94910001428798,0.0,0
on-demand-k1,22,2,Veltrax,headquarters city,0,0.44020003406330943,24.38279998023063,20.65510000102222,21.09530003508553,45.03789998125285,0.0,0
all-resident-k8,22,2,Veltrax,headquarters city,1,0.0,0.0,21.0182000300847,21.0182000300847,21.0182000300847,0.0,0
oracle-k2,22,2,Veltrax,headquarters city,1,0.0,0.0,21.015400008764118,21.015400008764118,21.015400008764118,9.535488,0
topic-k1,22,2,Veltrax,headquarters city,0,0.44159998651593924,22.974300023633987,20.21769998827949,20.65929997479543,43.19200001191348,0.0,0
topic-k2,22,2,Veltrax,headquarters city,0,0.45490002958104014,24.10430001327768,20.597700029611588,21.052600059192628,44.70200004288927,0.0,1
oracle-k1,22,2,Veltrax,headquarters city,1,0.0,0.0,19.41950002219528,19.41950002219528,19.41950002219528,9.535488,0
reactive-lru-k1,22,2,Veltrax,headquarters city,0,0.43180002830922604,22.839400044176728,19.559799984563142,19.991600012872368,42.39920002873987,0.0,0
oracle-k3,22,2,Veltrax,headquarters city,1,0.0,0.0,20.484899985603988,20.484899985603988,20.484899985603988,9.535488,0
reactive-lru-k3,22,3,Pyrenna,mascot animal,0,0.4324999754317105,22.688099998049438,20.656100008636713,21.088599984068424,43.34420000668615,0.0,0
oracle-k1,22,3,Pyrenna,mascot animal,1,0.0,0.0,22.533099981956184,22.533099981956184,22.533099981956184,9.510912,0
reactive-lru-k1,22,3,Pyrenna,mascot animal,0,0.4596999497152865,22.67879998544231,21.070600021630526,21.530299971345812,43.749400007072836,0.0,0
oracle-k3,22,3,Pyrenna,mascot animal,1,0.0,0.0,20.316299982368946,20.316299982368946,20.316299982368946,9.510912,0
topic-k3,22,3,Pyrenna,mascot animal,1,0.0,0.0,22.562299971468747,22.562299971468747,22.562299971468747,9.510912,0
reactive-lru-k2,22,3,Pyrenna,mascot animal,0,0.4387999651953578,25.341900007333606,21.203999989666045,21.642799954861403,46.54589999699965,0.0,0
topic-k2,22,3,Pyrenna,mascot animal,1,0.0,0.0,21.217800036538392,21.217800036538392,21.217800036538392,9.510912,0
all-resident-k8,22,3,Pyrenna,mascot animal,1,0.0,0.0,23.088300018571317,23.088300018571317,23.088300018571317,0.0,0
oracle-k2,22,3,Pyrenna,mascot animal,1,0.0,0.0,22.974899969995022,22.974899969995022,22.974899969995022,9.510912,0
on-demand-k1,22,3,Pyrenna,mascot animal,0,0.45140000293031335,22.719300002790987,22.088899975642562,22.540299978572875,44.80819997843355,0.0,0
topic-k1,22,3,Pyrenna,mascot animal,0,0.4465999663807452,23.410399968270212,21.305100002791733,21.751699969172478,44.715499971061945,0.0,0
topic-k1,22,4,Ilmeth,signature dish,0,0.40929997339844704,23.377900011837482,22.505300003103912,22.91459997650236,45.883200014941394,0.0,0
oracle-k2,22,4,Ilmeth,signature dish,1,0.0,0.0,21.94819995202124,21.94819995202124,21.94819995202124,8.761344,0
reactive-lru-k2,22,4,Ilmeth,signature dish,0,0.4070000140927732,23.79020000807941,20.352300023660064,20.759300037752837,44.14250003173947,0.0,0
oracle-k1,22,4,Ilmeth,signature dish,1,0.0,0.0,20.174100005533546,20.174100005533546,20.174100005533546,8.761344,0
on-demand-k1,22,4,Ilmeth,signature dish,0,0.41580002289265394,23.2389000011608,23.60350004164502,24.019300064537674,46.84240004280582,0.0,0
oracle-k3,22,4,Ilmeth,signature dish,1,0.0,0.0,20.88339999318123,20.88339999318123,20.88339999318123,8.761344,0
all-resident-k8,22,4,Ilmeth,signature dish,1,0.0,0.0,20.583700039424002,20.583700039424002,20.583700039424002,0.0,0
reactive-lru-k3,22,4,Ilmeth,signature dish,0,0.42319996282458305,24.30430002277717,21.103499981109053,21.526699943933636,45.40780000388622,0.0,0
topic-k2,22,4,Ilmeth,signature dish,0,0.3826000029221177,26.91210003104061,23.121300037018955,23.503900039941072,50.033400068059564,9.609216,0
topic-k3,22,4,Ilmeth,signature dish,1,0.0,0.0,22.42580003803596,22.42580003803596,22.42580003803596,18.370559999999998,1
reactive-lru-k1,22,4,Ilmeth,signature dish,0,0.43260003440082073,26.090100000146776,22.731200035195798,23.16380006959662,48.821300035342574,0.0,0
topic-k2,22,5,Toskarel,chief engineer,0,0.4344999906606972,27.220399992074817,20.30089998152107,20.735399972181767,47.52129997359589,0.0,1
topic-k1,22,5,Toskarel,chief engineer,0,0.4390999674797058,24.029499967582524,21.903800021391362,22.342899988871068,45.933299988973886,0.0,0
all-resident-k8,22,5,Toskarel,chief engineer,1,0.0,0.0,22.029299987480044,22.029299987480044,22.029299987480044,0.0,0
oracle-k3,22,5,Toskarel,chief engineer,1,0.0,0.0,23.513899999670684,23.513899999670684,23.513899999670684,9.474048,0
topic-k3,22,5,Toskarel,chief engineer,1,0.0,0.0,23.097299970686436,23.097299970686436,23.097299970686436,9.474048,0
oracle-k2,22,5,Toskarel,chief engineer,1,0.0,0.0,21.099000005051494,21.099000005051494,21.099000005051494,9.474048,0
reactive-lru-k2,22,5,Toskarel,chief engineer,0,0.4434000002220273,24.947799975052476,20.937599998433143,21.38099999865517,45.88539997348562,0.0,0
on-demand-k1,22,5,Toskarel,chief engineer,0,0.44299999717622995,24.148299999069422,21.8550999998115,22.29809999698773,46.00339999888092,0.0,0
reactive-lru-k3,22,5,Toskarel,chief engineer,0,0.45110000064596534,24.401700007729232,20.97349998075515,21.424599981401116,45.37519998848438,0.0,0
reactive-lru-k1,22,5,Toskarel,chief engineer,0,0.43269997695460916,23.396499978844076,19.954799965489656,20.387499942444265,43.35129994433373,0.0,0
oracle-k1,22,5,Toskarel,chief engineer,1,0.0,0.0,22.24199997726828,22.24199997726828,22.24199997726828,9.474048,0
oracle-k2,22,6,Quorvane,flagship product,1,0.0,0.0,20.875299989711493,20.875299989711493,20.875299989711493,10.309632,0
all-resident-k8,22,6,Quorvane,flagship product,1,0.0,0.0,20.46669996343553,20.46669996343553,20.46669996343553,0.0,0
reactive-lru-k3,22,6,Quorvane,flagship product,0,0.4860999761149287,24.183599976822734,21.95910003501922,22.445200011134148,46.14270001184195,0.0,0
on-demand-k1,22,6,Quorvane,flagship product,0,0.5421999958343804,24.793499964289367,21.390500012785196,21.932700008619577,46.18399997707456,0.0,0
oracle-k3,22,6,Quorvane,flagship product,1,0.0,0.0,20.497499965131283,20.497499965131283,20.497499965131283,10.309632,0
reactive-lru-k1,22,6,Quorvane,flagship product,0,0.513400009367615,25.298599968664348,21.472499996889383,21.985900006256998,46.77109996555373,0.0,0
topic-k3,22,6,Quorvane,flagship product,1,0.0,0.0,20.519100013189018,20.519100013189018,20.519100013189018,19.820543999999998,1
topic-k1,22,6,Quorvane,flagship product,0,0.4808999947272241,26.24520001700148,21.408799977507442,21.889699972234666,47.65399999450892,0.0,0
reactive-lru-k2,22,6,Quorvane,flagship product,0,0.470499973744154,26.395900000352412,19.887199974618852,20.357699948363006,46.283099974971265,0.0,0
oracle-k1,22,6,Quorvane,flagship product,1,0.0,0.0,20.63739998266101,20.63739998266101,20.63739998266101,10.309632,0
topic-k2,22,6,Quorvane,flagship product,0,0.44819997856393456,24.507800000719726,20.071699982509017,20.51989996107295,44.57949998322874,9.510912,0
topic-k3,22,7,Seluun,flagship product,1,0.0,0.0,21.86539996182546,21.86539996182546,21.86539996182546,18.972672000000003,1
reactive-lru-k3,22,7,Seluun,flagship product,0,0.47610001638531685,23.455900023691356,20.342100004199892,20.81820002058521,43.79800002789125,0.0,0
oracle-k1,22,7,Seluun,flagship product,1,0.0,0.0,21.790199971292168,21.790199971292168,21.790199971292168,9.437184,0
oracle-k2,22,7,Seluun,flagship product,1,0.0,0.0,20.69220005068928,20.69220005068928,20.69220005068928,9.437184,0
reactive-lru-k1,22,7,Seluun,flagship product,0,0.44350000098347664,25.275300024077296,22.358199988957494,22.80169998994097,47.63350001303479,0.0,0
reactive-lru-k2,22,7,Seluun,flagship product,0,0.4343999898992479,23.52069999324158,21.68930001789704,22.123700007796288,45.21000001113862,0.0,0
on-demand-k1,22,7,Seluun,flagship product,0,0.4484999808482826,23.0093999998644,22.11299998452887,22.561499965377152,45.12239998439327,0.0,0
topic-k1,22,7,Seluun,flagship product,0,0.43940002797171474,22.362700023222715,22.40950003033504,22.848900058306754,44.772200053557754,0.0,0
topic-k2,22,7,Seluun,flagship product,1,0.0,0.0,20.26109996950254,20.26109996950254,20.26109996950254,9.437184,1
all-resident-k8,22,7,Seluun,flagship product,1,0.0,0.0,22.250100038945675,22.250100038945675,22.250100038945675,0.0,0
oracle-k3,22,7,Seluun,flagship product,1,0.0,0.0,22.445899958256632,22.445899958256632,22.445899958256632,9.437184,0
topic-k1,22,8,Seluun,motto word,1,0.0,0.0,61.03649997385219,61.03649997385219,61.03649997385219,0.0,0
oracle-k3,22,8,Seluun,motto word,1,0.0,0.0,71.80530001642182,71.80530001642182,71.80530001642182,0.0,0
oracle-k1,22,8,Seluun,motto word,1,0.0,0.0,99.55079999053851,99.55079999053851,99.55079999053851,0.0,0
reactive-lru-k3,22,8,Seluun,motto word,1,0.0,0.0,88.52430002298206,88.52430002298206,88.52430002298206,0.0,0
topic-k2,22,8,Seluun,motto word,1,0.0,0.0,52.393099991604686,52.393099991604686,52.393099991604686,8.835072,0
reactive-lru-k1,22,8,Seluun,motto word,1,0.0,0.0,55.4328000289388,55.4328000289388,55.4328000289388,0.0,0
topic-k3,22,8,Seluun,motto word,1,0.0,0.0,66.23280001804233,66.23280001804233,66.23280001804233,18.444288,1
oracle-k2,22,8,Seluun,motto word,1,0.0,0.0,44.1069999942556,44.1069999942556,44.1069999942556,0.0,0
on-demand-k1,22,8,Seluun,motto word,0,0.45410002348944545,102.98369999509305,41.15180001826957,41.605900041759014,144.13550001336262,0.0,0
all-resident-k8,22,8,Seluun,motto word,1,0.0,0.0,46.04469996411353,46.04469996411353,46.04469996411353,0.0,0
reactive-lru-k2,22,8,Seluun,motto word,1,0.0,0.0,44.36489997897297,44.36489997897297,44.36489997897297,0.0,0
on-demand-k1,22,9,Seluun,annual revenue,0,0.45490002958104014,72.19969999277964,63.26729996362701,63.72219999320805,135.46699995640665,0.0,0
reactive-lru-k2,22,9,Seluun,annual revenue,1,0.0,0.0,52.53370001446456,52.53370001446456,52.53370001446456,0.0,0
topic-k3,22,9,Seluun,annual revenue,1,0.0,0.0,50.14200002187863,50.14200002187863,50.14200002187863,0.0,0
all-resident-k8,22,9,Seluun,annual revenue,1,0.0,0.0,55.31170003814623,55.31170003814623,55.31170003814623,0.0,0
topic-k2,22,9,Seluun,annual revenue,1,0.0,0.0,35.905900003854185,35.905900003854185,35.905900003854185,0.0,0
topic-k1,22,9,Seluun,annual revenue,1,0.0,0.0,107.96180000761524,107.96180000761524,107.96180000761524,0.0,0
reactive-lru-k3,22,9,Seluun,annual revenue,1,0.0,0.0,55.640800041146576,55.640800041146576,55.640800041146576,0.0,0
oracle-k3,22,9,Seluun,annual revenue,1,0.0,0.0,70.78090001596138,70.78090001596138,70.78090001596138,0.0,0
oracle-k2,22,9,Seluun,annual revenue,1,0.0,0.0,72.57250003749505,72.57250003749505,72.57250003749505,0.0,0
oracle-k1,22,9,Seluun,annual revenue,1,0.0,0.0,59.58140001166612,59.58140001166612,59.58140001166612,0.0,0
reactive-lru-k1,22,9,Seluun,annual revenue,1,0.0,0.0,54.06529997708276,54.06529997708276,54.06529997708276,0.0,0
reactive-lru-k3,22,10,Bramwick,motto word,0,0.4333999822847545,50.88259995682165,46.04629997629672,46.47969995858148,96.92889993311837,0.0,0
reactive-lru-k1,22,10,Bramwick,motto word,0,0.43869996443390846,53.68599999928847,49.003400024957955,49.44209998939186,102.68940002424642,0.0,0
oracle-k3,22,10,Bramwick,motto word,1,0.0,0.0,50.23709998931736,50.23709998931736,50.23709998931736,8.835072,0
topic-k2,22,10,Bramwick,motto word,1,0.0,0.0,63.30029998207465,63.30029998207465,63.30029998207465,0.0,0
oracle-k2,22,10,Bramwick,motto word,1,0.0,0.0,52.62050003511831,52.62050003511831,52.62050003511831,8.835072,0
topic-k1,22,10,Bramwick,motto word,0,0.4676000098697841,74.56500001717359,83.8835000176914,84.35110002756119,158.448500034865,0.0,0
topic-k3,22,10,Bramwick,motto word,1,0.0,0.0,48.31179999746382,48.31179999746382,48.31179999746382,0.0,0
all-resident-k8,22,10,Bramwick,motto word,1,0.0,0.0,57.62729997513816,57.62729997513816,57.62729997513816,0.0,0
reactive-lru-k2,22,10,Bramwick,motto word,0,0.45650004176422954,57.755200017709285,42.46440000133589,42.92090004310012,100.21960001904517,0.0,0
oracle-k1,22,10,Bramwick,motto word,1,0.0,0.0,53.514799976255745,53.514799976255745,53.514799976255745,8.835072,0
on-demand-k1,22,10,Bramwick,motto word,0,0.43940002797171474,82.65639998717234,51.07649997808039,51.51590000605211,133.73289996525273,0.0,0
on-demand-k1,22,11,Quorvane,anthem composer,0,0.5090999766252935,104.71679997863248,45.724500028882176,46.23360000550747,150.44130000751466,0.0,0
oracle-k3,22,11,Quorvane,anthem composer,1,0.0,0.0,45.653500012122095,45.653500012122095,45.653500012122095,10.309632,0
reactive-lru-k2,22,11,Quorvane,anthem composer,0,0.49350003246217966,75.71569998981431,39.55929999938235,40.05280003184453,115.27499998919666,0.0,0
all-resident-k8,22,11,Quorvane,anthem composer,1,0.0,0.0,40.350900031626225,40.350900031626225,40.350900031626225,0.0,0
topic-k2,22,11,Quorvane,anthem composer,0,0.46230002772063017,45.404700038488954,46.12350004026666,46.58580006798729,91.52820007875562,9.474048,0
topic-k3,22,11,Quorvane,anthem composer,1,0.0,0.0,89.23700003651902,89.23700003651902,89.23700003651902,19.78368,1
reactive-lru-k1,22,11,Quorvane,anthem composer,0,0.5052000051364303,61.263500014320016,73.46839999081567,73.9735999959521,134.73190000513569,0.0,0
topic-k1,22,11,Quorvane,anthem composer,0,0.6447000196203589,60.024900012649596,93.8499000039883,94.49460002360865,153.8748000166379,0.0,0
oracle-k2,22,11,Quorvane,anthem composer,1,0.0,0.0,85.79360001021996,85.79360001021996,85.79360001021996,10.309632,0
oracle-k1,22,11,Quorvane,anthem composer,1,0.0,0.0,56.38860003091395,56.38860003091395,56.38860003091395,10.309632,0
reactive-lru-k3,22,11,Quorvane,anthem composer,1,0.0,0.0,49.67269999906421,49.67269999906421,49.67269999906421,0.0,0
on-demand-k1,23,0,Draskel,founding river,0,0.46140002086758614,50.115999998524785,68.0092999828048,68.47070000367239,118.12529998132959,0.0,0
reactive-lru-k1,23,0,Draskel,founding river,0,0.5040999967604876,55.82210002467036,41.007000021636486,41.511100018396974,96.82910004630685,0.0,0
reactive-lru-k3,23,0,Draskel,founding river,0,0.45270001282915473,54.04780001845211,45.23530002916232,45.68800004199147,99.28310004761443,0.0,0
topic-k3,23,0,Draskel,founding river,0,0.458099995739758,63.3761000353843,87.94360002502799,88.40170002076775,151.3197000604123,0.0,0
reactive-lru-k2,23,0,Draskel,founding river,0,0.48420001985505223,66.266399982851,76.40469999751076,76.88890001736581,142.67109998036176,0.0,0
oracle-k2,23,0,Draskel,founding river,1,0.0,0.0,40.618799976073205,40.618799976073205,40.618799976073205,9.609216,0
oracle-k3,23,0,Draskel,founding river,1,0.0,0.0,40.989300003275275,40.989300003275275,40.989300003275275,9.609216,0
all-resident-k8,23,0,Draskel,founding river,1,0.0,0.0,51.409600011538714,51.409600011538714,51.409600011538714,75.472896,0
topic-k1,23,0,Draskel,founding river,0,0.4715999821200967,54.147299961186945,48.75209997408092,49.22369995620102,102.89939993526787,0.0,0
topic-k2,23,0,Draskel,founding river,0,0.45689998660236597,77.36569998087361,40.89419997762889,41.35109996423125,118.2598999585025,0.0,0
oracle-k1,23,0,Draskel,founding river,1,0.0,0.0,40.68620002362877,40.68620002362877,40.68620002362877,9.609216,0
oracle-k2,23,1,Pyrenna,lucky number,1,0.0,0.0,41.95169999729842,41.95169999729842,41.95169999729842,9.510912,0
topic-k2,23,1,Pyrenna,lucky number,0,0.4292000085115433,84.76850000442937,70.88120002299547,71.31040003150702,155.64970002742484,9.437184,0
oracle-k1,23,1,Pyrenna,lucky number,1,0.0,0.0,44.333399971947074,44.333399971947074,44.333399971947074,9.510912,0
reactive-lru-k3,23,1,Pyrenna,lucky number,0,0.46909996308386326,67.44200002867728,75.93280001310632,76.40189997619018,143.3748000417836,0.0,0
topic-k3,23,1,Pyrenna,lucky number,1,0.0,0.0,80.82880004076287,80.82880004076287,80.82880004076287,18.948096,0
all-resident-k8,23,1,Pyrenna,lucky number,1,0.0,0.0,62.02899996424094,62.02899996424094,62.02899996424094,0.0,0
reactive-lru-k1,23,1,Pyrenna,lucky number,0,0.4647999885492027,53.84039995260537,44.3492999766022,44.8140999651514,98.18969992920756,0.0,0
reactive-lru-k2,23,1,Pyrenna,lucky number,0,0.47800003085285425,46.70709994388744,41.522699990309775,42.00070002116263,88.22979993419722,0.0,0
topic-k1,23,1,Pyrenna,lucky number,0,0.44920004438608885,48.754500050563365,54.296899994369596,54.746100038755685,103.05140004493296,0.0,0
on-demand-k1,23,1,Pyrenna,lucky number,0,0.5009000306017697,46.00390000268817,42.986400017980486,43.487300048582256,88.99030002066866,0.0,0
oracle-k3,23,1,Pyrenna,lucky number,1,0.0,0.0,95.82159999990836,95.82159999990836,95.82159999990836,9.510912,0
topic-k1,23,2,Pyrenna,mascot animal,1,0.0,0.0,78.59279995318502,78.59279995318502,78.59279995318502,0.0,0
oracle-k2,23,2,Pyrenna,mascot animal,1,0.0,0.0,78.74450000235811,78.74450000235811,78.74450000235811,0.0,0
topic-k3,23,2,Pyrenna,mascot animal,1,0.0,0.0,81.69850002741441,81.69850002741441,81.69850002741441,8.761344,1
reactive-lru-k3,23,2,Pyrenna,mascot animal,1,0.0,0.0,83.56880000792444,83.56880000792444,83.56880000792444,0.0,0
reactive-lru-k2,23,2,Pyrenna,mascot animal,1,0.0,0.0,42.90890000993386,42.90890000993386,42.90890000993386,0.0,0
topic-k2,23,2,Pyrenna,mascot animal,1,0.0,0.0,45.493600016925484,45.493600016925484,45.493600016925484,9.609216,1
oracle-k3,23,2,Pyrenna,mascot animal,1,0.0,0.0,53.531099983956665,53.531099983956665,53.531099983956665,0.0,0
reactive-lru-k1,23,2,Pyrenna,mascot animal,1,0.0,0.0,41.62239999277517,41.62239999277517,41.62239999277517,0.0,0
oracle-k1,23,2,Pyrenna,mascot animal,1,0.0,0.0,47.03990003326908,47.03990003326908,47.03990003326908,0.0,0
on-demand-k1,23,2,Pyrenna,mascot animal,0,0.44790003448724747,43.554099975153804,40.33180000260472,40.77970003709197,83.88589997775853,0.0,0
all-resident-k8,23,2,Pyrenna,mascot animal,1,0.0,0.0,44.39470003126189,44.39470003126189,44.39470003126189,0.0,0
reactive-lru-k2,23,3,Veltrax,founding year,0,0.44929998693987727,65.51169999875128,66.59260002197698,67.04190000891685,132.10430002072826,0.0,0
reactive-lru-k1,23,3,Veltrax,founding year,0,0.4898000042885542,76.92639995366335,62.17270001070574,62.66250001499429,139.0990999643691,0.0,0
oracle-k1,23,3,Veltrax,founding year,1,0.0,0.0,64.7577999625355,64.7577999625355,64.7577999625355,9.535488,0
all-resident-k8,23,3,Veltrax,founding year,1,0.0,0.0,47.58820001734421,47.58820001734421,47.58820001734421,0.0,0
oracle-k3,23,3,Veltrax,founding year,1,0.0,0.0,54.76740002632141,54.76740002632141,54.76740002632141,9.535488,0
topic-k2,23,3,Veltrax,founding year,0,0.45059999683871865,52.23440000554547,91.52800001902506,91.97860001586378,143.76240002457052,0.0,1
reactive-lru-k3,23,3,Veltrax,founding year,0,0.5037999944761395,72.64900003792718,60.2651999797672,60.76899997424334,132.91420001769438,0.0,0
topic-k1,23,3,Veltrax,founding year,0,0.45849999878555536,44.06260000541806,37.70590003114194,38.16440002992749,81.76850003656,0.0,0
topic-k3,23,3,Veltrax,founding year,0,0.48260000767186284,64.3479999853298,70.89990004897118,71.38250005664304,135.24790003430098,0.0,0
oracle-k2,23,3,Veltrax,founding year,1,0.0,0.0,80.1727999933064,80.1727999933064,80.1727999933064,9.535488,0
on-demand-k1,23,3,Veltrax,founding year,0,0.5233000265434384,91.42270003212616,47.28209995664656,47.80539998319,138.70479998877272,0.0,0
reactive-lru-k3,23,4,Quorvane,chief engineer,0,0.5233999690972269,70.35430002724752,59.85090002650395,60.37429999560118,130.20520005375147,0.0,0
on-demand-k1,23,4,Quorvane,chief engineer,0,0.4985000123269856,49.73019997123629,61.081400024704635,61.57990003703162,110.81159999594092,0.0,0
reactive-lru-k2,23,4,Quorvane,chief engineer,0,0.5913000204600394,101.36099997907877,49.46879995986819,50.06009998032823,150.82979993894696,0.0,0
all-resident-k8,23,4,Quorvane,chief engineer,1,0.0,0.0,64.66370000271127,64.66370000271127,64.66370000271127,0.0,0
topic-k3,23,4,Quorvane,chief engineer,1,0.0,0.0,48.15550002967939,48.15550002967939,48.15550002967939,10.309632,1
reactive-lru-k1,23,4,Quorvane,chief engineer,0,0.4838000168092549,75.64190000994131,40.16969999065623,40.65350000746548,115.81160000059754,0.0,0
oracle-k3,23,4,Quorvane,chief engineer,1,0.0,0.0,44.671099982224405,44.671099982224405,44.671099982224405,10.309632,0
topic-k2,23,4,Quorvane,chief engineer,0,0.4828000091947615,54.68300002394244,97.34049998223782,97.82329999143258,152.02350000618026,0.0,0
oracle-k1,23,4,Quorvane,chief engineer,1,0.0,0.0,71.3984000030905,71.3984000030905,71.3984000030905,10.309632,0
oracle-k2,23,4,Quorvane,chief engineer,1,0.0,0.0,53.56099997879937,53.56099997879937,53.56099997879937,10.309632,0
topic-k1,23,4,Quorvane,chief engineer,0,0.5136000108905137,79.17730003828183,40.12459999648854,40.638200007379055,119.30190003477037,0.0,0
reactive-lru-k1,23,5,Veltrax,mascot animal,0,0.4507999983616173,54.79610001202673,40.9734999993816,41.42429999774322,95.76960001140833,0.0,0
topic-k1,23,5,Veltrax,mascot animal,0,0.4605000140145421,63.86300001759082,73.49159999284893,73.95210000686347,137.35460001043975,0.0,0
reactive-lru-k2,23,5,Veltrax,mascot animal,1,0.0,0.0,45.05670000799,45.05670000799,45.05670000799,0.0,0
topic-k2,23,5,Veltrax,mascot animal,0,0.43070001993328333,44.84109999611974,71.78589998511598,72.21660000504926,116.62699998123571,9.437184,0
oracle-k2,23,5,Veltrax,mascot animal,1,0.0,0.0,45.6333999754861,45.6333999754861,45.6333999754861,9.535488,0
oracle-k1,23,5,Veltrax,mascot animal,1,0.0,0.0,46.1920999805443,46.1920999805443,46.1920999805443,9.535488,0
topic-k3,23,5,Veltrax,mascot animal,1,0.0,0.0,53.45140001736581,53.45140001736581,53.45140001736581,9.437184,0
all-resident-k8,23,5,Veltrax,mascot animal,1,0.0,0.0,40.16739997314289,40.16739997314289,40.16739997314289,0.0,0
oracle-k3,23,5,Veltrax,mascot animal,1,0.0,0.0,48.99510001996532,48.99510001996532,48.99510001996532,9.535488,0
on-demand-k1,23,5,Veltrax,mascot animal,0,0.458099995739758,81.73079998232424,51.47100001340732,51.92910000914708,133.20179999573156,0.0,0
reactive-lru-k3,23,5,Veltrax,mascot animal,1,0.0,0.0,39.883899968117476,39.883899968117476,39.883899968117476,0.0,0
oracle-k3,23,6,Veltrax,employee count,1,0.0,0.0,40.94979999354109,40.94979999354109,40.94979999354109,0.0,0
reactive-lru-k2,23,6,Veltrax,employee count,1,0.0,0.0,47.155599982943386,47.155599982943386,47.155599982943386,0.0,0
on-demand-k1,23,6,Veltrax,employee count,0,0.4512999439612031,49.07720000483096,40.20170000148937,40.652999945450574,89.27890000632033,0.0,0
oracle-k2,23,6,Veltrax,employee count,1,0.0,0.0,49.02869998477399,49.02869998477399,49.02869998477399,0.0,0
topic-k2,23,6,Veltrax,employee count,1,0.0,0.0,64.36489999759942,64.36489999759942,64.36489999759942,9.510912,1
topic-k3,23,6,Veltrax,employee count,1,0.0,0.0,63.137799967080355,63.137799967080355,63.137799967080355,9.510912,1
all-resident-k8,23,6,Veltrax,employee count,1,0.0,0.0,42.15180000755936,42.15180000755936,42.15180000755936,0.0,0
reactive-lru-k3,23,6,Veltrax,employee count,1,0.0,0.0,44.25209999317303,44.25209999317303,44.25209999317303,0.0,0
topic-k1,23,6,Veltrax,employee count,1,0.0,0.0,43.56959997676313,43.56959997676313,43.56959997676313,0.0,0
oracle-k1,23,6,Veltrax,employee count,1,0.0,0.0,104.44439999992028,104.44439999992028,104.44439999992028,0.0,0
reactive-lru-k1,23,6,Veltrax,employee count,1,0.0,0.0,82.59579999139532,82.59579999139532,82.59579999139532,0.0,0
oracle-k3,23,7,Pyrenna,founding year,1,0.0,0.0,84.10949999233708,84.10949999233708,84.10949999233708,9.510912,0
topic-k1,23,7,Pyrenna,founding year,0,0.7550000445917249,84.88509996095672,74.49840003391728,75.253400078509,159.383499994874,0.0,0
reactive-lru-k2,23,7,Pyrenna,founding year,0,0.46120001934468746,43.30530000152066,40.46970000490546,40.93090002425015,83.77500000642613,0.0,0
reactive-lru-k3,23,7,Pyrenna,founding year,1,0.0,0.0,50.45360000804067,50.45360000804067,50.45360000804067,0.0,0
oracle-k2,23,7,Pyrenna,founding year,1,0.0,0.0,44.037200044840574,44.037200044840574,44.037200044840574,9.510912,0
all-resident-k8,23,7,Pyrenna,founding year,1,0.0,0.0,46.6020000167191,46.6020000167191,46.6020000167191,0.0,0
reactive-lru-k1,23,7,Pyrenna,founding year,0,0.45200000749900937,48.29770000651479,78.33510002819821,78.78710003569722,126.632800034713,0.0,0
topic-k3,23,7,Pyrenna,founding year,1,0.0,0.0,75.24440000997856,75.24440000997856,75.24440000997856,0.0,0
oracle-k1,23,7,Pyrenna,founding year,1,0.0,0.0,58.707699994556606,58.707699994556606,58.707699994556606,9.510912,0
on-demand-k1,23,7,Pyrenna,founding year,0,0.4607000155374408,71.53080002171919,50.285100005567074,50.745800021104515,121.81590002728626,0.0,0
topic-k2,23,7,Pyrenna,founding year,1,0.0,0.0,45.241500018164515,45.241500018164515,45.241500018164515,0.0,0
oracle-k3,23,8,Pyrenna,anthem composer,1,0.0,0.0,59.509399987291545,59.509399987291545,59.509399987291545,0.0,0
oracle-k2,23,8,Pyrenna,anthem composer,1,0.0,0.0,43.95220003789291,43.95220003789291,43.95220003789291,0.0,0
oracle-k1,23,8,Pyrenna,anthem composer,1,0.0,0.0,58.73190000420436,58.73190000420436,58.73190000420436,0.0,0
on-demand-k1,23,8,Pyrenna,anthem composer,0,0.45989995123818517,72.98530003754422,43.882999976631254,44.34289992786944,116.86830001417547,0.0,0
topic-k3,23,8,Pyrenna,anthem composer,1,0.0,0.0,55.7285999529995,55.7285999529995,55.7285999529995,18.370559999999998,0
topic-k2,23,8,Pyrenna,anthem composer,1,0.0,0.0,67.35470000421628,67.35470000421628,67.35470000421628,9.609216,0
reactive-lru-k3,23,8,Pyrenna,anthem composer,1,0.0,0.0,41.22260003350675,41.22260003350675,41.22260003350675,0.0,0
all-resident-k8,23,8,Pyrenna,anthem composer,1,0.0,0.0,41.690299985930324,41.690299985930324,41.690299985930324,0.0,0
topic-k1,23,8,Pyrenna,anthem composer,1,0.0,0.0,54.434699995908886,54.434699995908886,54.434699995908886,0.0,0
reactive-lru-k2,23,8,Pyrenna,anthem composer,1,0.0,0.0,89.08720000181347,89.08720000181347,89.08720000181347,0.0,0
reactive-lru-k1,23,8,Pyrenna,anthem composer,1,0.0,0.0,53.69610001798719,53.69610001798719,53.69610001798719,0.0,0
on-demand-k1,23,9,Pyrenna,annual revenue,0,0.4653999931178987,60.68160000722855,62.02780001331121,62.493200006429106,122.70940002053976,0.0,0
topic-k3,23,9,Pyrenna,annual revenue,1,0.0,0.0,68.64260003203526,68.64260003203526,68.64260003203526,0.0,0
oracle-k3,23,9,Pyrenna,annual revenue,1,0.0,0.0,50.13360001612455,50.13360001612455,50.13360001612455,0.0,0
oracle-k1,23,9,Pyrenna,annual revenue,1,0.0,0.0,41.33510001702234,41.33510001702234,41.33510001702234,0.0,0
all-resident-k8,23,9,Pyrenna,annual revenue,1,0.0,0.0,45.109500002581626,45.109500002581626,45.109500002581626,0.0,0
oracle-k2,23,9,Pyrenna,annual revenue,1,0.0,0.0,79.89160000579432,79.89160000579432,79.89160000579432,0.0,0
reactive-lru-k3,23,9,Pyrenna,annual revenue,1,0.0,0.0,88.54080003220588,88.54080003220588,88.54080003220588,0.0,0
reactive-lru-k2,23,9,Pyrenna,annual revenue,1,0.0,0.0,50.46669999137521,50.46669999137521,50.46669999137521,0.0,0
reactive-lru-k1,23,9,Pyrenna,annual revenue,1,0.0,0.0,72.06939999014139,72.06939999014139,72.06939999014139,0.0,0
topic-k1,23,9,Pyrenna,annual revenue,1,0.0,0.0,60.64640003023669,60.64640003023669,60.64640003023669,0.0,0
topic-k2,23,9,Pyrenna,annual revenue,1,0.0,0.0,52.81520000426099,52.81520000426099,52.81520000426099,0.0,0
topic-k2,23,10,Pyrenna,chief executive,1,0.0,0.0,52.892299951054156,52.892299951054156,52.892299951054156,0.0,0
topic-k3,23,10,Pyrenna,chief executive,1,0.0,0.0,78.52559996536002,78.52559996536002,78.52559996536002,0.0,0
oracle-k2,23,10,Pyrenna,chief executive,1,0.0,0.0,39.84090004814789,39.84090004814789,39.84090004814789,0.0,0
oracle-k3,23,10,Pyrenna,chief executive,1,0.0,0.0,61.03510002139956,61.03510002139956,61.03510002139956,0.0,0
reactive-lru-k2,23,10,Pyrenna,chief executive,1,0.0,0.0,68.76850000116974,68.76850000116974,68.76850000116974,0.0,0
topic-k1,23,10,Pyrenna,chief executive,1,0.0,0.0,77.78280001366511,77.78280001366511,77.78280001366511,0.0,0
reactive-lru-k3,23,10,Pyrenna,chief executive,1,0.0,0.0,41.493199998512864,41.493199998512864,41.493199998512864,0.0,0
on-demand-k1,23,10,Pyrenna,chief executive,0,0.8254999993368983,62.3329000081867,91.0703000263311,91.895800025668,153.4032000345178,0.0,0
oracle-k1,23,10,Pyrenna,chief executive,1,0.0,0.0,65.09190000360832,65.09190000360832,65.09190000360832,0.0,0
all-resident-k8,23,10,Pyrenna,chief executive,1,0.0,0.0,50.67979998420924,50.67979998420924,50.67979998420924,0.0,0
reactive-lru-k1,23,10,Pyrenna,chief executive,1,0.0,0.0,46.53260001214221,46.53260001214221,46.53260001214221,0.0,0
on-demand-k1,23,11,Pyrenna,primary material,0,0.7990999729372561,51.38509999960661,40.75169999850914,41.550799971446395,92.13679999811575,0.0,0
topic-k3,23,11,Pyrenna,primary material,1,0.0,0.0,43.72459999285638,43.72459999285638,43.72459999285638,0.0,0
topic-k2,23,11,Pyrenna,primary material,1,0.0,0.0,41.098999965470284,41.098999965470284,41.098999965470284,0.0,0
topic-k1,23,11,Pyrenna,primary material,1,0.0,0.0,53.174200002104044,53.174200002104044,53.174200002104044,0.0,0
oracle-k2,23,11,Pyrenna,primary material,1,0.0,0.0,72.57399999070913,72.57399999070913,72.57399999070913,0.0,0
reactive-lru-k3,23,11,Pyrenna,primary material,1,0.0,0.0,62.643200042657554,62.643200042657554,62.643200042657554,0.0,0
oracle-k1,23,11,Pyrenna,primary material,1,0.0,0.0,39.39420002279803,39.39420002279803,39.39420002279803,0.0,0
reactive-lru-k2,23,11,Pyrenna,primary material,1,0.0,0.0,42.49670001445338,42.49670001445338,42.49670001445338,0.0,0
reactive-lru-k1,23,11,Pyrenna,primary material,1,0.0,0.0,48.400399973616004,48.400399973616004,48.400399973616004,0.0,0
oracle-k3,23,11,Pyrenna,primary material,1,0.0,0.0,39.521200000308454,39.521200000308454,39.521200000308454,0.0,0
all-resident-k8,23,11,Pyrenna,primary material,1,0.0,0.0,42.23790002288297,42.23790002288297,42.23790002288297,0.0,0
reactive-lru-k2,24,0,Veltrax,signature dish,0,0.4601999535225332,54.17750001652166,47.269699978642166,47.7298999321647,101.44719999516383,0.0,0
reactive-lru-k1,24,0,Veltrax,signature dish,0,0.4542999668046832,62.57300003198907,40.37669999524951,40.83099996205419,102.94970002723858,0.0,0
all-resident-k8,24,0,Veltrax,signature dish,1,0.0,0.0,59.53490000683814,59.53490000683814,59.53490000683814,75.472896,0
oracle-k2,24,0,Veltrax,signature dish,1,0.0,0.0,45.71209999267012,45.71209999267012,45.71209999267012,9.535488,0
oracle-k3,24,0,Veltrax,signature dish,1,0.0,0.0,56.44439999014139,56.44439999014139,56.44439999014139,9.535488,0
topic-k2,24,0,Veltrax,signature dish,0,0.47639996046200395,46.41230002744123,122.89150001015514,123.36789997061715,169.30380003759637,0.0,0
topic-k3,24,0,Veltrax,signature dish,0,0.5289999535307288,73.11649998882785,44.731699978001416,45.260699931532145,117.84819996682927,0.0,0
topic-k1,24,0,Veltrax,signature dish,0,0.46519999159500003,62.16259999200702,42.87469998234883,43.33989997394383,105.03729997435585,0.0,0
oracle-k1,24,0,Veltrax,signature dish,1,0.0,0.0,54.26350003108382,54.26350003108382,54.26350003108382,9.535488,0
on-demand-k1,24,0,Veltrax,signature dish,0,0.5181999877095222,80.55399998556823,65.02069998532534,65.53889997303486,145.57469997089356,0.0,0
reactive-lru-k3,24,0,Veltrax,signature dish,0,0.4673000075854361,77.88669998990372,69.72660002065822,70.19390002824366,147.61330001056194,0.0,0
all-resident-k8,24,1,Pyrenna,stock ticker,1,0.0,0.0,42.27929998887703,42.27929998887703,42.27929998887703,0.0,0
reactive-lru-k3,24,1,Pyrenna,stock ticker,0,0.45739999040961266,54.65509998612106,56.801099970471114,57.25849996088073,111.45619995659217,0.0,0
oracle-k2,24,1,Pyrenna,stock ticker,1,0.0,0.0,43.915599992033094,43.915599992033094,43.915599992033094,9.510912,0
topic-k2,24,1,Pyrenna,stock ticker,1,0.0,0.0,61.04309996590018,61.04309996590018,61.04309996590018,9.510912,0
oracle-k1,24,1,Pyrenna,stock ticker,1,0.0,0.0,75.01369999954477,75.01369999954477,75.01369999954477,9.510912,0
reactive-lru-k1,24,1,Pyrenna,stock ticker,0,0.48459996469318867,81.81880001211539,87.76690001832321,88.2514999830164,169.5857000304386,0.0,0
oracle-k3,24,1,Pyrenna,stock ticker,1,0.0,0.0,65.26419997680932,65.26419997680932,65.26419997680932,9.510912,0
topic-k1,24,1,Pyrenna,stock ticker,0,0.4553999751806259,57.61509999865666,67.43160000769421,67.88699998287484,125.04670000635087,0.0,0
reactive-lru-k2,24,1,Pyrenna,stock ticker,0,0.45870000030845404,45.792800025083125,46.924800029955804,47.38350003026426,92.71760005503893,0.0,0
on-demand-k1,24,1,Pyrenna,stock ticker,0,0.46009995276108384,65.48079999629408,108.94620005274191,109.406300005503,174.427000049036,0.0,0
topic-k3,24,1,Pyrenna,stock ticker,1,0.0,0.0,87.10750000318512,87.10750000318512,87.10750000318512,19.820543999999998,0
reactive-lru-k2,24,2,Ilmeth,chief executive,0,0.4534000181593001,83.54929997585714,83.30329996533692,83.75669998349622,166.85259994119406,0.0,0
oracle-k3,24,2,Ilmeth,chief executive,1,0.0,0.0,72.8129000053741,72.8129000053741,72.8129000053741,8.761344,0
topic-k2,24,2,Ilmeth,chief executive,0,0.39499998092651367,61.46090000402182,66.31099997321144,66.70599995413795,127.77189997723326,9.609216,0
topic-k1,24,2,Ilmeth,chief executive,0,0.4335999838076532,47.573499963618815,78.48740002373233,78.92100000753999,126.06089998735115,0.0,0
topic-k3,24,2,Ilmeth,chief executive,1,0.0,0.0,52.147099981084466,52.147099981084466,52.147099981084466,18.370559999999998,1
on-demand-k1,24,2,Ilmeth,chief executive,0,0.4360000020824373,70.40239998605102,87.17030001571402,87.60630001779646,157.57270000176504,0.0,0
all-resident-k8,24,2,Ilmeth,chief executive,1,0.0,0.0,74.50799999060109,74.50799999060109,74.50799999060109,0.0,0
reactive-lru-k1,24,2,Ilmeth,chief executive,0,0.4322999739088118,109.63570000603795,63.22790001286194,63.66019998677075,172.8636000188999,0.0,0
reactive-lru-k3,24,2,Ilmeth,chief executive,0,0.4694000235758722,89.09929997753352,52.834800037089735,53.30420006066561,141.93410001462325,0.0,0
oracle-k2,24,2,Ilmeth,chief executive,1,0.0,0.0,52.45040002046153,52.45040002046153,52.45040002046153,8.761344,0
oracle-k1,24,2,Ilmeth,chief executive,1,0.0,0.0,53.03830001503229,53.03830001503229,53.03830001503229,8.761344,0
oracle-k3,24,3,Ilmeth,lucky number,1,0.0,0.0,55.1658000331372,55.1658000331372,55.1658000331372,0.0,0
reactive-lru-k1,24,3,Ilmeth,lucky number,1,0.0,0.0,53.56739996932447,53.56739996932447,53.56739996932447,0.0,0
oracle-k1,24,3,Ilmeth,lucky number,1,0.0,0.0,48.27520000981167,48.27520000981167,48.27520000981167,0.0,0
topic-k1,24,3,Ilmeth,lucky number,1,0.0,0.0,39.62230001343414,39.62230001343414,39.62230001343414,0.0,0
topic-k3,24,3,Ilmeth,lucky number,1,0.0,0.0,46.60110000986606,46.60110000986606,46.60110000986606,9.474048,0
reactive-lru-k3,24,3,Ilmeth,lucky number,1,0.0,0.0,49.831599986646324,49.831599986646324,49.831599986646324,0.0,0
oracle-k2,24,3,Ilmeth,lucky number,1,0.0,0.0,56.232000002637506,56.232000002637506,56.232000002637506,0.0,0
all-resident-k8,24,3,Ilmeth,lucky number,1,0.0,0.0,43.32810000050813,43.32810000050813,43.32810000050813,0.0,0
topic-k2,24,3,Ilmeth,lucky number,1,0.0,0.0,51.050999958533794,51.050999958533794,51.050999958533794,0.0,0
on-demand-k1,24,3,Ilmeth,lucky number,0,0.7575000054202974,59.4967000070028,102.87489998154342,103.63239998696372,162.37159998854622,0.0,0
reactive-lru-k2,24,3,Ilmeth,lucky number,1,0.0,0.0,63.81229998078197,63.81229998078197,63.81229998078197,0.0,0
on-demand-k1,24,4,Toskarel,mascot animal,0,0.8226000354625285,65.02800004091114,60.86279998999089,61.68540002545342,125.89080003090203,0.0,0
oracle-k2,24,4,Toskarel,mascot animal,1,0.0,0.0,50.01760000595823,50.01760000595823,50.01760000595823,9.474048,0
topic-k3,24,4,Toskarel,mascot animal,1,0.0,0.0,50.022900046315044,50.022900046315044,50.022900046315044,0.0,0
oracle-k1,24,4,Toskarel,mascot animal,1,0.0,0.0,79.83050000621006,79.83050000621006,79.83050000621006,9.474048,0
all-resident-k8,24,4,Toskarel,mascot animal,1,0.0,0.0,83.4875000291504,83.4875000291504,83.4875000291504,0.0,0
reactive-lru-k1,24,4,Toskarel,mascot animal,0,0.8594000246375799,77.83240004209802,58.42959997244179,59.28899999707937,136.2620000145398,0.0,0
reactive-lru-k3,24,4,Toskarel,mascot animal,0,0.8489000028930604,60.448799980804324,45.75690004276112,46.60580004565418,106.20570002356544,0.0,0
topic-k1,24,4,Toskarel,mascot animal,0,0.5307000246830285,54.77220000466332,69.43919998593628,69.96990001061931,124.2113999905996,0.0,0
topic-k2,24,4,Toskarel,mascot animal,0,0.4965999978594482,70.63339999876916,43.82170003373176,44.31830003159121,114.45510003250092,0.0,1
oracle-k3,24,4,Toskarel,mascot animal,1,0.0,0.0,55.73810002533719,55.73810002533719,55.73810002533719,9.474048,0
reactive-lru-k2,24,4,Toskarel,mascot animal,0,0.512800004798919,54.709000047296286,41.80400003679097,42.316800041589886,96.51300008408725,0.0,0
on-demand-k1,24,5,Quorvane,chief engineer,0,0.48099999548867345,80.29970002826303,43.71280001942068,44.19380001490936,124.01250004768372,0.0,0
oracle-k2,24,5,Quorvane,chief engineer,1,0.0,0.0,53.45629999646917,53.45629999646917,53.45629999646917,10.309632,0
topic-k1,24,5,Quorvane,chief engineer,0,0.48400001833215356,107.60299995308742,68.83989996276796,69.32389998110011,176.44289991585538,0.0,0
topic-k3,24,5,Quorvane,chief engineer,1,0.0,0.0,62.17970000579953,62.17970000579953,62.17970000579953,19.820543999999998,1
reactive-lru-k1,24,5,Quorvane,chief engineer,0,0.5428000004030764,91.73520002514124,69.69470001058653,70.2375000109896,161.42990003572777,0.0,0
all-resident-k8,24,5,Quorvane,chief engineer,1,0.0,0.0,98.55469997273758,98.55469997273758,98.55469997273758,0.0,0
oracle-k3,24,5,Quorvane,chief engineer,1,0.0,0.0,96.91030002431944,96.91030002431944,96.91030002431944,10.309632,0
oracle-k1,24,5,Quorvane,chief engineer,1,0.0,0.0,76.3761000125669,76.3761000125669,76.3761000125669,10.309632,0
reactive-lru-k3,24,5,Quorvane,chief engineer,0,0.5544000305235386,104.65750005096197,60.24990003788844,60.804300068411976,164.9074000888504,0.0,0
topic-k2,24,5,Quorvane,chief engineer,0,0.5220999591983855,54.26520004402846,39.128299977164716,39.6503999363631,93.39350002119318,9.510912,0
reactive-lru-k2,24,5,Quorvane,chief engineer,0,0.4852000274695456,81.325699982699,73.8928000209853,74.37800004845485,155.2185000036843,0.0,0
reactive-lru-k3,24,6,Veltrax,motto word,0,0.4681000136770308,45.41510000126436,43.931699998211116,44.399800011888146,89.34679999947548,0.0,0
on-demand-k1,24,6,Veltrax,motto word,0,0.45499997213482857,64.97900001704693,57.96019994886592,58.41519992100075,122.93919996591285,0.0,0
topic-k3,24,6,Veltrax,motto word,1,0.0,0.0,83.58049998059869,83.58049998059869,83.58049998059869,18.972672000000003,1
reactive-lru-k2,24,6,Veltrax,motto word,0,0.4616000223904848,47.352599969599396,61.263599956873804,61.72519997926429,108.6161999264732,0.0,0
all-resident-k8,24,6,Veltrax,motto word,1,0.0,0.0,55.54530001245439,55.54530001245439,55.54530001245439,0.0,0
oracle-k3,24,6,Veltrax,motto word,1,0.0,0.0,40.94430000986904,40.94430000986904,40.94430000986904,9.535488,0
reactive-lru-k1,24,6,Veltrax,motto word,0,0.47339999582618475,103.18729997379705,53.485199983697385,53.95859997952357,156.67249995749444,0.0,0
oracle-k2,24,6,Veltrax,motto word,1,0.0,0.0,48.9903999841772,48.9903999841772,48.9903999841772,9.535488,0
oracle-k1,24,6,Veltrax,motto word,1,0.0,0.0,79.99169995309785,79.99169995309785,79.99169995309785,9.535488,0
topic-k2,24,6,Veltrax,motto word,0,0.45119994319975376,91.5779999922961,53.28190000727773,53.73309995047748,144.85989999957383,9.437184,1
topic-k1,24,6,Veltrax,motto word,0,0.5037000519223511,45.806100009940565,46.21850000694394,46.72220005886629,92.0246000168845,0.0,0
reactive-lru-k1,24,7,Veltrax,satellite name,1,0.0,0.0,48.32370002986863,48.32370002986863,48.32370002986863,0.0,0
topic-k3,24,7,Veltrax,satellite name,1,0.0,0.0,67.7676000050269,67.7676000050269,67.7676000050269,9.510912,1
topic-k1,24,7,Veltrax,satellite name,1,0.0,0.0,70.97719999728724,70.97719999728724,70.97719999728724,0.0,0
oracle-k2,24,7,Veltrax,satellite name,1,0.0,0.0,84.29259998956695,84.29259998956695,84.29259998956695,0.0,0
oracle-k1,24,7,Veltrax,satellite name,1,0.0,0.0,68.84410005295649,68.84410005295649,68.84410005295649,0.0,0
oracle-k3,24,7,Veltrax,satellite name,1,0.0,0.0,47.76350001338869,47.76350001338869,47.76350001338869,0.0,0
reactive-lru-k2,24,7,Veltrax,satellite name,1,0.0,0.0,39.999499975237995,39.999499975237995,39.999499975237995,0.0,0
reactive-lru-k3,24,7,Veltrax,satellite name,1,0.0,0.0,67.83409998752177,67.83409998752177,67.83409998752177,0.0,0
topic-k2,24,7,Veltrax,satellite name,1,0.0,0.0,41.12010000972077,41.12010000972077,41.12010000972077,9.510912,1
on-demand-k1,24,7,Veltrax,satellite name,0,0.4582999972626567,46.438499994110316,53.39850002201274,53.8568000192754,99.83700001612306,0.0,0
all-resident-k8,24,7,Veltrax,satellite name,1,0.0,0.0,63.47229995299131,63.47229995299131,63.47229995299131,0.0,0
reactive-lru-k1,24,8,Ilmeth,research lab city,0,0.44899998465552926,99.28409999702126,39.98960001626983,40.43860000092536,139.2737000132911,0.0,0
topic-k1,24,8,Ilmeth,research lab city,0,0.4266000469215214,56.975900020916015,39.89680000813678,40.3234000550583,96.8727000290528,0.0,0
on-demand-k1,24,8,Ilmeth,research lab city,0,0.41909998981282115,48.07019996223971,47.119999944698066,47.53909993451089,95.19019990693778,0.0,0
topic-k3,24,8,Ilmeth,research lab city,0,0.4254999803379178,77.66990002710372,74.96150000952184,75.38699998985976,152.63140003662556,0.0,0
topic-k2,24,8,Ilmeth,research lab city,0,0.46250002924352884,107.5888000195846,54.09489996964112,54.55739999888465,161.68369998922572,0.0,1
oracle-k3,24,8,Ilmeth,research lab city,1,0.0,0.0,90.7207999844104,90.7207999844104,90.7207999844104,8.761344,0
oracle-k1,24,8,Ilmeth,research lab city,1,0.0,0.0,83.640499971807,83.640499971807,83.640499971807,8.761344,0
reactive-lru-k2,24,8,Ilmeth,research lab city,0,0.4440000047907233,47.323199978563935,40.82829999970272,41.272300004493445,88.15149997826666,0.0,0
oracle-k2,24,8,Ilmeth,research lab city,1,0.0,0.0,46.210400003474206,46.210400003474206,46.210400003474206,8.761344,0
reactive-lru-k3,24,8,Ilmeth,research lab city,0,0.4703000304289162,71.47629995597526,60.33680000109598,60.8071000315249,131.81309995707124,0.0,0
all-resident-k8,24,8,Ilmeth,research lab city,1,0.0,0.0,39.07910000998527,39.07910000998527,39.07910000998527,0.0,0
reactive-lru-k2,24,9,Ilmeth,anthem composer,1,0.0,0.0,39.670800033491105,39.670800033491105,39.670800033491105,0.0,0
oracle-k2,24,9,Ilmeth,anthem composer,1,0.0,0.0,38.95969997392967,38.95969997392967,38.95969997392967,0.0,0
oracle-k1,24,9,Ilmeth,anthem composer,1,0.0,0.0,64.31550002889708,64.31550002889708,64.31550002889708,0.0,0
topic-k1,24,9,Ilmeth,anthem composer,1,0.0,0.0,68.61449999269098,68.61449999269098,68.61449999269098,0.0,0
topic-k3,24,9,Ilmeth,anthem composer,1,0.0,0.0,41.25859995838255,41.25859995838255,41.25859995838255,19.083264,1
reactive-lru-k1,24,9,Ilmeth,anthem composer,1,0.0,0.0,41.445799986831844,41.445799986831844,41.445799986831844,0.0,0
all-resident-k8,24,9,Ilmeth,anthem composer,1,0.0,0.0,71.31580001441762,71.31580001441762,71.31580001441762,0.0,0
on-demand-k1,24,9,Ilmeth,anthem composer,0,0.4881999921053648,82.19200000166893,57.89039999945089,58.37859999155626,140.08240000111982,0.0,0
oracle-k3,24,9,Ilmeth,anthem composer,1,0.0,0.0,79.0617999737151,79.0617999737151,79.0617999737151,0.0,0
reactive-lru-k3,24,9,Ilmeth,anthem composer,1,0.0,0.0,40.71139998268336,40.71139998268336,40.71139998268336,0.0,0
topic-k2,24,9,Ilmeth,anthem composer,1,0.0,0.0,58.650099963415414,58.650099963415414,58.650099963415414,9.609216,0
topic-k1,24,10,Draskel,research lab city,0,0.513400009367615,60.29549997765571,59.21540001872927,59.728800028096884,119.51089999638498,0.0,0
topic-k2,24,10,Draskel,research lab city,1,0.0,0.0,47.74660000111908,47.74660000111908,47.74660000111908,0.0,0
oracle-k2,24,10,Draskel,research lab city,1,0.0,0.0,41.55780002474785,41.55780002474785,41.55780002474785,9.609216,0
reactive-lru-k3,24,10,Draskel,research lab city,0,0.46690000453963876,54.57599996589124,77.94049999210984,78.40739999664947,132.51649995800108,0.0,0
oracle-k1,24,10,Draskel,research lab city,1,0.0,0.0,45.41229997994378,45.41229997994378,45.41229997994378,9.609216,0
topic-k3,24,10,Draskel,research lab city,1,0.0,0.0,44.20980002032593,44.20980002032593,44.20980002032593,0.0,0
oracle-k3,24,10,Draskel,research lab city,1,0.0,0.0,63.06019995827228,63.06019995827228,63.06019995827228,9.609216,0
all-resident-k8,24,10,Draskel,research lab city,1,0.0,0.0,90.75900004245341,90.75900004245341,90.75900004245341,0.0,0
reactive-lru-k2,24,10,Draskel,research lab city,0,0.907899986486882,75.08950005285442,58.798100042622536,59.70600002910942,133.88760009547696,0.0,0
reactive-lru-k1,24,10,Draskel,research lab city,0,0.8616999839432538,67.67050002235919,75.23469999432564,76.09639997826889,142.90520001668483,0.0,0
on-demand-k1,24,10,Draskel,research lab city,0,0.8270000107586384,75.58659999631345,45.745200011879206,46.572200022637844,121.33180000819266,0.0,0
oracle-k1,24,11,Draskel,anthem composer,1,0.0,0.0,55.17509998753667,55.17509998753667,55.17509998753667,0.0,0
reactive-lru-k3,24,11,Draskel,anthem composer,1,0.0,0.0,46.07969999779016,46.07969999779016,46.07969999779016,0.0,0
oracle-k3,24,11,Draskel,anthem composer,1,0.0,0.0,54.446699970867485,54.446699970867485,54.446699970867485,0.0,0
topic-k2,24,11,Draskel,anthem composer,1,0.0,0.0,51.34919995907694,51.34919995907694,51.34919995907694,9.437184,0
on-demand-k1,24,11,Draskel,anthem composer,0,0.4784000338986516,47.10800002794713,46.961699961684644,47.440099995583296,94.06969998963177,0.0,0
reactive-lru-k2,24,11,Draskel,anthem composer,1,0.0,0.0,74.08180000493303,74.08180000493303,74.08180000493303,0.0,0
topic-k1,24,11,Draskel,anthem composer,1,0.0,0.0,70.85000001825392,70.85000001825392,70.85000001825392,0.0,0
oracle-k2,24,11,Draskel,anthem composer,1,0.0,0.0,68.74439999228343,68.74439999228343,68.74439999228343,0.0,0
reactive-lru-k1,24,11,Draskel,anthem composer,1,0.0,0.0,48.79850003635511,48.79850003635511,48.79850003635511,0.0,0
topic-k3,24,11,Draskel,anthem composer,1,0.0,0.0,40.056099998764694,40.056099998764694,40.056099998764694,18.948096,1
all-resident-k8,24,11,Draskel,anthem composer,1,0.0,0.0,54.82190003385767,54.82190003385767,54.82190003385767,0.0,0
all-resident-k8,25,0,Bramwick,chief executive,1,0.0,0.0,103.79820002708584,103.79820002708584,103.79820002708584,75.472896,0
on-demand-k1,25,0,Bramwick,chief executive,0,0.4817000008188188,85.97820001887158,39.24820001702756,39.729900017846376,125.22640003589913,0.0,0
oracle-k3,25,0,Bramwick,chief executive,1,0.0,0.0,39.37549999682233,39.37549999682233,39.37549999682233,8.835072,0
oracle-k1,25,0,Bramwick,chief executive,1,0.0,0.0,69.88179998006672,69.88179998006672,69.88179998006672,8.835072,0
oracle-k2,25,0,Bramwick,chief executive,1,0.0,0.0,53.344300016760826,53.344300016760826,53.344300016760826,8.835072,0
reactive-lru-k3,25,0,Bramwick,chief executive,0,0.4765000194311142,68.08900000760332,39.666199998464435,40.14270001789555,107.75520000606775,0.0,0
reactive-lru-k1,25,0,Bramwick,chief executive,0,0.4257000400684774,45.02129997126758,56.08210002537817,56.507800065446645,101.10339999664575,0.0,0
topic-k3,25,0,Bramwick,chief executive,0,0.4287000047042966,44.76329998578876,59.26559999352321,59.69429999822751,104.02889997931197,0.0,0
topic-k2,25,0,Bramwick,chief executive,0,0.5681000184267759,104.43980002310127,80.00999997602776,80.57809999445453,184.44979999912903,0.0,0
reactive-lru-k2,25,0,Bramwick,chief executive,0,0.4373999545350671,53.9610999985598,50.03710003802553,50.474499992560595,103.99820003658533,0.0,0
topic-k1,25,0,Bramwick,chief executive,0,0.44269999489188194,74.45720001123846,39.62799999862909,40.070699993520975,114.08520000986755,0.0,0
topic-k1,25,1,Toskarel,stock ticker,0,0.44319999869912863,44.84709998359904,40.40950001217425,40.85270001087338,85.25659999577329,0.0,0
reactive-lru-k3,25,1,Toskarel,stock ticker,0,0.44710002839565277,44.625100039411336,59.08899998757988,59.536100015975535,103.71410002699122,0.0,0
topic-k2,25,1,Toskarel,stock ticker,1,0.0,0.0,39.270699955523014,39.270699955523014,39.270699955523014,9.474048,0
oracle-k3,25,1,Toskarel,stock ticker,1,0.0,0.0,49.862699990626425,49.862699990626425,49.862699990626425,9.474048,0
on-demand-k1,25,1,Toskarel,stock ticker,0,0.5051000043749809,74.30089998524636,48.487899999599904,48.993000003974885,122.78879998484626,0.0,0
reactive-lru-k1,25,1,Toskarel,stock ticker,0,0.46069995732977986,49.65930001344532,51.62919999565929,52.08989995298907,101.28850000910461,0.0,0
oracle-k2,25,1,Toskarel,stock ticker,1,0.0,0.0,42.01360000297427,42.01360000297427,42.01360000297427,9.474048,0
topic-k3,25,1,Toskarel,stock ticker,1,0.0,0.0,41.829199995845556,41.829199995845556,41.829199995845556,19.78368,0
reactive-lru-k2,25,1,Toskarel,stock ticker,0,0.46369998017326,60.96789997536689,102.85179998027161,103.31549996044487,163.8196999556385,0.0,0
oracle-k1,25,1,Toskarel,stock ticker,1,0.0,0.0,63.465100014582276,63.465100014582276,63.465100014582276,9.474048,0
all-resident-k8,25,1,Toskarel,stock ticker,1,0.0,0.0,43.8519999734126,43.8519999734126,43.8519999734126,0.0,0
reactive-lru-k1,25,2,Toskarel,flagship product,1,0.0,0.0,40.61989998444915,40.61989998444915,40.61989998444915,0.0,0
oracle-k3,25,2,Toskarel,flagship product,1,0.0,0.0,64.32629999471828,64.32629999471828,64.32629999471828,0.0,0
topic-k1,25,2,Toskarel,flagship product,1,0.0,0.0,81.18670003022999,81.18670003022999,81.18670003022999,0.0,0
oracle-k2,25,2,Toskarel,flagship product,1,0.0,0.0,83.76579999458045,83.76579999458045,83.76579999458045,0.0,0
reactive-lru-k2,25,2,Toskarel,flagship product,1,0.0,0.0,75.71569998981431,75.71569998981431,75.71569998981431,0.0,0
reactive-lru-k3,25,2,Toskarel,flagship product,1,0.0,0.0,60.250300040934235,60.250300040934235,60.250300040934235,0.0,0
oracle-k1,25,2,Toskarel,flagship product,1,0.0,0.0,61.75659998552874,61.75659998552874,61.75659998552874,0.0,0
topic-k2,25,2,Toskarel,flagship product,1,0.0,0.0,58.49209998268634,58.49209998268634,58.49209998268634,9.510912,0
topic-k3,25,2,Toskarel,flagship product,1,0.0,0.0,40.02730001229793,40.02730001229793,40.02730001229793,9.510912,0
all-resident-k8,25,2,Toskarel,flagship product,1,0.0,0.0,42.20020002685487,42.20020002685487,42.20020002685487,0.0,0
on-demand-k1,25,2,Toskarel,flagship product,0,0.45309995766729116,62.411800026893616,58.288600004743785,58.741699962411076,120.7004000316374,0.0,0
topic-k2,25,3,Toskarel,mascot animal,1,0.0,0.0,76.46549999481067,76.46549999481067,76.46549999481067,0.0,0
topic-k3,25,3,Toskarel,mascot animal,1,0.0,0.0,82.19980000285432,82.19980000285432,82.19980000285432,0.0,0
on-demand-k1,25,3,Toskarel,mascot animal,0,0.4954999894835055,90.14019998721778,46.583899995312095,47.0793999847956,136.72409998252988,0.0,0
reactive-lru-k3,25,3,Toskarel,mascot animal,1,0.0,0.0,52.8129999875091,52.8129999875091,52.8129999875091,0.0,0
oracle-k2,25,3,Toskarel,mascot animal,1,0.0,0.0,78.53660004911944,78.53660004911944,78.53660004911944,0.0,0
oracle-k1,25,3,Toskarel,mascot animal,1,0.0,0.0,57.2995999827981,57.2995999827981,57.2995999827981,0.0,0
oracle-k3,25,3,Toskarel,mascot animal,1,0.0,0.0,40.29049997916445,40.29049997916445,40.29049997916445,0.0,0
reactive-lru-k2,25,3,Toskarel,mascot animal,1,0.0,0.0,65.74699998600408,65.74699998600408,65.74699998600408,0.0,0
reactive-lru-k1,25,3,Toskarel,mascot animal,1,0.0,0.0,58.32640000153333,58.32640000153333,58.32640000153333,0.0,0
topic-k1,25,3,Toskarel,mascot animal,1,0.0,0.0,50.493900023866445,50.493900023866445,50.493900023866445,0.0,0
all-resident-k8,25,3,Toskarel,mascot animal,1,0.0,0.0,71.67889998527244,71.67889998527244,71.67889998527244,0.0,0
reactive-lru-k2,25,4,Pyrenna,headquarters city,0,0.8285999647341669,54.39280002610758,62.78789998032153,63.61649994505569,117.1807000064291,0.0,0
reactive-lru-k1,25,4,Pyrenna,headquarters city,0,1.0587999713607132,74.62059997487813,78.40639998903498,79.4651999603957,153.0269999639131,0.0,0
all-resident-k8,25,4,Pyrenna,headquarters city,1,0.0,0.0,72.82659999327734,72.82659999327734,72.82659999327734,0.0,0
topic-k3,25,4,Pyrenna,headquarters city,1,0.0,0.0,41.15469998214394,41.15469998214394,41.15469998214394,0.0,0
topic-k2,25,4,Pyrenna,headquarters city,1,0.0,0.0,51.85659998096526,51.85659998096526,51.85659998096526,0.0,0
oracle-k1,25,4,Pyrenna,headquarters city,1,0.0,0.0,84.10579996416345,84.10579996416345,84.10579996416345,9.510912,0
reactive-lru-k3,25,4,Pyrenna,headquarters city,0,0.7992999744601548,64.87059994833544,72.26959994295612,73.06889991741627,137.14019989129156,0.0,0
oracle-k2,25,4,Pyrenna,headquarters city,1,0.0,0.0,57.27619997924194,57.27619997924194,57.27619997924194,9.510912,0
on-demand-k1,25,4,Pyrenna,headquarters city,0,0.8508000173605978,58.467699971515685,46.26169998664409,47.11250000400469,104.72939995815977,0.0,0
topic-k1,25,4,Pyrenna,headquarters city,0,0.812700018286705,74.9906999990344,42.6863000029698,43.499000021256506,117.6770000020042,0.0,0
oracle-k3,25,4,Pyrenna,headquarters city,1,0.0,0.0,57.501700008288026,57.501700008288026,57.501700008288026,9.510912,0
oracle-k3,25,5,Ilmeth,signature dish,1,0.0,0.0,66.01740000769496,66.01740000769496,66.01740000769496,8.761344,0
reactive-lru-k1,25,5,Ilmeth,signature dish,0,1.2234000023454428,65.9569000126794,56.38409999664873,57.60749999899417,122.34100000932813,0.0,0
topic-k3,25,5,Ilmeth,signature dish,1,0.0,0.0,72.12299999082461,72.12299999082461,72.12299999082461,18.370559999999998,1
reactive-lru-k2,25,5,Ilmeth,signature dish,0,0.7776999846100807,64.21469995984808,57.915200013667345,58.692899998277426,122.12989997351542,0.0,0
on-demand-k1,25,5,Ilmeth,signature dish,0,0.7977000204846263,82.85990002332255,38.92899997299537,39.72669999348,121.78889999631792,0.0,0
topic-k1,25,5,Ilmeth,signature dish,0,0.7308999774977565,64.11209999350831,39.87320000305772,40.604099980555475,103.98529999656603,0.0,0
topic-k2,25,5,Ilmeth,signature dish,0,0.7099999929778278,45.94600002747029,68.6501000309363,69.36010002391413,114.59610005840659,9.609216,0
oracle-k2,25,5,Ilmeth,signature dish,1,0.0,0.0,39.61989999515936,39.61989999515936,39.61989999515936,8.761344,0
oracle-k1,25,5,Ilmeth,signature dish,1,0.0,0.0,53.78849996486679,53.78849996486679,53.78849996486679,8.761344,0
all-resident-k8,25,5,Ilmeth,signature dish,1,0.0,0.0,77.75699999183416,77.75699999183416,77.75699999183416,0.0,0
reactive-lru-k3,25,5,Ilmeth,signature dish,0,0.4653999931178987,80.48050000797957,78.14870000584051,78.61409999895841,158.62920001382008,0.0,0
oracle-k2,25,6,Ilmeth,chief engineer,1,0.0,0.0,62.740699970163405,62.740699970163405,62.740699970163405,0.0,0
on-demand-k1,25,6,Ilmeth,chief engineer,0,0.5515000084415078,70.76349999988452,74.67850000830367,75.23000001674518,145.4420000081882,0.0,0
topic-k3,25,6,Ilmeth,chief engineer,1,0.0,0.0,62.25900002755225,62.25900002755225,62.25900002755225,9.474048,0
topic-k2,25,6,Ilmeth,chief engineer,1,0.0,0.0,40.12070002499968,40.12070002499968,40.12070002499968,0.0,0
reactive-lru-k3,25,6,Ilmeth,chief engineer,1,0.0,0.0,63.398700032848865,63.398700032848865,63.398700032848865,0.0,0
oracle-k3,25,6,Ilmeth,chief engineer,1,0.0,0.0,65.94770000083372,65.94770000083372,65.94770000083372,0.0,0
reactive-lru-k2,25,6,Ilmeth,chief engineer,1,0.0,0.0,51.01009999634698,51.01009999634698,51.01009999634698,0.0,0
topic-k1,25,6,Ilmeth,chief engineer,1,0.0,0.0,55.16260000877082,55.16260000877082,55.16260000877082,0.0,0
reactive-lru-k1,25,6,Ilmeth,chief engineer,1,0.0,0.0,79.9418999813497,79.9418999813497,79.9418999813497,0.0,0
all-resident-k8,25,6,Ilmeth,chief engineer,1,0.0,0.0,50.90840003686026,50.90840003686026,50.90840003686026,0.0,0
oracle-k1,25,6,Ilmeth,chief engineer,1,0.0,0.0,54.39439998008311,54.39439998008311,54.39439998008311,0.0,0
oracle-k3,25,7,Ilmeth,anthem composer,1,0.0,0.0,51.692399953026325,51.692399953026325,51.692399953026325,0.0,0
topic-k3,25,7,Ilmeth,anthem composer,1,0.0,0.0,52.073099999688566,52.073099999688566,52.073099999688566,0.0,0
oracle-k1,25,7,Ilmeth,anthem composer,1,0.0,0.0,71.1880000308156,71.1880000308156,71.1880000308156,0.0,0
oracle-k2,25,7,Ilmeth,anthem composer,1,0.0,0.0,50.10300001595169,50.10300001595169,50.10300001595169,0.0,0
reactive-lru-k3,25,7,Ilmeth,anthem composer,1,0.0,0.0,48.3014999772422,48.3014999772422,48.3014999772422,0.0,0
all-resident-k8,25,7,Ilmeth,anthem composer,1,0.0,0.0,59.82150003546849,59.82150003546849,59.82150003546849,0.0,0
topic-k1,25,7,Ilmeth,anthem composer,1,0.0,0.0,76.15849998546764,76.15849998546764,76.15849998546764,0.0,0
topic-k2,25,7,Ilmeth,anthem composer,1,0.0,0.0,53.58820001129061,53.58820001129061,53.58820001129061,0.0,0
reactive-lru-k1,25,7,Ilmeth,anthem composer,1,0.0,0.0,78.53860000614077,78.53860000614077,78.53860000614077,0.0,0
reactive-lru-k2,25,7,Ilmeth,anthem composer,1,0.0,0.0,73.95440002437681,73.95440002437681,73.95440002437681,0.0,0
on-demand-k1,25,7,Ilmeth,anthem composer,0,0.7575000054202974,51.94259999552742,55.10800000047311,55.86550000589341,107.05059999600053,0.0,0
topic-k3,25,8,Ilmeth,employee count,1,0.0,0.0,48.95479994593188,48.95479994593188,48.95479994593188,0.0,0
oracle-k2,25,8,Ilmeth,employee count,1,0.0,0.0,62.343699974007905,62.343699974007905,62.343699974007905,0.0,0
oracle-k3,25,8,Ilmeth,employee count,1,0.0,0.0,50.31830002553761,50.31830002553761,50.31830002553761,0.0,0
oracle-k1,25,8,Ilmeth,employee count,1,0.0,0.0,47.82620002515614,47.82620002515614,47.82620002515614,0.0,0
reactive-lru-k2,25,8,Ilmeth,employee count,1,0.0,0.0,67.85009999293834,67.85009999293834,67.85009999293834,0.0,0
all-resident-k8,25,8,Ilmeth,employee count,1,0.0,0.0,63.31589998444542,63.31589998444542,63.31589998444542,0.0,0
topic-k1,25,8,Ilmeth,employee count,1,0.0,0.0,75.68210002500564,75.68210002500564,75.68210002500564,0.0,0
reactive-lru-k1,25,8,Ilmeth,employee count,1,0.0,0.0,100.96040001371875,100.96040001371875,100.96040001371875,0.0,0
topic-k2,25,8,Ilmeth,employee count,1,0.0,0.0,69.02619998436421,69.02619998436421,69.02619998436421,0.0,0
on-demand-k1,25,8,Ilmeth,employee count,0,0.7603000267408788,60.465099988505244,39.80450000381097,40.56480003055185,100.26959999231622,0.0,0
reactive-lru-k3,25,8,Ilmeth,employee count,1,0.0,0.0,49.89020002540201,49.89020002540201,49.89020002540201,0.0,0
topic-k1,25,9,Toskarel,founding year,0,0.8613999816589057,59.77399996481836,89.11050000460818,89.97189998626709,148.88449996942654,0.0,0
oracle-k3,25,9,Toskarel,founding year,1,0.0,0.0,59.00029995245859,59.00029995245859,59.00029995245859,9.474048,0
oracle-k1,25,9,Toskarel,founding year,1,0.0,0.0,54.187599977012724,54.187599977012724,54.187599977012724,9.474048,0
all-resident-k8,25,9,Toskarel,founding year,1,0.0,0.0,44.66179996961728,44.66179996961728,44.66179996961728,0.0,0
reactive-lru-k2,25,9,Toskarel,founding year,0,0.8148999768309295,54.94419997557998,49.16559997946024,49.98049995629117,104.10979995504022,0.0,0
topic-k2,25,9,Toskarel,founding year,0,0.8352999575436115,54.01180003536865,67.54420005017892,68.37950000772253,121.55600008554757,0.0,1
oracle-k2,25,9,Toskarel,founding year,1,0.0,0.0,45.85880000377074,45.85880000377074,45.85880000377074,9.474048,0
reactive-lru-k3,25,9,Toskarel,founding year,1,0.0,0.0,39.52200000640005,39.52200000640005,39.52200000640005,0.0,0
on-demand-k1,25,9,Toskarel,founding year,0,0.44929998693987727,45.61430000467226,57.9069999512285,58.35629993816838,103.52129995590076,0.0,0
topic-k3,25,9,Toskarel,founding year,1,0.0,0.0,48.99049998493865,48.99049998493865,48.99049998493865,0.0,0
reactive-lru-k1,25,9,Toskarel,founding year,0,0.44680002611130476,45.79020000528544,40.59849999612197,41.04530002223328,86.38870000140741,0.0,0
all-resident-k8,25,10,Quorvane,chief executive,1,0.0,0.0,46.94500000914559,46.94500000914559,46.94500000914559,0.0,0
reactive-lru-k1,25,10,Quorvane,chief executive,0,0.763599993661046,73.06259998586029,56.072099949233234,56.83569994289428,129.13469993509352,0.0,0
reactive-lru-k2,25,10,Quorvane,chief executive,0,0.4897999460808933,78.84630002081394,70.58340002549812,71.07319997157902,149.42970004631206,0.0,0
reactive-lru-k3,25,10,Quorvane,chief executive,0,0.526999996509403,86.02180000161752,50.70159997558221,51.228599972091615,136.72339997719973,0.0,0
on-demand-k1,25,10,Quorvane,chief executive,0,0.487100041937083,67.25650001317263,70.64389996230602,71.1310000042431,137.90039997547865,0.0,0
topic-k3,25,10,Quorvane,chief executive,1,0.0,0.0,87.34949998324737,87.34949998324737,87.34949998324737,19.820543999999998,1
topic-k1,25,10,Quorvane,chief executive,0,0.4862999776378274,52.12829995434731,82.26579998154193,82.75209995917976,134.39409993588924,0.0,0
oracle-k2,25,10,Quorvane,chief executive,1,0.0,0.0,66.47209997754544,66.47209997754544,66.47209997754544,10.309632,0
oracle-k1,25,10,Quorvane,chief executive,1,0.0,0.0,74.59420000668615,74.59420000668615,74.59420000668615,10.309632,0
topic-k2,25,10,Quorvane,chief executive,0,0.4912000149488449,78.65760003915057,81.21699996991083,81.70819998485968,159.8746000090614,9.510912,0
oracle-k3,25,10,Quorvane,chief executive,1,0.0,0.0,57.16199998278171,57.16199998278171,57.16199998278171,10.309632,0
all-resident-k8,25,11,Quorvane,chief engineer,1,0.0,0.0,50.15580001054332,50.15580001054332,50.15580001054332,0.0,0
topic-k1,25,11,Quorvane,chief engineer,1,0.0,0.0,39.82870001345873,39.82870001345873,39.82870001345873,0.0,0
on-demand-k1,25,11,Quorvane,chief engineer,0,0.7149000302888453,49.48260000674054,45.04219995578751,45.757099986076355,94.52479996252805,0.0,0
topic-k2,25,11,Quorvane,chief engineer,1,0.0,0.0,51.959199947305024,51.959199947305024,51.959199947305024,9.437184,1
reactive-lru-k3,25,11,Quorvane,chief engineer,1,0.0,0.0,52.89459996856749,52.89459996856749,52.89459996856749,0.0,0
oracle-k1,25,11,Quorvane,chief engineer,1,0.0,0.0,72.62849999824539,72.62849999824539,72.62849999824539,0.0,0
reactive-lru-k1,25,11,Quorvane,chief engineer,1,0.0,0.0,47.40380001021549,47.40380001021549,47.40380001021549,0.0,0
oracle-k2,25,11,Quorvane,chief engineer,1,0.0,0.0,42.50079998746514,42.50079998746514,42.50079998746514,0.0,0
oracle-k3,25,11,Quorvane,chief engineer,1,0.0,0.0,42.03900002175942,42.03900002175942,42.03900002175942,0.0,0
topic-k3,25,11,Quorvane,chief engineer,1,0.0,0.0,66.20480003766716,66.20480003766716,66.20480003766716,18.972672000000003,1
reactive-lru-k2,25,11,Quorvane,chief engineer,1,0.0,0.0,52.18499997863546,52.18499997863546,52.18499997863546,0.0,0
on-demand-k1,26,0,Veltrax,annual revenue,0,0.8083999855443835,61.517100024502724,56.83839996345341,57.646799948997796,118.35549998795614,0.0,0
reactive-lru-k1,26,0,Veltrax,annual revenue,0,0.8553999941796064,98.8945999997668,68.24789999518543,69.10329998936504,167.14249999495223,0.0,0
oracle-k1,26,0,Veltrax,annual revenue,1,0.0,0.0,43.70239999843761,43.70239999843761,43.70239999843761,9.535488,0
topic-k1,26,0,Veltrax,annual revenue,0,0.8106000022962689,50.22919998737052,60.885899991262704,61.69649999355897,111.11509997863322,0.0,0
reactive-lru-k2,26,0,Veltrax,annual revenue,0,0.8037000079639256,65.56640000781044,51.48740002186969,52.291100029833615,117.05380002968013,0.0,0
topic-k2,26,0,Veltrax,annual revenue,0,0.8343000081367791,61.669700022321194,99.79110001586378,100.62540002400056,161.46080003818497,0.0,0
topic-k3,26,0,Veltrax,annual revenue,0,0.5111999926157296,49.268700007814914,86.12039999570698,86.6315999883227,135.3891000035219,0.0,0
oracle-k3,26,0,Veltrax,annual revenue,1,0.0,0.0,69.27869998617098,69.27869998617098,69.27869998617098,9.535488,0
reactive-lru-k3,26,0,Veltrax,annual revenue,0,0.45980000868439674,47.551299969200045,46.16199998417869,46.62179999286309,93.71329995337874,0.0,0
all-resident-k8,26,0,Veltrax,annual revenue,1,0.0,0.0,42.83430002396926,42.83430002396926,42.83430002396926,75.472896,0
oracle-k2,26,0,Veltrax,annual revenue,1,0.0,0.0,67.75300001027063,67.75300001027063,67.75300001027063,9.535488,0
topic-k1,26,1,Veltrax,stock ticker,1,0.0,0.0,67.94959999388084,67.94959999388084,67.94959999388084,0.0,0
reactive-lru-k3,26,1,Veltrax,stock ticker,1,0.0,0.0,39.78730004746467,39.78730004746467,39.78730004746467,0.0,0
topic-k2,26,1,Veltrax,stock ticker,1,0.0,0.0,39.88890000618994,39.88890000618994,39.88890000618994,9.510912,0
oracle-k2,26,1,Veltrax,stock ticker,1,0.0,0.0,44.182299985550344,44.182299985550344,44.182299985550344,0.0,0
reactive-lru-k2,26,1,Veltrax,stock ticker,1,0.0,0.0,39.83169997809455,39.83169997809455,39.83169997809455,0.0,0
all-resident-k8,26,1,Veltrax,stock ticker,1,0.0,0.0,41.18290002224967,41.18290002224967,41.18290002224967,0.0,0
oracle-k3,26,1,Veltrax,stock ticker,1,0.0,0.0,75.69820003118366,75.69820003118366,75.69820003118366,0.0,0
oracle-k1,26,1,Veltrax,stock ticker,1,0.0,0.0,77.398199995514,77.398199995514,77.398199995514,0.0,0
reactive-lru-k1,26,1,Veltrax,stock ticker,1,0.0,0.0,70.48470003064722,70.48470003064722,70.48470003064722,0.0,0
topic-k3,26,1,Veltrax,stock ticker,1,0.0,0.0,83.45909998752177,83.45909998752177,83.45909998752177,19.820543999999998,0
on-demand-k1,26,1,Veltrax,stock ticker,0,0.505700008943677,83.8287000078708,47.145400021690875,47.65110003063455,130.97410002956167,0.0,0
topic-k1,26,2,Veltrax,employee count,1,0.0,0.0,57.491399988066405,57.491399988066405,57.491399988066405,0.0,0
topic-k3,26,2,Veltrax,employee count,1,0.0,0.0,61.03629997232929,61.03629997232929,61.03629997232929,0.0,0
reactive-lru-k1,26,2,Veltrax,employee count,1,0.0,0.0,44.269300007727,44.269300007727,44.269300007727,0.0,0
oracle-k2,26,2,Veltrax,employee count,1,0.0,0.0,77.11429998744279,77.11429998744279,77.11429998744279,0.0,0
oracle-k1,26,2,Veltrax,employee count,1,0.0,0.0,73.51629994809628,73.51629994809628,73.51629994809628,0.0,0
reactive-lru-k3,26,2,Veltrax,employee count,1,0.0,0.0,41.387899953406304,41.387899953406304,41.387899953406304,0.0,0
all-resident-k8,26,2,Veltrax,employee count,1,0.0,0.0,41.4524000370875,41.4524000370875,41.4524000370875,0.0,0
on-demand-k1,26,2,Veltrax,employee count,0,0.508100027218461,67.18350003939122,81.34609996341169,81.85419999063015,148.5296000028029,0.0,0
reactive-lru-k2,26,2,Veltrax,employee count,1,0.0,0.0,62.811999989207834,62.811999989207834,62.811999989207834,0.0,0
topic-k2,26,2,Veltrax,employee count,1,0.0,0.0,96.99120000004768,96.99120000004768,96.99120000004768,0.0,0
oracle-k3,26,2,Veltrax,employee count,1,0.0,0.0,89.37309996690601,89.37309996690601,89.37309996690601,0.0,0
oracle-k2,26,3,Veltrax,annual revenue,1,0.0,0.0,83.5728999809362,83.5728999809362,83.5728999809362,0.0,0
oracle-k3,26,3,Veltrax,annual revenue,1,0.0,0.0,66.76390004577115,66.76390004577115,66.76390004577115,0.0,0
reactive-lru-k1,26,3,Veltrax,annual revenue,1,0.0,0.0,75.62049996340647,75.62049996340647,75.62049996340647,0.0,0
topic-k1,26,3,Veltrax,annual revenue,1,0.0,0.0,43.6930000432767,43.6930000432767,43.6930000432767,0.0,0
topic-k2,26,3,Veltrax,annual revenue,1,0.0,0.0,53.73440001858398,53.73440001858398,53.73440001858398,0.0,0
all-resident-k8,26,3,Veltrax,annual revenue,1,0.0,0.0,48.31039998680353,48.31039998680353,48.31039998680353,0.0,0
topic-k3,26,3,Veltrax,annual revenue,1,0.0,0.0,57.81920003937557,57.81920003937557,57.81920003937557,0.0,0
on-demand-k1,26,3,Veltrax,annual revenue,0,0.7993000326678157,53.347499982919544,38.87829999439418,39.677600027062,92.22579997731373,0.0,0
reactive-lru-k2,26,3,Veltrax,annual revenue,1,0.0,0.0,47.853700001724064,47.853700001724064,47.853700001724064,0.0,0
oracle-k1,26,3,Veltrax,annual revenue,1,0.0,0.0,78.42999999411404,78.42999999411404,78.42999999411404,0.0,0
reactive-lru-k3,26,3,Veltrax,annual revenue,1,0.0,0.0,54.95399999199435,54.95399999199435,54.95399999199435,0.0,0
reactive-lru-k2,26,4,Quorvane,flagship product,0,0.8699000463820994,62.99160001799464,77.29809999000281,78.16800003638491,140.28970000799745,0.0,0
all-resident-k8,26,4,Quorvane,flagship product,1,0.0,0.0,71.08600001083687,71.08600001083687,71.08600001083687,0.0,0
on-demand-k1,26,4,Quorvane,flagship product,0,0.9382000425830483,65.69380004657432,51.861300016753376,52.799500059336424,117.5551000633277,0.0,0
oracle-k3,26,4,Quorvane,flagship product,1,0.0,0.0,60.3471000213176,60.3471000213176,60.3471000213176,10.309632,0
reactive-lru-k1,26,4,Quorvane,flagship product,0,0.923000043258071,69.13419999182224,47.13889997219667,48.06190001545474,116.27309996401891,0.0,0
topic-k2,26,4,Quorvane,flagship product,0,0.4830999532714486,48.129000002518296,72.03590002609417,72.51899997936562,120.16490002861246,0.0,1
topic-k3,26,4,Quorvane,flagship product,1,0.0,0.0,69.55399998696521,69.55399998696521,69.55399998696521,0.0,0
oracle-k1,26,4,Quorvane,flagship product,1,0.0,0.0,40.11159995570779,40.11159995570779,40.11159995570779,10.309632,0
reactive-lru-k3,26,4,Quorvane,flagship product,0,0.4977999487891793,61.59140000818297,101.19270003633574,101.69049998512492,162.7841000445187,0.0,0
oracle-k2,26,4,Quorvane,flagship product,1,0.0,0.0,81.54590002959594,81.54590002959594,81.54590002959594,10.309632,0
topic-k1,26,4,Quorvane,flagship product,0,0.5648999940603971,97.27480000583455,60.82669994793832,61.39159994199872,158.10149995377287,0.0,0
all-resident-k8,26,5,Quorvane,motto word,1,0.0,0.0,74.28020000224933,74.28020000224933,74.28020000224933,0.0,0
oracle-k2,26,5,Quorvane,motto word,1,0.0,0.0,63.44210001407191,63.44210001407191,63.44210001407191,0.0,0
reactive-lru-k1,26,5,Quorvane,motto word,1,0.0,0.0,59.23310003709048,59.23310003709048,59.23310003709048,0.0,0
reactive-lru-k3,26,5,Quorvane,motto word,1,0.0,0.0,59.33399999048561,59.33399999048561,59.33399999048561,0.0,0
topic-k2,26,5,Quorvane,motto word,1,0.0,0.0,51.46599997533485,51.46599997533485,51.46599997533485,9.437184,0
topic-k3,26,5,Quorvane,motto word,1,0.0,0.0,62.217900005634874,62.217900005634874,62.217900005634874,9.437184,1
reactive-lru-k2,26,5,Quorvane,motto word,1,0.0,0.0,40.5340000288561,40.5340000288561,40.5340000288561,0.0,0
on-demand-k1,26,5,Quorvane,motto word,0,0.4896000027656555,50.512899993918836,45.020899968221784,45.51049997098744,95.53379996214062,0.0,0
oracle-k1,26,5,Quorvane,motto word,1,0.0,0.0,58.32599999848753,58.32599999848753,58.32599999848753,0.0,0
topic-k1,26,5,Quorvane,motto word,1,0.0,0.0,69.30249999277294,69.30249999277294,69.30249999277294,0.0,0
oracle-k3,26,5,Quorvane,motto word,1,0.0,0.0,86.36790001764894,86.36790001764894,86.36790001764894,0.0,0
all-resident-k8,26,6,Quorvane,mascot animal,1,0.0,0.0,56.19410000508651,56.19410000508651,56.19410000508651,0.0,0
on-demand-k1,26,6,Quorvane,mascot animal,0,0.49890001537278295,78.52519996231422,47.68519999925047,48.184100014623255,126.21039996156469,0.0,0
reactive-lru-k2,26,6,Quorvane,mascot animal,1,0.0,0.0,44.030899996869266,44.030899996869266,44.030899996869266,0.0,0
topic-k1,26,6,Quorvane,mascot animal,1,0.0,0.0,44.79379998520017,44.79379998520017,44.79379998520017,0.0,0
oracle-k3,26,6,Quorvane,mascot animal,1,0.0,0.0,41.301899997051805,41.301899997051805,41.301899997051805,0.0,0
topic-k2,26,6,Quorvane,mascot animal,1,0.0,0.0,48.23960002977401,48.23960002977401,48.23960002977401,0.0,0
topic-k3,26,6,Quorvane,mascot animal,1,0.0,0.0,51.32869997760281,51.32869997760281,51.32869997760281,0.0,0
oracle-k1,26,6,Quorvane,mascot animal,1,0.0,0.0,58.13550000311807,58.13550000311807,58.13550000311807,0.0,0
reactive-lru-k1,26,6,Quorvane,mascot animal,1,0.0,0.0,42.42900002282113,42.42900002282113,42.42900002282113,0.0,0
reactive-lru-k3,26,6,Quorvane,mascot animal,1,0.0,0.0,97.82059997087345,97.82059997087345,97.82059997087345,0.0,0
oracle-k2,26,6,Quorvane,mascot animal,1,0.0,0.0,40.89679999742657,40.89679999742657,40.89679999742657,0.0,0
topic-k3,26,7,Quorvane,chief engineer,1,0.0,0.0,44.48400001274422,44.48400001274422,44.48400001274422,0.0,0
reactive-lru-k1,26,7,Quorvane,chief engineer,1,0.0,0.0,56.73779995413497,56.73779995413497,56.73779995413497,0.0,0
topic-k1,26,7,Quorvane,chief engineer,1,0.0,0.0,42.2524000168778,42.2524000168778,42.2524000168778,0.0,0
reactive-lru-k3,26,7,Quorvane,chief engineer,1,0.0,0.0,74.31599998380989,74.31599998380989,74.31599998380989,0.0,0
oracle-k3,26,7,Quorvane,chief engineer,1,0.0,0.0,51.458300033118576,51.458300033118576,51.458300033118576,0.0,0
all-resident-k8,26,7,Quorvane,chief engineer,1,0.0,0.0,44.43180002272129,44.43180002272129,44.43180002272129,0.0,0
oracle-k2,26,7,Quorvane,chief engineer,1,0.0,0.0,66.20820000534877,66.20820000534877,66.20820000534877,0.0,0
oracle-k1,26,7,Quorvane,chief engineer,1,0.0,0.0,70.50420000450686,70.50420000450686,70.50420000450686,0.0,0
on-demand-k1,26,7,Quorvane,chief engineer,0,0.9278000215999782,121.81570002576336,45.21829995792359,46.14609997952357,167.03399998368695,0.0,0
reactive-lru-k2,26,7,Quorvane,chief engineer,1,0.0,0.0,51.01619998458773,51.01619998458773,51.01619998458773,0.0,0
topic-k2,26,7,Quorvane,chief engineer,1,0.0,0.0,44.19200000120327,44.19200000120327,44.19200000120327,0.0,0
topic-k3,26,8,Quorvane,annual revenue,1,0.0,0.0,39.81359995668754,39.81359995668754,39.81359995668754,0.0,0
oracle-k2,26,8,Quorvane,annual revenue,1,0.0,0.0,75.24119998561218,75.24119998561218,75.24119998561218,0.0,0
oracle-k3,26,8,Quorvane,annual revenue,1,0.0,0.0,49.18470000848174,49.18470000848174,49.18470000848174,0.0,0
reactive-lru-k3,26,8,Quorvane,annual revenue,1,0.0,0.0,40.182100026868284,40.182100026868284,40.182100026868284,0.0,0
all-resident-k8,26,8,Quorvane,annual revenue,1,0.0,0.0,66.2657999782823,66.2657999782823,66.2657999782823,0.0,0
topic-k1,26,8,Quorvane,annual revenue,1,0.0,0.0,70.21749997511506,70.21749997511506,70.21749997511506,0.0,0
topic-k2,26,8,Quorvane,annual revenue,1,0.0,0.0,71.44020003033802,71.44020003033802,71.44020003033802,0.0,0
reactive-lru-k1,26,8,Quorvane,annual revenue,1,0.0,0.0,43.08079998008907,43.08079998008907,43.08079998008907,0.0,0
on-demand-k1,26,8,Quorvane,annual revenue,0,0.8646000060252845,55.43890001717955,118.21669997880235,119.08129998482764,173.6555999959819,0.0,0
reactive-lru-k2,26,8,Quorvane,annual revenue,1,0.0,0.0,55.77249999623746,55.77249999623746,55.77249999623746,0.0,0
oracle-k1,26,8,Quorvane,annual revenue,1,0.0,0.0,52.27250000461936,52.27250000461936,52.27250000461936,0.0,0
topic-k1,26,9,Seluun,flagship product,0,0.8035000064410269,62.35929997637868,75.24029997875914,76.04379998520017,137.59959995513782,0.0,0
oracle-k3,26,9,Seluun,flagship product,1,0.0,0.0,76.61809999262914,76.61809999262914,76.61809999262914,9.437184,0
topic-k3,26,9,Seluun,flagship product,1,0.0,0.0,58.5220999782905,58.5220999782905,58.5220999782905,0.0,0
all-resident-k8,26,9,Seluun,flagship product,1,0.0,0.0,76.22480002464727,76.22480002464727,76.22480002464727,0.0,0
on-demand-k1,26,9,Seluun,flagship product,0,0.7970000151544809,47.25160001544282,46.27240000991151,47.06940002506599,93.52400002535433,0.0,0
reactive-lru-k2,26,9,Seluun,flagship product,0,0.8197000133804977,72.39210000261664,65.46780001372099,66.28750002710149,137.85990001633763,0.0,0
reactive-lru-k1,26,9,Seluun,flagship product,0,0.45739999040961266,63.28250002115965,63.0704999784939,63.52789996890351,126.35299999965355,0.0,0
topic-k2,26,9,Seluun,flagship product,1,0.0,0.0,101.58810002030805,101.58810002030805,101.58810002030805,0.0,0
oracle-k2,26,9,Seluun,flagship product,1,0.0,0.0,41.727100033313036,41.727100033313036,41.727100033313036,9.437184,0
reactive-lru-k3,26,9,Seluun,flagship product,0,0.457499991171062,94.03470001416281,85.40229999925941,85.85979999043047,179.43700001342222,0.0,0
oracle-k1,26,9,Seluun,flagship product,1,0.0,0.0,52.987400034908205,52.987400034908205,52.987400034908205,9.437184,0
reactive-lru-k1,26,10,Seluun,founding river,1,0.0,0.0,54.6013000421226,54.6013000421226,54.6013000421226,0.0,0
on-demand-k1,26,10,Seluun,founding river,0,0.45769999269396067,74.6369999833405,51.94530001608655,52.40300000878051,126.58229999942705,0.0,0
topic-k1,26,10,Seluun,founding river,1,0.0,0.0,72.76939996518195,72.76939996518195,72.76939996518195,0.0,0
oracle-k2,26,10,Seluun,founding river,1,0.0,0.0,40.89770000427961,40.89770000427961,40.89770000427961,0.0,0
reactive-lru-k2,26,10,Seluun,founding river,1,0.0,0.0,40.352399984840304,40.352399984840304,40.352399984840304,0.0,0
oracle-k1,26,10,Seluun,founding river,1,0.0,0.0,45.693399966694415,45.693399966694415,45.693399966694415,0.0,0
topic-k2,26,10,Seluun,founding river,1,0.0,0.0,69.07059997320175,69.07059997320175,69.07059997320175,8.835072,0
oracle-k3,26,10,Seluun,founding river,1,0.0,0.0,82.59389997692779,82.59389997692779,82.59389997692779,0.0,0
topic-k3,26,10,Seluun,founding river,1,0.0,0.0,59.150999994017184,59.150999994017184,59.150999994017184,18.444288,0
all-resident-k8,26,10,Seluun,founding river,1,0.0,0.0,52.803499973379076,52.803499973379076,52.803499973379076,0.0,0
reactive-lru-k3,26,10,Seluun,founding river,1,0.0,0.0,43.922699987888336,43.922699987888336,43.922699987888336,0.0,0
oracle-k2,26,11,Seluun,anthem composer,1,0.0,0.0,62.51329998485744,62.51329998485744,62.51329998485744,0.0,0
on-demand-k1,26,11,Seluun,anthem composer,0,0.4926000256091356,45.90000002644956,41.396700020413846,41.88930004602298,87.2967000468634,0.0,0
oracle-k3,26,11,Seluun,anthem composer,1,0.0,0.0,40.003900008741766,40.003900008741766,40.003900008741766,0.0,0
topic-k2,26,11,Seluun,anthem composer,1,0.0,0.0,49.87700004130602,49.87700004130602,49.87700004130602,0.0,0
topic-k1,26,11,Seluun,anthem composer,1,0.0,0.0,91.33429999928921,91.33429999928921,91.33429999928921,0.0,0
reactive-lru-k1,26,11,Seluun,anthem composer,1,0.0,0.0,48.01860003499314,48.01860003499314,48.01860003499314,0.0,0
topic-k3,26,11,Seluun,anthem composer,1,0.0,0.0,68.18729999940842,68.18729999940842,68.18729999940842,0.0,0
reactive-lru-k3,26,11,Seluun,anthem composer,1,0.0,0.0,45.95790000166744,45.95790000166744,45.95790000166744,0.0,0
all-resident-k8,26,11,Seluun,anthem composer,1,0.0,0.0,59.937499987427145,59.937499987427145,59.937499987427145,0.0,0
reactive-lru-k2,26,11,Seluun,anthem composer,1,0.0,0.0,55.309200019109994,55.309200019109994,55.309200019109994,0.0,0
oracle-k1,26,11,Seluun,anthem composer,1,0.0,0.0,57.56519996793941,57.56519996793941,57.56519996793941,0.0,0
reactive-lru-k2,27,0,Pyrenna,corporate color,0,0.819800014141947,73.73970001935959,40.73249996872619,41.552299982868135,114.47219998808578,0.0,0
reactive-lru-k3,27,0,Pyrenna,corporate color,0,0.8235999848693609,51.12849996658042,53.69940004311502,54.52300002798438,104.82790000969544,0.0,0
reactive-lru-k1,27,0,Pyrenna,corporate color,0,0.8123000152409077,46.108099981211126,48.94599999533966,49.75830001058057,95.05409997655079,0.0,0
all-resident-k8,27,0,Pyrenna,corporate color,1,0.0,0.0,53.32569999154657,53.32569999154657,53.32569999154657,75.472896,0
topic-k1,27,0,Pyrenna,corporate color,0,0.45469996985048056,49.618199991527945,67.78199999826029,68.23669996811077,117.40019998978823,0.0,0
oracle-k1,27,0,Pyrenna,corporate color,1,0.0,0.0,55.93380000209436,55.93380000209436,55.93380000209436,9.510912,0
on-demand-k1,27,0,Pyrenna,corporate color,0,0.533199985511601,83.67560000624508,58.23580001015216,58.76899999566376,141.91140001639724,0.0,0
oracle-k2,27,0,Pyrenna,corporate color,1,0.0,0.0,44.84240000601858,44.84240000601858,44.84240000601858,9.510912,0
topic-k2,27,0,Pyrenna,corporate color,0,0.4632999771274626,72.85469997441396,76.03650004602969,76.49980002315715,148.89120002044365,0.0,0
oracle-k3,27,0,Pyrenna,corporate color,1,0.0,0.0,39.858900010585785,39.858900010585785,39.858900010585785,9.510912,0
topic-k3,27,0,Pyrenna,corporate color,0,0.4547999706119299,44.78739999467507,55.756299989297986,56.211099959909916,100.54369998397306,0.0,0
reactive-lru-k3,27,1,Pyrenna,annual revenue,1,0.0,0.0,61.31150003056973,61.31150003056973,61.31150003056973,0.0,0
reactive-lru-k2,27,1,Pyrenna,annual revenue,1,0.0,0.0,90.55530000478029,90.55530000478029,90.55530000478029,0.0,0
topic-k2,27,1,Pyrenna,annual revenue,1,0.0,0.0,45.22640001960099,45.22640001960099,45.22640001960099,9.609216,0
on-demand-k1,27,1,Pyrenna,annual revenue,0,0.4721000441350043,53.234800056088716,50.87350000394508,51.34560004808009,104.1083000600338,0.0,0
topic-k3,27,1,Pyrenna,annual revenue,1,0.0,0.0,43.82790002273396,43.82790002273396,43.82790002273396,18.370559999999998,0
reactive-lru-k1,27,1,Pyrenna,annual revenue,1,0.0,0.0,40.00769997946918,40.00769997946918,40.00769997946918,0.0,0
topic-k1,27,1,Pyrenna,annual revenue,1,0.0,0.0,41.884100006427616,41.884100006427616,41.884100006427616,0.0,0
all-resident-k8,27,1,Pyrenna,annual revenue,1,0.0,0.0,40.36890005227178,40.36890005227178,40.36890005227178,0.0,0
oracle-k1,27,1,Pyrenna,annual revenue,1,0.0,0.0,40.257300017401576,40.257300017401576,40.257300017401576,0.0,0
oracle-k2,27,1,Pyrenna,annual revenue,1,0.0,0.0,72.06700003007427,72.06700003007427,72.06700003007427,0.0,0
oracle-k3,27,1,Pyrenna,annual revenue,1,0.0,0.0,42.32369997771457,42.32369997771457,42.32369997771457,0.0,0
on-demand-k1,27,2,Pyrenna,flagship product,0,0.5342999938875437,78.81830004043877,65.83049998153001,66.36479997541755,144.64880002196878,0.0,0
oracle-k3,27,2,Pyrenna,flagship product,1,0.0,0.0,83.89760000864044,83.89760000864044,83.89760000864044,0.0,0
topic-k3,27,2,Pyrenna,flagship product,1,0.0,0.0,75.64729999285191,75.64729999285191,75.64729999285191,0.0,0
all-resident-k8,27,2,Pyrenna,flagship product,1,0.0,0.0,94.43739999551326,94.43739999551326,94.43739999551326,0.0,0
reactive-lru-k2,27,2,Pyrenna,flagship product,1,0.0,0.0,44.44249998778105,44.44249998778105,44.44249998778105,0.0,0
topic-k1,27,2,Pyrenna,flagship product,1,0.0,0.0,40.71500001009554,40.71500001009554,40.71500001009554,0.0,0
reactive-lru-k3,27,2,Pyrenna,flagship product,1,0.0,0.0,60.71759999031201,60.71759999031201,60.71759999031201,0.0,0
topic-k2,27,2,Pyrenna,flagship product,1,0.0,0.0,52.91440000291914,52.91440000291914,52.91440000291914,0.0,0
reactive-lru-k1,27,2,Pyrenna,flagship product,1,0.0,0.0,73.76800000201911,73.76800000201911,73.76800000201911,0.0,0
oracle-k2,27,2,Pyrenna,flagship product,1,0.0,0.0,100.01980001106858,100.01980001106858,100.01980001106858,0.0,0
oracle-k1,27,2,Pyrenna,flagship product,1,0.0,0.0,68.73960001394153,68.73960001394153,68.73960001394153,0.0,0
topic-k2,27,3,Pyrenna,employee count,1,0.0,0.0,65.87869999930263,65.87869999930263,65.87869999930263,0.0,0
oracle-k3,27,3,Pyrenna,employee count,1,0.0,0.0,68.74949997290969,68.74949997290969,68.74949997290969,0.0,0
oracle-k1,27,3,Pyrenna,employee count,1,0.0,0.0,74.9165999586694,74.9165999586694,74.9165999586694,0.0,0
reactive-lru-k3,27,3,Pyrenna,employee count,1,0.0,0.0,61.853300023358315,61.853300023358315,61.853300023358315,0.0,0
reactive-lru-k2,27,3,Pyrenna,employee count,1,0.0,0.0,47.3152999766171,47.3152999766171,47.3152999766171,0.0,0
reactive-lru-k1,27,3,Pyrenna,employee count,1,0.0,0.0,41.48499999428168,41.48499999428168,41.48499999428168,0.0,0
on-demand-k1,27,3,Pyrenna,employee count,0,0.8304000366479158,73.83870001649484,83.02469999762252,83.85510003427044,156.86340001411736,0.0,0
topic-k1,27,3,Pyrenna,employee count,1,0.0,0.0,41.05169995455071,41.05169995455071,41.05169995455071,0.0,0
oracle-k2,27,3,Pyrenna,employee count,1,0.0,0.0,59.384999971371144,59.384999971371144,59.384999971371144,0.0,0
topic-k3,27,3,Pyrenna,employee count,1,0.0,0.0,41.52899998007342,41.52899998007342,41.52899998007342,0.0,0
all-resident-k8,27,3,Pyrenna,employee count,1,0.0,0.0,41.25939996447414,41.25939996447414,41.25939996447414,0.0,0
on-demand-k1,27,4,Pyrenna,headquarters city,0,0.7996999775059521,71.784200030379,39.56279996782541,40.362499945331365,111.34699999820441,0.0,0
oracle-k2,27,4,Pyrenna,headquarters city,1,0.0,0.0,38.559700013138354,38.559700013138354,38.559700013138354,0.0,0
topic-k3,27,4,Pyrenna,headquarters city,1,0.0,0.0,38.854299986269325,38.854299986269325,38.854299986269325,0.0,0
all-resident-k8,27,4,Pyrenna,headquarters city,1,0.0,0.0,66.09360000584275,66.09360000584275,66.09360000584275,0.0,0
oracle-k1,27,4,Pyrenna,headquarters city,1,0.0,0.0,58.492899988777936,58.492899988777936,58.492899988777936,0.0,0
reactive-lru-k1,27,4,Pyrenna,headquarters city,1,0.0,0.0,80.0868000369519,80.0868000369519,80.0868000369519,0.0,0
topic-k1,27,4,Pyrenna,headquarters city,1,0.0,0.0,40.02090002177283,40.02090002177283,40.02090002177283,0.0,0
reactive-lru-k3,27,4,Pyrenna,headquarters city,1,0.0,0.0,41.06409999076277,41.06409999076277,41.06409999076277,0.0,0
topic-k2,27,4,Pyrenna,headquarters city,1,0.0,0.0,55.595099984202534,55.595099984202534,55.595099984202534,0.0,0
oracle-k3,27,4,Pyrenna,headquarters city,1,0.0,0.0,54.39409997779876,54.39409997779876,54.39409997779876,0.0,0
reactive-lru-k2,27,4,Pyrenna,headquarters city,1,0.0,0.0,52.41750000277534,52.41750000277534,52.41750000277534,0.0,0
topic-k3,27,5,Pyrenna,anthem composer,1,0.0,0.0,69.7230999940075,69.7230999940075,69.7230999940075,0.0,0
reactive-lru-k3,27,5,Pyrenna,anthem composer,1,0.0,0.0,55.1911000511609,55.1911000511609,55.1911000511609,0.0,0
oracle-k3,27,5,Pyrenna,anthem composer,1,0.0,0.0,39.72170001361519,39.72170001361519,39.72170001361519,0.0,0
topic-k2,27,5,Pyrenna,anthem composer,1,0.0,0.0,72.66639999579638,72.66639999579638,72.66639999579638,0.0,0
reactive-lru-k2,27,5,Pyrenna,anthem composer,1,0.0,0.0,61.40659999800846,61.40659999800846,61.40659999800846,0.0,0
oracle-k2,27,5,Pyrenna,anthem composer,1,0.0,0.0,40.08090001298115,40.08090001298115,40.08090001298115,0.0,0
oracle-k1,27,5,Pyrenna,anthem composer,1,0.0,0.0,50.82309996942058,50.82309996942058,50.82309996942058,0.0,0
on-demand-k1,27,5,Pyrenna,anthem composer,0,0.8635999984107912,67.12709995917976,42.900400003418326,43.76400000182912,110.02749996259809,0.0,0
reactive-lru-k1,27,5,Pyrenna,anthem composer,1,0.0,0.0,56.792199960909784,56.792199960909784,56.792199960909784,0.0,0
topic-k1,27,5,Pyrenna,anthem composer,1,0.0,0.0,86.72130003105849,86.72130003105849,86.72130003105849,0.0,0
all-resident-k8,27,5,Pyrenna,anthem composer,1,0.0,0.0,50.70040002465248,50.70040002465248,50.70040002465248,0.0,0
oracle-k3,27,6,Pyrenna,primary material,1,0.0,0.0,50.18959997687489,50.18959997687489,50.18959997687489,0.0,0
oracle-k1,27,6,Pyrenna,primary material,1,0.0,0.0,69.91040002321824,69.91040002321824,69.91040002321824,0.0,0
all-resident-k8,27,6,Pyrenna,primary material,1,0.0,0.0,39.56960001960397,39.56960001960397,39.56960001960397,0.0,0
reactive-lru-k1,27,6,Pyrenna,primary material,1,0.0,0.0,44.47200003778562,44.47200003778562,44.47200003778562,0.0,0
topic-k1,27,6,Pyrenna,primary material,1,0.0,0.0,65.56919997092336,65.56919997092336,65.56919997092336,0.0,0
topic-k3,27,6,Pyrenna,primary material,1,0.0,0.0,79.95559996925294,79.95559996925294,79.95559996925294,0.0,0
reactive-lru-k3,27,6,Pyrenna,primary material,1,0.0,0.0,53.80340002011508,53.80340002011508,53.80340002011508,0.0,0
on-demand-k1,27,6,Pyrenna,primary material,0,0.8205999620258808,58.014500013086945,104.38580001937225,105.20639998139814,162.4003000324592,0.0,0
oracle-k2,27,6,Pyrenna,primary material,1,0.0,0.0,74.88319999538362,74.88319999538362,74.88319999538362,0.0,0
topic-k2,27,6,Pyrenna,primary material,1,0.0,0.0,92.39930001785979,92.39930001785979,92.39930001785979,0.0,0
reactive-lru-k2,27,6,Pyrenna,primary material,1,0.0,0.0,72.87009997526184,72.87009997526184,72.87009997526184,0.0,0
all-resident-k8,27,7,Pyrenna,stock ticker,1,0.0,0.0,66.61340000573546,66.61340000573546,66.61340000573546,0.0,0
reactive-lru-k1,27,7,Pyrenna,stock ticker,1,0.0,0.0,108.55329997139052,108.55329997139052,108.55329997139052,0.0,0
oracle-k3,27,7,Pyrenna,stock ticker,1,0.0,0.0,80.2343999966979,80.2343999966979,80.2343999966979,0.0,0
on-demand-k1,27,7,Pyrenna,stock ticker,0,0.8941999985836446,106.02380003547296,93.09880004730076,93.9930000458844,199.12260008277372,0.0,0
topic-k2,27,7,Pyrenna,stock ticker,1,0.0,0.0,55.95279997214675,55.95279997214675,55.95279997214675,0.0,0
topic-k3,27,7,Pyrenna,stock ticker,1,0.0,0.0,56.0465999878943,56.0465999878943,56.0465999878943,0.0,0
reactive-lru-k3,27,7,Pyrenna,stock ticker,1,0.0,0.0,39.469100011046976,39.469100011046976,39.469100011046976,0.0,0
topic-k1,27,7,Pyrenna,stock ticker,1,0.0,0.0,40.45970004517585,40.45970004517585,40.45970004517585,0.0,0
reactive-lru-k2,27,7,Pyrenna,stock ticker,1,0.0,0.0,52.670500008389354,52.670500008389354,52.670500008389354,0.0,0
oracle-k2,27,7,Pyrenna,stock ticker,1,0.0,0.0,39.87940005026758,39.87940005026758,39.87940005026758,0.0,0
oracle-k1,27,7,Pyrenna,stock ticker,1,0.0,0.0,66.07479997910559,66.07479997910559,66.07479997910559,0.0,0
oracle-k1,27,8,Pyrenna,signature dish,1,0.0,0.0,86.31350001087412,86.31350001087412,86.31350001087412,0.0,0
topic-k3,27,8,Pyrenna,signature dish,1,0.0,0.0,39.71250000176951,39.71250000176951,39.71250000176951,0.0,0
on-demand-k1,27,8,Pyrenna,signature dish,0,0.797900022007525,61.37650000164285,44.63040002156049,45.428300043568015,106.00690002320334,0.0,0
oracle-k3,27,8,Pyrenna,signature dish,1,0.0,0.0,39.00789999170229,39.00789999170229,39.00789999170229,0.0,0
reactive-lru-k1,27,8,Pyrenna,signature dish,1,0.0,0.0,59.01409999933094,59.01409999933094,59.01409999933094,0.0,0
reactive-lru-k3,27,8,Pyrenna,signature dish,1,0.0,0.0,56.01619998924434,56.01619998924434,56.01619998924434,0.0,0
topic-k2,27,8,Pyrenna,signature dish,1,0.0,0.0,57.9765000147745,57.9765000147745,57.9765000147745,0.0,0
reactive-lru-k2,27,8,Pyrenna,signature dish,1,0.0,0.0,85.68999997805804,85.68999997805804,85.68999997805804,0.0,0
topic-k1,27,8,Pyrenna,signature dish,1,0.0,0.0,60.45539997285232,60.45539997285232,60.45539997285232,0.0,0
all-resident-k8,27,8,Pyrenna,signature dish,1,0.0,0.0,50.05920003168285,50.05920003168285,50.05920003168285,0.0,0
oracle-k2,27,8,Pyrenna,signature dish,1,0.0,0.0,46.405999979469925,46.405999979469925,46.405999979469925,0.0,0
oracle-k3,27,9,Pyrenna,signature dish,1,0.0,0.0,38.64779998548329,38.64779998548329,38.64779998548329,0.0,0
reactive-lru-k2,27,9,Pyrenna,signature dish,1,0.0,0.0,39.196500030811876,39.196500030811876,39.196500030811876,0.0,0
oracle-k2,27,9,Pyrenna,signature dish,1,0.0,0.0,38.73819997534156,38.73819997534156,38.73819997534156,0.0,0
topic-k2,27,9,Pyrenna,signature dish,1,0.0,0.0,54.882400028873235,54.882400028873235,54.882400028873235,0.0,0
reactive-lru-k3,27,9,Pyrenna,signature dish,1,0.0,0.0,42.85729996627197,42.85729996627197,42.85729996627197,0.0,0
topic-k3,27,9,Pyrenna,signature dish,1,0.0,0.0,42.947500012815,42.947500012815,42.947500012815,0.0,0
topic-k1,27,9,Pyrenna,signature dish,1,0.0,0.0,63.333199999760836,63.333199999760836,63.333199999760836,0.0,0
oracle-k1,27,9,Pyrenna,signature dish,1,0.0,0.0,52.458500023931265,52.458500023931265,52.458500023931265,0.0,0
on-demand-k1,27,9,Pyrenna,signature dish,0,0.8217999711632729,74.9538000090979,43.10190002433956,43.92369999550283,118.05570003343746,0.0,0
all-resident-k8,27,9,Pyrenna,signature dish,1,0.0,0.0,42.37789998296648,42.37789998296648,42.37789998296648,0.0,0
reactive-lru-k1,27,9,Pyrenna,signature dish,1,0.0,0.0,38.92189997714013,38.92189997714013,38.92189997714013,0.0,0
reactive-lru-k3,27,10,Pyrenna,chief engineer,1,0.0,0.0,38.99590001674369,38.99590001674369,38.99590001674369,0.0,0
on-demand-k1,27,10,Pyrenna,chief engineer,0,0.7954000029712915,64.34139999328181,86.5201999549754,87.31559995794669,150.8615999482572,0.0,0
reactive-lru-k1,27,10,Pyrenna,chief engineer,1,0.0,0.0,86.7990999831818,86.7990999831818,86.7990999831818,0.0,0
oracle-k2,27,10,Pyrenna,chief engineer,1,0.0,0.0,75.1701999688521,75.1701999688521,75.1701999688521,0.0,0
topic-k1,27,10,Pyrenna,chief engineer,1,0.0,0.0,67.87710002390668,67.87710002390668,67.87710002390668,0.0,0
topic-k3,27,10,Pyrenna,chief engineer,1,0.0,0.0,54.093899962026626,54.093899962026626,54.093899962026626,0.0,0
oracle-k3,27,10,Pyrenna,chief engineer,1,0.0,0.0,43.10629999963567,43.10629999963567,43.10629999963567,0.0,0
oracle-k1,27,10,Pyrenna,chief engineer,1,0.0,0.0,45.755599974654615,45.755599974654615,45.755599974654615,0.0,0
topic-k2,27,10,Pyrenna,chief engineer,1,0.0,0.0,64.80039999587461,64.80039999587461,64.80039999587461,0.0,0
reactive-lru-k2,27,10,Pyrenna,chief engineer,1,0.0,0.0,64.36769996071234,64.36769996071234,64.36769996071234,0.0,0
all-resident-k8,27,10,Pyrenna,chief engineer,1,0.0,0.0,68.07689997367561,68.07689997367561,68.07689997367561,0.0,0
reactive-lru-k1,27,11,Toskarel,chief engineer,0,0.5134999519214034,56.89050001092255,50.87830004049465,51.391799992416054,107.7688000514172,0.0,0
oracle-k1,27,11,Toskarel,chief engineer,1,0.0,0.0,80.55610000155866,80.55610000155866,80.55610000155866,9.474048,0
topic-k3,27,11,Toskarel,chief engineer,0,0.5070999613963068,77.0963000250049,55.32200000016019,55.829099961556494,132.41830002516508,0.0,1
oracle-k3,27,11,Toskarel,chief engineer,1,0.0,0.0,78.75340001191944,78.75340001191944,78.75340001191944,9.474048,0
topic-k1,27,11,Toskarel,chief engineer,0,0.46279997332021594,50.88449997128919,65.35350001649931,65.81629998981953,116.2379999877885,0.0,0
reactive-lru-k2,27,11,Toskarel,chief engineer,0,0.5138000124134123,73.50689999293536,49.54069998348132,50.05449999589473,123.04759997641668,0.0,0
oracle-k2,27,11,Toskarel,chief engineer,1,0.0,0.0,41.21870000381023,41.21870000381023,41.21870000381023,9.474048,0
all-resident-k8,27,11,Toskarel,chief engineer,1,0.0,0.0,40.05339997820556,40.05339997820556,40.05339997820556,0.0,0
on-demand-k1,27,11,Toskarel,chief engineer,0,0.44620002154260874,56.24409997835755,76.93519996246323,77.38139998400584,133.17929994082078,0.0,0
topic-k2,27,11,Toskarel,chief engineer,0,0.4746000049635768,66.93759997142479,40.3354000300169,40.810000034980476,107.27300000144169,0.0,1
reactive-lru-k3,27,11,Toskarel,chief engineer,0,0.4615000216290355,48.52389998268336,49.19119999976829,49.65270002139732,97.71509998245165,0.0,0
reactive-lru-k1,28,0,Seluun,stock ticker,0,0.4615000216290355,85.37000004434958,48.82169998018071,49.283200001809746,134.1917000245303,0.0,0
oracle-k2,28,0,Seluun,stock ticker,1,0.0,0.0,79.73600004334003,79.73600004334003,79.73600004334003,9.437184,0
on-demand-k1,28,0,Seluun,stock ticker,0,0.5378999630920589,91.06119995703921,99.89100001985207,100.42889998294413,190.95219997689128,0.0,0
reactive-lru-k2,28,0,Seluun,stock ticker,0,0.5030999891459942,56.78089999128133,43.767399969510734,44.27049995865673,100.54829996079206,0.0,0
oracle-k1,28,0,Seluun,stock ticker,1,0.0,0.0,68.21830000262707,68.21830000262707,68.21830000262707,9.437184,0
reactive-lru-k3,28,0,Seluun,stock ticker,0,0.5250999820418656,102.6920999865979,59.99330000486225,60.518399986904114,162.68539999146014,0.0,0
topic-k3,28,0,Seluun,stock ticker,0,0.5053000058978796,80.65080002415925,58.54840000392869,59.05370000982657,139.19920002808794,0.0,0
topic-k1,28,0,Seluun,stock ticker,0,0.45980000868439674,69.44890000158921,45.62619997886941,46.085999987553805,115.07509998045862,0.0,0
topic-k2,28,0,Seluun,stock ticker,0,0.4477999755181372,59.69039996853098,52.61180002707988,53.05960000259802,112.30219999561086,0.0,0
all-resident-k8,28,0,Seluun,stock ticker,1,0.0,0.0,54.099900007713586,54.099900007713586,54.099900007713586,75.472896,0
oracle-k3,28,0,Seluun,stock ticker,1,0.0,0.0,53.382999962195754,53.382999962195754,53.382999962195754,9.437184,0
oracle-k2,28,1,Seluun,research lab city,1,0.0,0.0,45.07900000317022,45.07900000317022,45.07900000317022,0.0,0
on-demand-k1,28,1,Seluun,research lab city,0,0.45759999193251133,60.36950001725927,51.61049996968359,52.0680999616161,111.97999998694286,0.0,0
oracle-k1,28,1,Seluun,research lab city,1,0.0,0.0,65.04819996189326,65.04819996189326,65.04819996189326,0.0,0
reactive-lru-k1,28,1,Seluun,research lab city,1,0.0,0.0,42.377500038128346,42.377500038128346,42.377500038128346,0.0,0
all-resident-k8,28,1,Seluun,research lab city,1,0.0,0.0,69.90360002964735,69.90360002964735,69.90360002964735,0.0,0
topic-k3,28,1,Seluun,research lab city,1,0.0,0.0,100.84879997884855,100.84879997884855,100.84879997884855,18.444288,0
reactive-lru-k2,28,1,Seluun,research lab city,1,0.0,0.0,43.48039999604225,43.48039999604225,43.48039999604225,0.0,0
topic-k2,28,1,Seluun,research lab city,1,0.0,0.0,63.743899983819574,63.743899983819574,63.743899983819574,8.835072,0
reactive-lru-k3,28,1,Seluun,research lab city,1,0.0,0.0,57.71300004562363,57.71300004562363,57.71300004562363,0.0,0
topic-k1,28,1,Seluun,research lab city,1,0.0,0.0,51.35510000400245,51.35510000400245,51.35510000400245,0.0,0
oracle-k3,28,1,Seluun,research lab city,1,0.0,0.0,42.786500009242445,42.786500009242445,42.786500009242445,0.0,0
reactive-lru-k1,28,2,Bramwick,chief executive,0,0.7496000034734607,46.3840999873355,41.34550003800541,42.09510004147887,87.72960002534091,0.0,0
oracle-k2,28,2,Bramwick,chief executive,1,0.0,0.0,44.804299948737025,44.804299948737025,44.804299948737025,8.835072,0
topic-k1,28,2,Bramwick,chief executive,0,0.43670000741258264,61.82840000838041,105.65690003568307,106.09360004309565,167.48530004406348,0.0,0
reactive-lru-k2,28,2,Bramwick,chief executive,0,0.4379000165499747,59.70470001921058,48.94479998620227,49.382700002752244,108.64950000541285,0.0,0
topic-k3,28,2,Bramwick,chief executive,1,0.0,0.0,51.32730002515018,51.32730002515018,51.32730002515018,0.0,0
oracle-k3,28,2,Bramwick,chief executive,1,0.0,0.0,49.07920002005994,49.07920002005994,49.07920002005994,8.835072,0
all-resident-k8,28,2,Bramwick,chief executive,1,0.0,0.0,40.019100008066744,40.019100008066744,40.019100008066744,0.0,0
oracle-k1,28,2,Bramwick,chief executive,1,0.0,0.0,67.93129997095093,67.93129997095093,67.93129997095093,8.835072,0
on-demand-k1,28,2,Bramwick,chief executive,0,0.42799999937415123,82.36320002470165,47.37849999219179,47.80649999156594,129.74170001689345,0.0,0
topic-k2,28,2,Bramwick,chief executive,1,0.0,0.0,39.460200001485646,39.460200001485646,39.460200001485646,0.0,0
reactive-lru-k3,28,2,Bramwick,chief executive,0,0.4264999879524112,55.263200018089265,47.18749999301508,47.61399998096749,102.45070001110435,0.0,0
all-resident-k8,28,3,Veltrax,employee count,1,0.0,0.0,53.19549998966977,53.19549998966977,53.19549998966977,0.0,0
topic-k1,28,3,Veltrax,employee count,0,0.4555999767035246,48.91089996090159,54.27820002660155,54.73380000330508,103.18909998750314,0.0,0
topic-k3,28,3,Veltrax,employee count,0,0.45089999912306666,67.3570999642834,75.90670004719868,76.35760004632175,143.2638000114821,19.78368,1
reactive-lru-k3,28,3,Veltrax,employee count,0,0.5332999862730503,60.432299971580505,44.50329998508096,45.03659997135401,104.93559995666146,0.0,0
reactive-lru-k2,28,3,Veltrax,employee count,0,0.5133000086061656,65.17990003339946,62.26769997738302,62.78099998598918,127.44760001078248,0.0,0
oracle-k1,28,3,Veltrax,employee count,1,0.0,0.0,71.32549997186288,71.32549997186288,71.32549997186288,9.535488,0
oracle-k2,28,3,Veltrax,employee count,1,0.0,0.0,58.95460001192987,58.95460001192987,58.95460001192987,9.535488,0
oracle-k3,28,3,Veltrax,employee count,1,0.0,0.0,66.70019996818155,66.70019996818155,66.70019996818155,9.535488,0
on-demand-k1,28,3,Veltrax,employee count,0,0.46440004371106625,46.96869995677844,45.42159999255091,45.886000036261976,92.39029994932935,0.0,0
topic-k2,28,3,Veltrax,employee count,0,0.4313999670557678,49.97039999580011,63.982399995438755,64.41379996249452,113.95279999123886,9.474048,0
reactive-lru-k1,28,3,Veltrax,employee count,0,0.4836000152863562,67.28560000192374,61.2392999464646,61.722899961750954,128.52489994838834,0.0,0
oracle-k1,28,4,Veltrax,lucky number,1,0.0,0.0,94.07549997558817,94.07549997558817,94.07549997558817,0.0,0
reactive-lru-k3,28,4,Veltrax,lucky number,1,0.0,0.0,72.6837000111118,72.6837000111118,72.6837000111118,0.0,0
all-resident-k8,28,4,Veltrax,lucky number,1,0.0,0.0,49.35980000300333,49.35980000300333,49.35980000300333,0.0,0
topic-k3,28,4,Veltrax,lucky number,1,0.0,0.0,56.981799949426204,56.981799949426204,56.981799949426204,9.510912,1
reactive-lru-k1,28,4,Veltrax,lucky number,1,0.0,0.0,49.69549999805167,49.69549999805167,49.69549999805167,0.0,0
topic-k2,28,4,Veltrax,lucky number,1,0.0,0.0,68.42149997828528,68.42149997828528,68.42149997828528,9.510912,1
oracle-k3,28,4,Veltrax,lucky number,1,0.0,0.0,75.2381999627687,75.2381999627687,75.2381999627687,0.0,0
reactive-lru-k2,28,4,Veltrax,lucky number,1,0.0,0.0,78.30769999418408,78.30769999418408,78.30769999418408,0.0,0
topic-k1,28,4,Veltrax,lucky number,1,0.0,0.0,62.604500039014965,62.604500039014965,62.604500039014965,0.0,0
on-demand-k1,28,4,Veltrax,lucky number,0,0.4889999981969595,60.12079998617992,44.13400002522394,44.6230000234209,104.25480001140386,0.0,0
oracle-k2,28,4,Veltrax,lucky number,1,0.0,0.0,47.38639999413863,47.38639999413863,47.38639999413863,0.0,0
all-resident-k8,28,5,Veltrax,stock ticker,1,0.0,0.0,43.09709998778999,43.09709998778999,43.09709998778999,0.0,0
topic-k2,28,5,Veltrax,stock ticker,1,0.0,0.0,39.98010000213981,39.98010000213981,39.98010000213981,0.0,0
oracle-k3,28,5,Veltrax,stock ticker,1,0.0,0.0,43.17279998213053,43.17279998213053,43.17279998213053,0.0,0
reactive-lru-k3,28,5,Veltrax,stock ticker,1,0.0,0.0,51.825599977746606,51.825599977746606,51.825599977746606,0.0,0
oracle-k2,28,5,Veltrax,stock ticker,1,0.0,0.0,50.16020004404709,50.16020004404709,50.16020004404709,0.0,0
reactive-lru-k1,28,5,Veltrax,stock ticker,1,0.0,0.0,66.07269996311516,66.07269996311516,66.07269996311516,0.0,0
topic-k1,28,5,Veltrax,stock ticker,1,0.0,0.0,82.17930002138019,82.17930002138019,82.17930002138019,0.0,0
on-demand-k1,28,5,Veltrax,stock ticker,0,0.5117999971844256,66.30539998877794,66.56960002146661,67.08140001865104,132.87500001024455,0.0,0
topic-k3,28,5,Veltrax,stock ticker,1,0.0,0.0,57.841000030748546,57.841000030748546,57.841000030748546,0.0,0
oracle-k1,28,5,Veltrax,stock ticker,1,0.0,0.0,63.020800007507205,63.020800007507205,63.020800007507205,0.0,0
reactive-lru-k2,28,5,Veltrax,stock ticker,1,0.0,0.0,59.231100021861494,59.231100021861494,59.231100021861494,0.0,0
topic-k2,28,6,Quorvane,research lab city,0,0.6674000178463757,97.4364000139758,61.74120004288852,62.4086000607349,159.17760005686432,0.0,1
reactive-lru-k3,28,6,Quorvane,research lab city,0,0.8595999679528177,47.826899972278625,71.37510000029579,72.2346999682486,119.20199997257441,0.0,0
oracle-k3,28,6,Quorvane,research lab city,1,0.0,0.0,75.74749999912456,75.74749999912456,75.74749999912456,10.309632,0
reactive-lru-k1,28,6,Quorvane,research lab city,0,0.5147000192664564,68.73469997663051,50.763599982019514,51.27830000128597,119.49829995865002,0.0,0
oracle-k1,28,6,Quorvane,research lab city,1,0.0,0.0,41.42399999545887,41.42399999545887,41.42399999545887,10.309632,0
oracle-k2,28,6,Quorvane,research lab city,1,0.0,0.0,39.81260000728071,39.81260000728071,39.81260000728071,10.309632,0
topic-k1,28,6,Quorvane,research lab city,0,0.48750004498288035,47.97930002678186,49.31050003506243,49.79800008004531,97.28980006184429,0.0,0
topic-k3,28,6,Quorvane,research lab city,1,0.0,0.0,47.31599998194724,47.31599998194724,47.31599998194724,0.0,0
on-demand-k1,28,6,Quorvane,research lab city,0,0.5093999789096415,59.3347999965772,42.89370001060888,43.40309998951852,102.22850000718608,0.0,0
all-resident-k8,28,6,Quorvane,research lab city,1,0.0,0.0,49.96289999689907,49.96289999689907,49.96289999689907,0.0,0
reactive-lru-k2,28,6,Quorvane,research lab city,0,0.49349997425451875,47.256399993784726,51.58389999996871,52.077399974223226,98.84029999375343,0.0,0
on-demand-k1,28,7,Toskarel,annual revenue,0,0.484999967738986,51.70920002274215,44.12619996583089,44.61119993356988,95.83539998857304,0.0,0
oracle-k2,28,7,Toskarel,annual revenue,1,0.0,0.0,44.115400000009686,44.115400000009686,44.115400000009686,9.474048,0
oracle-k1,28,7,Toskarel,annual revenue,1,0.0,0.0,42.19309997279197,42.19309997279197,42.19309997279197,9.474048,0
oracle-k3,28,7,Toskarel,annual revenue,1,0.0,0.0,49.63169997790828,49.63169997790828,49.63169997790828,9.474048,0
topic-k3,28,7,Toskarel,annual revenue,0,0.45960000716149807,53.88309998670593,72.29340000776574,72.75300001492724,126.17649999447167,9.437184,1
reactive-lru-k2,28,7,Toskarel,annual revenue,0,0.5256999866105616,79.37559997662902,77.32219999888912,77.84789998549968,156.69779997551814,0.0,0
topic-k2,28,7,Toskarel,annual revenue,0,0.42779999785125256,60.86839997442439,84.4107000157237,84.83850001357496,145.2790999901481,9.437184,0
reactive-lru-k3,28,7,Toskarel,annual revenue,0,0.4983000108040869,76.03090000338852,40.140199998859316,40.6385000096634,116.17110000224784,0.0,0
all-resident-k8,28,7,Toskarel,annual revenue,1,0.0,0.0,40.28339998330921,40.28339998330921,40.28339998330921,0.0,0
topic-k1,28,7,Toskarel,annual revenue,0,0.4523000097833574,58.10879997443408,92.01359999133274,92.4659000011161,150.12239996576682,0.0,0
reactive-lru-k1,28,7,Toskarel,annual revenue,0,0.4969000001437962,57.33619997045025,55.98070000996813,56.47760001011193,113.31689998041838,0.0,0
topic-k2,28,8,Toskarel,board chair,1,0.0,0.0,44.36420003185049,44.36420003185049,44.36420003185049,9.510912,1
on-demand-k1,28,8,Toskarel,board chair,0,0.46690000453963876,53.13290003687143,74.79049998801202,75.25739999255165,127.92340002488345,0.0,0
reactive-lru-k1,28,8,Toskarel,board chair,1,0.0,0.0,56.045300036203116,56.045300036203116,56.045300036203116,0.0,0
oracle-k3,28,8,Toskarel,board chair,1,0.0,0.0,72.90840003406629,72.90840003406629,72.90840003406629,0.0,0
reactive-lru-k3,28,8,Toskarel,board chair,1,0.0,0.0,82.66429998911917,82.66429998911917,82.66429998911917,0.0,0
reactive-lru-k2,28,8,Toskarel,board chair,1,0.0,0.0,83.99590000044554,83.99590000044554,83.99590000044554,0.0,0
topic-k1,28,8,Toskarel,board chair,1,0.0,0.0,54.00309996912256,54.00309996912256,54.00309996912256,0.0,0
all-resident-k8,28,8,Toskarel,board chair,1,0.0,0.0,44.05520000727847,44.05520000727847,44.05520000727847,0.0,0
oracle-k2,28,8,Toskarel,board chair,1,0.0,0.0,75.69340005284175,75.69340005284175,75.69340005284175,0.0,0
oracle-k1,28,8,Toskarel,board chair,1,0.0,0.0,66.15909998072311,66.15909998072311,66.15909998072311,0.0,0
topic-k3,28,8,Toskarel,board chair,1,0.0,0.0,68.72739997925237,68.72739997925237,68.72739997925237,9.510912,1
topic-k1,28,9,Ilmeth,founding year,0,0.7965000113472342,70.48100000247359,70.85730001563206,71.6538000269793,141.33830001810566,0.0,0
reactive-lru-k3,28,9,Ilmeth,founding year,0,0.4900999483652413,77.7086999733001,59.590999968349934,60.081099916715175,137.29969994165003,0.0,0
reactive-lru-k1,28,9,Ilmeth,founding year,0,0.4387999651953578,56.01699999533594,65.62329997541383,66.06209994060919,121.64029997074977,0.0,0
oracle-k2,28,9,Ilmeth,founding year,1,0.0,0.0,80.848999961745,80.848999961745,80.848999961745,8.761344,0
topic-k2,28,9,Ilmeth,founding year,0,0.44520001392811537,53.07740002172068,41.17699997732416,41.62219999125227,94.25439999904484,0.0,1
oracle-k3,28,9,Ilmeth,founding year,1,0.0,0.0,40.26860004523769,40.26860004523769,40.26860004523769,8.761344,0
oracle-k1,28,9,Ilmeth,founding year,1,0.0,0.0,64.85989998327568,64.85989998327568,64.85989998327568,8.761344,0
topic-k3,28,9,Ilmeth,founding year,0,0.4567000432871282,58.324200042989105,63.52080003125593,63.97750007454306,121.84500007424504,0.0,0
all-resident-k8,28,9,Ilmeth,founding year,1,0.0,0.0,45.001299993600696,45.001299993600696,45.001299993600696,0.0,0
on-demand-k1,28,9,Ilmeth,founding year,0,0.44759997399523854,54.87669998547062,70.12160000158474,70.56919997557998,124.99829998705536,0.0,0
reactive-lru-k2,28,9,Ilmeth,founding year,0,0.4959999932907522,59.73490001633763,43.232500029262155,43.72850002255291,102.96740004559979,0.0,0
reactive-lru-k1,28,10,Ilmeth,motto word,1,0.0,0.0,66.85479998122901,66.85479998122901,66.85479998122901,0.0,0
reactive-lru-k2,28,10,Ilmeth,motto word,1,0.0,0.0,72.00660003582016,72.00660003582016,72.00660003582016,0.0,0
topic-k1,28,10,Ilmeth,motto word,1,0.0,0.0,40.11559998616576,40.11559998616576,40.11559998616576,0.0,0
oracle-k2,28,10,Ilmeth,motto word,1,0.0,0.0,45.04070000257343,45.04070000257343,45.04070000257343,0.0,0
on-demand-k1,28,10,Ilmeth,motto word,0,0.7560999947600067,58.55849996441975,97.34360000584275,98.09970000060275,155.9020999702625,0.0,0
oracle-k1,28,10,Ilmeth,motto word,1,0.0,0.0,71.37830002466217,71.37830002466217,71.37830002466217,0.0,0
oracle-k3,28,10,Ilmeth,motto word,1,0.0,0.0,61.285800009500235,61.285800009500235,61.285800009500235,0.0,0
all-resident-k8,28,10,Ilmeth,motto word,1,0.0,0.0,40.05990002769977,40.05990002769977,40.05990002769977,0.0,0
reactive-lru-k3,28,10,Ilmeth,motto word,1,0.0,0.0,39.036599977407604,39.036599977407604,39.036599977407604,0.0,0
topic-k3,28,10,Ilmeth,motto word,1,0.0,0.0,39.95990002295002,39.95990002295002,39.95990002295002,9.609216,1
topic-k2,28,10,Ilmeth,motto word,1,0.0,0.0,43.42900001211092,43.42900001211092,43.42900001211092,9.609216,0
on-demand-k1,28,11,Ilmeth,flagship product,0,0.7409999961964786,64.0140000032261,87.45049999561161,88.19149999180809,151.4644999988377,0.0,0
oracle-k2,28,11,Ilmeth,flagship product,1,0.0,0.0,40.571500023361295,40.571500023361295,40.571500023361295,0.0,0
topic-k2,28,11,Ilmeth,flagship product,1,0.0,0.0,40.967000008095056,40.967000008095056,40.967000008095056,0.0,0
all-resident-k8,28,11,Ilmeth,flagship product,1,0.0,0.0,56.95749999722466,56.95749999722466,56.95749999722466,0.0,0
topic-k1,28,11,Ilmeth,flagship product,1,0.0,0.0,39.131600002292544,39.131600002292544,39.131600002292544,0.0,0
reactive-lru-k2,28,11,Ilmeth,flagship product,1,0.0,0.0,56.60200002603233,56.60200002603233,56.60200002603233,0.0,0
reactive-lru-k3,28,11,Ilmeth,flagship product,1,0.0,0.0,53.94640000304207,53.94640000304207,53.94640000304207,0.0,0
topic-k3,28,11,Ilmeth,flagship product,1,0.0,0.0,42.61970001971349,42.61970001971349,42.61970001971349,0.0,0
reactive-lru-k1,28,11,Ilmeth,flagship product,1,0.0,0.0,75.86839998839423,75.86839998839423,75.86839998839423,0.0,0
oracle-k1,28,11,Ilmeth,flagship product,1,0.0,0.0,58.795100019779056,58.795100019779056,58.795100019779056,0.0,0
oracle-k3,28,11,Ilmeth,flagship product,1,0.0,0.0,40.24310002569109,40.24310002569109,40.24310002569109,0.0,0
topic-k1,29,0,Bramwick,board chair,0,0.7719999994151294,64.43490000674501,48.69740002322942,49.46940002264455,113.13230002997443,0.0,0
reactive-lru-k1,29,0,Bramwick,board chair,0,0.7668999605812132,83.1814999692142,48.874700034502894,49.64159999508411,132.0562000037171,0.0,0
oracle-k1,29,0,Bramwick,board chair,1,0.0,0.0,47.047699976246804,47.047699976246804,47.047699976246804,8.835072,0
reactive-lru-k3,29,0,Bramwick,board chair,0,0.756800000090152,60.12769998051226,80.11630002874881,80.87310002883896,140.24400000926107,0.0,0
oracle-k2,29,0,Bramwick,board chair,1,0.0,0.0,76.42579998355359,76.42579998355359,76.42579998355359,8.835072,0
oracle-k3,29,0,Bramwick,board chair,1,0.0,0.0,61.94420001702383,61.94420001702383,61.94420001702383,8.835072,0
all-resident-k8,29,0,Bramwick,board chair,1,0.0,0.0,52.133899996988475,52.133899996988475,52.133899996988475,75.472896,0
topic-k2,29,0,Bramwick,board chair,0,0.7867999956943095,72.8256999864243,45.24639999726787,46.03319999296218,118.07209998369217,0.0,0
topic-k3,29,0,Bramwick,board chair,0,0.8011999889276922,67.71869998192415,55.088300025090575,55.88950001401827,122.80700000701472,0.0,0
reactive-lru-k2,29,0,Bramwick,board chair,0,0.46829995699226856,91.18809999199584,41.35800001677126,41.826299973763525,132.5461000087671,0.0,0
on-demand-k1,29,0,Bramwick,board chair,0,0.5489999894052744,68.95950000034645,40.716599964071065,41.26559995347634,109.67609996441752,0.0,0
oracle-k3,29,1,Bramwick,flagship product,1,0.0,0.0,46.499499992933124,46.499499992933124,46.499499992933124,0.0,0
oracle-k1,29,1,Bramwick,flagship product,1,0.0,0.0,51.23559996718541,51.23559996718541,51.23559996718541,0.0,0
topic-k1,29,1,Bramwick,flagship product,1,0.0,0.0,75.03109995741397,75.03109995741397,75.03109995741397,0.0,0
on-demand-k1,29,1,Bramwick,flagship product,0,0.44219999108463526,98.19569997489452,44.06290000770241,44.505099998787045,142.25859998259693,0.0,0
topic-k2,29,1,Bramwick,flagship product,1,0.0,0.0,40.96179996849969,40.96179996849969,40.96179996849969,9.474048,0
topic-k3,29,1,Bramwick,flagship product,1,0.0,0.0,39.26429996499792,39.26429996499792,39.26429996499792,19.78368,0
reactive-lru-k2,29,1,Bramwick,flagship product,1,0.0,0.0,38.59870001906529,38.59870001906529,38.59870001906529,0.0,0
oracle-k2,29,1,Bramwick,flagship product,1,0.0,0.0,40.20380001747981,40.20380001747981,40.20380001747981,0.0,0
reactive-lru-k3,29,1,Bramwick,flagship product,1,0.0,0.0,55.630499962717295,55.630499962717295,55.630499962717295,0.0,0
reactive-lru-k1,29,1,Bramwick,flagship product,1,0.0,0.0,42.227300000377,42.227300000377,42.227300000377,0.0,0
all-resident-k8,29,1,Bramwick,flagship product,1,0.0,0.0,38.93199999583885,38.93199999583885,38.93199999583885,0.0,0
oracle-k2,29,2,Pyrenna,flagship product,1,0.0,0.0,47.48649999964982,47.48649999964982,47.48649999964982,9.510912,0
on-demand-k1,29,2,Pyrenna,flagship product,0,0.4694999661296606,71.68420002562925,39.888500003144145,40.357999969273806,111.5727000287734,0.0,0
topic-k2,29,2,Pyrenna,flagship product,0,0.4558999789878726,50.518799980636686,71.672500052955,72.12840003194287,122.19130003359169,0.0,1
topic-k1,29,2,Pyrenna,flagship product,0,0.4741000011563301,76.50840003043413,60.94420002773404,61.41830002889037,137.45260005816817,0.0,0
reactive-lru-k2,29,2,Pyrenna,flagship product,0,0.4692000220529735,46.50750005384907,40.55650002555922,41.02570004761219,87.06400007940829,0.0,0
topic-k3,29,2,Pyrenna,flagship product,0,0.46770001063123345,56.089900026563555,97.69560000859201,98.16330001922324,153.78550003515556,0.0,1
all-resident-k8,29,2,Pyrenna,flagship product,1,0.0,0.0,46.520400035660714,46.520400035660714,46.520400035660714,0.0,0
oracle-k3,29,2,Pyrenna,flagship product,1,0.0,0.0,48.837399983312935,48.837399983312935,48.837399983312935,9.510912,0
oracle-k1,29,2,Pyrenna,flagship product,1,0.0,0.0,76.57959999050945,76.57959999050945,76.57959999050945,9.510912,0
reactive-lru-k3,29,2,Pyrenna,flagship product,0,0.4531000158749521,47.706900048069656,63.07749997358769,63.530599989462644,110.78440002165735,0.0,0
reactive-lru-k1,29,2,Pyrenna,flagship product,0,0.519599998369813,57.949400041252375,68.33139999071136,68.85099998908117,126.28080003196374,0.0,0
topic-k3,29,3,Pyrenna,chief executive,1,0.0,0.0,44.64909998932853,44.64909998932853,44.64909998932853,18.370559999999998,1
all-resident-k8,29,3,Pyrenna,chief executive,1,0.0,0.0,84.39649996580556,84.39649996580556,84.39649996580556,0.0,0
reactive-lru-k2,29,3,Pyrenna,chief executive,1,0.0,0.0,84.11369996611029,84.11369996611029,84.11369996611029,0.0,0
oracle-k2,29,3,Pyrenna,chief executive,1,0.0,0.0,84.06449999893084,84.06449999893084,84.06449999893084,0.0,0
topic-k2,29,3,Pyrenna,chief executive,1,0.0,0.0,62.70130001939833,62.70130001939833,62.70130001939833,9.609216,0
topic-k1,29,3,Pyrenna,chief executive,1,0.0,0.0,87.66349998768419,87.66349998768419,87.66349998768419,0.0,0
reactive-lru-k3,29,3,Pyrenna,chief executive,1,0.0,0.0,39.30840000975877,39.30840000975877,39.30840000975877,0.0,0
reactive-lru-k1,29,3,Pyrenna,chief executive,1,0.0,0.0,45.27300002519041,45.27300002519041,45.27300002519041,0.0,0
oracle-k3,29,3,Pyrenna,chief executive,1,0.0,0.0,39.69659999711439,39.69659999711439,39.69659999711439,0.0,0
oracle-k1,29,3,Pyrenna,chief executive,1,0.0,0.0,38.691200024914,38.691200024914,38.691200024914,0.0,0
on-demand-k1,29,3,Pyrenna,chief executive,0,0.4535000189207494,61.459199991077185,51.1001999839209,51.55370000284165,112.55939997499809,0.0,0
oracle-k3,29,4,Draskel,chief executive,1,0.0,0.0,47.062199970241636,47.062199970241636,47.062199970241636,9.609216,0
reactive-lru-k3,29,4,Draskel,chief executive,0,0.46690000453963876,66.04750000406057,51.933799986727536,52.400699991267174,117.9812999907881,0.0,0
on-demand-k1,29,4,Draskel,chief executive,0,0.4751000087708235,55.70239998633042,48.05330000817776,48.52840001694858,103.75569999450818,0.0,0
topic-k3,29,4,Draskel,chief executive,1,0.0,0.0,68.54530004784465,68.54530004784465,68.54530004784465,0.0,0
reactive-lru-k1,29,4,Draskel,chief executive,0,0.4613999626599252,47.527800023090094,42.51020000083372,42.971599963493645,90.03800002392381,0.0,0
topic-k2,29,4,Draskel,chief executive,1,0.0,0.0,45.61829997692257,45.61829997692257,45.61829997692257,0.0,0
oracle-k2,29,4,Draskel,chief executive,1,0.0,0.0,47.18740005046129,47.18740005046129,47.18740005046129,9.609216,0
oracle-k1,29,4,Draskel,chief executive,1,0.0,0.0,40.347700007259846,40.347700007259846,40.347700007259846,9.609216,0
reactive-lru-k2,29,4,Draskel,chief executive,0,0.450999999884516,50.05689995596185,79.88090004073456,80.33190004061908,129.9377999966964,0.0,0
topic-k1,29,4,Draskel,chief executive,0,0.4857999738305807,68.44130001263693,44.29079999681562,44.7765999706462,112.73210000945255,0.0,0
all-resident-k8,29,4,Draskel,chief executive,1,0.0,0.0,41.33689997252077,41.33689997252077,41.33689997252077,0.0,0
reactive-lru-k2,29,5,Seluun,corporate color,0,0.4607000155374408,66.27720000687987,65.81780000124127,66.27850001677871,132.09500000812113,0.0,0
reactive-lru-k3,29,5,Seluun,corporate color,0,0.46010001096874475,72.64089997624978,98.04589999839664,98.50600000936538,170.68679997464642,0.0,0
oracle-k2,29,5,Seluun,corporate color,1,0.0,0.0,111.72750004334375,111.72750004334375,111.72750004334375,9.437184,0
oracle-k3,29,5,Seluun,corporate color,1,0.0,0.0,61.26340001355857,61.26340001355857,61.26340001355857,9.437184,0
topic-k3,29,5,Seluun,corporate color,1,0.0,0.0,44.961399980820715,44.961399980820715,44.961399980820715,9.437184,1
reactive-lru-k1,29,5,Seluun,corporate color,0,0.4458000184968114,65.1380000053905,65.2356999926269,65.68150001112372,130.3736999980174,0.0,0
topic-k2,29,5,Seluun,corporate color,1,0.0,0.0,85.88969998527318,85.88969998527318,85.88969998527318,9.437184,0
all-resident-k8,29,5,Seluun,corporate color,1,0.0,0.0,63.348099996801466,63.348099996801466,63.348099996801466,0.0,0
oracle-k1,29,5,Seluun,corporate color,1,0.0,0.0,39.98509998200461,39.98509998200461,39.98509998200461,9.437184,0
topic-k1,29,5,Seluun,corporate color,0,0.44979999074712396,82.29220000794157,69.98729996848851,70.43709995923564,152.2794999764301,0.0,0
on-demand-k1,29,5,Seluun,corporate color,0,0.811200006864965,47.00999998021871,70.0935999630019,70.90479996986687,117.10359994322062,0.0,0
reactive-lru-k3,29,6,Seluun,archive codename,1,0.0,0.0,85.1805999991484,85.1805999991484,85.1805999991484,0.0,0
oracle-k3,29,6,Seluun,archive codename,1,0.0,0.0,77.11630000267178,77.11630000267178,77.11630000267178,0.0,0
all-resident-k8,29,6,Seluun,archive codename,1,0.0,0.0,47.65469999983907,47.65469999983907,47.65469999983907,0.0,0
oracle-k1,29,6,Seluun,archive codename,1,0.0,0.0,58.850199973676354,58.850199973676354,58.850199973676354,0.0,0
topic-k1,29,6,Seluun,archive codename,1,0.0,0.0,77.55700004054233,77.55700004054233,77.55700004054233,0.0,0
reactive-lru-k2,29,6,Seluun,archive codename,1,0.0,0.0,74.59229999221861,74.59229999221861,74.59229999221861,0.0,0
oracle-k2,29,6,Seluun,archive codename,1,0.0,0.0,49.69890002394095,49.69890002394095,49.69890002394095,0.0,0
topic-k3,29,6,Seluun,archive codename,1,0.0,0.0,82.19789998838678,82.19789998838678,82.19789998838678,8.835072,0
on-demand-k1,29,6,Seluun,archive codename,0,0.8697000448592007,53.58240002533421,39.83050002716482,40.70020007202402,93.41290005249903,0.0,0
reactive-lru-k1,29,6,Seluun,archive codename,1,0.0,0.0,39.082800038158894,39.082800038158894,39.082800038158894,0.0,0
topic-k2,29,6,Seluun,archive codename,1,0.0,0.0,39.43150001578033,39.43150001578033,39.43150001578033,8.835072,0
oracle-k1,29,7,Seluun,research lab city,1,0.0,0.0,46.934899990446866,46.934899990446866,46.934899990446866,0.0,0
topic-k3,29,7,Seluun,research lab city,1,0.0,0.0,44.88090000813827,44.88090000813827,44.88090000813827,0.0,0
reactive-lru-k2,29,7,Seluun,research lab city,1,0.0,0.0,39.818999997805804,39.818999997805804,39.818999997805804,0.0,0
oracle-k3,29,7,Seluun,research lab city,1,0.0,0.0,50.707000016700476,50.707000016700476,50.707000016700476,0.0,0
reactive-lru-k1,29,7,Seluun,research lab city,1,0.0,0.0,46.3791000074707,46.3791000074707,46.3791000074707,0.0,0
on-demand-k1,29,7,Seluun,research lab city,0,0.5191999953240156,80.57509997161105,83.34559999639168,83.8647999917157,163.92069996800274,0.0,0
topic-k2,29,7,Seluun,research lab city,1,0.0,0.0,73.26360000297427,73.26360000297427,73.26360000297427,0.0,0
reactive-lru-k3,29,7,Seluun,research lab city,1,0.0,0.0,41.250300011597574,41.250300011597574,41.250300011597574,0.0,0
all-resident-k8,29,7,Seluun,research lab city,1,0.0,0.0,55.05470000207424,55.05470000207424,55.05470000207424,0.0,0
topic-k1,29,7,Seluun,research lab city,1,0.0,0.0,45.59160000644624,45.59160000644624,45.59160000644624,0.0,0
oracle-k2,29,7,Seluun,research lab city,1,0.0,0.0,53.63260000012815,53.63260000012815,53.63260000012815,0.0,0
topic-k1,29,8,Seluun,primary material,1,0.0,0.0,53.42990002827719,53.42990002827719,53.42990002827719,0.0,0
on-demand-k1,29,8,Seluun,primary material,0,0.450699997600168,105.1932999980636,72.02919997507706,72.47989997267723,177.22249997314066,0.0,0
reactive-lru-k3,29,8,Seluun,primary material,1,0.0,0.0,46.188100008293986,46.188100008293986,46.188100008293986,0.0,0
oracle-k1,29,8,Seluun,primary material,1,0.0,0.0,50.62950000865385,50.62950000865385,50.62950000865385,0.0,0
oracle-k2,29,8,Seluun,primary material,1,0.0,0.0,62.87630001315847,62.87630001315847,62.87630001315847,0.0,0
topic-k2,29,8,Seluun,primary material,1,0.0,0.0,71.40809996053576,71.40809996053576,71.40809996053576,0.0,0
topic-k3,29,8,Seluun,primary material,1,0.0,0.0,60.86709996452555,60.86709996452555,60.86709996452555,0.0,0
reactive-lru-k2,29,8,Seluun,primary material,1,0.0,0.0,59.586399991530925,59.586399991530925,59.586399991530925,0.0,0
oracle-k3,29,8,Seluun,primary material,1,0.0,0.0,44.44630001671612,44.44630001671612,44.44630001671612,0.0,0
reactive-lru-k1,29,8,Seluun,primary material,1,0.0,0.0,75.93099999940023,75.93099999940023,75.93099999940023,0.0,0
all-resident-k8,29,8,Seluun,primary material,1,0.0,0.0,70.42930001625791,70.42930001625791,70.42930001625791,0.0,0
topic-k3,29,9,Seluun,mascot animal,1,0.0,0.0,84.59210000000894,84.59210000000894,84.59210000000894,0.0,0
reactive-lru-k1,29,9,Seluun,mascot animal,1,0.0,0.0,80.69969998905435,80.69969998905435,80.69969998905435,0.0,0
topic-k1,29,9,Seluun,mascot animal,1,0.0,0.0,89.46620003553107,89.46620003553107,89.46620003553107,0.0,0
reactive-lru-k2,29,9,Seluun,mascot animal,1,0.0,0.0,69.82730003073812,69.82730003073812,69.82730003073812,0.0,0
oracle-k1,29,9,Seluun,mascot animal,1,0.0,0.0,45.209000003524125,45.209000003524125,45.209000003524125,0.0,0
oracle-k3,29,9,Seluun,mascot animal,1,0.0,0.0,54.22029999317601,54.22029999317601,54.22029999317601,0.0,0
on-demand-k1,29,9,Seluun,mascot animal,0,0.8694000425748527,85.21599997766316,82.27090002037585,83.1403000629507,167.486899998039,0.0,0
reactive-lru-k3,29,9,Seluun,mascot animal,1,0.0,0.0,96.34659998118877,96.34659998118877,96.34659998118877,0.0,0
topic-k2,29,9,Seluun,mascot animal,1,0.0,0.0,89.77010002126917,89.77010002126917,89.77010002126917,0.0,0
oracle-k2,29,9,Seluun,mascot animal,1,0.0,0.0,75.01159998355433,75.01159998355433,75.01159998355433,0.0,0
all-resident-k8,29,9,Seluun,mascot animal,1,0.0,0.0,54.13950001820922,54.13950001820922,54.13950001820922,0.0,0
topic-k2,29,10,Seluun,motto word,1,0.0,0.0,51.588699978310615,51.588699978310615,51.588699978310615,0.0,0
all-resident-k8,29,10,Seluun,motto word,1,0.0,0.0,68.23370000347495,68.23370000347495,68.23370000347495,0.0,0
oracle-k1,29,10,Seluun,motto word,1,0.0,0.0,112.97040001954883,112.97040001954883,112.97040001954883,0.0,0
oracle-k3,29,10,Seluun,motto word,1,0.0,0.0,41.183400026056916,41.183400026056916,41.183400026056916,0.0,0
topic-k1,29,10,Seluun,motto word,1,0.0,0.0,40.05640000104904,40.05640000104904,40.05640000104904,0.0,0
oracle-k2,29,10,Seluun,motto word,1,0.0,0.0,52.93479998363182,52.93479998363182,52.93479998363182,0.0,0
reactive-lru-k3,29,10,Seluun,motto word,1,0.0,0.0,38.617399986833334,38.617399986833334,38.617399986833334,0.0,0
on-demand-k1,29,10,Seluun,motto word,0,0.7954000029712915,59.14600001415238,39.75729999365285,40.55269999662414,98.90330000780523,0.0,0
reactive-lru-k2,29,10,Seluun,motto word,1,0.0,0.0,51.446400000713766,51.446400000713766,51.446400000713766,0.0,0
topic-k3,29,10,Seluun,motto word,1,0.0,0.0,70.09469997137785,70.09469997137785,70.09469997137785,0.0,0
reactive-lru-k1,29,10,Seluun,motto word,1,0.0,0.0,84.17059999192134,84.17059999192134,84.17059999192134,0.0,0
topic-k3,29,11,Seluun,research lab city,1,0.0,0.0,58.97700000787154,58.97700000787154,58.97700000787154,0.0,0
topic-k2,29,11,Seluun,research lab city,1,0.0,0.0,85.42540000053123,85.42540000053123,85.42540000053123,0.0,0
all-resident-k8,29,11,Seluun,research lab city,1,0.0,0.0,78.48160003777593,78.48160003777593,78.48160003777593,0.0,0
reactive-lru-k1,29,11,Seluun,research lab city,1,0.0,0.0,88.0281999707222,88.0281999707222,88.0281999707222,0.0,0
reactive-lru-k3,29,11,Seluun,research lab city,1,0.0,0.0,66.61310000345111,66.61310000345111,66.61310000345111,0.0,0
on-demand-k1,29,11,Seluun,research lab city,0,0.8756999741308391,107.67800000030547,45.776500017382205,46.652199991513044,153.45450001768768,0.0,0
reactive-lru-k2,29,11,Seluun,research lab city,1,0.0,0.0,78.6665000487119,78.6665000487119,78.6665000487119,0.0,0
oracle-k1,29,11,Seluun,research lab city,1,0.0,0.0,73.25949997175485,73.25949997175485,73.25949997175485,0.0,0
oracle-k3,29,11,Seluun,research lab city,1,0.0,0.0,84.77630000561476,84.77630000561476,84.77630000561476,0.0,0
topic-k1,29,11,Seluun,research lab city,1,0.0,0.0,115.25410000467673,115.25410000467673,115.25410000467673,0.0,0
oracle-k2,29,11,Seluun,research lab city,1,0.0,0.0,87.75850001256913,87.75850001256913,87.75850001256913,0.0,0
topic-k1,30,0,Draskel,lucky number,0,0.8795000030659139,117.79329995624721,61.96409999392927,62.84359999699518,179.75739995017648,0.0,0
topic-k2,30,0,Draskel,lucky number,0,1.6016000299714506,66.74609996844083,63.166000007186085,64.76760003715754,129.91209997562692,0.0,0
all-resident-k8,30,0,Draskel,lucky number,1,0.0,0.0,54.84329996397719,54.84329996397719,54.84329996397719,75.472896,0
reactive-lru-k2,30,0,Draskel,lucky number,0,0.45170000521466136,84.86120001180097,44.99900003429502,45.450700039509684,129.860200046096,0.0,0
oracle-k1,30,0,Draskel,lucky number,1,0.0,0.0,42.648600006941706,42.648600006941706,42.648600006941706,9.609216,0
oracle-k2,30,0,Draskel,lucky number,1,0.0,0.0,118.15359996398911,118.15359996398911,118.15359996398911,9.609216,0
topic-k3,30,0,Draskel,lucky number,0,0.4661999992094934,61.089999973773956,48.62750001484528,49.093700014054775,109.71749998861924,0.0,0
oracle-k3,30,0,Draskel,lucky number,1,0.0,0.0,50.582600000780076,50.582600000780076,50.582600000780076,9.609216,0
reactive-lru-k1,30,0,Draskel,lucky number,0,0.5003999685868621,102.88229997968301,43.161600013263524,43.661999981850386,146.04389999294654,0.0,0
on-demand-k1,30,0,Draskel,lucky number,0,0.48320001224055886,69.94950002990663,63.888899981975555,64.37209999421611,133.8384000118822,0.0,0
reactive-lru-k3,30,0,Draskel,lucky number,0,0.49760000547394156,75.22199995582923,42.35269996570423,42.850299971178174,117.57469992153347,0.0,0
reactive-lru-k2,30,1,Pyrenna,archive codename,0,0.5196999991312623,64.06750000314787,52.46769997756928,52.987399976700544,116.53519998071715,0.0,0
reactive-lru-k1,30,1,Pyrenna,archive codename,0,0.5481999833136797,62.01290001627058,42.3132999567315,42.86149994004518,104.32619997300208,0.0,0
oracle-k1,30,1,Pyrenna,archive codename,1,0.0,0.0,46.76969995489344,46.76969995489344,46.76969995489344,9.510912,0
all-resident-k8,30,1,Pyrenna,archive codename,1,0.0,0.0,41.62679996807128,41.62679996807128,41.62679996807128,0.0,0
topic-k3,30,1,Pyrenna,archive codename,1,0.0,0.0,51.382699981331825,51.382699981331825,51.382699981331825,18.948096,0
on-demand-k1,30,1,Pyrenna,archive codename,0,0.4521000082604587,46.26309999730438,81.24709996627644,81.6991999745369,127.51019996358082,0.0,0
reactive-lru-k3,30,1,Pyrenna,archive codename,0,0.5114000523462892,61.20380002539605,71.04060001438484,71.55200006673113,132.24440003978088,0.0,0
topic-k2,30,1,Pyrenna,archive codename,0,0.4599000094458461,72.85200001206249,97.70530002424493,98.16520003369078,170.55730003630742,9.437184,0
topic-k1,30,1,Pyrenna,archive codename,0,0.5201000021770597,76.79879997158423,51.914500014390796,52.434600016567856,128.71329998597503,0.0,0
oracle-k2,30,1,Pyrenna,archive codename,1,0.0,0.0,63.6481000110507,63.6481000110507,63.6481000110507,9.510912,0
oracle-k3,30,1,Pyrenna,archive codename,1,0.0,0.0,39.42869999445975,39.42869999445975,39.42869999445975,9.510912,0
reactive-lru-k2,30,2,Pyrenna,anthem composer,1,0.0,0.0,59.93490002583712,59.93490002583712,59.93490002583712,0.0,0
all-resident-k8,30,2,Pyrenna,anthem composer,1,0.0,0.0,63.84990003425628,63.84990003425628,63.84990003425628,0.0,0
reactive-lru-k3,30,2,Pyrenna,anthem composer,1,0.0,0.0,59.04600000940263,59.04600000940263,59.04600000940263,0.0,0
oracle-k2,30,2,Pyrenna,anthem composer,1,0.0,0.0,39.607200014870614,39.607200014870614,39.607200014870614,0.0,0
oracle-k1,30,2,Pyrenna,anthem composer,1,0.0,0.0,51.43179994774982,51.43179994774982,51.43179994774982,0.0,0
topic-k2,30,2,Pyrenna,anthem composer,1,0.0,0.0,39.81459996430203,39.81459996430203,39.81459996430203,9.609216,1
reactive-lru-k1,30,2,Pyrenna,anthem composer,1,0.0,0.0,50.415400008205324,50.415400008205324,50.415400008205324,0.0,0
topic-k3,30,2,Pyrenna,anthem composer,1,0.0,0.0,62.61699995957315,62.61699995957315,62.61699995957315,8.761344,1
on-demand-k1,30,2,Pyrenna,anthem composer,0,0.5100000416859984,57.511899969540536,113.2977000088431,113.80770005052909,170.80959997838363,0.0,0
oracle-k3,30,2,Pyrenna,anthem composer,1,0.0,0.0,49.23649999545887,49.23649999545887,49.23649999545887,0.0,0
topic-k1,30,2,Pyrenna,anthem composer,1,0.0,0.0,48.129100003279746,48.129100003279746,48.129100003279746,0.0,0
oracle-k3,30,3,Ilmeth,chief executive,1,0.0,0.0,76.62669999990612,76.62669999990612,76.62669999990612,8.761344,0
topic-k3,30,3,Ilmeth,chief executive,1,0.0,0.0,42.842599970754236,42.842599970754236,42.842599970754236,0.0,0
oracle-k1,30,3,Ilmeth,chief executive,1,0.0,0.0,80.76959999743849,80.76959999743849,80.76959999743849,8.761344,0
reactive-lru-k2,30,3,Ilmeth,chief executive,0,0.8150999783538282,89.99629999743775,56.09979998553172,56.914899963885546,146.09609998296946,0.0,0
oracle-k2,30,3,Ilmeth,chief executive,1,0.0,0.0,59.31270000291988,59.31270000291988,59.31270000291988,8.761344,0
all-resident-k8,30,3,Ilmeth,chief executive,1,0.0,0.0,39.648599980864674,39.648599980864674,39.648599980864674,0.0,0
reactive-lru-k3,30,3,Ilmeth,chief executive,0,0.7387999794445932,55.72050000773743,39.42960000131279,40.168399980757385,95.15010000905022,0.0,0
reactive-lru-k1,30,3,Ilmeth,chief executive,0,0.7353999535553157,46.52370000258088,40.40769999846816,41.143099952023476,86.93140000104904,0.0,0
on-demand-k1,30,3,Ilmeth,chief executive,0,0.7654000073671341,57.34860000666231,61.870899982750416,62.63629999011755,119.21949998941272,0.0,0
topic-k2,30,3,Ilmeth,chief executive,0,0.43079996248707175,57.814600004348904,85.33900004113093,85.769800003618,143.15360004547983,0.0,1
topic-k1,30,3,Ilmeth,chief executive,0,0.4284000024199486,75.19020000472665,64.8588000331074,65.28720003552735,140.04900003783405,0.0,0
reactive-lru-k3,30,4,Ilmeth,signature dish,1,0.0,0.0,58.214500022586435,58.214500022586435,58.214500022586435,0.0,0
all-resident-k8,30,4,Ilmeth,signature dish,1,0.0,0.0,68.8040999812074,68.8040999812074,68.8040999812074,0.0,0
topic-k2,30,4,Ilmeth,signature dish,1,0.0,0.0,75.05380001384765,75.05380001384765,75.05380001384765,9.609216,0
oracle-k3,30,4,Ilmeth,signature dish,1,0.0,0.0,72.39000004483387,72.39000004483387,72.39000004483387,0.0,0
reactive-lru-k2,30,4,Ilmeth,signature dish,1,0.0,0.0,41.19319998426363,41.19319998426363,41.19319998426363,0.0,0
topic-k3,30,4,Ilmeth,signature dish,1,0.0,0.0,60.087200021371245,60.087200021371245,60.087200021371245,9.474048,0
on-demand-k1,30,4,Ilmeth,signature dish,0,0.4322000313550234,76.12350000999868,60.630799969658256,61.06300000101328,136.75429997965693,0.0,0
topic-k1,30,4,Ilmeth,signature dish,1,0.0,0.0,75.3031000494957,75.3031000494957,75.3031000494957,0.0,0
reactive-lru-k1,30,4,Ilmeth,signature dish,1,0.0,0.0,101.2526000267826,101.2526000267826,101.2526000267826,0.0,0
oracle-k1,30,4,Ilmeth,signature dish,1,0.0,0.0,70.94400003552437,70.94400003552437,70.94400003552437,0.0,0
oracle-k2,30,4,Ilmeth,signature dish,1,0.0,0.0,68.77730000996962,68.77730000996962,68.77730000996962,0.0,0
reactive-lru-k3,30,5,Toskarel,headquarters city,0,0.48749998677521944,47.1220999606885,72.52320001134649,73.01069999812171,119.64529997203499,0.0,0
reactive-lru-k2,30,5,Toskarel,headquarters city,0,0.5151000223122537,110.70999997900799,51.1005999869667,51.61570000927895,161.8105999659747,0.0,0
topic-k2,30,5,Toskarel,headquarters city,0,0.5445000133477151,86.96600003167987,52.06899996846914,52.61349998181686,139.035000000149,0.0,1
topic-k1,30,5,Toskarel,headquarters city,0,0.45600003795698285,45.41699995752424,47.325999999884516,47.7820000378415,92.74299995740876,0.0,0
all-resident-k8,30,5,Toskarel,headquarters city,1,0.0,0.0,40.236799977719784,40.236799977719784,40.236799977719784,0.0,0
on-demand-k1,30,5,Toskarel,headquarters city,0,0.44979999074712396,44.95519999181852,45.109600003343076,45.5593999940902,90.0647999951616,0.0,0
oracle-k1,30,5,Toskarel,headquarters city,1,0.0,0.0,44.71019998891279,44.71019998891279,44.71019998891279,9.474048,0
reactive-lru-k1,30,5,Toskarel,headquarters city,0,0.4566999850794673,47.15380002744496,51.292299991473556,51.74899997655302,98.44610001891851,0.0,0
topic-k3,30,5,Toskarel,headquarters city,1,0.0,0.0,73.59639997594059,73.59639997594059,73.59639997594059,0.0,0
oracle-k3,30,5,Toskarel,headquarters city,1,0.0,0.0,65.87169994600117,65.87169994600117,65.87169994600117,9.474048,0
oracle-k2,30,5,Toskarel,headquarters city,1,0.0,0.0,71.97410002117977,71.97410002117977,71.97410002117977,9.474048,0
topic-k3,30,6,Toskarel,founding river,1,0.0,0.0,41.6823000414297,41.6823000414297,41.6823000414297,19.820543999999998,0
reactive-lru-k1,30,6,Toskarel,founding river,1,0.0,0.0,38.42820000136271,38.42820000136271,38.42820000136271,0.0,0
oracle-k3,30,6,Toskarel,founding river,1,0.0,0.0,57.045599969569594,57.045599969569594,57.045599969569594,0.0,0
topic-k1,30,6,Toskarel,founding river,1,0.0,0.0,43.60840003937483,43.60840003937483,43.60840003937483,0.0,0
all-resident-k8,30,6,Toskarel,founding river,1,0.0,0.0,53.1421999912709,53.1421999912709,53.1421999912709,0.0,0
reactive-lru-k2,30,6,Toskarel,founding river,1,0.0,0.0,41.1980000208132,41.1980000208132,41.1980000208132,0.0,0
reactive-lru-k3,30,6,Toskarel,founding river,1,0.0,0.0,51.47559999022633,51.47559999022633,51.47559999022633,0.0,0
oracle-k2,30,6,Toskarel,founding river,1,0.0,0.0,42.26869996637106,42.26869996637106,42.26869996637106,0.0,0
on-demand-k1,30,6,Toskarel,founding river,0,0.48509996850043535,64.0770000172779,39.688499993644655,40.17359996214509,103.76550001092255,0.0,0
topic-k2,30,6,Toskarel,founding river,1,0.0,0.0,56.3753999886103,56.3753999886103,56.3753999886103,9.510912,0
oracle-k1,30,6,Toskarel,founding river,1,0.0,0.0,63.63059999421239,63.63059999421239,63.63059999421239,0.0,0
reactive-lru-k1,30,7,Toskarel,primary material,1,0.0,0.0,53.821299981791526,53.821299981791526,53.821299981791526,0.0,0
oracle-k1,30,7,Toskarel,primary material,1,0.0,0.0,56.2328000087291,56.2328000087291,56.2328000087291,0.0,0
reactive-lru-k2,30,7,Toskarel,primary material,1,0.0,0.0,49.54789998009801,49.54789998009801,49.54789998009801,0.0,0
on-demand-k1,30,7,Toskarel,primary material,0,0.6238000351004303,67.7055999985896,65.24730002274737,65.8711000578478,132.95290002133697,0.0,0
topic-k3,30,7,Toskarel,primary material,1,0.0,0.0,40.10749998269603,40.10749998269603,40.10749998269603,0.0,0
topic-k2,30,7,Toskarel,primary material,1,0.0,0.0,78.29519995721057,78.29519995721057,78.29519995721057,0.0,0
reactive-lru-k3,30,7,Toskarel,primary material,1,0.0,0.0,61.088900023605675,61.088900023605675,61.088900023605675,0.0,0
oracle-k2,30,7,Toskarel,primary material,1,0.0,0.0,64.28330001654103,64.28330001654103,64.28330001654103,0.0,0
oracle-k3,30,7,Toskarel,primary material,1,0.0,0.0,61.6998000186868,61.6998000186868,61.6998000186868,0.0,0
topic-k1,30,7,Toskarel,primary material,1,0.0,0.0,64.59570000879467,64.59570000879467,64.59570000879467,0.0,0
all-resident-k8,30,7,Toskarel,primary material,1,0.0,0.0,82.57819997379556,82.57819997379556,82.57819997379556,0.0,0
topic-k2,30,8,Pyrenna,anthem composer,1,0.0,0.0,60.01400004606694,60.01400004606694,60.01400004606694,0.0,0
topic-k1,30,8,Pyrenna,anthem composer,0,0.8668000227771699,68.92400002107024,79.51770001091063,80.3845000336878,148.44170003198087,0.0,0
reactive-lru-k3,30,8,Pyrenna,anthem composer,1,0.0,0.0,56.428999989293516,56.428999989293516,56.428999989293516,0.0,0
oracle-k1,30,8,Pyrenna,anthem composer,1,0.0,0.0,92.34420000575483,92.34420000575483,92.34420000575483,9.510912,0
oracle-k2,30,8,Pyrenna,anthem composer,1,0.0,0.0,106.00839997641742,106.00839997641742,106.00839997641742,9.510912,0
on-demand-k1,30,8,Pyrenna,anthem composer,0,0.805300020147115,59.25039999419823,44.39019999699667,45.195500017143786,103.6405999911949,0.0,0
reactive-lru-k1,30,8,Pyrenna,anthem composer,0,0.8054000209085643,50.34400004660711,54.63389999931678,55.439300020225346,104.97790004592389,0.0,0
topic-k3,30,8,Pyrenna,anthem composer,1,0.0,0.0,41.507999994792044,41.507999994792044,41.507999994792044,0.0,0
oracle-k3,30,8,Pyrenna,anthem composer,1,0.0,0.0,76.11080002970994,76.11080002970994,76.11080002970994,9.510912,0
all-resident-k8,30,8,Pyrenna,anthem composer,1,0.0,0.0,74.53490002080798,74.53490002080798,74.53490002080798,0.0,0
reactive-lru-k2,30,8,Pyrenna,anthem composer,0,0.8325999951921403,60.07619999581948,57.51930002588779,58.35190002107993,117.59550002170727,0.0,0
oracle-k1,30,9,Pyrenna,primary material,1,0.0,0.0,43.30399999162182,43.30399999162182,43.30399999162182,0.0,0
oracle-k3,30,9,Pyrenna,primary material,1,0.0,0.0,53.97959996480495,53.97959996480495,53.97959996480495,0.0,0
on-demand-k1,30,9,Pyrenna,primary material,0,0.8851999882608652,62.175000028219074,39.52300001401454,40.40820000227541,101.69800004223362,0.0,0
reactive-lru-k2,30,9,Pyrenna,primary material,1,0.0,0.0,65.93909999355674,65.93909999355674,65.93909999355674,0.0,0
topic-k1,30,9,Pyrenna,primary material,1,0.0,0.0,47.92819998692721,47.92819998692721,47.92819998692721,0.0,0
topic-k2,30,9,Pyrenna,primary material,1,0.0,0.0,51.533800025936216,51.533800025936216,51.533800025936216,9.609216,0
reactive-lru-k3,30,9,Pyrenna,primary material,1,0.0,0.0,74.51730000320822,74.51730000320822,74.51730000320822,0.0,0
oracle-k2,30,9,Pyrenna,primary material,1,0.0,0.0,54.473600001074374,54.473600001074374,54.473600001074374,0.0,0
all-resident-k8,30,9,Pyrenna,primary material,1,0.0,0.0,71.05379999848083,71.05379999848083,71.05379999848083,0.0,0
topic-k3,30,9,Pyrenna,primary material,1,0.0,0.0,50.60760001651943,50.60760001651943,50.60760001651943,18.370559999999998,1
reactive-lru-k1,30,9,Pyrenna,primary material,1,0.0,0.0,44.99159997794777,44.99159997794777,44.99159997794777,0.0,0
reactive-lru-k1,30,10,Pyrenna,chief engineer,1,0.0,0.0,62.80700000934303,62.80700000934303,62.80700000934303,0.0,0
topic-k3,30,10,Pyrenna,chief engineer,1,0.0,0.0,40.60080001363531,40.60080001363531,40.60080001363531,0.0,0
topic-k2,30,10,Pyrenna,chief engineer,1,0.0,0.0,77.27670000167564,77.27670000167564,77.27670000167564,0.0,0
on-demand-k1,30,10,Pyrenna,chief engineer,0,0.8528000325895846,63.82460001623258,41.2602000287734,42.11300006136298,105.08480004500598,0.0,0
reactive-lru-k3,30,10,Pyrenna,chief engineer,1,0.0,0.0,41.243999963626266,41.243999963626266,41.243999963626266,0.0,0
oracle-k2,30,10,Pyrenna,chief engineer,1,0.0,0.0,46.79350001970306,46.79350001970306,46.79350001970306,0.0,0
oracle-k1,30,10,Pyrenna,chief engineer,1,0.0,0.0,61.08169996878132,61.08169996878132,61.08169996878132,0.0,0
oracle-k3,30,10,Pyrenna,chief engineer,1,0.0,0.0,66.7022000416182,66.7022000416182,66.7022000416182,0.0,0
topic-k1,30,10,Pyrenna,chief engineer,1,0.0,0.0,72.3415000247769,72.3415000247769,72.3415000247769,0.0,0
reactive-lru-k2,30,10,Pyrenna,chief engineer,1,0.0,0.0,73.73639999423176,73.73639999423176,73.73639999423176,0.0,0
all-resident-k8,30,10,Pyrenna,chief engineer,1,0.0,0.0,67.17580003896728,67.17580003896728,67.17580003896728,0.0,0
on-demand-k1,30,11,Pyrenna,signature dish,0,0.8320999913848937,53.93000005278736,60.02529995748773,60.857399948872626,113.9553000102751,0.0,0
all-resident-k8,30,11,Pyrenna,signature dish,1,0.0,0.0,39.66680000303313,39.66680000303313,39.66680000303313,0.0,0
topic-k2,30,11,Pyrenna,signature dish,1,0.0,0.0,44.5672000059858,44.5672000059858,44.5672000059858,0.0,0
reactive-lru-k1,30,11,Pyrenna,signature dish,1,0.0,0.0,81.58300002105534,81.58300002105534,81.58300002105534,0.0,0
reactive-lru-k3,30,11,Pyrenna,signature dish,1,0.0,0.0,83.7401999742724,83.7401999742724,83.7401999742724,0.0,0
topic-k3,30,11,Pyrenna,signature dish,1,0.0,0.0,66.42630003625527,66.42630003625527,66.42630003625527,0.0,0
topic-k1,30,11,Pyrenna,signature dish,1,0.0,0.0,57.23430000944063,57.23430000944063,57.23430000944063,0.0,0
oracle-k1,30,11,Pyrenna,signature dish,1,0.0,0.0,58.77789994701743,58.77789994701743,58.77789994701743,0.0,0
reactive-lru-k2,30,11,Pyrenna,signature dish,1,0.0,0.0,45.86150002432987,45.86150002432987,45.86150002432987,0.0,0
oracle-k3,30,11,Pyrenna,signature dish,1,0.0,0.0,46.51539999758825,46.51539999758825,46.51539999758825,0.0,0
oracle-k2,30,11,Pyrenna,signature dish,1,0.0,0.0,60.71950000477955,60.71950000477955,60.71950000477955,0.0,0
oracle-k3,31,0,Bramwick,board chair,1,0.0,0.0,68.25399998342618,68.25399998342618,68.25399998342618,8.835072,0
oracle-k1,31,0,Bramwick,board chair,1,0.0,0.0,66.32049998734146,66.32049998734146,66.32049998734146,8.835072,0
oracle-k2,31,0,Bramwick,board chair,1,0.0,0.0,50.88080000132322,50.88080000132322,50.88080000132322,8.835072,0
reactive-lru-k1,31,0,Bramwick,board chair,0,0.7442999631166458,79.00800002971664,69.96990001061931,70.71419997373596,148.97790004033595,0.0,0
topic-k2,31,0,Bramwick,board chair,0,0.7574999472126365,74.3472000467591,67.65489996178076,68.4123999089934,142.00210000853986,0.0,0
topic-k3,31,0,Bramwick,board chair,0,0.7525000255554914,51.26669997116551,48.58930001500994,49.34180004056543,99.85599998617545,0.0,0
reactive-lru-k3,31,0,Bramwick,board chair,0,0.8039000094868243,61.025100003462285,48.27630001818761,49.08020002767444,109.3014000216499,0.0,0
topic-k1,31,0,Bramwick,board chair,0,0.45460002729669213,60.23800000548363,80.00389998778701,80.4585000150837,140.24189999327064,0.0,0
reactive-lru-k2,31,0,Bramwick,board chair,0,0.4791999817825854,81.7803000099957,67.72360001923516,68.20280000101775,149.50390002923086,0.0,0
on-demand-k1,31,0,Bramwick,board chair,0,0.44440000783652067,50.86370004573837,112.25180001929402,112.69620002713054,163.1155000650324,0.0,0
all-resident-k8,31,0,Bramwick,board chair,1,0.0,0.0,77.98669999465346,77.98669999465346,77.98669999465346,75.472896,0
reactive-lru-k1,31,1,Quorvane,founding river,0,0.4797999863512814,58.14290000125766,43.21529995650053,43.69509994285181,101.35819995775819,0.0,0
all-resident-k8,31,1,Quorvane,founding river,1,0.0,0.0,41.62870004074648,41.62870004074648,41.62870004074648,0.0,0
topic-k1,31,1,Quorvane,founding river,0,0.49379997653886676,71.05349999619648,53.387599997222424,53.88139997376129,124.4410999934189,0.0,0
reactive-lru-k2,31,1,Quorvane,founding river,0,0.5298000178299844,49.66719995718449,53.48880001110956,54.018600028939545,103.15599996829405,0.0,0
oracle-k3,31,1,Quorvane,founding river,1,0.0,0.0,40.070499991998076,40.070499991998076,40.070499991998076,10.309632,0
on-demand-k1,31,1,Quorvane,founding river,0,0.4800999886356294,45.36129999905825,69.76990000111982,70.24999998975545,115.13120000017807,0.0,0
reactive-lru-k3,31,1,Quorvane,founding river,0,0.49940001918002963,48.9028999581933,45.23640003753826,45.73580005671829,94.13929999573156,0.0,0
topic-k2,31,1,Quorvane,founding river,0,0.4591000033542514,61.62150000454858,51.289400027599186,51.74850003095344,112.91090003214777,9.474048,0
topic-k3,31,1,Quorvane,founding river,1,0.0,0.0,85.6820999761112,85.6820999761112,85.6820999761112,19.78368,0
oracle-k2,31,1,Quorvane,founding river,1,0.0,0.0,69.2820000112988,69.2820000112988,69.2820000112988,10.309632,0
oracle-k1,31,1,Quorvane,founding river,1,0.0,0.0,68.39299999410287,68.39299999410287,68.39299999410287,10.309632,0
topic-k1,31,2,Quorvane,signature dish,1,0.0,0.0,56.690100056584924,56.690100056584924,56.690100056584924,0.0,0
oracle-k1,31,2,Quorvane,signature dish,1,0.0,0.0,39.19709997717291,39.19709997717291,39.19709997717291,0.0,0
reactive-lru-k1,31,2,Quorvane,signature dish,1,0.0,0.0,39.142999972682446,39.142999972682446,39.142999972682446,0.0,0
oracle-k2,31,2,Quorvane,signature dish,1,0.0,0.0,58.63280000630766,58.63280000630766,58.63280000630766,0.0,0
on-demand-k1,31,2,Quorvane,signature dish,0,0.5016999784857035,72.6334000355564,62.52390000736341,63.02559998584911,135.15730004291981,0.0,0
oracle-k3,31,2,Quorvane,signature dish,1,0.0,0.0,45.225400011986494,45.225400011986494,45.225400011986494,0.0,0
topic-k3,31,2,Quorvane,signature dish,1,0.0,0.0,78.88510002521798,78.88510002521798,78.88510002521798,18.972672000000003,1
reactive-lru-k3,31,2,Quorvane,signature dish,1,0.0,0.0,59.24309999682009,59.24309999682009,59.24309999682009,0.0,0
reactive-lru-k2,31,2,Quorvane,signature dish,1,0.0,0.0,40.54590000305325,40.54590000305325,40.54590000305325,0.0,0
topic-k2,31,2,Quorvane,signature dish,1,0.0,0.0,61.30269996356219,61.30269996356219,61.30269996356219,9.437184,1
all-resident-k8,31,2,Quorvane,signature dish,1,0.0,0.0,95.83309997105971,95.83309997105971,95.83309997105971,0.0,0
on-demand-k1,31,3,Quorvane,employee count,0,0.5027000443078578,102.62590000638738,39.845400024205446,40.348100068513304,142.47130003059283,0.0,0
reactive-lru-k1,31,3,Quorvane,employee count,1,0.0,0.0,50.753099960274994,50.753099960274994,50.753099960274994,0.0,0
oracle-k2,31,3,Quorvane,employee count,1,0.0,0.0,45.51239998545498,45.51239998545498,45.51239998545498,0.0,0
reactive-lru-k2,31,3,Quorvane,employee count,1,0.0,0.0,84.12270003464073,84.12270003464073,84.12270003464073,0.0,0
oracle-k3,31,3,Quorvane,employee count,1,0.0,0.0,113.24999999487773,113.24999999487773,113.24999999487773,0.0,0
oracle-k1,31,3,Quorvane,employee count,1,0.0,0.0,88.87209999375045,88.87209999375045,88.87209999375045,0.0,0
topic-k2,31,3,Quorvane,employee count,1,0.0,0.0,76.86829997692257,76.86829997692257,76.86829997692257,0.0,0
topic-k3,31,3,Quorvane,employee count,1,0.0,0.0,60.8801000053063,60.8801000053063,60.8801000053063,0.0,0
all-resident-k8,31,3,Quorvane,employee count,1,0.0,0.0,55.41979998815805,55.41979998815805,55.41979998815805,0.0,0
topic-k1,31,3,Quorvane,employee count,1,0.0,0.0,44.5235000224784,44.5235000224784,44.5235000224784,0.0,0
reactive-lru-k3,31,3,Quorvane,employee count,1,0.0,0.0,51.739599963184446,51.739599963184446,51.739599963184446,0.0,0
all-resident-k8,31,4,Quorvane,corporate color,1,0.0,0.0,75.52099996246397,75.52099996246397,75.52099996246397,0.0,0
on-demand-k1,31,4,Quorvane,corporate color,0,0.9412000072188675,89.62980000069365,41.26089997589588,42.20209998311475,130.89069997658953,0.0,0
topic-k3,31,4,Quorvane,corporate color,1,0.0,0.0,58.04780003381893,58.04780003381893,58.04780003381893,0.0,0
reactive-lru-k2,31,4,Quorvane,corporate color,1,0.0,0.0,43.159900000318885,43.159900000318885,43.159900000318885,0.0,0
reactive-lru-k1,31,4,Quorvane,corporate color,1,0.0,0.0,65.12179999845102,65.12179999845102,65.12179999845102,0.0,0
oracle-k3,31,4,Quorvane,corporate color,1,0.0,0.0,68.56480002170429,68.56480002170429,68.56480002170429,0.0,0
oracle-k2,31,4,Quorvane,corporate color,1,0.0,0.0,52.71010001888499,52.71010001888499,52.71010001888499,0.0,0
topic-k1,31,4,Quorvane,corporate color,1,0.0,0.0,43.44529996160418,43.44529996160418,43.44529996160418,0.0,0
reactive-lru-k3,31,4,Quorvane,corporate color,1,0.0,0.0,43.20399998687208,43.20399998687208,43.20399998687208,0.0,0
topic-k2,31,4,Quorvane,corporate color,1,0.0,0.0,69.04169998597354,69.04169998597354,69.04169998597354,0.0,0
oracle-k1,31,4,Quorvane,corporate color,1,0.0,0.0,79.31150001240894,79.31150001240894,79.31150001240894,0.0,0
oracle-k3,31,5,Quorvane,founding year,1,0.0,0.0,51.96140002226457,51.96140002226457,51.96140002226457,0.0,0
oracle-k1,31,5,Quorvane,founding year,1,0.0,0.0,41.691599995829165,41.691599995829165,41.691599995829165,0.0,0
topic-k1,31,5,Quorvane,founding year,1,0.0,0.0,41.944800002966076,41.944800002966076,41.944800002966076,0.0,0
topic-k2,31,5,Quorvane,founding year,1,0.0,0.0,61.6435999982059,61.6435999982059,61.6435999982059,0.0,0
reactive-lru-k2,31,5,Quorvane,founding year,1,0.0,0.0,98.0435999808833,98.0435999808833,98.0435999808833,0.0,0
reactive-lru-k1,31,5,Quorvane,founding year,1,0.0,0.0,85.6276000267826,85.6276000267826,85.6276000267826,0.0,0
reactive-lru-k3,31,5,Quorvane,founding year,1,0.0,0.0,66.16999994730577,66.16999994730577,66.16999994730577,0.0,0
topic-k3,31,5,Quorvane,founding year,1,0.0,0.0,39.159299980383366,39.159299980383366,39.159299980383366,0.0,0
oracle-k2,31,5,Quorvane,founding year,1,0.0,0.0,39.3663999857381,39.3663999857381,39.3663999857381,0.0,0
on-demand-k1,31,5,Quorvane,founding year,0,0.8598999702371657,72.2183000179939,62.58580001303926,63.44569998327643,134.80410003103316,0.0,0
all-resident-k8,31,5,Quorvane,founding year,1,0.0,0.0,64.03749994933605,64.03749994933605,64.03749994933605,0.0,0
oracle-k2,31,6,Veltrax,research lab city,1,0.0,0.0,41.82230000151321,41.82230000151321,41.82230000151321,9.535488,0
topic-k3,31,6,Veltrax,research lab city,1,0.0,0.0,52.65009996946901,52.65009996946901,52.65009996946901,0.0,0
reactive-lru-k2,31,6,Veltrax,research lab city,0,0.8259000023826957,70.7160999882035,55.90869998559356,56.73459998797625,126.62479997379705,0.0,0
topic-k1,31,6,Veltrax,research lab city,0,0.8274000138044357,50.662600027862936,92.62980002677068,93.45720004057512,143.29240005463362,0.0,0
oracle-k1,31,6,Veltrax,research lab city,1,0.0,0.0,59.51619998086244,59.51619998086244,59.51619998086244,9.535488,0
reactive-lru-k3,31,6,Veltrax,research lab city,0,0.4959999932907522,51.31229996914044,40.223199990577996,40.71919998386875,91.53549995971844,0.0,0
oracle-k3,31,6,Veltrax,research lab city,1,0.0,0.0,46.432600007392466,46.432600007392466,46.432600007392466,9.535488,0
reactive-lru-k1,31,6,Veltrax,research lab city,0,0.5013999762013555,60.62619999283925,58.685399999376386,59.18679997557774,119.31159999221563,0.0,0
topic-k2,31,6,Veltrax,research lab city,0,0.4668000037781894,64.12499997531995,66.24269997701049,66.70949998078868,130.36769995233044,0.0,1
on-demand-k1,31,6,Veltrax,research lab city,0,0.45779999345541,67.97649996588007,80.1911000162363,80.64890000969172,148.16759998211637,0.0,0
all-resident-k8,31,6,Veltrax,research lab city,1,0.0,0.0,86.73330000601709,86.73330000601709,86.73330000601709,0.0,0
oracle-k3,31,7,Veltrax,primary material,1,0.0,0.0,74.63760004611686,74.63760004611686,74.63760004611686,0.0,0
topic-k1,31,7,Veltrax,primary material,1,0.0,0.0,41.001299978233874,41.001299978233874,41.001299978233874,0.0,0
reactive-lru-k2,31,7,Veltrax,primary material,1,0.0,0.0,40.137299976777285,40.137299976777285,40.137299976777285,0.0,0
oracle-k1,31,7,Veltrax,primary material,1,0.0,0.0,40.987899992614985,40.987899992614985,40.987899992614985,0.0,0
oracle-k2,31,7,Veltrax,primary material,1,0.0,0.0,51.310300012119114,51.310300012119114,51.310300012119114,0.0,0
all-resident-k8,31,7,Veltrax,primary material,1,0.0,0.0,97.76130004320294,97.76130004320294,97.76130004320294,0.0,0
on-demand-k1,31,7,Veltrax,primary material,0,0.5264999927021563,107.08420001901686,58.27030004002154,58.796800032723695,165.3545000590384,0.0,0
reactive-lru-k1,31,7,Veltrax,primary material,1,0.0,0.0,47.4767999839969,47.4767999839969,47.4767999839969,0.0,0
topic-k2,31,7,Veltrax,primary material,1,0.0,0.0,51.058200013358146,51.058200013358146,51.058200013358146,9.510912,0
reactive-lru-k3,31,7,Veltrax,primary material,1,0.0,0.0,46.05000000447035,46.05000000447035,46.05000000447035,0.0,0
topic-k3,31,7,Veltrax,primary material,1,0.0,0.0,41.447099996730685,41.447099996730685,41.447099996730685,9.510912,1
topic-k2,31,8,Veltrax,chief executive,1,0.0,0.0,66.8135000159964,66.8135000159964,66.8135000159964,0.0,0
oracle-k1,31,8,Veltrax,chief executive,1,0.0,0.0,59.01660001836717,59.01660001836717,59.01660001836717,0.0,0
all-resident-k8,31,8,Veltrax,chief executive,1,0.0,0.0,56.20929994620383,56.20929994620383,56.20929994620383,0.0,0
oracle-k2,31,8,Veltrax,chief executive,1,0.0,0.0,74.82169999275357,74.82169999275357,74.82169999275357,0.0,0
topic-k3,31,8,Veltrax,chief executive,1,0.0,0.0,70.94669999787584,70.94669999787584,70.94669999787584,0.0,0
reactive-lru-k2,31,8,Veltrax,chief executive,1,0.0,0.0,46.748300024773926,46.748300024773926,46.748300024773926,0.0,0
reactive-lru-k3,31,8,Veltrax,chief executive,1,0.0,0.0,43.95889997249469,43.95889997249469,43.95889997249469,0.0,0
reactive-lru-k1,31,8,Veltrax,chief executive,1,0.0,0.0,46.951299998909235,46.951299998909235,46.951299998909235,0.0,0
topic-k1,31,8,Veltrax,chief executive,1,0.0,0.0,81.89989998936653,81.89989998936653,81.89989998936653,0.0,0
oracle-k3,31,8,Veltrax,chief executive,1,0.0,0.0,41.85239999787882,41.85239999787882,41.85239999787882,0.0,0
on-demand-k1,31,8,Veltrax,chief executive,0,0.47149998135864735,47.72570001659915,47.07839997718111,47.549899958539754,94.80409999378026,0.0,0
topic-k1,31,9,Veltrax,annual revenue,1,0.0,0.0,58.924100012518466,58.924100012518466,58.924100012518466,0.0,0
oracle-k1,31,9,Veltrax,annual revenue,1,0.0,0.0,60.95649994676933,60.95649994676933,60.95649994676933,0.0,0
on-demand-k1,31,9,Veltrax,annual revenue,0,1.140400010626763,96.96260001510382,40.79619998810813,41.93659999873489,137.75880000321195,0.0,0
all-resident-k8,31,9,Veltrax,annual revenue,1,0.0,0.0,59.56629995489493,59.56629995489493,59.56629995489493,0.0,0
reactive-lru-k3,31,9,Veltrax,annual revenue,1,0.0,0.0,52.579999959561974,52.579999959561974,52.579999959561974,0.0,0
topic-k3,31,9,Veltrax,annual revenue,1,0.0,0.0,52.99230001401156,52.99230001401156,52.99230001401156,0.0,0
reactive-lru-k2,31,9,Veltrax,annual revenue,1,0.0,0.0,50.09590002009645,50.09590002009645,50.09590002009645,0.0,0
oracle-k2,31,9,Veltrax,annual revenue,1,0.0,0.0,40.03749997355044,40.03749997355044,40.03749997355044,0.0,0
oracle-k3,31,9,Veltrax,annual revenue,1,0.0,0.0,42.92520001763478,42.92520001763478,42.92520001763478,0.0,0
topic-k2,31,9,Veltrax,annual revenue,1,0.0,0.0,39.25109998090193,39.25109998090193,39.25109998090193,0.0,0
reactive-lru-k1,31,9,Veltrax,annual revenue,1,0.0,0.0,43.67059998912737,43.67059998912737,43.67059998912737,0.0,0
topic-k3,31,10,Veltrax,stock ticker,1,0.0,0.0,39.67399999964982,39.67399999964982,39.67399999964982,0.0,0
topic-k1,31,10,Veltrax,stock ticker,1,0.0,0.0,61.98909995146096,61.98909995146096,61.98909995146096,0.0,0
topic-k2,31,10,Veltrax,stock ticker,1,0.0,0.0,67.88450002204627,67.88450002204627,67.88450002204627,0.0,0
oracle-k3,31,10,Veltrax,stock ticker,1,0.0,0.0,78.77550000557676,78.77550000557676,78.77550000557676,0.0,0
on-demand-k1,31,10,Veltrax,stock ticker,0,0.8391999872401357,62.84329999471083,59.64750004932284,60.48670003656298,122.49080004403368,0.0,0
reactive-lru-k1,31,10,Veltrax,stock ticker,1,0.0,0.0,50.581399991642684,50.581399991642684,50.581399991642684,0.0,0
oracle-k1,31,10,Veltrax,stock ticker,1,0.0,0.0,57.2000999818556,57.2000999818556,57.2000999818556,0.0,0
oracle-k2,31,10,Veltrax,stock ticker,1,0.0,0.0,57.73970001609996,57.73970001609996,57.73970001609996,0.0,0
all-resident-k8,31,10,Veltrax,stock ticker,1,0.0,0.0,61.39200000325218,61.39200000325218,61.39200000325218,0.0,0
reactive-lru-k3,31,10,Veltrax,stock ticker,1,0.0,0.0,48.687800008337945,48.687800008337945,48.687800008337945,0.0,0
reactive-lru-k2,31,10,Veltrax,stock ticker,1,0.0,0.0,60.755500046070665,60.755500046070665,60.755500046070665,0.0,0
oracle-k2,31,11,Quorvane,lucky number,1,0.0,0.0,44.72070001065731,44.72070001065731,44.72070001065731,10.309632,0
topic-k2,31,11,Quorvane,lucky number,0,0.8802000083960593,69.10319998860359,65.87409996427596,66.75429997267202,134.97729995287955,0.0,1
oracle-k1,31,11,Quorvane,lucky number,1,0.0,0.0,64.39120002323762,64.39120002323762,64.39120002323762,10.309632,0
reactive-lru-k1,31,11,Quorvane,lucky number,0,0.9364999714307487,67.69489997532219,97.62720001162961,98.56369998306036,165.3220999869518,0.0,0
on-demand-k1,31,11,Quorvane,lucky number,0,0.964100006967783,66.78550003562123,45.18909996841103,46.15319997537881,111.97460000403225,0.0,0
all-resident-k8,31,11,Quorvane,lucky number,1,0.0,0.0,43.66869997465983,43.66869997465983,43.66869997465983,0.0,0
reactive-lru-k2,31,11,Quorvane,lucky number,1,0.0,0.0,57.72009998327121,57.72009998327121,57.72009998327121,0.0,0
topic-k1,31,11,Quorvane,lucky number,0,5.315100017469376,90.5028999550268,40.202400006819516,45.51750002428889,130.70529996184632,0.0,0
topic-k3,31,11,Quorvane,lucky number,1,0.0,0.0,69.01779997861013,69.01779997861013,69.01779997861013,0.0,0
oracle-k3,31,11,Quorvane,lucky number,1,0.0,0.0,79.30570002645254,79.30570002645254,79.30570002645254,10.309632,0
reactive-lru-k3,31,11,Quorvane,lucky number,1,0.0,0.0,42.6735999644734,42.6735999644734,42.6735999644734,0.0,0
on-demand-k1,32,0,Seluun,flagship product,0,0.8447999716736376,59.056200028862804,39.84650003258139,40.69130000425503,98.9027000614442,0.0,0
topic-k1,32,0,Seluun,flagship product,0,0.8110000053420663,49.49449998093769,78.92389997141436,79.73489997675642,128.41839995235205,0.0,0
reactive-lru-k3,32,0,Seluun,flagship product,0,0.8651999523863196,52.74660000577569,85.80420003272593,86.66939998511225,138.55080003850162,0.0,0
oracle-k2,32,0,Seluun,flagship product,1,0.0,0.0,41.92739998688921,41.92739998688921,41.92739998688921,9.437184,0
topic-k2,32,0,Seluun,flagship product,0,0.4498999915085733,47.715599997900426,73.66850000107661,74.11839999258518,121.38409999897704,0.0,0
topic-k3,32,0,Seluun,flagship product,0,0.5159999709576368,66.00569997681305,61.44620000850409,61.96219997946173,127.45189998531714,0.0,0
oracle-k1,32,0,Seluun,flagship product,1,0.0,0.0,62.14699998963624,62.14699998963624,62.14699998963624,9.437184,0
oracle-k3,32,0,Seluun,flagship product,1,0.0,0.0,44.2860999610275,44.2860999610275,44.2860999610275,9.437184,0
reactive-lru-k2,32,0,Seluun,flagship product,0,0.464899989310652,91.21339995181188,42.033999983686954,42.498899972997606,133.24739993549883,0.0,0
reactive-lru-k1,32,0,Seluun,flagship product,0,0.4553000326268375,64.89810004131868,64.57049999153242,65.02580002415925,129.4686000328511,0.0,0
all-resident-k8,32,0,Seluun,flagship product,1,0.0,0.0,71.8568000011146,71.8568000011146,71.8568000011146,75.472896,0
topic-k2,32,1,Seluun,employee count,1,0.0,0.0,40.10869999183342,40.10869999183342,40.10869999183342,8.835072,0
reactive-lru-k1,32,1,Seluun,employee count,1,0.0,0.0,41.12589999567717,41.12589999567717,41.12589999567717,0.0,0
oracle-k1,32,1,Seluun,employee count,1,0.0,0.0,41.74720001174137,41.74720001174137,41.74720001174137,0.0,0
reactive-lru-k2,32,1,Seluun,employee count,1,0.0,0.0,39.25690002506599,39.25690002506599,39.25690002506599,0.0,0
on-demand-k1,32,1,Seluun,employee count,0,0.44649996561929584,66.86109997099265,49.47049997281283,49.91699993843213,116.33159994380549,0.0,0
topic-k1,32,1,Seluun,employee count,1,0.0,0.0,41.33719997480512,41.33719997480512,41.33719997480512,0.0,0
topic-k3,32,1,Seluun,employee count,1,0.0,0.0,39.27110001677647,39.27110001677647,39.27110001677647,18.444288,0
oracle-k3,32,1,Seluun,employee count,1,0.0,0.0,38.7396999867633,38.7396999867633,38.7396999867633,0.0,0
oracle-k2,32,1,Seluun,employee count,1,0.0,0.0,39.97629997320473,39.97629997320473,39.97629997320473,0.0,0
reactive-lru-k3,32,1,Seluun,employee count,1,0.0,0.0,43.379200040362775,43.379200040362775,43.379200040362775,0.0,0
all-resident-k8,32,1,Seluun,employee count,1,0.0,0.0,61.2097000121139,61.2097000121139,61.2097000121139,0.0,0
oracle-k2,32,2,Seluun,founding year,1,0.0,0.0,44.89989997819066,44.89989997819066,44.89989997819066,0.0,0
topic-k2,32,2,Seluun,founding year,1,0.0,0.0,64.09669999266043,64.09669999266043,64.09669999266043,0.0,0
all-resident-k8,32,2,Seluun,founding year,1,0.0,0.0,119.31400001049042,119.31400001049042,119.31400001049042,0.0,0
on-demand-k1,32,2,Seluun,founding year,0,0.54830004228279,64.73169999662787,83.01760000176728,83.56590004405007,147.74929999839514,0.0,0
oracle-k1,32,2,Seluun,founding year,1,0.0,0.0,56.84340000152588,56.84340000152588,56.84340000152588,0.0,0
reactive-lru-k2,32,2,Seluun,founding year,1,0.0,0.0,57.057300000451505,57.057300000451505,57.057300000451505,0.0,0
oracle-k3,32,2,Seluun,founding year,1,0.0,0.0,49.295300035737455,49.295300035737455,49.295300035737455,0.0,0
reactive-lru-k3,32,2,Seluun,founding year,1,0.0,0.0,86.79720002692193,86.79720002692193,86.79720002692193,0.0,0
topic-k1,32,2,Seluun,founding year,1,0.0,0.0,67.27219995809719,67.27219995809719,67.27219995809719,0.0,0
reactive-lru-k1,32,2,Seluun,founding year,1,0.0,0.0,49.13119995035231,49.13119995035231,49.13119995035231,0.0,0
topic-k3,32,2,Seluun,founding year,1,0.0,0.0,72.70899997092783,72.70899997092783,72.70899997092783,0.0,0
oracle-k3,32,3,Pyrenna,research lab city,1,0.0,0.0,44.91669998969883,44.91669998969883,44.91669998969883,9.510912,0
oracle-k2,32,3,Pyrenna,research lab city,1,0.0,0.0,64.07429999671876,64.07429999671876,64.07429999671876,9.510912,0
topic-k2,32,3,Pyrenna,research lab city,0,0.8191000088118017,54.53070002840832,58.589400025084615,59.408500033896416,113.12010005349293,0.0,1
on-demand-k1,32,3,Pyrenna,research lab city,0,0.862100045196712,59.43900003330782,56.01179995574057,56.87390000093728,115.45079998904839,0.0,0
reactive-lru-k1,32,3,Pyrenna,research lab city,0,0.8206000202335417,90.11439996538684,52.62179998680949,53.442400007043034,142.73619995219633,0.0,0
oracle-k1,32,3,Pyrenna,research lab city,1,0.0,0.0,43.56159997405484,43.56159997405484,43.56159997405484,9.510912,0
all-resident-k8,32,3,Pyrenna,research lab city,1,0.0,0.0,38.77520002424717,38.77520002424717,38.77520002424717,0.0,0
topic-k3,32,3,Pyrenna,research lab city,0,0.7993000326678157,47.76010004570708,47.45430004550144,48.25360007816926,95.21440009120852,0.0,1
reactive-lru-k2,32,3,Pyrenna,research lab city,0,0.832799996715039,67.60599999688566,59.25960000604391,60.09240000275895,126.86560000292957,0.0,0
reactive-lru-k3,32,3,Pyrenna,research lab city,0,0.4578000516630709,58.19190002512187,47.13389999233186,47.59170004399493,105.32580001745373,0.0,0
topic-k1,32,3,Pyrenna,research lab city,0,0.4621999687515199,54.76460000500083,45.174799975939095,45.636999944690615,99.93939998093992,0.0,0
all-resident-k8,32,4,Ilmeth,archive codename,1,0.0,0.0,69.0959999919869,69.0959999919869,69.0959999919869,0.0,0
oracle-k1,32,4,Ilmeth,archive codename,1,0.0,0.0,97.74409997044131,97.74409997044131,97.74409997044131,8.761344,0
reactive-lru-k2,32,4,Ilmeth,archive codename,0,0.4881999921053648,89.79549998184666,51.14519997732714,51.6333999694325,140.9406999591738,0.0,0
oracle-k2,32,4,Ilmeth,archive codename,1,0.0,0.0,46.61020002095029,46.61020002095029,46.61020002095029,8.761344,0
topic-k2,32,4,Ilmeth,archive codename,0,0.4078999627381563,47.505400027148426,49.78289996506646,50.19079992780462,97.28829999221489,9.609216,0
on-demand-k1,32,4,Ilmeth,archive codename,0,0.46609999844804406,118.20099997567013,89.22159997746348,89.68769997591153,207.4225999531336,0.0,0
reactive-lru-k1,32,4,Ilmeth,archive codename,0,0.48970000352710485,67.47330003418028,77.82700000097975,78.31670000450686,145.30030003516003,0.0,0
topic-k3,32,4,Ilmeth,archive codename,1,0.0,0.0,43.124300020281225,43.124300020281225,43.124300020281225,8.761344,0
oracle-k3,32,4,Ilmeth,archive codename,1,0.0,0.0,52.77890001889318,52.77890001889318,52.77890001889318,8.761344,0
topic-k1,32,4,Ilmeth,archive codename,0,0.47400000039488077,59.32319996645674,75.39900002302602,75.8730000234209,134.72219998948276,0.0,0
reactive-lru-k3,32,4,Ilmeth,archive codename,0,0.4369000089354813,53.45649999799207,51.40579998260364,51.84269999153912,104.86229998059571,0.0,0
all-resident-k8,32,5,Ilmeth,signature dish,1,0.0,0.0,48.75179997179657,48.75179997179657,48.75179997179657,0.0,0
topic-k2,32,5,Ilmeth,signature dish,1,0.0,0.0,71.2484999676235,71.2484999676235,71.2484999676235,0.0,0
oracle-k2,32,5,Ilmeth,signature dish,1,0.0,0.0,38.14249997958541,38.14249997958541,38.14249997958541,0.0,0
oracle-k1,32,5,Ilmeth,signature dish,1,0.0,0.0,29.745700012426823,29.745700012426823,29.745700012426823,0.0,0
reactive-lru-k1,32,5,Ilmeth,signature dish,1,0.0,0.0,23.81949999835342,23.81949999835342,23.81949999835342,0.0,0
oracle-k3,32,5,Ilmeth,signature dish,1,0.0,0.0,51.49579996941611,51.49579996941611,51.49579996941611,0.0,0
topic-k3,32,5,Ilmeth,signature dish,1,0.0,0.0,49.68460003146902,49.68460003146902,49.68460003146902,9.474048,0
reactive-lru-k2,32,5,Ilmeth,signature dish,1,0.0,0.0,64.80679998639971,64.80679998639971,64.80679998639971,0.0,0
on-demand-k1,32,5,Ilmeth,signature dish,0,0.4214000073261559,63.99090000195429,47.45610000099987,47.877500008326024,111.44700000295416,0.0,0
topic-k1,32,5,Ilmeth,signature dish,1,0.0,0.0,42.60520002571866,42.60520002571866,42.60520002571866,0.0,0
reactive-lru-k3,32,5,Ilmeth,signature dish,1,0.0,0.0,62.579400022514164,62.579400022514164,62.579400022514164,0.0,0
reactive-lru-k2,32,6,Ilmeth,archive codename,1,0.0,0.0,69.86480002524331,69.86480002524331,69.86480002524331,0.0,0
topic-k1,32,6,Ilmeth,archive codename,1,0.0,0.0,70.26349997613579,70.26349997613579,70.26349997613579,0.0,0
oracle-k2,32,6,Ilmeth,archive codename,1,0.0,0.0,45.10430002119392,45.10430002119392,45.10430002119392,0.0,0
all-resident-k8,32,6,Ilmeth,archive codename,1,0.0,0.0,51.5173000167124,51.5173000167124,51.5173000167124,0.0,0
oracle-k3,32,6,Ilmeth,archive codename,1,0.0,0.0,87.00769999995828,87.00769999995828,87.00769999995828,0.0,0
reactive-lru-k1,32,6,Ilmeth,archive codename,1,0.0,0.0,50.69320002803579,50.69320002803579,50.69320002803579,0.0,0
oracle-k1,32,6,Ilmeth,archive codename,1,0.0,0.0,39.19169999426231,39.19169999426231,39.19169999426231,0.0,0
reactive-lru-k3,32,6,Ilmeth,archive codename,1,0.0,0.0,39.91709998808801,39.91709998808801,39.91709998808801,0.0,0
topic-k2,32,6,Ilmeth,archive codename,1,0.0,0.0,61.12669996218756,61.12669996218756,61.12669996218756,0.0,0
on-demand-k1,32,6,Ilmeth,archive codename,0,0.7795999990776181,53.02479997044429,76.8841999815777,77.66379998065531,129.908999952022,0.0,0
topic-k3,32,6,Ilmeth,archive codename,1,0.0,0.0,57.35289998119697,57.35289998119697,57.35289998119697,0.0,0
topic-k1,32,7,Toskarel,chief engineer,0,0.8075000368990004,54.22790005104616,45.78049998963252,46.58800002653152,100.00840004067868,0.0,0
reactive-lru-k1,32,7,Toskarel,chief engineer,0,0.8129999623633921,74.77559999097139,61.976299970410764,62.789299932774156,136.75189996138215,0.0,0
oracle-k3,32,7,Toskarel,chief engineer,1,0.0,0.0,78.74039997113869,78.74039997113869,78.74039997113869,9.474048,0
reactive-lru-k3,32,7,Toskarel,chief engineer,0,0.7953000022098422,61.044299975037575,75.85010002367198,76.64540002588183,136.89439999870956,0.0,0
on-demand-k1,32,7,Toskarel,chief engineer,0,0.7935999892652035,106.24619998270646,71.69349998002872,72.48709996929392,177.93969996273518,0.0,0
topic-k2,32,7,Toskarel,chief engineer,0,0.7958000060170889,49.105599988251925,59.62990003172308,60.42570003774017,108.735500019975,0.0,1
topic-k3,32,7,Toskarel,chief engineer,1,0.0,0.0,61.95210001897067,61.95210001897067,61.95210001897067,0.0,0
oracle-k1,32,7,Toskarel,chief engineer,1,0.0,0.0,50.91509997146204,50.91509997146204,50.91509997146204,9.474048,0
oracle-k2,32,7,Toskarel,chief engineer,1,0.0,0.0,49.93119998835027,49.93119998835027,49.93119998835027,9.474048,0
all-resident-k8,32,7,Toskarel,chief engineer,1,0.0,0.0,41.18450003443286,41.18450003443286,41.18450003443286,0.0,0
reactive-lru-k2,32,7,Toskarel,chief engineer,0,0.457199988886714,79.81839997228235,54.851400025654584,55.3086000145413,134.66979999793693,0.0,0
all-resident-k8,32,8,Quorvane,mascot animal,1,0.0,0.0,70.74289995944127,70.74289995944127,70.74289995944127,0.0,0
oracle-k2,32,8,Quorvane,mascot animal,1,0.0,0.0,39.97839998919517,39.97839998919517,39.97839998919517,10.309632,0
reactive-lru-k2,32,8,Quorvane,mascot animal,0,0.4849000251851976,51.065499952528626,49.76229998283088,50.24720000801608,100.82779993535951,0.0,0
reactive-lru-k1,32,8,Quorvane,mascot animal,0,0.5361000075936317,81.93939999910071,78.60520004760474,79.14130005519837,160.54460004670545,0.0,0
reactive-lru-k3,32,8,Quorvane,mascot animal,0,0.622799969278276,78.74540000921115,60.239900019951165,60.86269998922944,138.98530002916232,0.0,0
oracle-k1,32,8,Quorvane,mascot animal,1,0.0,0.0,38.93460001563653,38.93460001563653,38.93460001563653,10.309632,0
topic-k3,32,8,Quorvane,mascot animal,1,0.0,0.0,40.90230003930628,40.90230003930628,40.90230003930628,19.820543999999998,1
on-demand-k1,32,8,Quorvane,mascot animal,0,0.5321999778971076,46.02130001876503,46.28960002446547,46.82180000236258,92.3109000432305,0.0,0
topic-k2,32,8,Quorvane,mascot animal,0,0.4609999596141279,48.42480004299432,76.6544999787584,77.11549993837252,125.07930002175272,9.510912,0
topic-k1,32,8,Quorvane,mascot animal,0,0.5381999653764069,89.65159999206662,72.0737999654375,72.61199993081391,161.72539995750412,0.0,0
oracle-k3,32,8,Quorvane,mascot animal,1,0.0,0.0,39.334099972620606,39.334099972620606,39.334099972620606,10.309632,0
all-resident-k8,32,9,Veltrax,annual revenue,1,0.0,0.0,49.016399949323386,49.016399949323386,49.016399949323386,0.0,0
reactive-lru-k3,32,9,Veltrax,annual revenue,0,0.4553000326268375,49.13979995762929,42.814900050871074,43.27020008349791,91.95470000850037,0.0,0
on-demand-k1,32,9,Veltrax,annual revenue,0,0.4613000201061368,49.64910005219281,113.38729999260977,113.8486000127159,163.03640004480258,0.0,0
oracle-k3,32,9,Veltrax,annual revenue,1,0.0,0.0,48.994299955666065,48.994299955666065,48.994299955666065,9.535488,0
reactive-lru-k2,32,9,Veltrax,annual revenue,0,0.4626999725587666,54.54969999846071,39.57710001850501,40.039799991063774,94.12680001696572,0.0,0
reactive-lru-k1,32,9,Veltrax,annual revenue,0,0.44929998693987727,44.7283000103198,52.569699997548014,53.01899998448789,97.29800000786781,0.0,0
oracle-k2,32,9,Veltrax,annual revenue,1,0.0,0.0,65.60569995781407,65.60569995781407,65.60569995781407,9.535488,0
topic-k2,32,9,Veltrax,annual revenue,0,0.4526999546214938,58.116800035350025,40.59849999612197,41.05119995074347,98.715300031472,9.437184,1
topic-k3,32,9,Veltrax,annual revenue,1,0.0,0.0,44.54589996021241,44.54589996021241,44.54589996021241,18.972672000000003,1
topic-k1,32,9,Veltrax,annual revenue,0,0.45579997822642326,67.28339998517185,67.47180002275854,67.92760000098497,134.7552000079304,0.0,0
oracle-k1,32,9,Veltrax,annual revenue,1,0.0,0.0,56.0595000279136,56.0595000279136,56.0595000279136,9.535488,0
reactive-lru-k1,32,10,Pyrenna,chief executive,0,0.48719998449087143,47.03239997616038,39.992500038351864,40.479700022842735,87.02490001451224,0.0,0
topic-k1,32,10,Pyrenna,chief executive,0,0.4486000398173928,56.510900030843914,61.851700011175126,62.30030005099252,118.36260004201904,0.0,0
topic-k3,32,10,Pyrenna,chief executive,1,0.0,0.0,90.60290001798421,90.60290001798421,90.60290001798421,9.510912,1
topic-k2,32,10,Pyrenna,chief executive,1,0.0,0.0,83.51279998896644,83.51279998896644,83.51279998896644,9.510912,1
reactive-lru-k2,32,10,Pyrenna,chief executive,0,0.4670000053010881,58.59550001332536,66.4223000057973,66.88930001109838,125.01780001912266,0.0,0
oracle-k3,32,10,Pyrenna,chief executive,1,0.0,0.0,69.52550000278279,69.52550000278279,69.52550000278279,9.510912,0
on-demand-k1,32,10,Pyrenna,chief executive,0,0.49999996554106474,72.38039997173473,76.3986999518238,76.89869991736487,148.77909992355853,0.0,0
reactive-lru-k3,32,10,Pyrenna,chief executive,0,0.5109999910928309,84.96870001545176,41.99860000517219,42.509599996265024,126.96730002062395,0.0,0
oracle-k1,32,10,Pyrenna,chief executive,1,0.0,0.0,66.12729997141287,66.12729997141287,66.12729997141287,9.510912,0
oracle-k2,32,10,Pyrenna,chief executive,1,0.0,0.0,67.483099992387,67.483099992387,67.483099992387,9.510912,0
all-resident-k8,32,10,Pyrenna,chief executive,1,0.0,0.0,55.28420000337064,55.28420000337064,55.28420000337064,0.0,0
topic-k2,32,11,Pyrenna,employee count,1,0.0,0.0,51.243700028862804,51.243700028862804,51.243700028862804,9.609216,0
reactive-lru-k2,32,11,Pyrenna,employee count,1,0.0,0.0,59.9618999985978,59.9618999985978,59.9618999985978,0.0,0
all-resident-k8,32,11,Pyrenna,employee count,1,0.0,0.0,44.47780002374202,44.47780002374202,44.47780002374202,0.0,0
on-demand-k1,32,11,Pyrenna,employee count,0,0.45460002729669213,104.87069998634979,68.52480000816286,68.97940003545955,173.39549999451265,0.0,0
oracle-k3,32,11,Pyrenna,employee count,1,0.0,0.0,76.34269999107346,76.34269999107346,76.34269999107346,0.0,0
reactive-lru-k1,32,11,Pyrenna,employee count,1,0.0,0.0,81.41470002010465,81.41470002010465,81.41470002010465,0.0,0
topic-k1,32,11,Pyrenna,employee count,1,0.0,0.0,74.39760002307594,74.39760002307594,74.39760002307594,0.0,0
topic-k3,32,11,Pyrenna,employee count,1,0.0,0.0,69.03489999240264,69.03489999240264,69.03489999240264,18.370559999999998,0
reactive-lru-k3,32,11,Pyrenna,employee count,1,0.0,0.0,58.41360002523288,58.41360002523288,58.41360002523288,0.0,0
oracle-k2,32,11,Pyrenna,employee count,1,0.0,0.0,75.5390000413172,75.5390000413172,75.5390000413172,0.0,0
oracle-k1,32,11,Pyrenna,employee count,1,0.0,0.0,72.69990001805127,72.69990001805127,72.69990001805127,0.0,0
reactive-lru-k3,33,0,Veltrax,flagship product,0,0.8426000131294131,65.53119997261092,63.9775000163354,64.82010002946481,129.50869998894632,0.0,0
oracle-k2,33,0,Veltrax,flagship product,1,0.0,0.0,66.2921000039205,66.2921000039205,66.2921000039205,9.535488,0
reactive-lru-k1,33,0,Veltrax,flagship product,0,0.8238000445999205,72.36330001614988,66.62479997612536,67.44860002072528,138.98809999227524,0.0,0
topic-k3,33,0,Veltrax,flagship product,0,0.8080000407062471,73.86729994323105,84.48409999255091,85.29210003325716,158.35139993578196,0.0,0
reactive-lru-k2,33,0,Veltrax,flagship product,0,0.853799981996417,66.78090000059456,65.32069999957457,66.17449998157099,132.10160000016913,0.0,0
topic-k2,33,0,Veltrax,flagship product,0,0.7996999775059521,61.8114999961108,75.62249997863546,76.42219995614141,137.43399997474626,0.0,0
on-demand-k1,33,0,Veltrax,flagship product,0,0.8712999988347292,101.08569997828454,50.84159999387339,51.71289999270812,151.92729997215793,0.0,0
topic-k1,33,0,Veltrax,flagship product,0,0.8236000430770218,70.9890000289306,47.0616000238806,47.88520006695762,118.0506000528112,0.0,0
oracle-k1,33,0,Veltrax,flagship product,1,0.0,0.0,67.12380005046725,67.12380005046725,67.12380005046725,9.535488,0
all-resident-k8,33,0,Veltrax,flagship product,1,0.0,0.0,46.49300000164658,46.49300000164658,46.49300000164658,75.472896,0
oracle-k3,33,0,Veltrax,flagship product,1,0.0,0.0,65.38550002733245,65.38550002733245,65.38550002733245,9.535488,0
topic-k3,33,1,Veltrax,lucky number,1,0.0,0.0,78.08080001268536,78.08080001268536,78.08080001268536,19.820543999999998,0
oracle-k1,33,1,Veltrax,lucky number,1,0.0,0.0,74.00939997751266,74.00939997751266,74.00939997751266,0.0,0
reactive-lru-k1,33,1,Veltrax,lucky number,1,0.0,0.0,50.27410003822297,50.27410003822297,50.27410003822297,0.0,0
reactive-lru-k2,33,1,Veltrax,lucky number,1,0.0,0.0,50.51940004341304,50.51940004341304,50.51940004341304,0.0,0
topic-k1,33,1,Veltrax,lucky number,1,0.0,0.0,59.14150003809482,59.14150003809482,59.14150003809482,0.0,0
reactive-lru-k3,33,1,Veltrax,lucky number,1,0.0,0.0,79.09409998683259,79.09409998683259,79.09409998683259,0.0,0
on-demand-k1,33,1,Veltrax,lucky number,0,0.5097999819554389,132.90899997809902,47.27400001138449,47.783799993339926,180.1829999894835,0.0,0
oracle-k3,33,1,Veltrax,lucky number,1,0.0,0.0,59.83350001042709,59.83350001042709,59.83350001042709,0.0,0
oracle-k2,33,1,Veltrax,lucky number,1,0.0,0.0,49.496499996166676,49.496499996166676,49.496499996166676,0.0,0
topic-k2,33,1,Veltrax,lucky number,1,0.0,0.0,61.76159996539354,61.76159996539354,61.76159996539354,9.510912,0
all-resident-k8,33,1,Veltrax,lucky number,1,0.0,0.0,63.08280001394451,63.08280001394451,63.08280001394451,0.0,0
reactive-lru-k3,33,2,Pyrenna,annual revenue,0,0.46900002053007483,46.59949999768287,46.47370002930984,46.942700049839914,93.07320002699271,0.0,0
oracle-k2,33,2,Pyrenna,annual revenue,1,0.0,0.0,82.3818999924697,82.3818999924697,82.3818999924697,9.510912,0
reactive-lru-k1,33,2,Pyrenna,annual revenue,0,0.5311999702826142,69.36989998212084,68.97879997268319,69.5099999429658,138.34869995480403,0.0,0
all-resident-k8,33,2,Pyrenna,annual revenue,1,0.0,0.0,60.31599995912984,60.31599995912984,60.31599995912984,0.0,0
on-demand-k1,33,2,Pyrenna,annual revenue,0,0.5053000058978796,62.92389996815473,63.35779995424673,63.86309996014461,126.28169992240146,0.0,0
topic-k2,33,2,Pyrenna,annual revenue,1,0.0,0.0,107.2460999712348,107.2460999712348,107.2460999712348,0.0,0
oracle-k1,33,2,Pyrenna,annual revenue,1,0.0,0.0,62.55170004442334,62.55170004442334,62.55170004442334,9.510912,0
oracle-k3,33,2,Pyrenna,annual revenue,1,0.0,0.0,61.22859998140484,61.22859998140484,61.22859998140484,9.510912,0
topic-k1,33,2,Pyrenna,annual revenue,0,0.8033000049181283,70.17319998703897,40.07410001941025,40.87740002432838,110.24730000644922,0.0,0
reactive-lru-k2,33,2,Pyrenna,annual revenue,0,0.799400033429265,49.4442000053823,48.34190005203709,49.141300085466355,97.78610005741939,0.0,0
topic-k3,33,2,Pyrenna,annual revenue,1,0.0,0.0,49.8976000235416,49.8976000235416,49.8976000235416,0.0,0
topic-k2,33,3,Draskel,founding year,1,0.0,0.0,76.41530002001673,76.41530002001673,76.41530002001673,9.609216,0
oracle-k2,33,3,Draskel,founding year,1,0.0,0.0,67.62220000382513,67.62220000382513,67.62220000382513,9.609216,0
topic-k3,33,3,Draskel,founding year,1,0.0,0.0,46.39039997709915,46.39039997709915,46.39039997709915,18.370559999999998,1
all-resident-k8,33,3,Draskel,founding year,1,0.0,0.0,69.97200002660975,69.97200002660975,69.97200002660975,0.0,0
on-demand-k1,33,3,Draskel,founding year,0,0.686999992467463,66.13069999730214,66.80740002775565,67.49440002022311,132.9381000250578,0.0,0
oracle-k1,33,3,Draskel,founding year,1,0.0,0.0,41.78869997849688,41.78869997849688,41.78869997849688,9.609216,0
reactive-lru-k3,33,3,Draskel,founding year,0,0.46880001900717616,63.91579995397478,62.29859997984022,62.767399998847395,126.214399933815,0.0,0
reactive-lru-k2,33,3,Draskel,founding year,0,0.5175000405870378,67.87620001705363,43.13589999219403,43.653400032781065,111.01210000924766,0.0,0
topic-k1,33,3,Draskel,founding year,0,0.4981999518349767,53.75419999472797,45.05910002626479,45.55729997809976,98.81330002099276,0.0,0
reactive-lru-k1,33,3,Draskel,founding year,0,0.470799976028502,73.11190001200885,81.01500000339001,81.48579997941852,154.12690001539886,0.0,0
oracle-k3,33,3,Draskel,founding year,1,0.0,0.0,114.80969999684021,114.80969999684021,114.80969999684021,9.609216,0
oracle-k3,33,4,Draskel,board chair,1,0.0,0.0,81.13860001321882,81.13860001321882,81.13860001321882,0.0,0
reactive-lru-k1,33,4,Draskel,board chair,1,0.0,0.0,58.084000018425286,58.084000018425286,58.084000018425286,0.0,0
topic-k2,33,4,Draskel,board chair,1,0.0,0.0,54.637999972328544,54.637999972328544,54.637999972328544,9.437184,0
all-resident-k8,33,4,Draskel,board chair,1,0.0,0.0,58.596700022462755,58.596700022462755,58.596700022462755,0.0,0
topic-k1,33,4,Draskel,board chair,1,0.0,0.0,58.744699985254556,58.744699985254556,58.744699985254556,0.0,0
oracle-k2,33,4,Draskel,board chair,1,0.0,0.0,70.56980003835633,70.56980003835633,70.56980003835633,0.0,0
on-demand-k1,33,4,Draskel,board chair,0,0.48260000767186284,80.59289999073371,90.45449999393895,90.93710000161082,171.04739998467267,0.0,0
oracle-k1,33,4,Draskel,board chair,1,0.0,0.0,51.70039995573461,51.70039995573461,51.70039995573461,0.0,0
reactive-lru-k3,33,4,Draskel,board chair,1,0.0,0.0,40.04220000933856,40.04220000933856,40.04220000933856,0.0,0
reactive-lru-k2,33,4,Draskel,board chair,1,0.0,0.0,44.119699974544346,44.119699974544346,44.119699974544346,0.0,0
topic-k3,33,4,Draskel,board chair,1,0.0,0.0,41.51549999369308,41.51549999369308,41.51549999369308,9.437184,1
oracle-k1,33,5,Veltrax,anthem composer,1,0.0,0.0,53.140100033488125,53.140100033488125,53.140100033488125,9.535488,0
all-resident-k8,33,5,Veltrax,anthem composer,1,0.0,0.0,69.03150002472103,69.03150002472103,69.03150002472103,0.0,0
topic-k2,33,5,Veltrax,anthem composer,0,0.651800015475601,100.98320001270622,62.689100042916834,63.340900058392435,163.67230005562305,0.0,1
topic-k1,33,5,Veltrax,anthem composer,0,0.5257000448182225,85.97489999374375,42.979300022125244,43.50500006694347,128.954200015869,0.0,0
topic-k3,33,5,Veltrax,anthem composer,0,0.4532000166364014,54.21490001026541,75.19200001843274,75.64520003506914,129.40690002869815,0.0,0
reactive-lru-k1,33,5,Veltrax,anthem composer,0,0.5103999865241349,99.78079999564216,78.21589999366552,78.72629998018965,177.99669998930767,0.0,0
on-demand-k1,33,5,Veltrax,anthem composer,0,0.4712999798357487,54.845299979206175,75.80910000251606,76.28039998235181,130.65439998172224,0.0,0
reactive-lru-k3,33,5,Veltrax,anthem composer,1,0.0,0.0,56.35819997405633,56.35819997405633,56.35819997405633,0.0,0
oracle-k3,33,5,Veltrax,anthem composer,1,0.0,0.0,51.643599988892674,51.643599988892674,51.643599988892674,9.535488,0
reactive-lru-k2,33,5,Veltrax,anthem composer,0,0.5053000058978796,79.28700000047684,60.37790002301335,60.88320002891123,139.6649000234902,0.0,0
oracle-k2,33,5,Veltrax,anthem composer,1,0.0,0.0,79.86860000528395,79.86860000528395,79.86860000528395,9.535488,0
topic-k1,33,6,Veltrax,archive codename,1,0.0,0.0,77.4731999845244,77.4731999845244,77.4731999845244,0.0,0
reactive-lru-k3,33,6,Veltrax,archive codename,1,0.0,0.0,40.01210001297295,40.01210001297295,40.01210001297295,0.0,0
oracle-k1,33,6,Veltrax,archive codename,1,0.0,0.0,53.670399996917695,53.670399996917695,53.670399996917695,0.0,0
topic-k3,33,6,Veltrax,archive codename,1,0.0,0.0,67.87940004142001,67.87940004142001,67.87940004142001,19.820543999999998,1
reactive-lru-k2,33,6,Veltrax,archive codename,1,0.0,0.0,43.75650000292808,43.75650000292808,43.75650000292808,0.0,0
topic-k2,33,6,Veltrax,archive codename,1,0.0,0.0,92.46260003419593,92.46260003419593,92.46260003419593,9.510912,0
all-resident-k8,33,6,Veltrax,archive codename,1,0.0,0.0,76.58689998788759,76.58689998788759,76.58689998788759,0.0,0
oracle-k3,33,6,Veltrax,archive codename,1,0.0,0.0,40.2475000009872,40.2475000009872,40.2475000009872,0.0,0
oracle-k2,33,6,Veltrax,archive codename,1,0.0,0.0,39.51129998313263,39.51129998313263,39.51129998313263,0.0,0
reactive-lru-k1,33,6,Veltrax,archive codename,1,0.0,0.0,39.08050002064556,39.08050002064556,39.08050002064556,0.0,0
on-demand-k1,33,6,Veltrax,archive codename,0,0.8019999950192869,45.920000004116446,41.27420001896098,42.07620001398027,87.19420002307743,0.0,0
topic-k3,33,7,Veltrax,flagship product,1,0.0,0.0,50.16169999726117,50.16169999726117,50.16169999726117,0.0,0
oracle-k2,33,7,Veltrax,flagship product,1,0.0,0.0,40.44449998764321,40.44449998764321,40.44449998764321,0.0,0
reactive-lru-k1,33,7,Veltrax,flagship product,1,0.0,0.0,96.1391000309959,96.1391000309959,96.1391000309959,0.0,0
oracle-k1,33,7,Veltrax,flagship product,1,0.0,0.0,80.6493999552913,80.6493999552913,80.6493999552913,0.0,0
reactive-lru-k2,33,7,Veltrax,flagship product,1,0.0,0.0,74.43019998027012,74.43019998027012,74.43019998027012,0.0,0
on-demand-k1,33,7,Veltrax,flagship product,0,0.8032000041566789,59.888599964324385,54.009399958886206,54.812599963042885,113.89799992321059,0.0,0
topic-k1,33,7,Veltrax,flagship product,1,0.0,0.0,54.54580002697185,54.54580002697185,54.54580002697185,0.0,0
topic-k2,33,7,Veltrax,flagship product,1,0.0,0.0,67.79349996941164,67.79349996941164,67.79349996941164,0.0,0
all-resident-k8,33,7,Veltrax,flagship product,1,0.0,0.0,74.59360000211746,74.59360000211746,74.59360000211746,0.0,0
oracle-k3,33,7,Veltrax,flagship product,1,0.0,0.0,79.68989998335019,79.68989998335019,79.68989998335019,0.0,0
reactive-lru-k3,33,7,Veltrax,flagship product,1,0.0,0.0,80.99600003333762,80.99600003333762,80.99600003333762,0.0,0
oracle-k1,33,8,Quorvane,flagship product,1,0.0,0.0,82.02019997406751,82.02019997406751,82.02019997406751,10.309632,0
all-resident-k8,33,8,Quorvane,flagship product,1,0.0,0.0,57.88480001501739,57.88480001501739,57.88480001501739,0.0,0
topic-k3,33,8,Quorvane,flagship product,1,0.0,0.0,74.03760001761839,74.03760001761839,74.03760001761839,0.0,0
oracle-k2,33,8,Quorvane,flagship product,1,0.0,0.0,86.12550003454089,86.12550003454089,86.12550003454089,10.309632,0
on-demand-k1,33,8,Quorvane,flagship product,0,0.9706999990157783,66.38810003641993,39.23699998995289,40.20769998896867,105.62510002637282,0.0,0
oracle-k3,33,8,Quorvane,flagship product,1,0.0,0.0,54.94559998624027,54.94559998624027,54.94559998624027,10.309632,0
reactive-lru-k3,33,8,Quorvane,flagship product,0,0.8940999978221953,73.44850001391023,43.119899986777455,44.01399998459965,116.56840000068769,0.0,0
reactive-lru-k1,33,8,Quorvane,flagship product,0,0.8775999885983765,51.26899998867884,88.43730000080541,89.31489998940378,139.70629998948425,0.0,0
topic-k2,33,8,Quorvane,flagship product,0,0.5200000014156103,69.46550001157448,81.15499996347353,81.67499996488914,150.620499975048,0.0,1
topic-k1,33,8,Quorvane,flagship product,0,0.5003000260330737,63.40869999257848,71.65170001098886,72.15200003702193,135.06040000356734,0.0,0
reactive-lru-k2,33,8,Quorvane,flagship product,0,0.490899954456836,64.4791999948211,57.50669998815283,57.99759994260967,121.98589998297393,0.0,0
on-demand-k1,33,9,Pyrenna,corporate color,0,0.5506000015884638,61.21260003419593,71.83490000898018,72.38550001056865,133.04750004317611,0.0,0
topic-k2,33,9,Pyrenna,corporate color,0,0.4264999879524112,73.0242999852635,62.23179999506101,62.65829998301342,135.2560999803245,9.437184,0
oracle-k1,33,9,Pyrenna,corporate color,1,0.0,0.0,44.58330001216382,44.58330001216382,44.58330001216382,9.510912,0
reactive-lru-k3,33,9,Pyrenna,corporate color,0,0.44410000555217266,47.10760002490133,56.76500004483387,57.20910005038604,103.8726000697352,0.0,0
all-resident-k8,33,9,Pyrenna,corporate color,1,0.0,0.0,42.77130000991747,42.77130000991747,42.77130000991747,0.0,0
oracle-k3,33,9,Pyrenna,corporate color,1,0.0,0.0,44.74590002791956,44.74590002791956,44.74590002791956,9.510912,0
reactive-lru-k2,33,9,Pyrenna,corporate color,0,0.4673000075854361,107.54230001475662,53.424499987158924,53.89179999474436,160.96680000191554,0.0,0
oracle-k2,33,9,Pyrenna,corporate color,1,0.0,0.0,44.26699999021366,44.26699999021366,44.26699999021366,9.510912,0
topic-k1,33,9,Pyrenna,corporate color,0,0.4490999854169786,56.84430000837892,48.91699994914234,49.366099934559315,105.76129995752126,0.0,0
reactive-lru-k1,33,9,Pyrenna,corporate color,0,0.4518000059761107,53.93980001099408,83.06089998222888,83.51269998820499,137.00069999322295,0.0,0
topic-k3,33,9,Pyrenna,corporate color,0,0.4523000097833574,66.57480000285432,82.49459997750819,82.94689998729154,149.0693999803625,9.437184,1
all-resident-k8,33,10,Pyrenna,headquarters city,1,0.0,0.0,78.73660000041127,78.73660000041127,78.73660000041127,0.0,0
topic-k2,33,10,Pyrenna,headquarters city,1,0.0,0.0,53.32700000144541,53.32700000144541,53.32700000144541,9.609216,1
oracle-k2,33,10,Pyrenna,headquarters city,1,0.0,0.0,71.3423999841325,71.3423999841325,71.3423999841325,0.0,0
topic-k3,33,10,Pyrenna,headquarters city,1,0.0,0.0,60.42379996506497,60.42379996506497,60.42379996506497,18.370559999999998,1
topic-k1,33,10,Pyrenna,headquarters city,1,0.0,0.0,65.3481999761425,65.3481999761425,65.3481999761425,0.0,0
oracle-k3,33,10,Pyrenna,headquarters city,1,0.0,0.0,83.88839999679476,83.88839999679476,83.88839999679476,0.0,0
oracle-k1,33,10,Pyrenna,headquarters city,1,0.0,0.0,72.64240004587919,72.64240004587919,72.64240004587919,0.0,0
on-demand-k1,33,10,Pyrenna,headquarters city,0,0.8298999746330082,79.43199999863282,58.18410002393648,59.01399999856949,137.6161000225693,0.0,0
reactive-lru-k3,33,10,Pyrenna,headquarters city,1,0.0,0.0,40.17519997432828,40.17519997432828,40.17519997432828,0.0,0
reactive-lru-k1,33,10,Pyrenna,headquarters city,1,0.0,0.0,49.88880001474172,49.88880001474172,49.88880001474172,0.0,0
reactive-lru-k2,33,10,Pyrenna,headquarters city,1,0.0,0.0,57.601300009991974,57.601300009991974,57.601300009991974,0.0,0
topic-k1,33,11,Draskel,annual revenue,0,0.8111000061035156,64.7511999704875,60.509299975819886,61.3203999819234,125.26049994630739,0.0,0
reactive-lru-k2,33,11,Draskel,annual revenue,0,0.8580000139772892,72.25450000260025,67.12000002153218,67.97800003550947,139.37450002413243,0.0,0
oracle-k1,33,11,Draskel,annual revenue,1,0.0,0.0,51.05500004719943,51.05500004719943,51.05500004719943,9.609216,0
topic-k2,33,11,Draskel,annual revenue,1,0.0,0.0,56.51620001299307,56.51620001299307,56.51620001299307,0.0,0
on-demand-k1,33,11,Draskel,annual revenue,0,0.5088999751023948,72.1357999718748,49.08659995999187,49.59549993509427,121.22239993186668,0.0,0
all-resident-k8,33,11,Draskel,annual revenue,1,0.0,0.0,67.5813999841921,67.5813999841921,67.5813999841921,0.0,0
oracle-k2,33,11,Draskel,annual revenue,1,0.0,0.0,78.03380000405014,78.03380000405014,78.03380000405014,9.609216,0
reactive-lru-k1,33,11,Draskel,annual revenue,0,0.5382000235840678,58.84770001284778,40.22969998186454,40.76790000544861,99.07739999471232,0.0,0
reactive-lru-k3,33,11,Draskel,annual revenue,0,0.4521000082604587,55.50450005102903,65.96039998112246,66.41249998938292,121.46490003215149,0.0,0
oracle-k3,33,11,Draskel,annual revenue,1,0.0,0.0,74.22629999928176,74.22629999928176,74.22629999928176,9.609216,0
topic-k3,33,11,Draskel,annual revenue,1,0.0,0.0,44.39489997457713,44.39489997457713,44.39489997457713,0.0,0
oracle-k1,34,0,Seluun,primary material,1,0.0,0.0,60.75479998253286,60.75479998253286,60.75479998253286,9.437184,0
reactive-lru-k1,34,0,Seluun,primary material,0,0.48720004269853234,60.951099963858724,48.43079997226596,48.91800001496449,109.38189993612468,0.0,0
on-demand-k1,34,0,Seluun,primary material,0,0.4721999866887927,81.56880002934486,55.194800021126866,55.66700000781566,136.76360005047172,0.0,0
topic-k2,34,0,Seluun,primary material,0,0.4480999778024852,73.68739997036755,53.406499966513366,53.85459994431585,127.09389993688092,0.0,0
topic-k3,34,0,Seluun,primary material,0,0.5672000115737319,62.88539996603504,44.34319998836145,44.91039999993518,107.22859995439649,0.0,0
oracle-k2,34,0,Seluun,primary material,1,0.0,0.0,72.43159995414317,72.43159995414317,72.43159995414317,9.437184,0
reactive-lru-k2,34,0,Seluun,primary material,0,0.45769999269396067,45.38440000033006,40.088400011882186,40.54610000457615,85.47280001221225,0.0,0
oracle-k3,34,0,Seluun,primary material,1,0.0,0.0,40.562600013799965,40.562600013799965,40.562600013799965,9.437184,0
all-resident-k8,34,0,Seluun,primary material,1,0.0,0.0,40.75270000612363,40.75270000612363,40.75270000612363,75.472896,0
topic-k1,34,0,Seluun,primary material,0,0.4597000079229474,51.04529997333884,65.25890005286783,65.71860006079078,116.30420002620667,0.0,0
reactive-lru-k3,34,0,Seluun,primary material,0,0.4582999972626567,86.42649999819696,67.80189997516572,68.26019997242838,154.22839997336268,0.0,0
oracle-k1,34,1,Draskel,annual revenue,1,0.0,0.0,39.13680004188791,39.13680004188791,39.13680004188791,9.609216,0
reactive-lru-k2,34,1,Draskel,annual revenue,0,0.45309995766729116,46.13710002740845,72.28369999211282,72.7367999497801,118.42080001952127,0.0,0
topic-k2,34,1,Draskel,annual revenue,0,0.4332999815233052,48.32519998308271,56.63829995319247,57.07159993471578,104.96349993627518,8.835072,0
topic-k1,34,1,Draskel,annual revenue,0,0.5221999599598348,80.6326000019908,99.82039994793013,100.34259990788996,180.45299994992092,0.0,0
topic-k3,34,1,Draskel,annual revenue,1,0.0,0.0,41.061799973249435,41.061799973249435,41.061799973249435,18.444288,0
reactive-lru-k1,34,1,Draskel,annual revenue,0,0.46069995732977986,57.17390001518652,56.21640000026673,56.67709995759651,113.39030001545325,0.0,0
oracle-k3,34,1,Draskel,annual revenue,1,0.0,0.0,46.37880000518635,46.37880000518635,46.37880000518635,9.609216,0
all-resident-k8,34,1,Draskel,annual revenue,1,0.0,0.0,59.06080000568181,59.06080000568181,59.06080000568181,0.0,0
reactive-lru-k3,34,1,Draskel,annual revenue,0,0.477299967315048,79.89579997956753,49.917600001208484,50.39489996852353,129.813399980776,0.0,0
on-demand-k1,34,1,Draskel,annual revenue,0,0.5193999968469143,52.57030000211671,60.62109995400533,61.140499950852245,113.19139995612204,0.0,0
oracle-k2,34,1,Draskel,annual revenue,1,0.0,0.0,75.82399999955669,75.82399999955669,75.82399999955669,9.609216,0
oracle-k3,34,2,Draskel,lucky number,1,0.0,0.0,49.526499991770834,49.526499991770834,49.526499991770834,0.0,0
reactive-lru-k1,34,2,Draskel,lucky number,1,0.0,0.0,67.8419999894686,67.8419999894686,67.8419999894686,0.0,0
reactive-lru-k2,34,2,Draskel,lucky number,1,0.0,0.0,65.33269997453317,65.33269997453317,65.33269997453317,0.0,0
topic-k1,34,2,Draskel,lucky number,1,0.0,0.0,49.44550001528114,49.44550001528114,49.44550001528114,0.0,0
on-demand-k1,34,2,Draskel,lucky number,0,0.458399998024106,86.89989999402314,99.78519997093827,100.24359996896237,186.6850999649614,0.0,0
all-resident-k8,34,2,Draskel,lucky number,1,0.0,0.0,40.143200021702796,40.143200021702796,40.143200021702796,0.0,0
reactive-lru-k3,34,2,Draskel,lucky number,1,0.0,0.0,43.57280000112951,43.57280000112951,43.57280000112951,0.0,0
oracle-k1,34,2,Draskel,lucky number,1,0.0,0.0,39.85960001591593,39.85960001591593,39.85960001591593,0.0,0
topic-k3,34,2,Draskel,lucky number,1,0.0,0.0,45.73880002135411,45.73880002135411,45.73880002135411,9.510912,1
topic-k2,34,2,Draskel,lucky number,1,0.0,0.0,85.12040000641719,85.12040000641719,85.12040000641719,9.437184,1
oracle-k2,34,2,Draskel,lucky number,1,0.0,0.0,51.27970001194626,51.27970001194626,51.27970001194626,0.0,0
all-resident-k8,34,3,Draskel,annual revenue,1,0.0,0.0,92.45809999993071,92.45809999993071,92.45809999993071,0.0,0
oracle-k3,34,3,Draskel,annual revenue,1,0.0,0.0,45.5771999550052,45.5771999550052,45.5771999550052,0.0,0
on-demand-k1,34,3,Draskel,annual revenue,0,0.4697000258602202,51.32079997565597,49.61929999990389,50.08900002576411,100.94009997555986,0.0,0
reactive-lru-k3,34,3,Draskel,annual revenue,1,0.0,0.0,56.605599995236844,56.605599995236844,56.605599995236844,0.0,0
topic-k2,34,3,Draskel,annual revenue,1,0.0,0.0,39.91619998123497,39.91619998123497,39.91619998123497,0.0,0
oracle-k2,34,3,Draskel,annual revenue,1,0.0,0.0,39.00200000498444,39.00200000498444,39.00200000498444,0.0,0
reactive-lru-k2,34,3,Draskel,annual revenue,1,0.0,0.0,47.77750000357628,47.77750000357628,47.77750000357628,0.0,0
oracle-k1,34,3,Draskel,annual revenue,1,0.0,0.0,50.25689996546134,50.25689996546134,50.25689996546134,0.0,0
topic-k1,34,3,Draskel,annual revenue,1,0.0,0.0,43.94290002528578,43.94290002528578,43.94290002528578,0.0,0
topic-k3,34,3,Draskel,annual revenue,1,0.0,0.0,40.79009999986738,40.79009999986738,40.79009999986738,0.0,0
reactive-lru-k1,34,3,Draskel,annual revenue,1,0.0,0.0,48.72590000741184,48.72590000741184,48.72590000741184,0.0,0
on-demand-k1,34,4,Seluun,corporate color,0,0.8017999934963882,56.405299983453006,44.39029999775812,45.19209999125451,100.79559998121113,0.0,0
reactive-lru-k2,34,4,Seluun,corporate color,1,0.0,0.0,40.00609996728599,40.00609996728599,40.00609996728599,0.0,0
topic-k3,34,4,Seluun,corporate color,1,0.0,0.0,40.30409996630624,40.30409996630624,40.30409996630624,0.0,0
reactive-lru-k1,34,4,Seluun,corporate color,0,0.78959995880723,59.46989997755736,64.30890003684908,65.09849999565631,123.77880001440644,0.0,0
oracle-k1,34,4,Seluun,corporate color,1,0.0,0.0,68.21150000905618,68.21150000905618,68.21150000905618,9.437184,0
topic-k2,34,4,Seluun,corporate color,1,0.0,0.0,40.700399957131594,40.700399957131594,40.700399957131594,0.0,0
oracle-k3,34,4,Seluun,corporate color,1,0.0,0.0,45.181900030002,45.181900030002,45.181900030002,9.437184,0
reactive-lru-k3,34,4,Seluun,corporate color,1,0.0,0.0,59.780600015074015,59.780600015074015,59.780600015074015,0.0,0
topic-k1,34,4,Seluun,corporate color,0,0.8244000491686165,55.725299986079335,52.96589998761192,53.790300036780536,108.69119997369125,0.0,0
oracle-k2,34,4,Seluun,corporate color,1,0.0,0.0,67.60459998622537,67.60459998622537,67.60459998622537,9.437184,0
all-resident-k8,34,4,Seluun,corporate color,1,0.0,0.0,54.51569997239858,54.51569997239858,54.51569997239858,0.0,0
topic-k1,34,5,Seluun,archive codename,1,0.0,0.0,88.64639996318147,88.64639996318147,88.64639996318147,0.0,0
reactive-lru-k2,34,5,Seluun,archive codename,1,0.0,0.0,70.38479996845126,70.38479996845126,70.38479996845126,0.0,0
reactive-lru-k3,34,5,Seluun,archive codename,1,0.0,0.0,57.00450000585988,57.00450000585988,57.00450000585988,0.0,0
on-demand-k1,34,5,Seluun,archive codename,0,0.8017000509425998,60.66459999419749,67.36320001073182,68.16490006167442,128.0278000049293,0.0,0
oracle-k2,34,5,Seluun,archive codename,1,0.0,0.0,66.35620002634823,66.35620002634823,66.35620002634823,0.0,0
all-resident-k8,34,5,Seluun,archive codename,1,0.0,0.0,73.10340000549331,73.10340000549331,73.10340000549331,0.0,0
topic-k3,34,5,Seluun,archive codename,1,0.0,0.0,61.7119999951683,61.7119999951683,61.7119999951683,8.835072,1
topic-k2,34,5,Seluun,archive codename,1,0.0,0.0,46.170499990694225,46.170499990694225,46.170499990694225,8.835072,0
reactive-lru-k1,34,5,Seluun,archive codename,1,0.0,0.0,77.26060005370528,77.26060005370528,77.26060005370528,0.0,0
oracle-k1,34,5,Seluun,archive codename,1,0.0,0.0,42.100500024389476,42.100500024389476,42.100500024389476,0.0,0
oracle-k3,34,5,Seluun,archive codename,1,0.0,0.0,43.64829999394715,43.64829999394715,43.64829999394715,0.0,0
on-demand-k1,34,6,Draskel,lucky number,0,0.8057999657467008,58.137400017585605,56.738800019957125,57.544599985703826,114.87620003754273,0.0,0
reactive-lru-k3,34,6,Draskel,lucky number,1,0.0,0.0,43.93419995903969,43.93419995903969,43.93419995903969,0.0,0
topic-k3,34,6,Draskel,lucky number,1,0.0,0.0,68.03759996546432,68.03759996546432,68.03759996546432,0.0,0
oracle-k2,34,6,Draskel,lucky number,1,0.0,0.0,73.25650000711903,73.25650000711903,73.25650000711903,9.609216,0
reactive-lru-k2,34,6,Draskel,lucky number,1,0.0,0.0,41.15499998442829,41.15499998442829,41.15499998442829,0.0,0
oracle-k3,34,6,Draskel,lucky number,1,0.0,0.0,55.01519999234006,55.01519999234006,55.01519999234006,9.609216,0
all-resident-k8,34,6,Draskel,lucky number,1,0.0,0.0,75.32430003629997,75.32430003629997,75.32430003629997,0.0,0
oracle-k1,34,6,Draskel,lucky number,1,0.0,0.0,39.519599988125265,39.519599988125265,39.519599988125265,9.609216,0
reactive-lru-k1,34,6,Draskel,lucky number,0,0.7987999706529081,58.186600042972714,52.065700001548976,52.864499972201884,110.25230004452169,0.0,0
topic-k2,34,6,Draskel,lucky number,0,0.8467999869026244,66.18870003148913,41.31770000094548,42.1644999878481,107.50640003243461,0.0,1
topic-k1,34,6,Draskel,lucky number,0,0.8238999871537089,75.47300000442192,72.21159996697679,73.0354999541305,147.6845999713987,0.0,0
oracle-k1,34,7,Seluun,board chair,1,0.0,0.0,67.50019994797185,67.50019994797185,67.50019994797185,9.437184,0
oracle-k2,34,7,Seluun,board chair,1,0.0,0.0,72.62789999367669,72.62789999367669,72.62789999367669,9.437184,0
all-resident-k8,34,7,Seluun,board chair,1,0.0,0.0,64.38909994903952,64.38909994903952,64.38909994903952,0.0,0
reactive-lru-k1,34,7,Seluun,board chair,0,0.49700000090524554,85.36560001084581,74.39200003864244,74.88900003954768,159.75760004948825,0.0,0
topic-k1,34,7,Seluun,board chair,0,0.4721999866887927,77.1571000223048,81.03800000390038,81.51019999058917,158.19510002620518,0.0,0
topic-k3,34,7,Seluun,board chair,1,0.0,0.0,77.25189998745918,77.25189998745918,77.25189998745918,9.510912,1
reactive-lru-k2,34,7,Seluun,board chair,1,0.0,0.0,53.562399989459664,53.562399989459664,53.562399989459664,0.0,0
oracle-k3,34,7,Seluun,board chair,1,0.0,0.0,92.8064999752678,92.8064999752678,92.8064999752678,9.437184,0
topic-k2,34,7,Seluun,board chair,1,0.0,0.0,42.84060001373291,42.84060001373291,42.84060001373291,0.0,0
reactive-lru-k3,34,7,Seluun,board chair,1,0.0,0.0,43.06769999675453,43.06769999675453,43.06769999675453,0.0,0
on-demand-k1,34,7,Seluun,board chair,0,0.4683000151999295,66.33879995206371,76.11750002251938,76.58580003771931,142.4562999745831,0.0,0
topic-k1,34,8,Seluun,lucky number,1,0.0,0.0,64.52840002020821,64.52840002020821,64.52840002020821,0.0,0
all-resident-k8,34,8,Seluun,lucky number,1,0.0,0.0,42.5192000111565,42.5192000111565,42.5192000111565,0.0,0
oracle-k3,34,8,Seluun,lucky number,1,0.0,0.0,50.32269994262606,50.32269994262606,50.32269994262606,0.0,0
reactive-lru-k1,34,8,Seluun,lucky number,1,0.0,0.0,45.828400005120784,45.828400005120784,45.828400005120784,0.0,0
oracle-k1,34,8,Seluun,lucky number,1,0.0,0.0,75.02729998668656,75.02729998668656,75.02729998668656,0.0,0
reactive-lru-k3,34,8,Seluun,lucky number,1,0.0,0.0,52.808200009167194,52.808200009167194,52.808200009167194,0.0,0
reactive-lru-k2,34,8,Seluun,lucky number,1,0.0,0.0,86.09019999857992,86.09019999857992,86.09019999857992,0.0,0
on-demand-k1,34,8,Seluun,lucky number,0,0.49450004007667303,72.40539998747408,59.725700004491955,60.22020004456863,132.13109999196604,0.0,0
topic-k2,34,8,Seluun,lucky number,1,0.0,0.0,43.05229999590665,43.05229999590665,43.05229999590665,8.835072,0
oracle-k2,34,8,Seluun,lucky number,1,0.0,0.0,49.6800999972038,49.6800999972038,49.6800999972038,0.0,0
topic-k3,34,8,Seluun,lucky number,1,0.0,0.0,61.57730001723394,61.57730001723394,61.57730001723394,8.835072,1
topic-k3,34,9,Seluun,research lab city,1,0.0,0.0,66.0245000035502,66.0245000035502,66.0245000035502,0.0,0
reactive-lru-k2,34,9,Seluun,research lab city,1,0.0,0.0,66.67790003120899,66.67790003120899,66.67790003120899,0.0,0
reactive-lru-k3,34,9,Seluun,research lab city,1,0.0,0.0,42.61370003223419,42.61370003223419,42.61370003223419,0.0,0
oracle-k2,34,9,Seluun,research lab city,1,0.0,0.0,52.59400000795722,52.59400000795722,52.59400000795722,0.0,0
all-resident-k8,34,9,Seluun,research lab city,1,0.0,0.0,42.23570000613108,42.23570000613108,42.23570000613108,0.0,0
topic-k1,34,9,Seluun,research lab city,1,0.0,0.0,67.22040002932772,67.22040002932772,67.22040002932772,0.0,0
on-demand-k1,34,9,Seluun,research lab city,0,0.7972000166773796,71.03180000558496,107.45429998496547,108.25150000164285,178.48609999055043,0.0,0
oracle-k3,34,9,Seluun,research lab city,1,0.0,0.0,63.91349999466911,63.91349999466911,63.91349999466911,0.0,0
oracle-k1,34,9,Seluun,research lab city,1,0.0,0.0,65.99209998967126,65.99209998967126,65.99209998967126,0.0,0
topic-k2,34,9,Seluun,research lab city,1,0.0,0.0,57.907800015527755,57.907800015527755,57.907800015527755,0.0,0
reactive-lru-k1,34,9,Seluun,research lab city,1,0.0,0.0,53.717800008598715,53.717800008598715,53.717800008598715,0.0,0
reactive-lru-k2,34,10,Pyrenna,headquarters city,0,0.8400999940931797,81.03920001303777,53.19150001741946,54.03160001151264,134.23070003045723,0.0,0
oracle-k2,34,10,Pyrenna,headquarters city,1,0.0,0.0,50.19080004421994,50.19080004421994,50.19080004421994,9.510912,0
all-resident-k8,34,10,Pyrenna,headquarters city,1,0.0,0.0,42.60950000025332,42.60950000025332,42.60950000025332,0.0,0
reactive-lru-k3,34,10,Pyrenna,headquarters city,0,0.8300999761559069,54.63680002139881,42.5624999916181,43.392599967774004,97.19930001301691,0.0,0
oracle-k1,34,10,Pyrenna,headquarters city,1,0.0,0.0,45.416200009640306,45.416200009640306,45.416200009640306,9.510912,0
on-demand-k1,34,10,Pyrenna,headquarters city,0,0.8054000209085643,63.82939999457449,78.60750000691041,79.41290002781898,142.4369000014849,0.0,0
topic-k3,34,10,Pyrenna,headquarters city,0,0.5065000150352716,61.72110000625253,66.91990001127124,67.42640002630651,128.64100001752377,0.0,0
reactive-lru-k1,34,10,Pyrenna,headquarters city,0,0.5164999747648835,90.32339998520911,71.1493999697268,71.66589994449168,161.4727999549359,0.0,0
oracle-k3,34,10,Pyrenna,headquarters city,1,0.0,0.0,75.31369995558634,75.31369995558634,75.31369995558634,9.510912,0
topic-k1,34,10,Pyrenna,headquarters city,0,0.5097000394016504,82.98299997113645,91.3062000181526,91.81590005755424,174.28919998928905,0.0,0
topic-k2,34,10,Pyrenna,headquarters city,0,0.569300027564168,53.68620000081137,69.16620000265539,69.73550003021955,122.85240000346676,0.0,1
topic-k3,34,11,Pyrenna,founding river,1,0.0,0.0,47.23210004158318,47.23210004158318,47.23210004158318,18.370559999999998,1
reactive-lru-k2,34,11,Pyrenna,founding river,1,0.0,0.0,54.76200004341081,54.76200004341081,54.76200004341081,0.0,0
reactive-lru-k1,34,11,Pyrenna,founding river,1,0.0,0.0,50.422600004822016,50.422600004822016,50.422600004822016,0.0,0
reactive-lru-k3,34,11,Pyrenna,founding river,1,0.0,0.0,62.41720000980422,62.41720000980422,62.41720000980422,0.0,0
topic-k1,34,11,Pyrenna,founding river,1,0.0,0.0,55.403699981980026,55.403699981980026,55.403699981980026,0.0,0
on-demand-k1,34,11,Pyrenna,founding river,0,0.5157999694347382,100.67390004405752,66.6895000031218,67.20529997255653,167.3634000471793,0.0,0
oracle-k3,34,11,Pyrenna,founding river,1,0.0,0.0,54.97390002710745,54.97390002710745,54.97390002710745,0.0,0
topic-k2,34,11,Pyrenna,founding river,1,0.0,0.0,71.11810002243146,71.11810002243146,71.11810002243146,9.609216,0
oracle-k2,34,11,Pyrenna,founding river,1,0.0,0.0,58.079599984921515,58.079599984921515,58.079599984921515,0.0,0
all-resident-k8,34,11,Pyrenna,founding river,1,0.0,0.0,70.35360002191737,70.35360002191737,70.35360002191737,0.0,0
oracle-k1,34,11,Pyrenna,founding river,1,0.0,0.0,81.74120000330731,81.74120000330731,81.74120000330731,0.0,0
reactive-lru-k2,35,0,Quorvane,motto word,0,0.5336999893188477,112.23679996328428,72.73920002626255,73.2729000155814,184.97599998954684,0.0,0
topic-k3,35,0,Quorvane,motto word,0,0.9104000055231154,76.79249998182058,39.33619998861104,40.24659999413416,116.12869997043163,0.0,0
oracle-k1,35,0,Quorvane,motto word,1,0.0,0.0,53.29579999670386,53.29579999670386,53.29579999670386,10.309632,0
all-resident-k8,35,0,Quorvane,motto word,1,0.0,0.0,39.80159998172894,39.80159998172894,39.80159998172894,75.472896,0
on-demand-k1,35,0,Quorvane,motto word,0,0.8503999561071396,52.79980000341311,66.27220002701506,67.1225999831222,119.07200003042817,0.0,0
topic-k1,35,0,Quorvane,motto word,0,0.9872000082395971,48.298300011083484,42.898999992758036,43.88620000099763,91.19730000384152,0.0,0
oracle-k2,35,0,Quorvane,motto word,1,0.0,0.0,46.43610003404319,46.43610003404319,46.43610003404319,10.309632,0
oracle-k3,35,0,Quorvane,motto word,1,0.0,0.0,64.3238999764435,64.3238999764435,64.3238999764435,10.309632,0
reactive-lru-k3,35,0,Quorvane,motto word,0,0.4794999840669334,47.24529996747151,42.56329999770969,43.042799981776625,89.8085999651812,0.0,0
reactive-lru-k1,35,0,Quorvane,motto word,0,0.4811999970115721,49.75570004899055,42.005600000265986,42.48679999727756,91.76130004925653,0.0,0
topic-k2,35,0,Quorvane,motto word,0,0.4798000445589423,75.51400002557784,87.57599996170029,88.05580000625923,163.08999998727813,0.0,0
reactive-lru-k2,35,1,Quorvane,stock ticker,1,0.0,0.0,84.03820003150031,84.03820003150031,84.03820003150031,0.0,0
all-resident-k8,35,1,Quorvane,stock ticker,1,0.0,0.0,46.74150003120303,46.74150003120303,46.74150003120303,0.0,0
reactive-lru-k3,35,1,Quorvane,stock ticker,1,0.0,0.0,55.3195999818854,55.3195999818854,55.3195999818854,0.0,0
oracle-k1,35,1,Quorvane,stock ticker,1,0.0,0.0,57.45749996276572,57.45749996276572,57.45749996276572,0.0,0
on-demand-k1,35,1,Quorvane,stock ticker,0,0.49860001308843493,59.19110000832006,40.350700030103326,40.84930004319176,99.54180003842339,0.0,0
oracle-k2,35,1,Quorvane,stock ticker,1,0.0,0.0,67.74050003150478,67.74050003150478,67.74050003150478,0.0,0
oracle-k3,35,1,Quorvane,stock ticker,1,0.0,0.0,66.41580001451075,66.41580001451075,66.41580001451075,0.0,0
topic-k2,35,1,Quorvane,stock ticker,1,0.0,0.0,71.27930002752692,71.27930002752692,71.27930002752692,9.437184,0
topic-k1,35,1,Quorvane,stock ticker,1,0.0,0.0,75.35619998816401,75.35619998816401,75.35619998816401,0.0,0
reactive-lru-k1,35,1,Quorvane,stock ticker,1,0.0,0.0,56.48789997212589,56.48789997212589,56.48789997212589,0.0,0
topic-k3,35,1,Quorvane,stock ticker,1,0.0,0.0,44.01110002072528,44.01110002072528,44.01110002072528,18.972672000000003,0
topic-k1,35,2,Veltrax,employee count,0,0.4735999973490834,55.04210002254695,69.319500005804,69.79310000315309,124.36160002835095,0.0,0
all-resident-k8,35,2,Veltrax,employee count,1,0.0,0.0,43.950799969024956,43.950799969024956,43.950799969024956,0.0,0
topic-k3,35,2,Veltrax,employee count,1,0.0,0.0,45.19049997907132,45.19049997907132,45.19049997907132,0.0,0
oracle-k2,35,2,Veltrax,employee count,1,0.0,0.0,50.69940001703799,50.69940001703799,50.69940001703799,9.535488,0
reactive-lru-k2,35,2,Veltrax,employee count,0,0.4453000146895647,67.4643000238575,61.745000013615936,62.1903000283055,129.20930003747344,0.0,0
reactive-lru-k3,35,2,Veltrax,employee count,0,0.48160000005736947,58.645499986596406,51.57579999649897,52.05739999655634,110.22129998309538,0.0,0
on-demand-k1,35,2,Veltrax,employee count,0,0.4486000398173928,48.00990002695471,77.88170001003891,78.3303000498563,125.89160003699362,0.0,0
oracle-k1,35,2,Veltrax,employee count,1,0.0,0.0,80.16220002900809,80.16220002900809,80.16220002900809,9.535488,0
topic-k2,35,2,Veltrax,employee count,0,0.49860001308843493,92.65879995655268,84.43399996031076,84.93259997339919,177.09279991686344,0.0,1
oracle-k3,35,2,Veltrax,employee count,1,0.0,0.0,72.85389996832237,72.85389996832237,72.85389996832237,9.535488,0
reactive-lru-k1,35,2,Veltrax,employee count,0,0.4627000307664275,108.11939998529851,83.03059998434037,83.4933000151068,191.14999996963888,0.0,0
topic-k1,35,3,Veltrax,mascot animal,1,0.0,0.0,80.17139998264611,80.17139998264611,80.17139998264611,0.0,0
topic-k2,35,3,Veltrax,mascot animal,1,0.0,0.0,84.57469998393208,84.57469998393208,84.57469998393208,9.510912,0
reactive-lru-k1,35,3,Veltrax,mascot animal,1,0.0,0.0,85.76779998838902,85.76779998838902,85.76779998838902,0.0,0
reactive-lru-k3,35,3,Veltrax,mascot animal,1,0.0,0.0,84.75979999639094,84.75979999639094,84.75979999639094,0.0,0
oracle-k1,35,3,Veltrax,mascot animal,1,0.0,0.0,45.010300003923476,45.010300003923476,45.010300003923476,0.0,0
oracle-k3,35,3,Veltrax,mascot animal,1,0.0,0.0,63.57720005325973,63.57720005325973,63.57720005325973,0.0,0
on-demand-k1,35,3,Veltrax,mascot animal,0,0.46609999844804406,82.46950001921505,59.63420000625774,60.10030000470579,142.1037000254728,0.0,0
topic-k3,35,3,Veltrax,mascot animal,1,0.0,0.0,39.95340003166348,39.95340003166348,39.95340003166348,9.510912,1
oracle-k2,35,3,Veltrax,mascot animal,1,0.0,0.0,39.84059998765588,39.84059998765588,39.84059998765588,0.0,0
all-resident-k8,35,3,Veltrax,mascot animal,1,0.0,0.0,43.78760000690818,43.78760000690818,43.78760000690818,0.0,0
reactive-lru-k2,35,3,Veltrax,mascot animal,1,0.0,0.0,71.77789998240769,71.77789998240769,71.77789998240769,0.0,0
topic-k3,35,4,Veltrax,board chair,1,0.0,0.0,63.34459997015074,63.34459997015074,63.34459997015074,0.0,0
topic-k1,35,4,Veltrax,board chair,1,0.0,0.0,62.85290000960231,62.85290000960231,62.85290000960231,0.0,0
all-resident-k8,35,4,Veltrax,board chair,1,0.0,0.0,44.58780004642904,44.58780004642904,44.58780004642904,0.0,0
reactive-lru-k2,35,4,Veltrax,board chair,1,0.0,0.0,56.81639997055754,56.81639997055754,56.81639997055754,0.0,0
on-demand-k1,35,4,Veltrax,board chair,0,0.8199000149033964,48.454999981913716,56.95100000593811,57.77090002084151,105.40599998785183,0.0,0
oracle-k1,35,4,Veltrax,board chair,1,0.0,0.0,53.86490002274513,53.86490002274513,53.86490002274513,0.0,0
reactive-lru-k1,35,4,Veltrax,board chair,1,0.0,0.0,65.77889999607578,65.77889999607578,65.77889999607578,0.0,0
reactive-lru-k3,35,4,Veltrax,board chair,1,0.0,0.0,58.026299986522645,58.026299986522645,58.026299986522645,0.0,0
topic-k2,35,4,Veltrax,board chair,1,0.0,0.0,45.893499976955354,45.893499976955354,45.893499976955354,0.0,0
oracle-k3,35,4,Veltrax,board chair,1,0.0,0.0,49.41029998008162,49.41029998008162,49.41029998008162,0.0,0
oracle-k2,35,4,Veltrax,board chair,1,0.0,0.0,49.673100002110004,49.673100002110004,49.673100002110004,0.0,0
oracle-k1,35,5,Veltrax,anthem composer,1,0.0,0.0,56.84510001447052,56.84510001447052,56.84510001447052,0.0,0
reactive-lru-k1,35,5,Veltrax,anthem composer,1,0.0,0.0,61.4017000189051,61.4017000189051,61.4017000189051,0.0,0
on-demand-k1,35,5,Veltrax,anthem composer,0,0.45950000640004873,62.8036999842152,44.72519998671487,45.18469999311492,107.52889997093007,0.0,0
topic-k2,35,5,Veltrax,anthem composer,1,0.0,0.0,63.570400001481175,63.570400001481175,63.570400001481175,0.0,0
topic-k1,35,5,Veltrax,anthem composer,1,0.0,0.0,57.43240000447258,57.43240000447258,57.43240000447258,0.0,0
reactive-lru-k3,35,5,Veltrax,anthem composer,1,0.0,0.0,43.98449999280274,43.98449999280274,43.98449999280274,0.0,0
oracle-k3,35,5,Veltrax,anthem composer,1,0.0,0.0,60.00619998667389,60.00619998667389,60.00619998667389,0.0,0
oracle-k2,35,5,Veltrax,anthem composer,1,0.0,0.0,60.75140001485124,60.75140001485124,60.75140001485124,0.0,0
all-resident-k8,35,5,Veltrax,anthem composer,1,0.0,0.0,65.17120002536103,65.17120002536103,65.17120002536103,0.0,0
topic-k3,35,5,Veltrax,anthem composer,1,0.0,0.0,45.69969995645806,45.69969995645806,45.69969995645806,0.0,0
reactive-lru-k2,35,5,Veltrax,anthem composer,1,0.0,0.0,64.37420001020655,64.37420001020655,64.37420001020655,0.0,0
reactive-lru-k1,35,6,Pyrenna,archive codename,0,0.48779998905956745,100.16800003359094,59.09569998038933,59.583499969448894,159.26370001398027,0.0,0
reactive-lru-k2,35,6,Pyrenna,archive codename,0,0.45409996528178453,88.80050003062934,79.32269998127595,79.77679994655773,168.12320001190528,0.0,0
topic-k3,35,6,Pyrenna,archive codename,1,0.0,0.0,51.572300028055906,51.572300028055906,51.572300028055906,0.0,0
topic-k1,35,6,Pyrenna,archive codename,0,0.46449998626485467,46.94760002894327,110.88769999332726,111.35219997959211,157.83530002227053,0.0,0
oracle-k3,35,6,Pyrenna,archive codename,1,0.0,0.0,41.88540001632646,41.88540001632646,41.88540001632646,9.510912,0
oracle-k1,35,6,Pyrenna,archive codename,1,0.0,0.0,44.896400009747595,44.896400009747595,44.896400009747595,9.510912,0
oracle-k2,35,6,Pyrenna,archive codename,1,0.0,0.0,71.12090004375204,71.12090004375204,71.12090004375204,9.510912,0
reactive-lru-k3,35,6,Pyrenna,archive codename,0,0.8230999810621142,87.71570003591478,63.22279997402802,64.04589995509014,150.9385000099428,0.0,0
topic-k2,35,6,Pyrenna,archive codename,1,0.0,0.0,30.076300026848912,30.076300026848912,30.076300026848912,0.0,0
on-demand-k1,35,6,Pyrenna,archive codename,0,0.8498000097461045,46.48389999056235,39.300400007050484,40.15020001679659,85.78429999761283,0.0,0
all-resident-k8,35,6,Pyrenna,archive codename,1,0.0,0.0,38.82130002602935,38.82130002602935,38.82130002602935,0.0,0
topic-k2,35,7,Pyrenna,lucky number,1,0.0,0.0,19.52450000680983,19.52450000680983,19.52450000680983,9.609216,0
topic-k3,35,7,Pyrenna,lucky number,1,0.0,0.0,21.107300010044128,21.107300010044128,21.107300010044128,18.370559999999998,0
reactive-lru-k3,35,7,Pyrenna,lucky number,1,0.0,0.0,20.515400043223053,20.515400043223053,20.515400043223053,0.0,0
oracle-k1,35,7,Pyrenna,lucky number,1,0.0,0.0,19.92039999458939,19.92039999458939,19.92039999458939,0.0,0
oracle-k2,35,7,Pyrenna,lucky number,1,0.0,0.0,21.89969999017194,21.89969999017194,21.89969999017194,0.0,0
reactive-lru-k1,35,7,Pyrenna,lucky number,1,0.0,0.0,19.047200039494783,19.047200039494783,19.047200039494783,0.0,0
all-resident-k8,35,7,Pyrenna,lucky number,1,0.0,0.0,19.575999991502613,19.575999991502613,19.575999991502613,0.0,0
topic-k1,35,7,Pyrenna,lucky number,1,0.0,0.0,19.036400015465915,19.036400015465915,19.036400015465915,0.0,0
oracle-k3,35,7,Pyrenna,lucky number,1,0.0,0.0,20.85500000976026,20.85500000976026,20.85500000976026,0.0,0
reactive-lru-k2,35,7,Pyrenna,lucky number,1,0.0,0.0,19.975600007455796,19.975600007455796,19.975600007455796,0.0,0
on-demand-k1,35,7,Pyrenna,lucky number,0,0.4521000082604587,28.67230004630983,19.870900025125593,20.32300003338605,48.54320007143542,0.0,0
topic-k1,35,8,Ilmeth,lucky number,0,0.4088999703526497,26.47759998217225,18.99429998593405,19.4031999562867,45.4718999681063,0.0,0
oracle-k1,35,8,Ilmeth,lucky number,1,0.0,0.0,19.532899954356253,19.532899954356253,19.532899954356253,8.761344,0
oracle-k3,35,8,Ilmeth,lucky number,1,0.0,0.0,18.710200034547597,18.710200034547597,18.710200034547597,8.761344,0
topic-k3,35,8,Ilmeth,lucky number,1,0.0,0.0,19.903099979273975,19.903099979273975,19.903099979273975,0.0,0
reactive-lru-k1,35,8,Ilmeth,lucky number,0,0.4171000327914953,25.388100009877235,21.051599993370473,21.46870002616197,46.43970000324771,0.0,0
oracle-k2,35,8,Ilmeth,lucky number,1,0.0,0.0,21.588900010101497,21.588900010101497,21.588900010101497,8.761344,0
reactive-lru-k2,35,8,Ilmeth,lucky number,0,0.4107999848201871,22.40339998388663,19.69650003593415,20.107300020754337,42.09990001982078,0.0,0
reactive-lru-k3,35,8,Ilmeth,lucky number,0,0.41069998405873775,22.134699975140393,19.297400023788214,19.70810000784695,41.43209999892861,0.0,0
all-resident-k8,35,8,Ilmeth,lucky number,1,0.0,0.0,19.664799969177693,19.664799969177693,19.664799969177693,0.0,0
topic-k2,35,8,Ilmeth,lucky number,0,0.41199999395757914,21.533099992666394,18.907200021203607,19.319200015161186,40.44030001387,0.0,1
on-demand-k1,35,8,Ilmeth,lucky number,0,0.4002000205218792,22.737099963705987,20.30989999184385,20.71010001236573,43.046999955549836,0.0,0
oracle-k3,35,9,Ilmeth,research lab city,1,0.0,0.0,19.509000005200505,19.509000005200505,19.509000005200505,0.0,0
on-demand-k1,35,9,Ilmeth,research lab city,0,0.41689997306093574,22.54109998466447,18.992199969943613,19.40909994300455,41.53329995460808,0.0,0
reactive-lru-k2,35,9,Ilmeth,research lab city,1,0.0,0.0,19.07689997460693,19.07689997460693,19.07689997460693,0.0,0
topic-k2,35,9,Ilmeth,research lab city,1,0.0,0.0,19.290000025648624,19.290000025648624,19.290000025648624,9.609216,0
all-resident-k8,35,9,Ilmeth,research lab city,1,0.0,0.0,20.162299973890185,20.162299973890185,20.162299973890185,0.0,0
oracle-k1,35,9,Ilmeth,research lab city,1,0.0,0.0,19.076300028245896,19.076300028245896,19.076300028245896,0.0,0
topic-k1,35,9,Ilmeth,research lab city,1,0.0,0.0,19.291399978101254,19.291399978101254,19.291399978101254,0.0,0
reactive-lru-k1,35,9,Ilmeth,research lab city,1,0.0,0.0,20.965799980331212,20.965799980331212,20.965799980331212,0.0,0
reactive-lru-k3,35,9,Ilmeth,research lab city,1,0.0,0.0,19.855699967592955,19.855699967592955,19.855699967592955,0.0,0
topic-k3,35,9,Ilmeth,research lab city,1,0.0,0.0,20.768099988345057,20.768099988345057,20.768099988345057,9.474048,0
oracle-k2,35,9,Ilmeth,research lab city,1,0.0,0.0,20.49820002866909,20.49820002866909,20.49820002866909,0.0,0
oracle-k1,35,10,Ilmeth,motto word,1,0.0,0.0,19.702999969013035,19.702999969013035,19.702999969013035,0.0,0
reactive-lru-k1,35,10,Ilmeth,motto word,1,0.0,0.0,19.942699989769608,19.942699989769608,19.942699989769608,0.0,0
topic-k1,35,10,Ilmeth,motto word,1,0.0,0.0,19.568800053093582,19.568800053093582,19.568800053093582,0.0,0
topic-k3,35,10,Ilmeth,motto word,1,0.0,0.0,19.646800006739795,19.646800006739795,19.646800006739795,0.0,0
topic-k2,35,10,Ilmeth,motto word,1,0.0,0.0,19.734300032723695,19.734300032723695,19.734300032723695,0.0,0
oracle-k3,35,10,Ilmeth,motto word,1,0.0,0.0,23.875500017311424,23.875500017311424,23.875500017311424,0.0,0
oracle-k2,35,10,Ilmeth,motto word,1,0.0,0.0,19.698399992194027,19.698399992194027,19.698399992194027,0.0,0
on-demand-k1,35,10,Ilmeth,motto word,0,0.40389999048784375,22.574900009203702,20.032199972774833,20.436099963262677,42.607099981978536,0.0,0
reactive-lru-k3,35,10,Ilmeth,motto word,1,0.0,0.0,19.006999966222793,19.006999966222793,19.006999966222793,0.0,0
reactive-lru-k2,35,10,Ilmeth,motto word,1,0.0,0.0,19.502900016959757,19.502900016959757,19.502900016959757,0.0,0
all-resident-k8,35,10,Ilmeth,motto word,1,0.0,0.0,19.105999963358045,19.105999963358045,19.105999963358045,0.0,0
topic-k2,35,11,Ilmeth,board chair,1,0.0,0.0,18.931399972643703,18.931399972643703,18.931399972643703,0.0,0
oracle-k3,35,11,Ilmeth,board chair,1,0.0,0.0,19.49779997812584,19.49779997812584,19.49779997812584,0.0,0
topic-k3,35,11,Ilmeth,board chair,1,0.0,0.0,21.22090000193566,21.22090000193566,21.22090000193566,0.0,0
oracle-k1,35,11,Ilmeth,board chair,1,0.0,0.0,21.04479999979958,21.04479999979958,21.04479999979958,0.0,0
reactive-lru-k1,35,11,Ilmeth,board chair,1,0.0,0.0,19.16029996937141,19.16029996937141,19.16029996937141,0.0,0
reactive-lru-k3,35,11,Ilmeth,board chair,1,0.0,0.0,18.759099999442697,18.759099999442697,18.759099999442697,0.0,0
reactive-lru-k2,35,11,Ilmeth,board chair,1,0.0,0.0,19.13620001869276,19.13620001869276,19.13620001869276,0.0,0
all-resident-k8,35,11,Ilmeth,board chair,1,0.0,0.0,19.975400005932897,19.975400005932897,19.975400005932897,0.0,0
on-demand-k1,35,11,Ilmeth,board chair,0,0.41909998981282115,22.556499985512346,19.654600007925183,20.073699997738004,42.21109999343753,0.0,0
oracle-k2,35,11,Ilmeth,board chair,1,0.0,0.0,21.71160001307726,21.71160001307726,21.71160001307726,0.0,0
topic-k1,35,11,Ilmeth,board chair,1,0.0,0.0,20.252299960702658,20.252299960702658,20.252299960702658,0.0,0
all-resident-k8,36,0,Ilmeth,headquarters city,1,0.0,0.0,19.58560000639409,19.58560000639409,19.58560000639409,75.472896,0
reactive-lru-k2,36,0,Ilmeth,headquarters city,0,0.41610002517700195,22.054800007026643,20.198100013658404,20.614200038835406,42.25290002068505,0.0,0
reactive-lru-k1,36,0,Ilmeth,headquarters city,0,0.43239997467026114,24.51439999276772,20.55120002478361,20.983599999453872,45.06560001755133,0.0,0
oracle-k3,36,0,Ilmeth,headquarters city,1,0.0,0.0,19.60020000115037,19.60020000115037,19.60020000115037,8.761344,0
topic-k1,36,0,Ilmeth,headquarters city,0,0.4206000012345612,21.93380001699552,20.08470002328977,20.50530002452433,42.01850004028529,0.0,0
reactive-lru-k3,36,0,Ilmeth,headquarters city,0,0.4138000076636672,22.580299992114305,20.049499988090247,20.463299995753914,42.62979998020455,0.0,0
topic-k3,36,0,Ilmeth,headquarters city,0,0.4184000426903367,22.49689999734983,19.43139999639243,19.849800039082766,41.92829999374226,0.0,0
oracle-k1,36,0,Ilmeth,headquarters city,1,0.0,0.0,18.7096000299789,18.7096000299789,18.7096000299789,8.761344,0
topic-k2,36,0,Ilmeth,headquarters city,0,0.4118999931961298,21.460100018884987,19.92490002885461,20.33680002205074,41.385000047739595,0.0,0
on-demand-k1,36,0,Ilmeth,headquarters city,0,0.40469999657943845,22.242099978029728,20.10249998420477,20.507199980784208,42.3445999622345,0.0,0
oracle-k2,36,0,Ilmeth,headquarters city,1,0.0,0.0,19.51450004708022,19.51450004708022,19.51450004708022,8.761344,0
topic-k1,36,1,Ilmeth,signature dish,1,0.0,0.0,19.026099995244294,19.026099995244294,19.026099995244294,0.0,0
oracle-k2,36,1,Ilmeth,signature dish,1,0.0,0.0,19.54680000199005,19.54680000199005,19.54680000199005,0.0,0
reactive-lru-k2,36,1,Ilmeth,signature dish,1,0.0,0.0,20.002099976409227,20.002099976409227,20.002099976409227,0.0,0
reactive-lru-k3,36,1,Ilmeth,signature dish,1,0.0,0.0,20.516500051598996,20.516500051598996,20.516500051598996,0.0,0
topic-k2,36,1,Ilmeth,signature dish,1,0.0,0.0,21.245900017675012,21.245900017675012,21.245900017675012,9.609216,0
oracle-k1,36,1,Ilmeth,signature dish,1,0.0,0.0,21.129800006747246,21.129800006747246,21.129800006747246,0.0,0
all-resident-k8,36,1,Ilmeth,signature dish,1,0.0,0.0,19.244199967943132,19.244199967943132,19.244199967943132,0.0,0
reactive-lru-k1,36,1,Ilmeth,signature dish,1,0.0,0.0,18.981600005645305,18.981600005645305,18.981600005645305,0.0,0
topic-k3,36,1,Ilmeth,signature dish,1,0.0,0.0,20.20750002702698,20.20750002702698,20.20750002702698,19.083264,0
oracle-k3,36,1,Ilmeth,signature dish,1,0.0,0.0,20.246799977030605,20.246799977030605,20.246799977030605,0.0,0
on-demand-k1,36,1,Ilmeth,signature dish,0,0.43459999142214656,23.70869996957481,19.82960000168532,20.264199993107468,43.53829997126013,0.0,0
reactive-lru-k2,36,2,Draskel,chief engineer,0,0.4447000101208687,22.002300014719367,19.145699974615127,19.590399984735996,41.147999989334494,0.0,0
topic-k3,36,2,Draskel,chief engineer,1,0.0,0.0,19.175400026142597,19.175400026142597,19.175400026142597,0.0,0
topic-k2,36,2,Draskel,chief engineer,1,0.0,0.0,20.21950000198558,20.21950000198558,20.21950000198558,0.0,0
topic-k1,36,2,Draskel,chief engineer,0,0.45900000259280205,23.692700022365898,20.063499978277832,20.522499980870634,43.75620000064373,0.0,0
all-resident-k8,36,2,Draskel,chief engineer,1,0.0,0.0,19.033800053875893,19.033800053875893,19.033800053875893,0.0,0
oracle-k1,36,2,Draskel,chief engineer,1,0.0,0.0,19.724300014786422,19.724300014786422,19.724300014786422,9.609216,0
on-demand-k1,36,2,Draskel,chief engineer,0,0.45170000521466136,22.03470002859831,18.92880001105368,19.380500016268343,40.96350003965199,0.0,0
reactive-lru-k3,36,2,Draskel,chief engineer,0,0.4512000014074147,21.547600044868886,19.456000009085983,19.907200010493398,41.00360005395487,0.0,0
oracle-k2,36,2,Draskel,chief engineer,1,0.0,0.0,19.199299975298345,19.199299975298345,19.199299975298345,9.609216,0
oracle-k3,36,2,Draskel,chief engineer,1,0.0,0.0,21.480900002643466,21.480900002643466,21.480900002643466,9.609216,0
reactive-lru-k1,36,2,Draskel,chief engineer,0,0.45659998431801796,24.3134000338614,19.4533999892883,19.90999997360632,43.7668000231497,0.0,0
all-resident-k8,36,3,Pyrenna,chief engineer,1,0.0,0.0,19.13909998256713,19.13909998256713,19.13909998256713,0.0,0
reactive-lru-k1,36,3,Pyrenna,chief engineer,0,0.43340004049241543,22.14870002353564,20.018400042317808,20.451800082810223,42.16710006585345,0.0,0
on-demand-k1,36,3,Pyrenna,chief engineer,0,0.4455000162124634,21.51859999867156,20.481000014115125,20.92650003032759,41.999600012786686,0.0,0
oracle-k3,36,3,Pyrenna,chief engineer,1,0.0,0.0,19.9379000114277,19.9379000114277,19.9379000114277,9.510912,0
reactive-lru-k3,36,3,Pyrenna,chief engineer,0,0.45170000521466136,22.038600000087172,19.87300004111603,20.32470004633069,41.9116000412032,0.0,0
oracle-k1,36,3,Pyrenna,chief engineer,1,0.0,0.0,19.03679996030405,19.03679996030405,19.03679996030405,9.510912,0
reactive-lru-k2,36,3,Pyrenna,chief engineer,0,0.47690002247691154,23.636800004169345,19.06379999127239,19.5407000137493,42.700599995441735,0.0,0
topic-k3,36,3,Pyrenna,chief engineer,1,0.0,0.0,18.998300016392022,18.998300016392022,18.998300016392022,18.948096,1
oracle-k2,36,3,Pyrenna,chief engineer,1,0.0,0.0,20.70839999942109,20.70839999942109,20.70839999942109,9.510912,0
topic-k2,36,3,Pyrenna,chief engineer,0,0.41150004835799336,22.13220001431182,21.213300002273172,21.624800050631166,43.34550001658499,9.437184,0
topic-k1,36,3,Pyrenna,chief engineer,0,0.4474999732337892,21.716699993703514,18.85639998363331,19.3038999568671,40.573099977336824,0.0,0
all-resident-k8,36,4,Pyrenna,employee count,1,0.0,0.0,19.195200002286583,19.195200002286583,19.195200002286583,0.0,0
oracle-k2,36,4,Pyrenna,employee count,1,0.0,0.0,23.821800015866756,23.821800015866756,23.821800015866756,0.0,0
reactive-lru-k2,36,4,Pyrenna,employee count,1,0.0,0.0,20.18079999834299,20.18079999834299,20.18079999834299,0.0,0
topic-k1,36,4,Pyrenna,employee count,1,0.0,0.0,21.457499999087304,21.457499999087304,21.457499999087304,0.0,0
topic-k2,36,4,Pyrenna,employee count,1,0.0,0.0,19.953400013037026,19.953400013037026,19.953400013037026,9.609216,1
reactive-lru-k3,36,4,Pyrenna,employee count,1,0.0,0.0,19.44599999114871,19.44599999114871,19.44599999114871,0.0,0
reactive-lru-k1,36,4,Pyrenna,employee count,1,0.0,0.0,18.954699975438416,18.954699975438416,18.954699975438416,0.0,0
oracle-k3,36,4,Pyrenna,employee count,1,0.0,0.0,18.983000016305596,18.983000016305596,18.983000016305596,0.0,0
oracle-k1,36,4,Pyrenna,employee count,1,0.0,0.0,19.08609998645261,19.08609998645261,19.08609998645261,0.0,0
topic-k3,36,4,Pyrenna,employee count,1,0.0,0.0,22.298500000033528,22.298500000033528,22.298500000033528,8.761344,1
on-demand-k1,36,4,Pyrenna,employee count,0,0.44350000098347664,22.205599991139024,19.349000009242445,19.792500010225922,41.55460000038147,0.0,0
oracle-k1,36,5,Draskel,chief executive,1,0.0,0.0,19.289500021841377,19.289500021841377,19.289500021841377,9.609216,0
topic-k3,36,5,Draskel,chief executive,1,0.0,0.0,19.412699970416725,19.412699970416725,19.412699970416725,0.0,0
all-resident-k8,36,5,Draskel,chief executive,1,0.0,0.0,18.700099957641214,18.700099957641214,18.700099957641214,0.0,0
oracle-k2,36,5,Draskel,chief executive,1,0.0,0.0,19.50970001053065,19.50970001053065,19.50970001053065,9.609216,0
oracle-k3,36,5,Draskel,chief executive,1,0.0,0.0,18.867600010707974,18.867600010707974,18.867600010707974,9.609216,0
topic-k2,36,5,Draskel,chief executive,1,0.0,0.0,19.446999998763204,19.446999998763204,19.446999998763204,0.0,0
reactive-lru-k3,36,5,Draskel,chief executive,1,0.0,0.0,20.49780002562329,20.49780002562329,20.49780002562329,0.0,0
reactive-lru-k1,36,5,Draskel,chief executive,0,0.4507999983616173,22.260600002482533,22.13529997970909,22.586099978070706,44.39589998219162,0.0,0
topic-k1,36,5,Draskel,chief executive,0,0.43750001350417733,21.632599993608892,22.46710000326857,22.904600016772747,44.09969999687746,0.0,0
on-demand-k1,36,5,Draskel,chief executive,0,0.45469996985048056,23.39469996513799,19.66849999735132,20.1231999672018,43.06319996248931,0.0,0
reactive-lru-k2,36,5,Draskel,chief executive,1,0.0,0.0,21.195399982389063,21.195399982389063,21.195399982389063,0.0,0
topic-k2,36,6,Seluun,satellite name,1,0.0,0.0,19.41489998716861,19.41489998716861,19.41489998716861,9.437184,0
reactive-lru-k3,36,6,Seluun,satellite name,0,0.44049997813999653,22.33950002118945,23.00349995493889,23.443999933078885,45.34299997612834,0.0,0
on-demand-k1,36,6,Seluun,satellite name,0,0.44269999489188194,26.53380000265315,19.740500021725893,20.183200016617775,46.274300024379045,0.0,0
oracle-k2,36,6,Seluun,satellite name,1,0.0,0.0,19.68180004041642,19.68180004041642,19.68180004041642,9.437184,0
topic-k3,36,6,Seluun,satellite name,1,0.0,0.0,19.505599979311228,19.505599979311228,19.505599979311228,9.437184,1
topic-k1,36,6,Seluun,satellite name,0,0.4395999712869525,25.60960000846535,19.983200007118285,20.422799978405237,45.592800015583634,0.0,0
oracle-k1,36,6,Seluun,satellite name,1,0.0,0.0,19.060000020544976,19.060000020544976,19.060000020544976,9.437184,0
oracle-k3,36,6,Seluun,satellite name,1,0.0,0.0,18.83099996484816,18.83099996484816,18.83099996484816,9.437184,0
reactive-lru-k2,36,6,Seluun,satellite name,0,0.4233000217936933,21.912000025622547,19.44289996754378,19.866199989337474,41.35489999316633,0.0,0
all-resident-k8,36,6,Seluun,satellite name,1,0.0,0.0,19.941500038839877,19.941500038839877,19.941500038839877,0.0,0
reactive-lru-k1,36,6,Seluun,satellite name,0,0.43710001045838,25.35189996706322,20.014600013382733,20.451700023841113,45.36649998044595,0.0,0
topic-k1,36,7,Seluun,flagship product,1,0.0,0.0,20.26840002508834,20.26840002508834,20.26840002508834,0.0,0
on-demand-k1,36,7,Seluun,flagship product,0,0.4412000416778028,22.53090002341196,20.32899996265769,20.770200004335493,42.85989998606965,0.0,0
oracle-k1,36,7,Seluun,flagship product,1,0.0,0.0,19.995999988168478,19.995999988168478,19.995999988168478,0.0,0
oracle-k3,36,7,Seluun,flagship product,1,0.0,0.0,19.318200007546693,19.318200007546693,19.318200007546693,0.0,0
reactive-lru-k1,36,7,Seluun,flagship product,1,0.0,0.0,19.612499978393316,19.612499978393316,19.612499978393316,0.0,0
oracle-k2,36,7,Seluun,flagship product,1,0.0,0.0,20.68339998368174,20.68339998368174,20.68339998368174,0.0,0
reactive-lru-k3,36,7,Seluun,flagship product,1,0.0,0.0,19.587400020100176,19.587400020100176,19.587400020100176,0.0,0
topic-k2,36,7,Seluun,flagship product,1,0.0,0.0,19.61519999895245,19.61519999895245,19.61519999895245,8.835072,0
all-resident-k8,36,7,Seluun,flagship product,1,0.0,0.0,19.25650000339374,19.25650000339374,19.25650000339374,0.0,0
reactive-lru-k2,36,7,Seluun,flagship product,1,0.0,0.0,20.862799952737987,20.862799952737987,20.862799952737987,0.0,0
topic-k3,36,7,Seluun,flagship product,1,0.0,0.0,19.685100007336587,19.685100007336587,19.685100007336587,8.835072,0
topic-k3,36,8,Seluun,mascot animal,1,0.0,0.0,19.322399981319904,19.322399981319904,19.322399981319904,0.0,0
oracle-k2,36,8,Seluun,mascot animal,1,0.0,0.0,19.88470001379028,19.88470001379028,19.88470001379028,0.0,0
reactive-lru-k2,36,8,Seluun,mascot animal,1,0.0,0.0,21.35439997073263,21.35439997073263,21.35439997073263,0.0,0
reactive-lru-k3,36,8,Seluun,mascot animal,1,0.0,0.0,20.611299958545715,20.611299958545715,20.611299958545715,0.0,0
all-resident-k8,36,8,Seluun,mascot animal,1,0.0,0.0,22.01670000795275,22.01670000795275,22.01670000795275,0.0,0
oracle-k3,36,8,Seluun,mascot animal,1,0.0,0.0,25.46129998518154,25.46129998518154,25.46129998518154,0.0,0
topic-k2,36,8,Seluun,mascot animal,1,0.0,0.0,25.92079999158159,25.92079999158159,25.92079999158159,0.0,0
on-demand-k1,36,8,Seluun,mascot animal,0,0.45359996147453785,30.864199972711504,18.805100000463426,19.258699961937964,49.66929997317493,0.0,0
reactive-lru-k1,36,8,Seluun,mascot animal,1,0.0,0.0,31.451699964236468,31.451699964236468,31.451699964236468,0.0,0
oracle-k1,36,8,Seluun,mascot animal,1,0.0,0.0,24.902099976316094,24.902099976316094,24.902099976316094,0.0,0
topic-k1,36,8,Seluun,mascot animal,1,0.0,0.0,34.062999999150634,34.062999999150634,34.062999999150634,0.0,0
oracle-k3,36,9,Seluun,primary material,1,0.0,0.0,27.79339998960495,27.79339998960495,27.79339998960495,0.0,0
topic-k2,36,9,Seluun,primary material,1,0.0,0.0,23.129599983803928,23.129599983803928,23.129599983803928,0.0,0
topic-k1,36,9,Seluun,primary material,1,0.0,0.0,20.248499989975244,20.248499989975244,20.248499989975244,0.0,0
reactive-lru-k1,36,9,Seluun,primary material,1,0.0,0.0,24.85109999543056,24.85109999543056,24.85109999543056,0.0,0
oracle-k1,36,9,Seluun,primary material,1,0.0,0.0,30.461399990599602,30.461399990599602,30.461399990599602,0.0,0
reactive-lru-k2,36,9,Seluun,primary material,1,0.0,0.0,28.041400015354156,28.041400015354156,28.041400015354156,0.0,0
topic-k3,36,9,Seluun,primary material,1,0.0,0.0,27.66749996226281,27.66749996226281,27.66749996226281,0.0,0
reactive-lru-k3,36,9,Seluun,primary material,1,0.0,0.0,30.408099992200732,30.408099992200732,30.408099992200732,0.0,0
all-resident-k8,36,9,Seluun,primary material,1,0.0,0.0,23.41369999339804,23.41369999339804,23.41369999339804,0.0,0
oracle-k2,36,9,Seluun,primary material,1,0.0,0.0,29.913000005763024,29.913000005763024,29.913000005763024,0.0,0
on-demand-k1,36,9,Seluun,primary material,0,0.4556999774649739,24.426499963738024,21.903700020629913,22.359399998094887,46.33019998436794,0.0,0
reactive-lru-k3,36,10,Seluun,founding year,1,0.0,0.0,24.22119997208938,24.22119997208938,24.22119997208938,0.0,0
topic-k1,36,10,Seluun,founding year,1,0.0,0.0,32.75949996896088,32.75949996896088,32.75949996896088,0.0,0
topic-k3,36,10,Seluun,founding year,1,0.0,0.0,29.760300007183105,29.760300007183105,29.760300007183105,0.0,0
reactive-lru-k2,36,10,Seluun,founding year,1,0.0,0.0,29.051599965896457,29.051599965896457,29.051599965896457,0.0,0
oracle-k3,36,10,Seluun,founding year,1,0.0,0.0,28.877099975943565,28.877099975943565,28.877099975943565,0.0,0
oracle-k1,36,10,Seluun,founding year,1,0.0,0.0,26.75789996283129,26.75789996283129,26.75789996283129,0.0,0
all-resident-k8,36,10,Seluun,founding year,1,0.0,0.0,26.704699965193868,26.704699965193868,26.704699965193868,0.0,0
reactive-lru-k1,36,10,Seluun,founding year,1,0.0,0.0,27.262200019322336,27.262200019322336,27.262200019322336,0.0,0
on-demand-k1,36,10,Seluun,founding year,0,0.4867999814450741,28.016199998091906,31.116999976802617,31.60379995824769,59.133199974894524,0.0,0
topic-k2,36,10,Seluun,founding year,1,0.0,0.0,32.95959997922182,32.95959997922182,32.95959997922182,0.0,0
oracle-k2,36,10,Seluun,founding year,1,0.0,0.0,26.420300011523068,26.420300011523068,26.420300011523068,0.0,0
reactive-lru-k2,36,11,Draskel,board chair,1,0.0,0.0,32.00390003621578,32.00390003621578,32.00390003621578,0.0,0
topic-k1,36,11,Draskel,board chair,0,0.4670000053010881,31.350099947303534,34.13490002276376,34.60190002806485,65.48499997006729,0.0,0
topic-k2,36,11,Draskel,board chair,0,0.46169996494427323,23.003699956461787,26.93120000185445,27.392899966798723,49.93489995831624,0.0,1
oracle-k2,36,11,Draskel,board chair,1,0.0,0.0,23.924499982967973,23.924499982967973,23.924499982967973,9.609216,0
oracle-k1,36,11,Draskel,board chair,1,0.0,0.0,26.13229997223243,26.13229997223243,26.13229997223243,9.609216,0
on-demand-k1,36,11,Draskel,board chair,0,0.44620002154260874,27.647499984595925,29.65879999101162,30.10500001255423,57.306299975607544,0.0,0
oracle-k3,36,11,Draskel,board chair,1,0.0,0.0,21.90110000083223,21.90110000083223,21.90110000083223,9.609216,0
reactive-lru-k1,36,11,Draskel,board chair,0,0.4556999774649739,22.353300009854138,19.31269996566698,19.768399943131953,41.66599997552112,0.0,0
topic-k3,36,11,Draskel,board chair,1,0.0,0.0,28.345500002615154,28.345500002615154,28.345500002615154,0.0,0
all-resident-k8,36,11,Draskel,board chair,1,0.0,0.0,29.732600029092282,29.732600029092282,29.732600029092282,0.0,0
reactive-lru-k3,36,11,Draskel,board chair,1,0.0,0.0,24.560999998357147,24.560999998357147,24.560999998357147,0.0,0
reactive-lru-k3,37,0,Draskel,stock ticker,0,0.4414999857544899,28.96109997527674,21.80350001435727,22.24500000011176,50.76459998963401,0.0,0
all-resident-k8,37,0,Draskel,stock ticker,1,0.0,0.0,20.090900012291968,20.090900012291968,20.090900012291968,75.472896,0
topic-k3,37,0,Draskel,stock ticker,0,0.4325000336393714,28.521900007035583,26.400300033856183,26.832800067495555,54.92220004089177,0.0,0
reactive-lru-k1,37,0,Draskel,stock ticker,0,0.4363000043667853,21.36909996625036,26.275500014889985,26.71180001925677,47.644599981140345,0.0,0
reactive-lru-k2,37,0,Draskel,stock ticker,0,0.43760001426562667,28.669500024989247,22.423600021284074,22.8612000355497,51.09310004627332,0.0,0
oracle-k3,37,0,Draskel,stock ticker,1,0.0,0.0,20.187499991152436,20.187499991152436,20.187499991152436,9.609216,0
topic-k2,37,0,Draskel,stock ticker,0,0.43120002374053,22.026600025128573,19.255399995017797,19.686600018758327,41.28200002014637,0.0,0
on-demand-k1,37,0,Draskel,stock ticker,0,0.43700000969693065,26.34899999247864,21.759800030849874,22.196800040546805,48.10880002332851,0.0,0
topic-k1,37,0,Draskel,stock ticker,0,0.4592000041157007,27.692000032402575,26.6272000153549,27.086400019470602,54.31920004775748,0.0,0
oracle-k2,37,0,Draskel,stock ticker,1,0.0,0.0,31.18190000532195,31.18190000532195,31.18190000532195,9.609216,0
oracle-k1,37,0,Draskel,stock ticker,1,0.0,0.0,18.362100003287196,18.362100003287196,18.362100003287196,9.609216,0
reactive-lru-k3,37,1,Pyrenna,stock ticker,0,0.43109996477141976,22.33669999986887,24.9519000062719,25.38299997104332,47.28860000614077,0.0,0
reactive-lru-k2,37,1,Pyrenna,stock ticker,0,0.4350000526756048,27.5637999875471,22.449999989476055,22.88500004215166,50.013799977023154,0.0,0
oracle-k1,37,1,Pyrenna,stock ticker,1,0.0,0.0,22.358599992003292,22.358599992003292,22.358599992003292,9.510912,0
oracle-k2,37,1,Pyrenna,stock ticker,1,0.0,0.0,20.065799995791167,20.065799995791167,20.065799995791167,9.510912,0
on-demand-k1,37,1,Pyrenna,stock ticker,0,0.46220002695918083,27.409200032707304,33.271499967668205,33.733699994627386,60.68070000037551,0.0,0
topic-k3,37,1,Pyrenna,stock ticker,1,0.0,0.0,35.58359999442473,35.58359999442473,35.58359999442473,18.948096,0
all-resident-k8,37,1,Pyrenna,stock ticker,1,0.0,0.0,22.215900011360645,22.215900011360645,22.215900011360645,0.0,0
reactive-lru-k1,37,1,Pyrenna,stock ticker,0,0.4521000082604587,34.45610002381727,28.844700020272285,29.296800028532743,63.300800044089556,0.0,0
topic-k2,37,1,Pyrenna,stock ticker,0,0.43840002035722136,25.643200031481683,24.347899947315454,24.786299967672676,49.99109997879714,9.437184,0
topic-k1,37,1,Pyrenna,stock ticker,0,0.43830001959577203,21.66100003523752,27.195299975574017,27.63359999516979,48.85630001081154,0.0,0
oracle-k3,37,1,Pyrenna,stock ticker,1,0.0,0.0,21.235399995930493,21.235399995930493,21.235399995930493,9.510912,0
topic-k1,37,2,Ilmeth,founding year,0,0.40280004031956196,28.96230004262179,27.617799991276115,28.020600031595677,56.58010003389791,0.0,0
oracle-k2,37,2,Ilmeth,founding year,1,0.0,0.0,19.015500030945987,19.015500030945987,19.015500030945987,8.761344,0
reactive-lru-k1,37,2,Ilmeth,founding year,0,0.40520000038668513,21.8355999677442,19.938700017519295,20.34390001790598,41.7742999852635,0.0,0
topic-k2,37,2,Ilmeth,founding year,0,0.38350000977516174,34.443399985320866,24.221700034104288,24.60520004387945,58.665100019425154,9.609216,1
oracle-k3,37,2,Ilmeth,founding year,1,0.0,0.0,30.471900012344122,30.471900012344122,30.471900012344122,8.761344,0
oracle-k1,37,2,Ilmeth,founding year,1,0.0,0.0,26.98269998654723,26.98269998654723,26.98269998654723,8.761344,0
reactive-lru-k2,37,2,Ilmeth,founding year,0,0.40090002585202456,28.439000016078353,25.56809998350218,25.969000009354204,54.00709999958053,0.0,0
reactive-lru-k3,37,2,Ilmeth,founding year,0,0.5015000351704657,23.180799966212362,25.915800011716783,26.41730004688725,49.096599977929145,0.0,0
on-demand-k1,37,2,Ilmeth,founding year,0,0.4042999935336411,24.291899986565113,31.050299992784858,31.4545999863185,55.34219997934997,0.0,0
topic-k3,37,2,Ilmeth,founding year,1,0.0,0.0,25.55189997656271,25.55189997656271,25.55189997656271,8.761344,1
all-resident-k8,37,2,Ilmeth,founding year,1,0.0,0.0,26.08789998339489,26.08789998339489,26.08789998339489,0.0,0
reactive-lru-k2,37,3,Ilmeth,research lab city,1,0.0,0.0,27.8319000499323,27.8319000499323,27.8319000499323,0.0,0
reactive-lru-k1,37,3,Ilmeth,research lab city,1,0.0,0.0,30.614799994509667,30.614799994509667,30.614799994509667,0.0,0
oracle-k1,37,3,Ilmeth,research lab city,1,0.0,0.0,32.18959999503568,32.18959999503568,32.18959999503568,0.0,0
oracle-k2,37,3,Ilmeth,research lab city,1,0.0,0.0,25.171999994199723,25.171999994199723,25.171999994199723,0.0,0
reactive-lru-k3,37,3,Ilmeth,research lab city,1,0.0,0.0,30.185199982952327,30.185199982952327,30.185199982952327,0.0,0
on-demand-k1,37,3,Ilmeth,research lab city,0,0.40380004793405533,31.938400003127754,21.559300017543137,21.963100065477192,53.49770002067089,0.0,0
topic-k3,37,3,Ilmeth,research lab city,1,0.0,0.0,27.076800004579127,27.076800004579127,27.076800004579127,9.474048,0
topic-k2,37,3,Ilmeth,research lab city,1,0.0,0.0,29.256400011945516,29.256400011945516,29.256400011945516,0.0,0
topic-k1,37,3,Ilmeth,research lab city,1,0.0,0.0,27.23020000848919,27.23020000848919,27.23020000848919,0.0,0
all-resident-k8,37,3,Ilmeth,research lab city,1,0.0,0.0,27.67759998096153,27.67759998096153,27.67759998096153,0.0,0
oracle-k3,37,3,Ilmeth,research lab city,1,0.0,0.0,28.23509997688234,28.23509997688234,28.23509997688234,0.0,0
all-resident-k8,37,4,Ilmeth,stock ticker,1,0.0,0.0,19.99269996304065,19.99269996304065,19.99269996304065,0.0,0
topic-k2,37,4,Ilmeth,stock ticker,1,0.0,0.0,19.60880000842735,19.60880000842735,19.60880000842735,0.0,0
topic-k1,37,4,Ilmeth,stock ticker,1,0.0,0.0,23.598400002811104,23.598400002811104,23.598400002811104,0.0,0
topic-k3,37,4,Ilmeth,stock ticker,1,0.0,0.0,19.715200003702193,19.715200003702193,19.715200003702193,0.0,0
reactive-lru-k1,37,4,Ilmeth,stock ticker,1,0.0,0.0,23.19899998838082,23.19899998838082,23.19899998838082,0.0,0
reactive-lru-k2,37,4,Ilmeth,stock ticker,1,0.0,0.0,22.125299961771816,22.125299961771816,22.125299961771816,0.0,0
oracle-k2,37,4,Ilmeth,stock ticker,1,0.0,0.0,27.786999999079853,27.786999999079853,27.786999999079853,0.0,0
on-demand-k1,37,4,Ilmeth,stock ticker,0,0.40110002737492323,21.33200003299862,19.193499989341944,19.594600016716868,40.525500022340566,0.0,0
oracle-k1,37,4,Ilmeth,stock ticker,1,0.0,0.0,24.61229998152703,24.61229998152703,24.61229998152703,0.0,0
oracle-k3,37,4,Ilmeth,stock ticker,1,0.0,0.0,19.781900045927614,19.781900045927614,19.781900045927614,0.0,0
reactive-lru-k3,37,4,Ilmeth,stock ticker,1,0.0,0.0,21.28350001294166,21.28350001294166,21.28350001294166,0.0,0
reactive-lru-k3,37,5,Draskel,satellite name,1,0.0,0.0,23.11129996087402,23.11129996087402,23.11129996087402,0.0,0
oracle-k2,37,5,Draskel,satellite name,1,0.0,0.0,23.058799968566746,23.058799968566746,23.058799968566746,9.609216,0
reactive-lru-k1,37,5,Draskel,satellite name,0,0.4569999873638153,25.040999986231327,21.5707000461407,22.027700033504516,46.61170003237203,0.0,0
topic-k1,37,5,Draskel,satellite name,0,0.4354999982751906,24.11139995092526,22.19869999680668,22.63419999508187,46.31009994773194,0.0,0
oracle-k1,37,5,Draskel,satellite name,1,0.0,0.0,19.438199989963323,19.438199989963323,19.438199989963323,9.609216,0
reactive-lru-k2,37,5,Draskel,satellite name,0,0.4430999979376793,32.5213999603875,19.556300016120076,19.999400014057755,52.077699976507574,0.0,0
all-resident-k8,37,5,Draskel,satellite name,1,0.0,0.0,26.805999979842454,26.805999979842454,26.805999979842454,0.0,0
oracle-k3,37,5,Draskel,satellite name,1,0.0,0.0,18.967099953442812,18.967099953442812,18.967099953442812,9.609216,0
topic-k2,37,5,Draskel,satellite name,1,0.0,0.0,21.152100001927465,21.152100001927465,21.152100001927465,0.0,0
topic-k3,37,5,Draskel,satellite name,1,0.0,0.0,20.046399964485317,20.046399964485317,20.046399964485317,0.0,0
on-demand-k1,37,5,Draskel,satellite name,0,0.4833000130020082,21.949600020889193,20.086499978788197,20.569799991790205,42.03609999967739,0.0,0
topic-k1,37,6,Draskel,chief executive,1,0.0,0.0,20.404300012160093,20.404300012160093,20.404300012160093,0.0,0
topic-k3,37,6,Draskel,chief executive,1,0.0,0.0,29.401500010862947,29.401500010862947,29.401500010862947,18.948096,1
all-resident-k8,37,6,Draskel,chief executive,1,0.0,0.0,22.811300004832447,22.811300004832447,22.811300004832447,0.0,0
oracle-k1,37,6,Draskel,chief executive,1,0.0,0.0,20.756300014909357,20.756300014909357,20.756300014909357,0.0,0
reactive-lru-k3,37,6,Draskel,chief executive,1,0.0,0.0,21.957799966912717,21.957799966912717,21.957799966912717,0.0,0
on-demand-k1,37,6,Draskel,chief executive,0,0.45959994895383716,25.383099971804768,23.90740002738312,24.366999976336956,49.29049999918789,0.0,0
topic-k2,37,6,Draskel,chief executive,1,0.0,0.0,25.748399959411472,25.748399959411472,25.748399959411472,9.437184,0
oracle-k2,37,6,Draskel,chief executive,1,0.0,0.0,23.63459998741746,23.63459998741746,23.63459998741746,0.0,0
reactive-lru-k2,37,6,Draskel,chief executive,1,0.0,0.0,19.599499995820224,19.599499995820224,19.599499995820224,0.0,0
oracle-k3,37,6,Draskel,chief executive,1,0.0,0.0,19.316399993840605,19.316399993840605,19.316399993840605,0.0,0
reactive-lru-k1,37,6,Draskel,chief executive,1,0.0,0.0,24.235099961515516,24.235099961515516,24.235099961515516,0.0,0
reactive-lru-k3,37,7,Draskel,flagship product,1,0.0,0.0,24.05209996504709,24.05209996504709,24.05209996504709,0.0,0
topic-k3,37,7,Draskel,flagship product,1,0.0,0.0,19.581399974413216,19.581399974413216,19.581399974413216,0.0,0
oracle-k2,37,7,Draskel,flagship product,1,0.0,0.0,23.51440000347793,23.51440000347793,23.51440000347793,0.0,0
all-resident-k8,37,7,Draskel,flagship product,1,0.0,0.0,20.030300016514957,20.030300016514957,20.030300016514957,0.0,0
on-demand-k1,37,7,Draskel,flagship product,0,0.43750001350417733,24.832600029185414,20.01370000652969,20.451200020033866,44.8463000357151,0.0,0
topic-k1,37,7,Draskel,flagship product,1,0.0,0.0,24.195200006943196,24.195200006943196,24.195200006943196,0.0,0
reactive-lru-k1,37,7,Draskel,flagship product,1,0.0,0.0,21.359600010327995,21.359600010327995,21.359600010327995,0.0,0
reactive-lru-k2,37,7,Draskel,flagship product,1,0.0,0.0,22.395700041670352,22.395700041670352,22.395700041670352,0.0,0
oracle-k1,37,7,Draskel,flagship product,1,0.0,0.0,21.789599966723472,21.789599966723472,21.789599966723472,0.0,0
oracle-k3,37,7,Draskel,flagship product,1,0.0,0.0,22.311000037007034,22.311000037007034,22.311000037007034,0.0,0
topic-k2,37,7,Draskel,flagship product,1,0.0,0.0,25.859599991235882,25.859599991235882,25.859599991235882,0.0,0
oracle-k1,37,8,Draskel,motto word,1,0.0,0.0,21.86269999947399,21.86269999947399,21.86269999947399,0.0,0
oracle-k2,37,8,Draskel,motto word,1,0.0,0.0,28.01579999504611,28.01579999504611,28.01579999504611,0.0,0
reactive-lru-k1,37,8,Draskel,motto word,1,0.0,0.0,22.1843000035733,22.1843000035733,22.1843000035733,0.0,0
on-demand-k1,37,8,Draskel,motto word,0,0.4744000034406781,27.060299995355308,28.35330000380054,28.82770000724122,55.41359999915585,0.0,0
topic-k1,37,8,Draskel,motto word,1,0.0,0.0,19.266099960077554,19.266099960077554,19.266099960077554,0.0,0
oracle-k3,37,8,Draskel,motto word,1,0.0,0.0,20.204999949783087,20.204999949783087,20.204999949783087,0.0,0
all-resident-k8,37,8,Draskel,motto word,1,0.0,0.0,37.28699998464435,37.28699998464435,37.28699998464435,0.0,0
reactive-lru-k2,37,8,Draskel,motto word,1,0.0,0.0,26.828000030945987,26.828000030945987,26.828000030945987,0.0,0
topic-k3,37,8,Draskel,motto word,1,0.0,0.0,18.926399992778897,18.926399992778897,18.926399992778897,0.0,0
reactive-lru-k3,37,8,Draskel,motto word,1,0.0,0.0,18.700500018894672,18.700500018894672,18.700500018894672,0.0,0
topic-k2,37,8,Draskel,motto word,1,0.0,0.0,18.56459997361526,18.56459997361526,18.56459997361526,0.0,0
reactive-lru-k1,37,9,Draskel,headquarters city,1,0.0,0.0,19.396100018639117,19.396100018639117,19.396100018639117,0.0,0
oracle-k2,37,9,Draskel,headquarters city,1,0.0,0.0,18.600999959744513,18.600999959744513,18.600999959744513,0.0,0
reactive-lru-k3,37,9,Draskel,headquarters city,1,0.0,0.0,19.289199961349368,19.289199961349368,19.289199961349368,0.0,0
topic-k3,37,9,Draskel,headquarters city,1,0.0,0.0,18.771199975162745,18.771199975162745,18.771199975162745,0.0,0
on-demand-k1,37,9,Draskel,headquarters city,0,0.43569999979808927,21.73059998312965,26.094499975442886,26.530199975240976,47.82509995857254,0.0,0
oracle-k1,37,9,Draskel,headquarters city,1,0.0,0.0,19.86850000685081,19.86850000685081,19.86850000685081,0.0,0
topic-k2,37,9,Draskel,headquarters city,1,0.0,0.0,19.839000015053898,19.839000015053898,19.839000015053898,0.0,0
all-resident-k8,37,9,Draskel,headquarters city,1,0.0,0.0,25.43500001775101,25.43500001775101,25.43500001775101,0.0,0
topic-k1,37,9,Draskel,headquarters city,1,0.0,0.0,26.259500009473413,26.259500009473413,26.259500009473413,0.0,0
oracle-k3,37,9,Draskel,headquarters city,1,0.0,0.0,25.209199986420572,25.209199986420572,25.209199986420572,0.0,0
reactive-lru-k2,37,9,Draskel,headquarters city,1,0.0,0.0,22.101500013377517,22.101500013377517,22.101500013377517,0.0,0
oracle-k3,37,10,Draskel,chief executive,1,0.0,0.0,19.75259999744594,19.75259999744594,19.75259999744594,0.0,0
reactive-lru-k3,37,10,Draskel,chief executive,1,0.0,0.0,19.094199989922345,19.094199989922345,19.094199989922345,0.0,0
on-demand-k1,37,10,Draskel,chief executive,0,0.44409994734451175,21.76630002213642,19.88450001226738,20.328599959611893,41.6508000344038,0.0,0
topic-k2,37,10,Draskel,chief executive,1,0.0,0.0,25.228300015442073,25.228300015442073,25.228300015442073,0.0,0
oracle-k2,37,10,Draskel,chief executive,1,0.0,0.0,25.450199958868325,25.450199958868325,25.450199958868325,0.0,0
oracle-k1,37,10,Draskel,chief executive,1,0.0,0.0,20.303199999034405,20.303199999034405,20.303199999034405,0.0,0
reactive-lru-k2,37,10,Draskel,chief executive,1,0.0,0.0,19.640499958768487,19.640499958768487,19.640499958768487,0.0,0
all-resident-k8,37,10,Draskel,chief executive,1,0.0,0.0,19.08459997503087,19.08459997503087,19.08459997503087,0.0,0
topic-k1,37,10,Draskel,chief executive,1,0.0,0.0,19.261499983258545,19.261499983258545,19.261499983258545,0.0,0
topic-k3,37,10,Draskel,chief executive,1,0.0,0.0,19.674899987876415,19.674899987876415,19.674899987876415,0.0,0
reactive-lru-k1,37,10,Draskel,chief executive,1,0.0,0.0,21.122900012414902,21.122900012414902,21.122900012414902,0.0,0
topic-k1,37,11,Draskel,annual revenue,1,0.0,0.0,19.70250002341345,19.70250002341345,19.70250002341345,0.0,0
all-resident-k8,37,11,Draskel,annual revenue,1,0.0,0.0,19.666100037284195,19.666100037284195,19.666100037284195,0.0,0
reactive-lru-k1,37,11,Draskel,annual revenue,1,0.0,0.0,19.035100005567074,19.035100005567074,19.035100005567074,0.0,0
oracle-k3,37,11,Draskel,annual revenue,1,0.0,0.0,20.410900004208088,20.410900004208088,20.410900004208088,0.0,0
reactive-lru-k3,37,11,Draskel,annual revenue,1,0.0,0.0,27.949900017119944,27.949900017119944,27.949900017119944,0.0,0
oracle-k2,37,11,Draskel,annual revenue,1,0.0,0.0,21.836800035089254,21.836800035089254,21.836800035089254,0.0,0
oracle-k1,37,11,Draskel,annual revenue,1,0.0,0.0,26.053100009448826,26.053100009448826,26.053100009448826,0.0,0
on-demand-k1,37,11,Draskel,annual revenue,0,0.46060001477599144,21.807999990414828,19.88300000084564,20.343600015621632,41.69099999126047,0.0,0
reactive-lru-k2,37,11,Draskel,annual revenue,1,0.0,0.0,19.356399949174374,19.356399949174374,19.356399949174374,0.0,0
topic-k3,37,11,Draskel,annual revenue,1,0.0,0.0,19.67429998330772,19.67429998330772,19.67429998330772,0.0,0
topic-k2,37,11,Draskel,annual revenue,1,0.0,0.0,23.55330000864342,23.55330000864342,23.55330000864342,0.0,0
on-demand-k1,38,0,Draskel,flagship product,0,0.4408999811857939,22.093100007623434,22.85359997767955,23.294499958865345,44.946699985302985,0.0,0
topic-k2,38,0,Draskel,flagship product,0,0.4396000294946134,21.895600017160177,19.653800001833588,20.0934000313282,41.549400018993765,0.0,0
oracle-k2,38,0,Draskel,flagship product,1,0.0,0.0,19.452999986242503,19.452999986242503,19.452999986242503,9.609216,0
reactive-lru-k1,38,0,Draskel,flagship product,0,0.4325000336393714,21.742100012488663,21.727500017732382,22.160000051371753,43.469600030221045,0.0,0
oracle-k3,38,0,Draskel,flagship product,1,0.0,0.0,20.381999958772212,20.381999958772212,20.381999958772212,9.609216,0
all-resident-k8,38,0,Draskel,flagship product,1,0.0,0.0,20.168200018815696,20.168200018815696,20.168200018815696,75.472896,0
topic-k3,38,0,Draskel,flagship product,0,0.4558999789878726,21.495900000445545,23.746799968648702,24.202699947636575,45.24269996909425,0.0,0
reactive-lru-k3,38,0,Draskel,flagship product,0,0.4613999626599252,25.171299988869578,19.952500006183982,20.413899968843907,45.12379999505356,0.0,0
reactive-lru-k2,38,0,Draskel,flagship product,0,0.4351999959908426,21.641300001647323,19.498599984217435,19.933799980208278,41.13989998586476,0.0,0
topic-k1,38,0,Draskel,flagship product,0,0.45760005014017224,27.40700001595542,18.836400005966425,19.294000056106597,46.24340002192184,0.0,0
oracle-k1,38,0,Draskel,flagship product,1,0.0,0.0,19.175800029188395,19.175800029188395,19.175800029188395,9.609216,0
oracle-k1,38,1,Pyrenna,founding year,1,0.0,0.0,18.941600050311536,18.941600050311536,18.941600050311536,9.510912,0
oracle-k2,38,1,Pyrenna,founding year,1,0.0,0.0,19.350500020664185,19.350500020664185,19.350500020664185,9.510912,0
topic-k1,38,1,Pyrenna,founding year,0,0.4260999849066138,21.655899996403605,21.923599997535348,22.34969998244196,43.57949999393895,0.0,0
all-resident-k8,38,1,Pyrenna,founding year,1,0.0,0.0,20.730299991555512,20.730299991555512,20.730299991555512,0.0,0
topic-k3,38,1,Pyrenna,founding year,1,0.0,0.0,24.19879997614771,24.19879997614771,24.19879997614771,18.948096,0
reactive-lru-k2,38,1,Pyrenna,founding year,0,0.4545999690890312,29.076999984681606,22.525700042024255,22.980300011113286,51.60270002670586,0.0,0
on-demand-k1,38,1,Pyrenna,founding year,0,0.4416999872773886,22.308200015686452,22.687399992719293,23.12909997999668,44.995600008405745,0.0,0
reactive-lru-k3,38,1,Pyrenna,founding year,0,0.4702999722212553,22.058600035961717,19.840599969029427,20.310899941250682,41.899200004991144,0.0,0
oracle-k3,38,1,Pyrenna,founding year,1,0.0,0.0,19.489399972371757,19.489399972371757,19.489399972371757,9.510912,0
reactive-lru-k1,38,1,Pyrenna,founding year,0,0.4275999963283539,22.936199966352433,21.172799984924495,21.60039998125285,44.10899995127693,0.0,0
topic-k2,38,1,Pyrenna,founding year,0,0.41089998558163643,23.550399986561388,21.270400029607117,21.681300015188754,44.820800016168505,9.437184,0
reactive-lru-k1,38,2,Pyrenna,chief engineer,1,0.0,0.0,23.71749997837469,23.71749997837469,23.71749997837469,0.0,0
reactive-lru-k2,38,2,Pyrenna,chief engineer,1,0.0,0.0,22.387800039723516,22.387800039723516,22.387800039723516,0.0,0
topic-k2,38,2,Pyrenna,chief engineer,1,0.0,0.0,21.710500004701316,21.710500004701316,21.710500004701316,9.609216,1
all-resident-k8,38,2,Pyrenna,chief engineer,1,0.0,0.0,20.656900014728308,20.656900014728308,20.656900014728308,0.0,0
oracle-k2,38,2,Pyrenna,chief engineer,1,0.0,0.0,21.07160002924502,21.07160002924502,21.07160002924502,0.0,0
oracle-k3,38,2,Pyrenna,chief engineer,1,0.0,0.0,22.882499964907765,22.882499964907765,22.882499964907765,0.0,0
oracle-k1,38,2,Pyrenna,chief engineer,1,0.0,0.0,23.672099981922656,23.672099981922656,23.672099981922656,0.0,0
topic-k3,38,2,Pyrenna,chief engineer,1,0.0,0.0,21.097999997437,21.097999997437,21.097999997437,8.761344,1
reactive-lru-k3,38,2,Pyrenna,chief engineer,1,0.0,0.0,24.05110001564026,24.05110001564026,24.05110001564026,0.0,0
on-demand-k1,38,2,Pyrenna,chief engineer,0,0.4539000219665468,25.47639998374507,20.308999984990805,20.762900006957352,45.785399968735874,0.0,0
topic-k1,38,2,Pyrenna,chief engineer,1,0.0,0.0,24.549599969759583,24.549599969759583,24.549599969759583,0.0,0
on-demand-k1,38,3,Quorvane,research lab city,0,0.4807999939657748,24.172599951270968,23.897900013253093,24.378700007218868,48.07049996452406,0.0,0
reactive-lru-k2,38,3,Quorvane,research lab city,0,0.6303000263869762,23.732700035907328,30.231799988541752,30.86210001492873,53.96450002444908,0.0,0
oracle-k2,38,3,Quorvane,research lab city,1,0.0,0.0,24.091899977065623,24.091899977065623,24.091899977065623,10.309632,0
oracle-k3,38,3,Quorvane,research lab city,1,0.0,0.0,20.624299999326468,20.624299999326468,20.624299999326468,10.309632,0
all-resident-k8,38,3,Quorvane,research lab city,1,0.0,0.0,21.012499986682087,21.012499986682087,21.012499986682087,0.0,0
oracle-k1,38,3,Quorvane,research lab city,1,0.0,0.0,27.10609999485314,27.10609999485314,27.10609999485314,10.309632,0
topic-k3,38,3,Quorvane,research lab city,0,0.49649999709799886,23.69979996001348,21.260700013954192,21.75720001105219,44.96049997396767,0.0,0
topic-k1,38,3,Quorvane,research lab city,0,0.7154999766498804,27.352800010703504,21.836800035089254,22.552300011739135,49.18960004579276,0.0,0
topic-k2,38,3,Quorvane,research lab city,0,0.4681999562308192,23.33970001200214,21.28340001218021,21.75159996841103,44.62310002418235,0.0,1
reactive-lru-k1,38,3,Quorvane,research lab city,0,0.4805999924428761,23.17529998254031,20.7129999762401,21.193599968682975,43.88829995878041,0.0,0
reactive-lru-k3,38,3,Quorvane,research lab city,0,0.48889999743551016,30.275500030256808,20.04289999604225,20.53179999347776,50.31840002629906,0.0,0
topic-k3,38,4,Ilmeth,board chair,0,0.37839997094124556,29.580699978396297,24.987700046040118,25.366100016981363,54.568400024436414,18.972672000000003,1
oracle-k3,38,4,Ilmeth,board chair,1,0.0,0.0,20.417199993971735,20.417199993971735,20.417199993971735,8.761344,0
on-demand-k1,38,4,Ilmeth,board chair,0,0.4007000243291259,23.77989998785779,26.229800016153604,26.63050004048273,50.00970000401139,0.0,0
reactive-lru-k3,38,4,Ilmeth,board chair,0,0.4039999912492931,23.56800000416115,25.910699972882867,26.31469996413216,49.478699977044016,0.0,0
topic-k1,38,4,Ilmeth,board chair,0,0.40250003803521395,33.04549999302253,31.76529996562749,32.167800003662705,64.81079995865002,0.0,0
oracle-k1,38,4,Ilmeth,board chair,1,0.0,0.0,30.693199951201677,30.693199951201677,30.693199951201677,8.761344,0
oracle-k2,38,4,Ilmeth,board chair,1,0.0,0.0,25.76490002684295,25.76490002684295,25.76490002684295,8.761344,0
reactive-lru-k1,38,4,Ilmeth,board chair,0,0.4004999645985663,26.891499990597367,28.993999992962927,29.394499957561493,55.885499983560294,0.0,0
topic-k2,38,4,Ilmeth,board chair,0,0.42260001646354795,35.501600010320544,23.83620000910014,24.258800025563687,59.33780001942068,9.437184,0
all-resident-k8,38,4,Ilmeth,board chair,1,0.0,0.0,23.555299965664744,23.555299965664744,23.555299965664744,0.0,0
reactive-lru-k2,38,4,Ilmeth,board chair,0,0.4200999974273145,28.061999997589737,28.58879999257624,29.008899990003556,56.65079999016598,0.0,0
reactive-lru-k2,38,5,Pyrenna,annual revenue,0,0.44759997399523854,28.097699978388846,24.584600003436208,25.032199977431446,52.682299981825054,0.0,0
topic-k2,38,5,Pyrenna,annual revenue,0,0.4428999964147806,31.828599981963634,22.536200005561113,22.979100001975894,54.36479998752475,9.609216,1
oracle-k2,38,5,Pyrenna,annual revenue,1,0.0,0.0,34.535399987362325,34.535399987362325,34.535399987362325,9.510912,0
topic-k1,38,5,Pyrenna,annual revenue,0,0.4550999728962779,28.112999978475273,32.30670001357794,32.761799986474216,60.41969999205321,0.0,0
topic-k3,38,5,Pyrenna,annual revenue,0,0.4320000298321247,31.865500030107796,27.916699997149408,28.348700026981533,59.782200027257204,19.083264,2
oracle-k3,38,5,Pyrenna,annual revenue,1,0.0,0.0,35.021499963477254,35.021499963477254,35.021499963477254,9.510912,0
oracle-k1,38,5,Pyrenna,annual revenue,1,0.0,0.0,32.97210001619533,32.97210001619533,32.97210001619533,9.510912,0
on-demand-k1,38,5,Pyrenna,annual revenue,0,0.43970003025606275,25.441800011321902,27.214400004595518,27.65410003485158,52.65620001591742,0.0,0
reactive-lru-k3,38,5,Pyrenna,annual revenue,1,0.0,0.0,23.152400040999055,23.152400040999055,23.152400040999055,0.0,0
all-resident-k8,38,5,Pyrenna,annual revenue,1,0.0,0.0,20.416899991687387,20.416899991687387,20.416899991687387,0.0,0
reactive-lru-k1,38,5,Pyrenna,annual revenue,0,0.4293000092729926,24.977999972179532,21.572600002400577,22.00190001167357,46.55059997458011,0.0,0
topic-k1,38,6,Pyrenna,satellite name,1,0.0,0.0,33.851100015453994,33.851100015453994,33.851100015453994,0.0,0
oracle-k3,38,6,Pyrenna,satellite name,1,0.0,0.0,27.72959996946156,27.72959996946156,27.72959996946156,0.0,0
topic-k3,38,6,Pyrenna,satellite name,1,0.0,0.0,19.86380002927035,19.86380002927035,19.86380002927035,8.761344,1
topic-k2,38,6,Pyrenna,satellite name,1,0.0,0.0,19.648500019684434,19.648500019684434,19.648500019684434,0.0,0
oracle-k2,38,6,Pyrenna,satellite name,1,0.0,0.0,30.939599964767694,30.939599964767694,30.939599964767694,0.0,0
on-demand-k1,38,6,Pyrenna,satellite name,0,0.4743000026792288,35.34360002959147,31.47360001457855,31.94790001725778,66.81720004417002,0.0,0
reactive-lru-k3,38,6,Pyrenna,satellite name,1,0.0,0.0,29.602200025692582,29.602200025692582,29.602200025692582,0.0,0
reactive-lru-k1,38,6,Pyrenna,satellite name,1,0.0,0.0,31.717900012154132,31.717900012154132,31.717900012154132,0.0,0
oracle-k1,38,6,Pyrenna,satellite name,1,0.0,0.0,18.39990000007674,18.39990000007674,18.39990000007674,0.0,0
all-resident-k8,38,6,Pyrenna,satellite name,1,0.0,0.0,18.42219999525696,18.42219999525696,18.42219999525696,0.0,0
reactive-lru-k2,38,6,Pyrenna,satellite name,1,0.0,0.0,19.20879998942837,19.20879998942837,19.20879998942837,0.0,0
on-demand-k1,38,7,Ilmeth,satellite name,0,0.4007999668829143,24.850499990861863,34.35430000536144,34.75509997224435,59.2047999962233,0.0,0
oracle-k1,38,7,Ilmeth,satellite name,1,0.0,0.0,31.766699976287782,31.766699976287782,31.766699976287782,8.761344,0
topic-k3,38,7,Ilmeth,satellite name,1,0.0,0.0,29.81420001015067,29.81420001015067,29.81420001015067,0.0,0
reactive-lru-k1,38,7,Ilmeth,satellite name,0,0.42019999818876386,31.943799986038357,31.963100016582757,32.38330001477152,63.906900002621114,0.0,0
reactive-lru-k3,38,7,Ilmeth,satellite name,1,0.0,0.0,22.336099995300174,22.336099995300174,22.336099995300174,0.0,0
topic-k1,38,7,Ilmeth,satellite name,0,0.40610000723972917,28.138199995737523,31.02059999946505,31.426700006704777,59.15879999520257,0.0,0
reactive-lru-k2,38,7,Ilmeth,satellite name,1,0.0,0.0,25.615100050345063,25.615100050345063,25.615100050345063,0.0,0
topic-k2,38,7,Ilmeth,satellite name,0,0.44459995115175843,21.85079996706918,22.618600050918758,23.063200002070516,44.46940001798794,0.0,1
all-resident-k8,38,7,Ilmeth,satellite name,1,0.0,0.0,20.395100000314415,20.395100000314415,20.395100000314415,0.0,0
oracle-k2,38,7,Ilmeth,satellite name,1,0.0,0.0,31.828299979679286,31.828299979679286,31.828299979679286,8.761344,0
oracle-k3,38,7,Ilmeth,satellite name,1,0.0,0.0,25.043100002221763,25.043100002221763,25.043100002221763,8.761344,0
all-resident-k8,38,8,Ilmeth,annual revenue,1,0.0,0.0,32.335099996998906,32.335099996998906,32.335099996998906,0.0,0
topic-k1,38,8,Ilmeth,annual revenue,1,0.0,0.0,29.044399969279766,29.044399969279766,29.044399969279766,0.0,0
oracle-k1,38,8,Ilmeth,annual revenue,1,0.0,0.0,29.97560001676902,29.97560001676902,29.97560001676902,0.0,0
topic-k3,38,8,Ilmeth,annual revenue,1,0.0,0.0,23.12630001688376,23.12630001688376,23.12630001688376,9.474048,0
oracle-k3,38,8,Ilmeth,annual revenue,1,0.0,0.0,28.790899959858507,28.790899959858507,28.790899959858507,0.0,0
oracle-k2,38,8,Ilmeth,annual revenue,1,0.0,0.0,32.13180002057925,32.13180002057925,32.13180002057925,0.0,0
reactive-lru-k2,38,8,Ilmeth,annual revenue,1,0.0,0.0,20.482299965806305,20.482299965806305,20.482299965806305,0.0,0
topic-k2,38,8,Ilmeth,annual revenue,1,0.0,0.0,30.816900019999593,30.816900019999593,30.816900019999593,9.609216,0
on-demand-k1,38,8,Ilmeth,annual revenue,0,0.4044999950565398,21.336100006010383,33.135499979835004,33.53999997489154,54.47159998584539,0.0,0
reactive-lru-k3,38,8,Ilmeth,annual revenue,1,0.0,0.0,18.809999979566783,18.809999979566783,18.809999979566783,0.0,0
reactive-lru-k1,38,8,Ilmeth,annual revenue,1,0.0,0.0,18.892399966716766,18.892399966716766,18.892399966716766,0.0,0
oracle-k3,38,9,Ilmeth,motto word,1,0.0,0.0,29.188400018028915,29.188400018028915,29.188400018028915,0.0,0
oracle-k2,38,9,Ilmeth,motto word,1,0.0,0.0,23.998599965125322,23.998599965125322,23.998599965125322,0.0,0
on-demand-k1,38,9,Ilmeth,motto word,0,0.4031999851576984,30.48860002309084,27.43650000775233,27.839699992910028,57.92510003084317,0.0,0
reactive-lru-k3,38,9,Ilmeth,motto word,1,0.0,0.0,22.08470000186935,22.08470000186935,22.08470000186935,0.0,0
reactive-lru-k2,38,9,Ilmeth,motto word,1,0.0,0.0,29.5238999533467,29.5238999533467,29.5238999533467,0.0,0
reactive-lru-k1,38,9,Ilmeth,motto word,1,0.0,0.0,19.55440000165254,19.55440000165254,19.55440000165254,0.0,0
topic-k1,38,9,Ilmeth,motto word,1,0.0,0.0,25.131900038104504,25.131900038104504,25.131900038104504,0.0,0
topic-k3,38,9,Ilmeth,motto word,1,0.0,0.0,32.57960005430505,32.57960005430505,32.57960005430505,0.0,0
all-resident-k8,38,9,Ilmeth,motto word,1,0.0,0.0,23.628299997653812,23.628299997653812,23.628299997653812,0.0,0
topic-k2,38,9,Ilmeth,motto word,1,0.0,0.0,31.40400000847876,31.40400000847876,31.40400000847876,0.0,0
oracle-k1,38,9,Ilmeth,motto word,1,0.0,0.0,32.28540002601221,32.28540002601221,32.28540002601221,0.0,0
topic-k1,38,10,Draskel,headquarters city,0,0.4653999931178987,27.572199993301183,21.29969996167347,21.765099954791367,48.87189995497465,0.0,0
reactive-lru-k2,38,10,Draskel,headquarters city,0,0.464299984741956,24.09649995388463,18.886900041252375,19.35120002599433,42.983399995137006,0.0,0
oracle-k1,38,10,Draskel,headquarters city,1,0.0,0.0,32.665900012943894,32.665900012943894,32.665900012943894,9.609216,0
oracle-k3,38,10,Draskel,headquarters city,1,0.0,0.0,26.82169998297468,26.82169998297468,26.82169998297468,9.609216,0
all-resident-k8,38,10,Draskel,headquarters city,1,0.0,0.0,24.84630001708865,24.84630001708865,24.84630001708865,0.0,0
reactive-lru-k1,38,10,Draskel,headquarters city,0,0.4358000005595386,29.363500012550503,27.983299980405718,28.419099980965257,57.34679999295622,0.0,0
oracle-k2,38,10,Draskel,headquarters city,1,0.0,0.0,22.07449998240918,22.07449998240918,22.07449998240918,9.609216,0
topic-k2,38,10,Draskel,headquarters city,1,0.0,0.0,21.208500023931265,21.208500023931265,21.208500023931265,0.0,0
on-demand-k1,38,10,Draskel,headquarters city,0,0.4556999774649739,31.158900004811585,26.53690002625808,26.992600003723055,57.695800031069666,0.0,0
reactive-lru-k3,38,10,Draskel,headquarters city,0,0.4450000124052167,28.54590001516044,21.14079997409135,21.585799986496568,49.68669998925179,0.0,0
topic-k3,38,10,Draskel,headquarters city,1,0.0,0.0,22.156400023959577,22.156400023959577,22.156400023959577,0.0,0
reactive-lru-k2,38,11,Seluun,corporate color,0,0.43700000969693065,26.85550000751391,22.97510002972558,23.412100039422512,49.83060003723949,0.0,0
oracle-k2,38,11,Seluun,corporate color,1,0.0,0.0,26.644199970178306,26.644199970178306,26.644199970178306,9.437184,0
topic-k1,38,11,Seluun,corporate color,0,0.5901999538764358,34.52880005352199,26.18149999761954,26.771699951495975,60.71030005114153,0.0,0
reactive-lru-k3,38,11,Seluun,corporate color,0,0.44239999260753393,34.88719998858869,33.849400002509356,34.29179999511689,68.73659999109805,0.0,0
oracle-k1,38,11,Seluun,corporate color,1,0.0,0.0,31.137999962083995,31.137999962083995,31.137999962083995,9.437184,0
topic-k3,38,11,Seluun,corporate color,1,0.0,0.0,27.518699993379414,27.518699993379414,27.518699993379414,18.948096,1
all-resident-k8,38,11,Seluun,corporate color,1,0.0,0.0,24.10280000185594,24.10280000185594,24.10280000185594,0.0,0
oracle-k3,38,11,Seluun,corporate color,1,0.0,0.0,20.81670000916347,20.81670000916347,20.81670000916347,9.437184,0
reactive-lru-k1,38,11,Seluun,corporate color,0,0.43299997923895717,31.136800011154264,33.64129998954013,34.07429996877909,64.7781000006944,0.0,0
topic-k2,38,11,Seluun,corporate color,1,0.0,0.0,21.10410004388541,21.10410004388541,21.10410004388541,9.437184,0
on-demand-k1,38,11,Seluun,corporate color,0,0.4251999780535698,34.89709994755685,25.843199982773513,26.268399960827082,60.740299930330366,0.0,0
reactive-lru-k3,39,0,Bramwick,stock ticker,0,0.4054000019095838,24.28189996862784,32.54949999973178,32.95490000164136,56.83139996835962,0.0,0
oracle-k3,39,0,Bramwick,stock ticker,1,0.0,0.0,22.76159997563809,22.76159997563809,22.76159997563809,8.835072,0
topic-k1,39,0,Bramwick,stock ticker,0,0.4180999821983278,29.20370001811534,30.306799977552146,30.724899959750473,59.51049999566749,0.0,0
oracle-k2,39,0,Bramwick,stock ticker,1,0.0,0.0,26.59040002617985,26.59040002617985,26.59040002617985,8.835072,0
oracle-k1,39,0,Bramwick,stock ticker,1,0.0,0.0,29.26899999147281,29.26899999147281,29.26899999147281,8.835072,0
all-resident-k8,39,0,Bramwick,stock ticker,1,0.0,0.0,23.555500025395304,23.555500025395304,23.555500025395304,75.472896,0
on-demand-k1,39,0,Bramwick,stock ticker,0,0.42399996891617775,24.88959999755025,21.634100005030632,22.05809997394681,46.52370000258088,0.0,0
reactive-lru-k2,39,0,Bramwick,stock ticker,0,0.4246000316925347,29.858099995180964,30.81139997811988,31.236000009812415,60.669499973300844,0.0,0
topic-k3,39,0,Bramwick,stock ticker,0,0.40790002094581723,33.38320000329986,32.366300001740456,32.77420002268627,65.74950000504032,0.0,0
topic-k2,39,0,Bramwick,stock ticker,0,0.40740001713857055,29.288800025824457,37.09400002844632,37.50140004558489,66.38280005427077,0.0,0
reactive-lru-k1,39,0,Bramwick,stock ticker,0,0.4287000047042966,32.578199985437095,24.801100022159517,25.229800026863813,57.37930000759661,0.0,0
oracle-k3,39,1,Bramwick,stock ticker,1,0.0,0.0,26.03790001012385,26.03790001012385,26.03790001012385,0.0,0
reactive-lru-k2,39,1,Bramwick,stock ticker,1,0.0,0.0,26.837500045076013,26.837500045076013,26.837500045076013,0.0,0
topic-k2,39,1,Bramwick,stock ticker,1,0.0,0.0,27.010300022084266,27.010300022084266,27.010300022084266,9.474048,0
topic-k3,39,1,Bramwick,stock ticker,1,0.0,0.0,22.095600026659667,22.095600026659667,22.095600026659667,19.78368,0
on-demand-k1,39,1,Bramwick,stock ticker,0,0.40499999886378646,21.627600013744086,29.77589995134622,30.180899950210005,51.403499965090305,0.0,0
topic-k1,39,1,Bramwick,stock ticker,1,0.0,0.0,37.830699991900474,37.830699991900474,37.830699991900474,0.0,0
all-resident-k8,39,1,Bramwick,stock ticker,1,0.0,0.0,34.442199976183474,34.442199976183474,34.442199976183474,0.0,0
oracle-k2,39,1,Bramwick,stock ticker,1,0.0,0.0,32.9378999886103,32.9378999886103,32.9378999886103,0.0,0
oracle-k1,39,1,Bramwick,stock ticker,1,0.0,0.0,37.02390001853928,37.02390001853928,37.02390001853928,0.0,0
reactive-lru-k1,39,1,Bramwick,stock ticker,1,0.0,0.0,30.88249999564141,30.88249999564141,30.88249999564141,0.0,0
reactive-lru-k3,39,1,Bramwick,stock ticker,1,0.0,0.0,22.17650000238791,22.17650000238791,22.17650000238791,0.0,0
oracle-k2,39,2,Bramwick,signature dish,1,0.0,0.0,21.59259998006746,21.59259998006746,21.59259998006746,0.0,0
reactive-lru-k2,39,2,Bramwick,signature dish,1,0.0,0.0,20.406999974511564,20.406999974511564,20.406999974511564,0.0,0
topic-k2,39,2,Bramwick,signature dish,1,0.0,0.0,19.830400007776916,19.830400007776916,19.830400007776916,0.0,0
oracle-k3,39,2,Bramwick,signature dish,1,0.0,0.0,18.17019999725744,18.17019999725744,18.17019999725744,0.0,0
topic-k3,39,2,Bramwick,signature dish,1,0.0,0.0,18.932399980258197,18.932399980258197,18.932399980258197,0.0,0
on-demand-k1,39,2,Bramwick,signature dish,0,0.4045999958179891,20.78550000442192,19.256900006439537,19.661500002257526,40.042400010861456,0.0,0
reactive-lru-k1,39,2,Bramwick,signature dish,1,0.0,0.0,18.844200007151812,18.844200007151812,18.844200007151812,0.0,0
oracle-k1,39,2,Bramwick,signature dish,1,0.0,0.0,18.80740001797676,18.80740001797676,18.80740001797676,0.0,0
all-resident-k8,39,2,Bramwick,signature dish,1,0.0,0.0,25.14429995790124,25.14429995790124,25.14429995790124,0.0,0
topic-k1,39,2,Bramwick,signature dish,1,0.0,0.0,22.47159997932613,22.47159997932613,22.47159997932613,0.0,0
reactive-lru-k3,39,2,Bramwick,signature dish,1,0.0,0.0,24.518099962733686,24.518099962733686,24.518099962733686,0.0,0
all-resident-k8,39,3,Bramwick,employee count,1,0.0,0.0,20.020299998577684,20.020299998577684,20.020299998577684,0.0,0
reactive-lru-k1,39,3,Bramwick,employee count,1,0.0,0.0,19.065600004978478,19.065600004978478,19.065600004978478,0.0,0
topic-k1,39,3,Bramwick,employee count,1,0.0,0.0,19.405700033530593,19.405700033530593,19.405700033530593,0.0,0
oracle-k1,39,3,Bramwick,employee count,1,0.0,0.0,19.89809999940917,19.89809999940917,19.89809999940917,0.0,0
oracle-k3,39,3,Bramwick,employee count,1,0.0,0.0,22.81250001396984,22.81250001396984,22.81250001396984,0.0,0
reactive-lru-k3,39,3,Bramwick,employee count,1,0.0,0.0,23.815799970179796,23.815799970179796,23.815799970179796,0.0,0
reactive-lru-k2,39,3,Bramwick,employee count,1,0.0,0.0,22.23129995400086,22.23129995400086,22.23129995400086,0.0,0
on-demand-k1,39,3,Bramwick,employee count,0,0.40279998211190104,21.35719999205321,21.28350001294166,21.68629999505356,42.64070000499487,0.0,0
oracle-k2,39,3,Bramwick,employee count,1,0.0,0.0,22.524199972394854,22.524199972394854,22.524199972394854,0.0,0
topic-k2,39,3,Bramwick,employee count,1,0.0,0.0,20.223600033205003,20.223600033205003,20.223600033205003,0.0,0
topic-k3,39,3,Bramwick,employee count,1,0.0,0.0,23.168299987446517,23.168299987446517,23.168299987446517,0.0,0
oracle-k3,39,4,Bramwick,flagship product,1,0.0,0.0,19.517800014000386,19.517800014000386,19.517800014000386,0.0,0
all-resident-k8,39,4,Bramwick,flagship product,1,0.0,0.0,24.018900003284216,24.018900003284216,24.018900003284216,0.0,0
oracle-k2,39,4,Bramwick,flagship product,1,0.0,0.0,25.21540003363043,25.21540003363043,25.21540003363043,0.0,0
topic-k2,39,4,Bramwick,flagship product,1,0.0,0.0,24.595100025180727,24.595100025180727,24.595100025180727,0.0,0
on-demand-k1,39,4,Bramwick,flagship product,0,0.4138999502174556,28.3404000219889,18.54980003554374,18.963699985761195,46.89020005753264,0.0,0
topic-k3,39,4,Bramwick,flagship product,1,0.0,0.0,20.551900030113757,20.551900030113757,20.551900030113757,0.0,0
reactive-lru-k2,39,4,Bramwick,flagship product,1,0.0,0.0,19.117699994239956,19.117699994239956,19.117699994239956,0.0,0
reactive-lru-k3,39,4,Bramwick,flagship product,1,0.0,0.0,18.723500019405037,18.723500019405037,18.723500019405037,0.0,0
reactive-lru-k1,39,4,Bramwick,flagship product,1,0.0,0.0,18.907400022726506,18.907400022726506,18.907400022726506,0.0,0
topic-k1,39,4,Bramwick,flagship product,1,0.0,0.0,18.655400024726987,18.655400024726987,18.655400024726987,0.0,0
oracle-k1,39,4,Bramwick,flagship product,1,0.0,0.0,24.904999998398125,24.904999998398125,24.904999998398125,0.0,0
topic-k1,39,5,Toskarel,anthem composer,0,0.45849999878555536,30.97129997331649,19.350699963979423,19.80919996276498,50.321999937295914,0.0,0
reactive-lru-k2,39,5,Toskarel,anthem composer,0,0.43429998913779855,26.174500002525747,19.027300004381686,19.461599993519485,45.20180000690743,0.0,0
oracle-k1,39,5,Toskarel,anthem composer,1,0.0,0.0,19.14700004272163,19.14700004272163,19.14700004272163,9.474048,0
all-resident-k8,39,5,Toskarel,anthem composer,1,0.0,0.0,24.84779997030273,24.84779997030273,24.84779997030273,0.0,0
topic-k3,39,5,Toskarel,anthem composer,1,0.0,0.0,20.082300005014986,20.082300005014986,20.082300005014986,0.0,0
oracle-k3,39,5,Toskarel,anthem composer,1,0.0,0.0,19.125399994663894,19.125399994663894,19.125399994663894,9.474048,0
on-demand-k1,39,5,Toskarel,anthem composer,0,0.4295000107958913,22.604300000239164,22.20950002083555,22.63900003163144,44.81380002107471,0.0,0
oracle-k2,39,5,Toskarel,anthem composer,1,0.0,0.0,22.28189999004826,22.28189999004826,22.28189999004826,9.474048,0
reactive-lru-k3,39,5,Toskarel,anthem composer,0,0.4338999860920012,26.564500003587455,19.878400024026632,20.312300010118634,46.44290002761409,0.0,0
topic-k2,39,5,Toskarel,anthem composer,1,0.0,0.0,23.451699991710484,23.451699991710484,23.451699991710484,0.0,0
reactive-lru-k1,39,5,Toskarel,anthem composer,0,0.457499991171062,24.872599984519184,22.056100016925484,22.513600008096546,46.92870000144467,0.0,0
all-resident-k8,39,6,Toskarel,anthem composer,1,0.0,0.0,25.675599987152964,25.675599987152964,25.675599987152964,0.0,0
topic-k2,39,6,Toskarel,anthem composer,1,0.0,0.0,23.418799974024296,23.418799974024296,23.418799974024296,9.510912,0
oracle-k2,39,6,Toskarel,anthem composer,1,0.0,0.0,27.597400010563433,27.597400010563433,27.597400010563433,0.0,0
reactive-lru-k1,39,6,Toskarel,anthem composer,1,0.0,0.0,20.118999993428588,20.118999993428588,20.118999993428588,0.0,0
oracle-k1,39,6,Toskarel,anthem composer,1,0.0,0.0,21.192400017753243,21.192400017753243,21.192400017753243,0.0,0
reactive-lru-k3,39,6,Toskarel,anthem composer,1,0.0,0.0,20.818400022108108,20.818400022108108,20.818400022108108,0.0,0
topic-k3,39,6,Toskarel,anthem composer,1,0.0,0.0,23.711899993941188,23.711899993941188,23.711899993941188,9.510912,0
topic-k1,39,6,Toskarel,anthem composer,1,0.0,0.0,24.68949998728931,24.68949998728931,24.68949998728931,0.0,0
reactive-lru-k2,39,6,Toskarel,anthem composer,1,0.0,0.0,23.11619999818504,23.11619999818504,23.11619999818504,0.0,0
oracle-k3,39,6,Toskarel,anthem composer,1,0.0,0.0,19.76330002071336,19.76330002071336,19.76330002071336,0.0,0
on-demand-k1,39,6,Toskarel,anthem composer,0,0.42969995411112905,23.989100009202957,28.774600010365248,29.204299964476377,52.763700019568205,0.0,0
topic-k2,39,7,Pyrenna,board chair,1,0.0,0.0,27.383199951145798,27.383199951145798,27.383199951145798,0.0,0
oracle-k3,39,7,Pyrenna,board chair,1,0.0,0.0,23.215900000650436,23.215900000650436,23.215900000650436,9.510912,0
reactive-lru-k2,39,7,Pyrenna,board chair,0,0.43080002069473267,22.382199997082353,23.82559998659417,24.256400007288903,46.20779998367652,0.0,0
all-resident-k8,39,7,Pyrenna,board chair,1,0.0,0.0,20.645699987653643,20.645699987653643,20.645699987653643,0.0,0
oracle-k2,39,7,Pyrenna,board chair,1,0.0,0.0,19.849799980875105,19.849799980875105,19.849799980875105,9.510912,0
oracle-k1,39,7,Pyrenna,board chair,1,0.0,0.0,20.116799976676702,20.116799976676702,20.116799976676702,9.510912,0
reactive-lru-k1,39,7,Pyrenna,board chair,0,0.43189997086301446,22.51569996587932,22.16930000577122,22.601199976634234,44.68499997165054,0.0,0
reactive-lru-k3,39,7,Pyrenna,board chair,0,0.4623999702744186,27.520300005562603,19.46390001103282,19.92629998130724,46.98420001659542,0.0,0
topic-k1,39,7,Pyrenna,board chair,0,0.44520001392811537,22.30880002025515,21.404300001449883,21.849500015378,43.71310002170503,0.0,0
on-demand-k1,39,7,Pyrenna,board chair,0,0.44139998499304056,21.92620001733303,21.10410004388541,21.54550002887845,43.03030006121844,0.0,0
topic-k3,39,7,Pyrenna,board chair,1,0.0,0.0,21.682799968402833,21.682799968402833,21.682799968402833,0.0,0
all-resident-k8,39,8,Pyrenna,employee count,1,0.0,0.0,21.646899986080825,21.646899986080825,21.646899986080825,0.0,0
oracle-k2,39,8,Pyrenna,employee count,1,0.0,0.0,20.31570003600791,20.31570003600791,20.31570003600791,0.0,0
topic-k2,39,8,Pyrenna,employee count,1,0.0,0.0,19.860100001096725,19.860100001096725,19.860100001096725,9.609216,0
reactive-lru-k2,39,8,Pyrenna,employee count,1,0.0,0.0,24.202800006605685,24.202800006605685,24.202800006605685,0.0,0
topic-k1,39,8,Pyrenna,employee count,1,0.0,0.0,19.569500000216067,19.569500000216067,19.569500000216067,0.0,0
reactive-lru-k1,39,8,Pyrenna,employee count,1,0.0,0.0,21.79010002873838,21.79010002873838,21.79010002873838,0.0,0
oracle-k1,39,8,Pyrenna,employee count,1,0.0,0.0,25.039800035301596,25.039800035301596,25.039800035301596,0.0,0
topic-k3,39,8,Pyrenna,employee count,1,0.0,0.0,22.11900003021583,22.11900003021583,22.11900003021583,18.370559999999998,1
oracle-k3,39,8,Pyrenna,employee count,1,0.0,0.0,19.382899976335466,19.382899976335466,19.382899976335466,0.0,0
reactive-lru-k3,39,8,Pyrenna,employee count,1,0.0,0.0,21.271999983582646,21.271999983582646,21.271999983582646,0.0,0
on-demand-k1,39,8,Pyrenna,employee count,0,0.4463000223040581,22.784700035117567,26.76829998381436,27.214600006118417,49.553000018931925,0.0,0
all-resident-k8,39,9,Pyrenna,satellite name,1,0.0,0.0,27.072199969552457,27.072199969552457,27.072199969552457,0.0,0
on-demand-k1,39,9,Pyrenna,satellite name,0,0.44430000707507133,24.896399991121143,19.931700022425503,20.376000029500574,44.828100013546646,0.0,0
topic-k1,39,9,Pyrenna,satellite name,1,0.0,0.0,26.43029997125268,26.43029997125268,26.43029997125268,0.0,0
reactive-lru-k3,39,9,Pyrenna,satellite name,1,0.0,0.0,20.303199999034405,20.303199999034405,20.303199999034405,0.0,0
oracle-k2,39,9,Pyrenna,satellite name,1,0.0,0.0,20.159900013823062,20.159900013823062,20.159900013823062,0.0,0
topic-k3,39,9,Pyrenna,satellite name,1,0.0,0.0,22.004600032232702,22.004600032232702,22.004600032232702,0.0,0
topic-k2,39,9,Pyrenna,satellite name,1,0.0,0.0,26.790599978994578,26.790599978994578,26.790599978994578,0.0,0
reactive-lru-k1,39,9,Pyrenna,satellite name,1,0.0,0.0,21.514000021852553,21.514000021852553,21.514000021852553,0.0,0
oracle-k3,39,9,Pyrenna,satellite name,1,0.0,0.0,19.879500032402575,19.879500032402575,19.879500032402575,0.0,0
reactive-lru-k2,39,9,Pyrenna,satellite name,1,0.0,0.0,21.621599968057126,21.621599968057126,21.621599968057126,0.0,0
oracle-k1,39,9,Pyrenna,satellite name,1,0.0,0.0,19.225800002459437,19.225800002459437,19.225800002459437,0.0,0
reactive-lru-k2,39,10,Pyrenna,mascot animal,1,0.0,0.0,22.544800012838095,22.544800012838095,22.544800012838095,0.0,0
topic-k1,39,10,Pyrenna,mascot animal,1,0.0,0.0,19.03740002308041,19.03740002308041,19.03740002308041,0.0,0
all-resident-k8,39,10,Pyrenna,mascot animal,1,0.0,0.0,27.1665999898687,27.1665999898687,27.1665999898687,0.0,0
oracle-k3,39,10,Pyrenna,mascot animal,1,0.0,0.0,19.156199996359646,19.156199996359646,19.156199996359646,0.0,0
on-demand-k1,39,10,Pyrenna,mascot animal,0,0.43219997314736247,25.2047999529168,25.714199990034103,26.146399963181466,50.918999942950904,0.0,0
topic-k3,39,10,Pyrenna,mascot animal,1,0.0,0.0,22.62280002469197,22.62280002469197,22.62280002469197,0.0,0
oracle-k1,39,10,Pyrenna,mascot animal,1,0.0,0.0,21.812599967233837,21.812599967233837,21.812599967233837,0.0,0
oracle-k2,39,10,Pyrenna,mascot animal,1,0.0,0.0,22.749499999918044,22.749499999918044,22.749499999918044,0.0,0
reactive-lru-k1,39,10,Pyrenna,mascot animal,1,0.0,0.0,25.996599986683577,25.996599986683577,25.996599986683577,0.0,0
reactive-lru-k3,39,10,Pyrenna,mascot animal,1,0.0,0.0,22.903000004589558,22.903000004589558,22.903000004589558,0.0,0
topic-k2,39,10,Pyrenna,mascot animal,1,0.0,0.0,21.156300033908337,21.156300033908337,21.156300033908337,0.0,0
topic-k3,39,11,Pyrenna,chief engineer,1,0.0,0.0,21.285100025124848,21.285100025124848,21.285100025124848,0.0,0
reactive-lru-k3,39,11,Pyrenna,chief engineer,1,0.0,0.0,21.083700004965067,21.083700004965067,21.083700004965067,0.0,0
reactive-lru-k2,39,11,Pyrenna,chief engineer,1,0.0,0.0,24.503900029230863,24.503900029230863,24.503900029230863,0.0,0
oracle-k3,39,11,Pyrenna,chief engineer,1,0.0,0.0,20.297400013078004,20.297400013078004,20.297400013078004,0.0,0
all-resident-k8,39,11,Pyrenna,chief engineer,1,0.0,0.0,21.79890003753826,21.79890003753826,21.79890003753826,0.0,0
oracle-k1,39,11,Pyrenna,chief engineer,1,0.0,0.0,21.240699978079647,21.240699978079647,21.240699978079647,0.0,0
topic-k2,39,11,Pyrenna,chief engineer,1,0.0,0.0,22.08360005170107,22.08360005170107,22.08360005170107,0.0,0
topic-k1,39,11,Pyrenna,chief engineer,1,0.0,0.0,25.088599999435246,25.088599999435246,25.088599999435246,0.0,0
oracle-k2,39,11,Pyrenna,chief engineer,1,0.0,0.0,23.22549995733425,23.22549995733425,23.22549995733425,0.0,0
reactive-lru-k1,39,11,Pyrenna,chief engineer,1,0.0,0.0,21.77660004235804,21.77660004235804,21.77660004235804,0.0,0
on-demand-k1,39,11,Pyrenna,chief engineer,0,0.4333000397309661,23.53240002412349,24.48930003447458,24.922600074205548,48.02170005859807,0.0,0
