method,k,trace,turn,entity,attr,hit,prefetch_mb,wasted,resident,reload_ms,recompute_ms,query_ms,ttft_reload,ttft_recompute
on-demand,1,0,0,Ilmeth,satellite name,0,0.0,0,1,0.3918000147677958,24.112700019031763,19.201299990527332,19.593100005295128,43.314000009559095
on-demand,1,0,1,Draskel,stock ticker,0,0.0,0,1,0.43730001198127866,24.470999953337014,19.288600014988333,19.72590002696961,43.75959996832535
on-demand,1,0,2,Draskel,founding river,0,0.0,0,1,0.4322999739088118,24.522599996998906,19.57970001967624,20.01199999358505,44.102300016675144
on-demand,1,0,3,Draskel,annual revenue,0,0.0,0,1,0.450699997600168,24.84490000642836,21.022800006903708,21.473500004503876,45.86770001333207
on-demand,1,0,4,Seluun,lucky number,0,0.0,0,1,0.444800010882318,30.463600007351488,20.669399993494153,21.11420000437647,51.13300000084564
on-demand,1,0,5,Seluun,annual revenue,0,0.0,0,1,0.44920004438608885,24.58289999049157,20.086899981833994,20.536100026220083,44.66979997232556
on-demand,1,0,6,Seluun,founding year,0,0.0,0,1,0.4447000101208687,24.51309998286888,22.099099995102733,22.543800005223602,46.61219997797161
on-demand,1,0,7,Draskel,motto word,0,0.0,0,1,0.44000003254041076,25.151100009679794,20.251500012818724,20.691500045359135,45.40260002249852
on-demand,1,0,8,Draskel,flagship product,0,0.0,0,1,0.4542000242508948,23.589099990203977,19.708800013177097,20.16300003742799,43.29790000338107
on-demand,1,0,9,Veltrax,founding year,0,0.0,0,1,0.4536999622359872,24.166900024283677,20.00190003309399,20.455599995329976,44.168800057377666
on-demand,1,0,10,Veltrax,anthem composer,0,0.0,0,1,0.48889999743551016,24.054499983321875,20.083600014913827,20.572500012349337,44.1380999982357
on-demand,1,0,11,Veltrax,annual revenue,0,0.0,0,1,0.43710001045838,24.64660000987351,20.591900043655187,21.029000054113567,45.238500053528696
on-demand,1,1,0,Veltrax,signature dish,0,0.0,0,1,0.44650002382695675,24.21530004357919,19.885300018358976,20.331800042185932,44.10060006193817
on-demand,1,1,1,Veltrax,founding river,0,0.0,0,1,0.4491000436246395,23.896300001069903,20.485100045334548,20.934200088959187,44.38140004640445
on-demand,1,1,2,Draskel,research lab city,0,0.0,0,1,0.45059999683871865,24.697799992281944,20.630099985282868,21.080699982121587,45.32789997756481
on-demand,1,1,3,Draskel,motto word,0,0.0,0,1,0.45270001282915473,23.90420000301674,20.910400024149567,21.36310003697872,44.81460002716631
on-demand,1,1,4,Pyrenna,founding year,0,0.0,0,1,0.4515999462455511,23.62689998699352,19.855800026562065,20.307399972807616,43.482700013555586
on-demand,1,1,5,Pyrenna,anthem composer,0,0.0,0,1,0.45689998660236597,23.614499950781465,20.439900050405413,20.89680003700778,44.05440000118688
on-demand,1,1,6,Quorvane,corporate color,0,0.0,0,1,0.48889999743551016,23.83719995850697,20.551699970383197,21.040599967818707,44.38889992889017
on-demand,1,1,7,Veltrax,flagship product,0,0.0,0,1,0.5457000224851072,23.871399986092,20.609400002285838,21.155100024770945,44.48079998837784
on-demand,1,1,8,Quorvane,signature dish,0,0.0,0,1,0.5144000169821084,23.50119996117428,20.4479000531137,20.962300070095807,43.94910001428798
on-demand,1,1,9,Seluun,primary material,0,0.0,0,1,0.5020999815315008,24.10849998705089,20.276300027035177,20.778400008566678,44.38480001408607
on-demand,1,1,10,Seluun,lucky number,0,0.0,0,1,0.45709998812526464,23.036999977193773,20.365800010040402,20.822899998165667,43.402799987234175
on-demand,1,1,11,Draskel,satellite name,0,0.0,0,1,0.4341999883763492,22.829299967270344,33.62609999021515,34.0602999785915,56.4553999574855
on-demand,1,2,0,Draskel,annual revenue,0,0.0,0,1,0.47199998516589403,67.21999996807426,96.06159996474162,96.53359994990751,163.28159993281588
on-demand,1,2,1,Draskel,corporate color,0,0.0,0,1,0.4695000243373215,72.09600001806393,42.92400000849739,43.39350003283471,115.02000002656132
on-demand,1,2,2,Draskel,research lab city,0,0.0,0,1,0.4689000197686255,52.5834999862127,46.845799952279776,47.3146999720484,99.42929993849248
on-demand,1,2,3,Draskel,signature dish,0,0.0,0,1,0.4925000248476863,45.55949999485165,41.67500004405156,42.167500068899244,87.2345000389032
on-demand,1,2,4,Draskel,corporate color,0,0.0,0,1,0.5585999460890889,53.615399985574186,47.28950001299381,47.8480999590829,100.904899998568
on-demand,1,2,5,Draskel,annual revenue,0,0.0,0,1,0.4594000056385994,54.17760001728311,51.94689997006208,52.406299975700676,106.12449998734519
on-demand,1,2,6,Draskel,founding year,0,0.0,0,1,0.49679999938234687,105.68400000920519,49.07629999797791,49.57309999736026,154.7603000071831
on-demand,1,2,7,Draskel,primary material,0,0.0,0,1,0.45709998812526464,67.1849999926053,51.13310000160709,51.590199989732355,118.31809999421239
on-demand,1,2,8,Pyrenna,corporate color,0,0.0,0,1,0.45470002805814147,49.55840000184253,55.12909998651594,55.58380001457408,104.68749998835847
on-demand,1,2,9,Pyrenna,motto word,0,0.0,0,1,0.45059999683871865,46.51519999606535,42.40199999185279,42.85259998869151,88.91719998791814
on-demand,1,2,10,Draskel,anthem composer,0,0.0,0,1,0.46439998550340533,43.23970002587885,43.63029997330159,44.094699958804995,86.86999999918044
on-demand,1,2,11,Draskel,annual revenue,0,0.0,0,1,0.4493000451475382,43.64400001941249,40.36639997502789,40.81570002017543,84.01039999444038
on-demand,1,3,0,Toskarel,founding river,0,0.0,0,1,0.44899998465552926,45.26759998407215,52.404999965801835,52.853999950457364,97.67259994987398
on-demand,1,3,1,Veltrax,annual revenue,0,0.0,0,1,0.46339997788891196,87.13100000750273,52.75380000239238,53.21719998028129,139.88480000989512
on-demand,1,3,2,Pyrenna,signature dish,0,0.0,0,1,0.4542999668046832,42.47709998162463,41.51469998760149,41.96899995440617,83.99179996922612
on-demand,1,3,3,Draskel,archive codename,0,0.0,0,1,0.45499997213482857,45.077300048433244,49.6794999926351,50.13449996476993,94.75680004106835
on-demand,1,3,4,Seluun,research lab city,0,0.0,0,1,0.4456000169739127,42.983499995898455,40.63940001651645,41.08500003349036,83.6229000124149
on-demand,1,3,5,Seluun,mascot animal,0,0.0,0,1,0.4420000477693975,53.92470001243055,56.30259995814413,56.744600005913526,110.22729997057468
on-demand,1,3,6,Bramwick,lucky number,0,0.0,0,1,0.42180001037195325,71.11139997141436,45.933700050227344,46.3555000605993,117.0451000216417
on-demand,1,3,7,Quorvane,research lab city,0,0.0,0,1,0.4836000152863562,61.148200009483844,48.28440002165735,48.768000036943704,109.43260003114119
on-demand,1,3,8,Quorvane,anthem composer,0,0.0,0,1,0.4932999727316201,46.71470000175759,40.53210001438856,41.02539998712018,87.24680001614615
on-demand,1,3,9,Veltrax,founding river,0,0.0,0,1,0.5252999835647643,45.23480002535507,41.98729997733608,42.51259996090084,87.22210000269115
on-demand,1,3,10,Veltrax,motto word,0,0.0,0,1,0.4521000082604587,45.207599992863834,48.66900003980845,49.12110004806891,93.87660003267229
on-demand,1,3,11,Pyrenna,chief executive,0,0.0,0,1,0.5588000058196485,52.97349998727441,40.456100017763674,41.01490002358332,93.42960000503808
on-demand,1,4,0,Veltrax,chief executive,0,0.0,0,1,0.44549995800480247,45.687599980738014,40.65510001964867,41.100599977653474,86.34270000038669
on-demand,1,4,1,Veltrax,founding year,0,0.0,0,1,0.4430999979376793,47.84379998454824,76.5230999677442,76.96619996568188,124.36689995229244
on-demand,1,4,2,Veltrax,stock ticker,0,0.0,0,1,0.4900999483652413,50.28850003145635,42.07650001626462,42.56659996462986,92.36500004772097
on-demand,1,4,3,Veltrax,flagship product,0,0.0,0,1,0.4648000467568636,49.84300001524389,56.70129996724427,57.16610001400113,106.54429998248816
on-demand,1,4,4,Pyrenna,research lab city,0,0.0,0,1,0.48210000386461616,46.994300035294145,43.417699984274805,43.89979998813942,90.41200001956895
on-demand,1,4,5,Pyrenna,corporate color,0,0.0,0,1,0.45759999193251133,47.08109999774024,42.09179995814338,42.549399950075895,89.17289995588362
on-demand,1,4,6,Pyrenna,signature dish,0,0.0,0,1,0.4626999725587666,49.80979999527335,56.73700000625104,57.199699978809804,106.54680000152439
on-demand,1,4,7,Pyrenna,primary material,0,0.0,0,1,0.44919998617842793,43.616099981591105,40.13049998320639,40.57969996938482,83.7465999647975
on-demand,1,4,8,Pyrenna,chief engineer,0,0.0,0,1,0.4422999918460846,43.72809996129945,69.95249999454245,70.39479998638853,113.6805999558419
on-demand,1,4,9,Pyrenna,flagship product,0,0.0,0,1,0.45710004633292556,43.53740002261475,45.90650001773611,46.36360006406903,89.44390004035085
on-demand,1,4,10,Pyrenna,annual revenue,0,0.0,0,1,0.4561999812722206,50.22149998694658,43.601399986073375,44.057599967345595,93.82289997301996
on-demand,1,4,11,Pyrenna,mascot animal,0,0.0,0,1,0.4437000025063753,43.35200000787154,53.43820003326982,53.8819000357762,96.79020004114136
on-demand,1,5,0,Pyrenna,signature dish,0,0.0,0,1,0.4665000014938414,52.830300002824515,42.19429998192936,42.6607999834232,95.02459998475388
on-demand,1,5,1,Bramwick,founding year,0,0.0,0,1,0.41939999209716916,53.738499991595745,50.563599972520024,50.98299996461719,104.30209996411577
on-demand,1,5,2,Bramwick,annual revenue,0,0.0,0,1,0.42480003321543336,45.90789997018874,44.33850001078099,44.76330004399642,90.24639998096973
on-demand,1,5,3,Bramwick,corporate color,0,0.0,0,1,0.4484999808482826,62.2140999766998,64.74269996397197,65.19119994482026,126.95679994067177
on-demand,1,5,4,Bramwick,signature dish,0,0.0,0,1,0.42539997957646847,45.26879999320954,40.836600004695356,41.261999984271824,86.1053999979049
on-demand,1,5,5,Toskarel,signature dish,0,0.0,0,1,0.45540003338828683,46.05400003492832,52.489600027911365,52.94500006129965,98.54360006283969
on-demand,1,5,6,Toskarel,signature dish,0,0.0,0,1,0.44490001164376736,58.33500000881031,52.61600000085309,53.06090001249686,110.9510000096634
on-demand,1,5,7,Quorvane,satellite name,0,0.0,0,1,0.4835000145249069,47.45449998881668,39.9629000457935,40.44640006031841,87.41740003461018
on-demand,1,5,8,Veltrax,headquarters city,0,0.0,0,1,0.48349995631724596,44.68190000625327,40.10519996518269,40.58869992149994,84.78709997143596
on-demand,1,5,9,Pyrenna,mascot animal,0,0.0,0,1,0.44490001164376736,45.2435000333935,42.70589997759089,43.150799989234656,87.94940001098439
on-demand,1,5,10,Ilmeth,chief executive,0,0.0,0,1,0.42719999328255653,51.80740001378581,62.77740001678467,63.204600010067225,114.58480003057048
on-demand,1,5,11,Toskarel,primary material,0,0.0,0,1,0.4664000007323921,75.31460002064705,77.58889999240637,78.05529999313876,152.90350001305342
on-demand,1,6,0,Pyrenna,employee count,0,0.0,0,1,0.5000999663025141,81.73400000669062,44.11489999620244,44.61499996250495,125.84890000289306
on-demand,1,6,1,Pyrenna,headquarters city,0,0.0,0,1,0.4596999497152865,54.502899991348386,63.93549998756498,64.39519993728027,118.43839997891337
on-demand,1,6,2,Pyrenna,mascot animal,0,0.0,0,1,0.46030001249164343,49.01040002005175,48.471199988853186,48.93150000134483,97.48160000890493
on-demand,1,6,3,Seluun,corporate color,0,0.0,0,1,0.5262999911792576,54.27390005206689,64.47809998644516,65.00439997762442,118.75200003851205
on-demand,1,6,4,Bramwick,annual revenue,0,0.0,0,1,0.5456000217236578,56.396499974653125,59.50440000742674,60.0500000291504,115.90089998207986
on-demand,1,6,5,Bramwick,flagship product,0,0.0,0,1,0.4165000282227993,44.378000020515174,41.62149998592213,42.03800001414493,85.9995000064373
on-demand,1,6,6,Bramwick,archive codename,0,0.0,0,1,0.4189999890513718,51.72290001064539,48.21259999880567,48.631599987857044,99.93550000945106
on-demand,1,6,7,Bramwick,lucky number,0,0.0,0,1,0.4157000221312046,52.58260003756732,69.66809998266399,70.0838000047952,122.2507000202313
on-demand,1,6,8,Bramwick,annual revenue,0,0.0,0,1,0.43730001198127866,45.149600016884506,56.130000040866435,56.56730005284771,101.27960005775094
on-demand,1,6,9,Bramwick,lucky number,0,0.0,0,1,0.4206000012345612,55.33180001657456,51.500000001396984,51.920600002631545,106.83180001797155
on-demand,1,6,10,Bramwick,board chair,0,0.0,0,1,0.42180001037195325,43.55220001889393,41.968800011090934,42.39060002146289,85.52100002998486
on-demand,1,6,11,Quorvane,founding year,0,0.0,0,1,0.48669998068362474,63.00270004430786,40.33119999803603,40.81789997871965,103.33390004234388
on-demand,1,7,0,Toskarel,satellite name,0,0.0,0,1,0.4434000002220273,59.312400000635535,61.582199996337295,62.02559999655932,120.89459999697283
on-demand,1,7,1,Quorvane,archive codename,0,0.0,0,1,0.5234999698586762,78.02019995870069,46.94900003960356,47.47250000946224,124.96919999830425
on-demand,1,7,2,Quorvane,flagship product,0,0.0,0,1,0.5072999629192054,70.29320002766326,48.98889997275546,49.49619993567467,119.28210000041872
on-demand,1,7,3,Veltrax,anthem composer,0,0.0,0,1,0.46339997788891196,46.505400037858635,60.39459997555241,60.85799995344132,106.90000001341105
on-demand,1,7,4,Veltrax,anthem composer,0,0.0,0,1,0.45190000673756003,79.28139995783567,42.639999999664724,43.091900006402284,121.9213999575004
on-demand,1,7,5,Veltrax,headquarters city,0,0.0,0,1,0.45359996147453785,47.207599971443415,43.70549996383488,44.15909992530942,90.9130999352783
on-demand,1,7,6,Veltrax,corporate color,0,0.0,0,1,0.46259997179731727,55.42049999348819,49.75790000753477,50.22049997933209,105.17840000102296
on-demand,1,7,7,Veltrax,anthem composer,0,0.0,0,1,0.4515000036917627,51.85629997868091,41.65050003211945,42.102000035811216,93.50680001080036
on-demand,1,7,8,Veltrax,chief engineer,0,0.0,0,1,0.45499997213482857,50.45199999585748,53.20409999694675,53.65909996908158,103.65609999280423
on-demand,1,7,9,Quorvane,research lab city,0,0.0,0,1,0.4974000039510429,48.22920000879094,42.93850000249222,43.43590000644326,91.16770001128316
on-demand,1,7,10,Quorvane,flagship product,0,0.0,0,1,0.49969996325671673,74.52849997207522,54.09279995365068,54.5924999169074,128.6212999257259
on-demand,1,7,11,Quorvane,board chair,0,0.0,0,1,0.4878999898210168,55.27870001969859,50.28020002646372,50.768100016284734,105.55890004616231
on-demand,1,8,0,Ilmeth,satellite name,0,0.0,0,1,0.45759999193251133,55.94510002993047,48.39680000441149,48.854399996344,104.34190003434196
on-demand,1,8,1,Ilmeth,flagship product,0,0.0,0,1,0.4400999750941992,63.39729996398091,69.09409997751936,69.53419995261356,132.49139994150028
on-demand,1,8,2,Ilmeth,archive codename,0,0.0,0,1,0.42670004768297076,47.33720002695918,40.98570003407076,41.41240008175373,88.32290006102994
on-demand,1,8,3,Ilmeth,employee count,0,0.0,0,1,0.41849998524412513,49.155999964568764,42.494799999985844,42.91329998522997,91.65079996455461
on-demand,1,8,4,Toskarel,flagship product,0,0.0,0,1,0.45170000521466136,58.88619995675981,41.291599976830184,41.743299982044846,100.17779993359
on-demand,1,8,5,Quorvane,chief executive,0,0.0,0,1,0.4760000156238675,44.94300001533702,64.79099998250604,65.2669999981299,109.73399999784306
on-demand,1,8,6,Quorvane,motto word,0,0.0,0,1,0.5356000037863851,64.60019998485222,40.373200026806444,40.90880003059283,104.97340001165867
on-demand,1,8,7,Quorvane,stock ticker,0,0.0,0,1,0.4773000255227089,44.86999998334795,40.34139995928854,40.818699984811246,85.21139994263649
on-demand,1,8,8,Quorvane,primary material,0,0.0,0,1,0.48049999168142676,50.49440002767369,41.13939998205751,41.61989997373894,91.6338000097312
on-demand,1,8,9,Quorvane,flagship product,0,0.0,0,1,0.4868999822065234,47.415099979843944,47.281900013331324,47.76879999553785,94.69699999317527
on-demand,1,8,10,Quorvane,stock ticker,0,0.0,0,1,0.5013999762013555,48.37599996244535,67.30830000014976,67.80969997635111,115.6842999625951
on-demand,1,8,11,Quorvane,headquarters city,0,0.0,0,1,0.5029999883845448,46.05170001741499,45.35199998645112,45.854999974835664,91.4037000038661
on-demand,1,9,0,Veltrax,chief executive,0,0.0,0,1,0.4455999587662518,50.035999971441925,82.10579998558387,82.55139994435012,132.1417999570258
on-demand,1,9,1,Veltrax,headquarters city,0,0.0,0,1,0.5023999838158488,64.84399997862056,40.61189998174086,41.11429996555671,105.45589996036142
on-demand,1,9,2,Veltrax,satellite name,0,0.0,0,1,0.4488000413402915,52.072999998927116,40.882500004954636,41.33130004629493,92.95550000388175
on-demand,1,9,3,Veltrax,flagship product,0,0.0,0,1,0.4390000249259174,63.47680004546419,45.735099993180484,46.1741000181064,109.21190003864467
on-demand,1,9,4,Veltrax,motto word,0,0.0,0,1,0.45220000902190804,59.060400002636015,40.41800001868978,40.87020002771169,99.4784000213258
on-demand,1,9,5,Veltrax,flagship product,0,0.0,0,1,0.4605999565683305,47.281800012569875,47.7623000042513,48.22289996081963,95.04410001682118
on-demand,1,9,6,Veltrax,annual revenue,0,0.0,0,1,0.4611000185832381,45.882900012657046,57.34579998534173,57.806900003924966,103.22869999799877
on-demand,1,9,7,Quorvane,anthem composer,0,0.0,0,1,0.5412999889813364,67.23149999743327,57.39569995785132,57.93699994683266,124.6271999552846
on-demand,1,9,8,Quorvane,lucky number,0,0.0,0,1,0.5160999717190862,47.34340001596138,41.229199967347085,41.74529993906617,88.57259998330846
on-demand,1,9,9,Quorvane,mascot animal,0,0.0,0,1,0.4790000384673476,54.47149998508394,43.96029998315498,44.43930002162233,98.43179996823892
on-demand,1,9,10,Seluun,founding year,0,0.0,0,1,0.443600001744926,43.830999988131225,41.04690003441647,41.49050003616139,84.87790002254769
on-demand,1,9,11,Seluun,primary material,0,0.0,0,1,0.43710001045838,70.50840003648773,56.98069999925792,57.4178000097163,127.48910003574565
on-demand,1,10,0,Seluun,annual revenue,0,0.0,0,1,0.4428999964147806,103.86329999892041,81.26289997017011,81.70579996658489,185.12619996909052
on-demand,1,10,1,Seluun,chief executive,0,0.0,0,1,0.49479998415336013,65.03080000402406,69.47399995988235,69.96879994403571,134.5047999639064
on-demand,1,10,2,Seluun,chief engineer,0,0.0,0,1,0.4468999686650932,74.90760000655428,61.438400007318705,61.8852999759838,136.34600001387298
on-demand,1,10,3,Seluun,flagship product,0,0.0,0,1,0.45140000293031335,43.90980000607669,56.06939998688176,56.520799989812076,99.97919999295846
on-demand,1,10,4,Seluun,board chair,0,0.0,0,1,0.45790005242452025,68.81630001589656,51.69470002874732,52.15260008117184,120.51100004464388
on-demand,1,10,5,Draskel,research lab city,0,0.0,0,1,0.46360003761947155,70.9202999714762,40.166899969335645,40.63050000695512,111.08719994081184
on-demand,1,10,6,Draskel,anthem composer,0,0.0,0,1,0.47019997145980597,44.752699963282794,39.60890002781525,40.07909999927506,84.36159999109805
on-demand,1,10,7,Draskel,mascot animal,0,0.0,0,1,0.44759997399523854,44.0276000299491,41.99860000517219,42.44619997916743,86.02620003512129
on-demand,1,10,8,Draskel,chief executive,0,0.0,0,1,0.4476999747566879,78.43670004513115,71.02299999678507,71.47069997154176,149.45970004191622
on-demand,1,10,9,Seluun,founding river,0,0.0,0,1,0.4762000171467662,76.59879996208474,49.79789996286854,50.27409998001531,126.39669992495328
on-demand,1,10,10,Seluun,satellite name,0,0.0,0,1,0.43969997204840183,58.12169995624572,51.76259996369481,52.20229993574321,109.88429991994053
on-demand,1,10,11,Bramwick,annual revenue,0,0.0,0,1,0.4191999905742705,52.162099978886545,50.01200002152473,50.431200012099,102.17410000041127
on-demand,1,11,0,Toskarel,corporate color,0,0.0,0,1,0.4430999979376793,59.586599993053824,43.87059999862686,44.31369999656454,103.45719999168068
on-demand,1,11,1,Toskarel,satellite name,0,0.0,0,1,0.4610000178217888,55.897400015965104,43.01240004133433,43.47340005915612,98.90980005729944
on-demand,1,11,2,Quorvane,motto word,0,0.0,0,1,0.4969000001437962,57.521300041116774,63.597000029403716,64.09390002954751,121.11830007052049
on-demand,1,11,3,Quorvane,anthem composer,0,0.0,0,1,0.48610003432258964,46.06020002393052,40.29410000657663,40.78020004089922,86.35430003050715
on-demand,1,11,4,Seluun,motto word,0,0.0,0,1,0.4461000207811594,52.76900000171736,68.32869997015223,68.77479999093339,121.09769997186959
on-demand,1,11,5,Seluun,motto word,0,0.0,0,1,0.603299995418638,44.75950001506135,40.645400003995746,41.248699999414384,85.4049000190571
on-demand,1,11,6,Seluun,stock ticker,0,0.0,0,1,0.43780001578852534,46.23750003520399,40.08770000655204,40.525500022340566,86.32520004175603
on-demand,1,11,7,Seluun,chief executive,0,0.0,0,1,0.44409994734451175,53.438999981153756,40.85049999412149,41.294599941466004,94.28949997527525
on-demand,1,11,8,Bramwick,founding year,0,0.0,0,1,0.41689997306093574,44.407500012312084,39.87029998097569,40.28719995403662,84.27779999328777
on-demand,1,11,9,Bramwick,research lab city,0,0.0,0,1,0.4183999844826758,50.45310000423342,68.73850000556558,69.15689999004826,119.191600009799
on-demand,1,11,10,Bramwick,employee count,0,0.0,0,1,0.437700015027076,46.85270000481978,45.01170001458377,45.44940002961084,91.86440001940355
on-demand,1,11,11,Bramwick,chief engineer,0,0.0,0,1,0.42260001646354795,50.66740000620484,41.33500001626089,41.75760003272444,92.00240002246574
on-demand,1,12,0,Ilmeth,corporate color,0,0.0,0,1,0.4237999673932791,47.83679998945445,67.42650002706796,67.85029999446124,115.26330001652241
on-demand,1,12,1,Draskel,chief engineer,0,0.0,0,1,0.4534000181593001,44.93149998597801,40.28650000691414,40.73990002507344,85.21799999289215
on-demand,1,12,2,Draskel,signature dish,0,0.0,0,1,0.45419996604323387,48.66649996256456,81.29750000080094,81.75169996684417,129.9639999633655
on-demand,1,12,3,Pyrenna,employee count,0,0.0,0,1,0.5011000321246684,63.23309999424964,43.933200009632856,44.434300041757524,107.1663000038825
on-demand,1,12,4,Draskel,anthem composer,0,0.0,0,1,0.458099995739758,68.26829997589812,61.19279999984428,61.65089999558404,129.4610999757424
on-demand,1,12,5,Veltrax,chief engineer,0,0.0,0,1,0.44899998465552926,75.74380002915859,40.60039995238185,41.04939993703738,116.34419998154044
on-demand,1,12,6,Pyrenna,corporate color,0,0.0,0,1,0.45410002348944545,45.13969999970868,75.77399996807799,76.22809999156743,120.91369996778667
on-demand,1,12,7,Pyrenna,anthem composer,0,0.0,0,1,0.45470002805814147,45.336299983318895,40.934399992693216,41.38910002075136,86.27069997601211
on-demand,1,12,8,Pyrenna,motto word,0,0.0,0,1,0.4572999896481633,46.56440002145246,41.78249998949468,42.239799979142845,88.34690001094714
on-demand,1,12,9,Pyrenna,chief executive,0,0.0,0,1,0.4534999607130885,44.87429995788261,40.100399986840785,40.55389994755387,84.9746999447234
on-demand,1,12,10,Ilmeth,archive codename,0,0.0,0,1,0.4169999738223851,44.84039999078959,41.51900002034381,41.935999994166195,86.3594000111334
on-demand,1,12,11,Ilmeth,anthem composer,0,0.0,0,1,0.4437000025063753,44.01679994771257,59.799799986649305,60.24349998915568,103.81659993436188
on-demand,1,13,0,Seluun,founding year,0,0.0,0,1,0.45579997822642326,52.71419999189675,48.07979997713119,48.53559995535761,100.79399996902794
on-demand,1,13,1,Seluun,chief engineer,0,0.0,0,1,0.4483000375330448,73.23350000660866,43.2938999729231,43.742200010456145,116.52739997953176
on-demand,1,13,2,Seluun,lucky number,0,0.0,0,1,0.4398999735713005,45.30290002003312,48.35629998706281,48.79619996063411,93.65920000709593
on-demand,1,13,3,Seluun,archive codename,0,0.0,0,1,0.4461000207811594,48.530900035984814,44.89229997852817,45.33839999930933,93.42320001451299
on-demand,1,13,4,Veltrax,headquarters city,0,0.0,0,1,0.4569000448100269,55.66579999867827,41.48489999352023,41.94180003833026,97.1506999921985
on-demand,1,13,5,Pyrenna,satellite name,0,0.0,0,1,0.5399000365287066,83.22700002463534,56.96940002962947,57.509300066158175,140.1964000542648
on-demand,1,13,6,Pyrenna,stock ticker,0,0.0,0,1,0.4629000322893262,66.44830002915114,41.383299976587296,41.84620000887662,107.83160000573844
on-demand,1,13,7,Pyrenna,annual revenue,0,0.0,0,1,0.45029999455437064,43.877200048882514,44.23080000560731,44.68110000016168,88.10800005448982
on-demand,1,13,8,Pyrenna,corporate color,0,0.0,0,1,0.4493999877013266,45.276899996679276,66.34289998328313,66.79229997098446,111.61979997996241
on-demand,1,13,9,Draskel,lucky number,0,0.0,0,1,0.48500002594664693,77.73940003244206,78.69390002451837,79.17890005046502,156.43330005696043
on-demand,1,13,10,Draskel,signature dish,0,0.0,0,1,0.46419998398050666,48.04130003321916,42.64030000194907,43.10449998592958,90.68160003516823
on-demand,1,13,11,Draskel,founding river,0,0.0,0,1,0.4696999676525593,53.06169996038079,60.79900002805516,61.26869999570772,113.86069998843595
on-demand,1,14,0,Draskel,chief engineer,0,0.0,0,1,0.45300001511350274,67.83630000427365,49.40119996899739,49.85419998411089,117.23749997327104
on-demand,1,14,1,Draskel,lucky number,0,0.0,0,1,0.4621999687515199,46.78179998882115,71.5978000080213,72.05999997677281,118.37959999684244
on-demand,1,14,2,Bramwick,chief engineer,0,0.0,0,1,0.4585000569932163,59.941999963484704,49.73039997275919,50.1889000297524,109.67239993624389
on-demand,1,14,3,Bramwick,stock ticker,0,0.0,0,1,0.4287000047042966,65.60269999317825,50.83119997289032,51.259899977594614,116.43389996606857
on-demand,1,14,4,Draskel,headquarters city,0,0.0,0,1,0.4776999703608453,47.16349998489022,71.68920000549406,72.1668999758549,118.85269999038428
on-demand,1,14,5,Toskarel,corporate color,0,0.0,0,1,0.49979996401816607,89.8837000131607,46.14180000498891,46.641599969007075,136.02550001814961
on-demand,1,14,6,Toskarel,mascot animal,0,0.0,0,1,0.463999982457608,45.63810001127422,52.279299998190254,52.74329998064786,97.91740000946447
on-demand,1,14,7,Toskarel,primary material,0,0.0,0,1,0.4496999899856746,61.32400000933558,51.40719999326393,51.856899983249605,112.73120000259951
on-demand,1,14,8,Quorvane,corporate color,0,0.0,0,1,0.49239996587857604,70.5121000064537,86.69169998029247,87.18409994617105,157.20379998674616
on-demand,1,14,9,Veltrax,board chair,0,0.0,0,1,0.5392000311985612,98.87300000991672,73.1859999941662,73.72520002536476,172.05900000408292
on-demand,1,14,10,Veltrax,flagship product,0,0.0,0,1,0.5003000260330737,70.41769998613745,41.04810004355386,41.54840006958693,111.46580002969131
on-demand,1,14,11,Quorvane,corporate color,0,0.0,0,1,0.48539997078478336,45.8449000143446,55.77679997077212,56.2621999415569,101.62169998511672
on-demand,1,15,0,Bramwick,mascot animal,0,0.0,0,1,0.41849998524412513,62.232700001914054,44.779099989682436,45.19759997492656,107.01179999159649
on-demand,1,15,1,Veltrax,lucky number,0,0.0,0,1,0.4884000518359244,70.67800004733726,54.81539998436347,55.30380003619939,125.49340003170073
on-demand,1,15,2,Quorvane,annual revenue,0,0.0,0,1,0.5122000002302229,65.09220000589266,39.858699950855225,40.37089995108545,104.95089995674789
on-demand,1,15,3,Quorvane,corporate color,0,0.0,0,1,0.4817000008188188,55.51689997082576,46.3964999653399,46.87819996615872,101.91339993616566
on-demand,1,15,4,Quorvane,headquarters city,0,0.0,0,1,0.5106999888084829,54.036400048062205,65.86460000835359,66.37529999716207,119.9010000564158
on-demand,1,15,5,Quorvane,chief executive,0,0.0,0,1,0.5181999877095222,58.45199996838346,44.731799978762865,45.24999996647239,103.18379994714633
on-demand,1,15,6,Seluun,stock ticker,0,0.0,0,1,0.44520001392811537,44.937899976503104,41.276899981312454,41.72209999524057,86.21479995781556
on-demand,1,15,7,Bramwick,employee count,0,0.0,0,1,0.4495999892242253,47.61709994636476,64.96220000553876,65.41179999476299,112.57929995190352
on-demand,1,15,8,Quorvane,founding river,0,0.0,0,1,0.5161999724805355,85.41719999630004,44.920100015588105,45.43629998806864,130.33730001188815
on-demand,1,15,9,Seluun,annual revenue,0,0.0,0,1,0.5129000055603683,86.59679995616898,55.65899994689971,56.17189995246008,142.2557999030687
on-demand,1,15,10,Bramwick,annual revenue,0,0.0,0,1,0.4248999757692218,46.471300011035055,53.26349998358637,53.68839995935559,99.73479999462143
on-demand,1,15,11,Bramwick,chief engineer,0,0.0,0,1,0.4488000413402915,51.034500007517636,56.93610000889748,57.384900050237775,107.97060001641512
on-demand,1,16,0,Seluun,mascot animal,0,0.0,0,1,0.4797999863512814,70.69159997627139,63.72969999210909,64.20949997846037,134.42129996838048
on-demand,1,16,1,Seluun,board chair,0,0.0,0,1,0.47940004151314497,53.17950004246086,40.99459998542443,41.474000026937574,94.17410002788529
on-demand,1,16,2,Seluun,flagship product,0,0.0,0,1,0.4566999850794673,102.89290000218898,71.49489998118952,71.95159996626899,174.3877999833785
on-demand,1,16,3,Draskel,motto word,0,0.0,0,1,0.49400003626942635,46.539600007236004,40.71060003479943,41.20460007106885,87.25020004203543
on-demand,1,16,4,Draskel,anthem composer,0,0.0,0,1,0.4563999827951193,51.10969999805093,68.0049000075087,68.46129999030381,119.11460000555962
on-demand,1,16,5,Draskel,mascot animal,0,0.0,0,1,0.4727999912574887,71.02610002039,53.7824000348337,54.25520002609119,124.8085000552237
on-demand,1,16,6,Draskel,satellite name,0,0.0,0,1,0.4553000326268375,44.11200003232807,40.15039996011183,40.605699992738664,84.2623999924399
on-demand,1,16,7,Draskel,board chair,0,0.0,0,1,0.44840003829449415,43.727200012654066,46.209199994336814,46.65760003263131,89.93640000699088
on-demand,1,16,8,Draskel,stock ticker,0,0.0,0,1,0.46490004751831293,52.26819997187704,71.15629996405914,71.62120001157746,123.42449993593618
on-demand,1,16,9,Draskel,primary material,0,0.0,0,1,0.4813999985344708,76.53469999786466,83.91059999121353,84.391999989748,160.4452999890782
on-demand,1,16,10,Draskel,mascot animal,0,0.0,0,1,0.4925000248476863,71.22949999757111,67.20320001477376,67.69570003962144,138.43270001234487
on-demand,1,16,11,Draskel,satellite name,0,0.0,0,1,0.45870000030845404,48.79690002417192,40.95629998482764,41.41499998513609,89.75320000899956
on-demand,1,17,0,Ilmeth,anthem composer,0,0.0,0,1,0.41500001680105925,57.66859999857843,40.01229995628819,40.42729997308925,97.68089995486662
on-demand,1,17,1,Ilmeth,archive codename,0,0.0,0,1,0.4162000259384513,65.9633000032045,82.55900000222027,82.97520002815872,148.52230000542477
on-demand,1,17,2,Draskel,satellite name,0,0.0,0,1,0.4977000062353909,83.47850001882762,39.91340001812205,40.41110002435744,123.39190003694966
on-demand,1,17,3,Seluun,primary material,0,0.0,0,1,0.4411999834701419,49.00939995422959,56.59709998872131,57.03829997219145,105.6064999429509
on-demand,1,17,4,Bramwick,flagship product,0,0.0,0,1,0.437400012742728,64.53789997613057,51.72419996233657,52.1615999750793,116.26209993846714
on-demand,1,17,5,Bramwick,founding year,0,0.0,0,1,0.4352999967522919,59.420500008855015,42.23039996577427,42.66569996252656,101.65089997462928
on-demand,1,17,6,Bramwick,employee count,0,0.0,0,1,0.42799999937415123,45.96230003517121,40.82669998751953,41.254699986893684,86.78900002269074
on-demand,1,17,7,Bramwick,research lab city,0,0.0,0,1,0.42019999818876386,45.04090000409633,45.22289999295026,45.643099991139024,90.26379999704659
on-demand,1,17,8,Bramwick,primary material,0,0.0,0,1,0.44050003634765744,47.15220001526177,46.93569999653846,47.37620003288612,94.08790001180023
on-demand,1,17,9,Bramwick,research lab city,0,0.0,0,1,0.44110004091635346,79.3606000370346,71.84330001473427,72.28440005565062,151.20390005176887
on-demand,1,17,10,Quorvane,founding year,0,0.0,0,1,0.5655999993905425,84.22830002382398,51.17039999458939,51.73599999397993,135.39870001841336
on-demand,1,17,11,Quorvane,founding river,0,0.0,0,1,0.48320001224055886,45.78919999767095,42.760100041050464,43.24330005329102,88.54930003872141
on-demand,1,18,0,Bramwick,chief engineer,0,0.0,0,1,0.41959999362006783,55.366799992043525,50.17419997602701,50.59379996964708,105.54099996807054
on-demand,1,18,1,Quorvane,flagship product,0,0.0,0,1,0.48290000995621085,55.706000013742596,88.59010000014678,89.07300001010299,144.29610001388937
on-demand,1,18,2,Veltrax,annual revenue,0,0.0,0,1,0.5051000043749809,73.18399997893721,53.31950000254437,53.824600006919354,126.50349998148158
on-demand,1,18,3,Veltrax,founding year,0,0.0,0,1,0.45409996528178453,58.29549999907613,70.66959998337552,71.1236999486573,128.96509998245165
on-demand,1,18,4,Draskel,founding river,0,0.0,0,1,0.4631999763660133,48.07339998660609,58.119599998462945,58.58279997482896,106.19299998506904
on-demand,1,18,5,Pyrenna,primary material,0,0.0,0,1,0.4808999947272241,51.0515000205487,70.53859997540712,71.01949997013435,121.59009999595582
on-demand,1,18,6,Ilmeth,board chair,0,0.0,0,1,0.48859999515116215,68.80759994965047,47.26139997364953,47.749999968800694,116.0689999233
on-demand,1,18,7,Draskel,research lab city,0,0.0,0,1,0.4634000360965729,47.08290001144633,41.10460000811145,41.56800004420802,88.18750001955777
on-demand,1,18,8,Draskel,annual revenue,0,0.0,0,1,0.450699997600168,45.462099951691926,46.82749998755753,47.2781999851577,92.28959993924946
on-demand,1,18,9,Draskel,annual revenue,0,0.0,0,1,0.47069997526705265,47.887499968055636,58.684300049208105,59.15500002447516,106.57180001726374
on-demand,1,18,10,Draskel,board chair,0,0.0,0,1,0.4676000098697841,76.40889997128397,70.46459999401122,70.93220000388101,146.8734999652952
on-demand,1,18,11,Draskel,chief executive,0,0.0,0,1,0.4515000036917627,34.919099998660386,56.18849996244535,56.63999996613711,91.10759996110573
on-demand,1,19,0,Draskel,primary material,0,0.0,0,1,0.49889995716512203,57.60640004882589,45.10899999877438,45.6078999559395,102.71540004760027
on-demand,1,19,1,Pyrenna,employee count,0,0.0,0,1,0.4515000036917627,69.50179999694228,42.890399985481054,43.341899989172816,112.39219998242334
on-demand,1,19,2,Ilmeth,stock ticker,0,0.0,0,1,0.4322000313550234,53.38200001278892,70.44400001177564,70.87620004313067,123.82600002456456
on-demand,1,19,3,Draskel,board chair,0,0.0,0,1,0.4650999908335507,52.70920001203194,46.61680001299828,47.081900003831834,99.32600002503023
on-demand,1,19,4,Draskel,stock ticker,0,0.0,0,1,0.47720002476125956,52.529399981722236,46.12799995811656,46.60519998287782,98.6573999398388
on-demand,1,19,5,Pyrenna,anthem composer,0,0.0,0,1,0.4543000250123441,75.14420000370592,66.00230000913143,66.45660003414378,141.14650001283735
on-demand,1,19,6,Pyrenna,founding river,0,0.0,0,1,0.4582999972626567,61.9105999940075,54.89390000002459,55.352199997287244,116.80449999403208
on-demand,1,19,7,Ilmeth,corporate color,0,0.0,0,1,0.4230000195093453,47.613699978683144,45.271400013007224,45.69440003251657,92.88509999169037
on-demand,1,19,8,Ilmeth,headquarters city,0,0.0,0,1,0.4373999545350671,57.044100016355515,47.566200024448335,48.0035999789834,104.61030004080385
on-demand,1,19,9,Ilmeth,flagship product,0,0.0,0,1,0.4264999879524112,59.87619998631999,47.6943000103347,48.12079999828711,107.57049999665469
on-demand,1,19,10,Toskarel,chief executive,0,0.0,0,1,0.4548000288195908,49.6368000167422,65.42560004163533,65.88040007045493,115.06240005837753
on-demand,1,19,11,Toskarel,founding river,0,0.0,0,1,0.48720004269853234,71.06459996430203,57.37070000031963,57.85790004301816,128.43529996462166
on-demand,1,20,0,Ilmeth,chief executive,0,0.0,0,1,0.430900021456182,48.9734000293538,40.53509997902438,40.96600000048056,89.50850000837818
on-demand,1,20,1,Ilmeth,stock ticker,0,0.0,0,1,0.41749997762963176,44.68709998764098,43.453200021758676,43.87069999938831,88.14030000939965
on-demand,1,20,2,Draskel,signature dish,0,0.0,0,1,0.45190000673756003,56.78859999170527,43.48839999875054,43.9403000054881,100.2769999904558
on-demand,1,20,3,Draskel,chief engineer,0,0.0,0,1,0.4553000326268375,55.16920000081882,62.60949996067211,63.06479999329895,117.77869996149093
on-demand,1,20,4,Draskel,chief executive,0,0.0,0,1,0.4822000046260655,64.81179996626452,47.29479999514297,47.77699999976903,112.10659996140748
on-demand,1,20,5,Pyrenna,founding river,0,0.0,0,1,0.4875999875366688,49.82479999307543,45.7204999984242,46.20809998596087,95.54529999149963
on-demand,1,20,6,Pyrenna,headquarters city,0,0.0,0,1,0.45110000064596534,62.74130003293976,53.65610000444576,54.10720000509173,116.39740003738552
on-demand,1,20,7,Pyrenna,anthem composer,0,0.0,0,1,0.5040999967604876,73.77260003704578,81.84329996583983,82.34739996260032,155.6159000028856
on-demand,1,20,8,Pyrenna,board chair,0,0.0,0,1,0.4790000384673476,49.38959999708459,74.28940001409501,74.76840005256236,123.6790000111796
on-demand,1,20,9,Ilmeth,anthem composer,0,0.0,0,1,0.42290001874789596,49.628800014033914,41.374500025995076,41.79740004474297,91.00330004002899
on-demand,1,20,10,Ilmeth,lucky number,0,0.0,0,1,0.4165000282227993,49.89189998013899,57.76609998429194,58.18260001251474,107.65799996443093
on-demand,1,20,11,Toskarel,motto word,0,0.0,0,1,0.4732999950647354,70.96589996945113,111.3607999868691,111.83409998193383,182.32669995632023
on-demand,1,21,0,Draskel,founding year,0,0.0,0,1,0.4870999837294221,72.63660000171512,40.79619998810813,41.28329997183755,113.43279998982325
on-demand,1,21,1,Pyrenna,chief engineer,0,0.0,0,1,0.45520003186538815,49.957700015511364,42.20770002575591,42.6629000576213,92.16540004126728
on-demand,1,21,2,Draskel,stock ticker,0,0.0,0,1,0.4770000232383609,57.248400000389665,41.9780999654904,42.45509998872876,99.22649996588007
on-demand,1,21,3,Draskel,corporate color,0,0.0,0,1,0.4561999812722206,47.33229998964816,85.77309997053817,86.22929995181039,133.10539996018633
on-demand,1,21,4,Pyrenna,satellite name,0,0.0,0,1,0.5262999911792576,61.477100010961294,62.87480000173673,63.40109999291599,124.35190001269802
on-demand,1,21,5,Ilmeth,board chair,0,0.0,0,1,0.437400012742728,47.97979997238144,52.26839997339994,52.705799986142665,100.24819994578138
on-demand,1,21,6,Seluun,signature dish,0,0.0,0,1,0.5013999762013555,81.53090003179386,62.220299965702,62.72169994190335,143.75119999749586
on-demand,1,21,7,Seluun,employee count,0,0.0,0,1,0.47720002476125956,50.19950005225837,63.00939997890964,63.4866000036709,113.20890003116801
on-demand,1,21,8,Draskel,research lab city,0,0.0,0,1,0.48829999286681414,55.13829999836162,63.29749996075407,63.78579995362088,118.43579995911568
on-demand,1,21,9,Draskel,annual revenue,0,0.0,0,1,0.46259997179731727,46.33780004223809,51.44160002237186,51.904199994169176,97.77940006460994
on-demand,1,21,10,Draskel,mascot animal,0,0.0,0,1,0.4858000320382416,75.9533999953419,43.4438000083901,43.92960004042834,119.397200003732
on-demand,1,21,11,Pyrenna,chief executive,0,0.0,0,1,0.4566999850794673,48.53029997320846,42.41779999574646,42.87449998082593,90.94809996895492
on-demand,1,22,0,Bramwick,chief engineer,0,0.0,0,1,0.4200000548735261,60.93249999685213,40.92339996714145,41.343400022014976,101.85589996399358
on-demand,1,22,1,Bramwick,flagship product,0,0.0,0,1,0.5495999939739704,44.4052999955602,64.01869998080656,64.56829997478053,108.42399997636676
on-demand,1,22,2,Veltrax,headquarters city,0,0.0,0,1,0.47639996046200395,61.985299980733544,41.38559999410063,41.861999954562634,103.37089997483417
on-demand,1,22,3,Pyrenna,mascot animal,0,0.0,0,1,0.44570001773536205,44.12330000195652,44.28500001085922,44.73070002859458,88.40830001281574
on-demand,1,22,4,Ilmeth,signature dish,0,0.0,0,1,0.4361000028438866,54.2653999873437,41.90000001108274,42.336100013926625,96.16539999842644
on-demand,1,22,5,Toskarel,chief engineer,0,0.0,0,1,0.4752000095322728,52.787400025408715,41.08749999431893,41.562700003851205,93.87490001972765
on-demand,1,22,6,Quorvane,flagship product,0,0.0,0,1,0.4817000008188188,46.56539997085929,42.894900019746274,43.37660002056509,89.46029999060556
on-demand,1,22,7,Seluun,flagship product,0,0.0,0,1,0.45759999193251133,59.306499955710024,70.53979998454452,70.99739997647703,129.84629994025454
on-demand,1,22,8,Seluun,motto word,0,0.0,0,1,0.45629998203366995,82.75250002043322,49.655099981464446,50.111399963498116,132.40760000189766
on-demand,1,22,9,Seluun,annual revenue,0,0.0,0,1,0.4458000184968114,58.5785000002943,40.78969999682158,41.235500015318394,99.36819999711588
on-demand,1,22,10,Bramwick,motto word,0,0.0,0,1,0.43020001612603664,45.72670004563406,41.841200029011816,42.27140004513785,87.56790007464588
on-demand,1,22,11,Quorvane,anthem composer,0,0.0,0,1,0.4822000046260655,67.23059999058023,56.798100005835295,57.28030001046136,124.02869999641553
on-demand,1,23,0,Draskel,founding river,0,0.0,0,1,0.48260000767186284,81.55729999998584,55.233099963516,55.71569997118786,136.79039996350184
on-demand,1,23,1,Pyrenna,lucky number,0,0.0,0,1,0.46199996722862124,47.489100019447505,85.04540001740679,85.50739998463541,132.5345000368543
on-demand,1,23,2,Pyrenna,mascot animal,0,0.0,0,1,0.4658999969251454,46.18319997098297,41.082900017499924,41.54880001442507,87.26609998848289
on-demand,1,23,3,Veltrax,founding year,0,0.0,0,1,0.4563999827951193,51.242200017441064,42.50380001030862,42.96019999310374,93.74600002774969
on-demand,1,23,4,Quorvane,chief engineer,0,0.0,0,1,0.4915000172331929,58.39630000991747,68.63280001562089,69.12430003285408,127.02910002553836
on-demand,1,23,5,Veltrax,mascot animal,0,0.0,0,1,0.5036000511609018,64.6965999621898,88.88700004899874,89.39060010015965,153.58360001118854
on-demand,1,23,6,Veltrax,employee count,0,0.0,0,1,0.5171999800950289,83.70810002088547,40.40499997790903,40.92219995800406,124.1130999987945
on-demand,1,23,7,Pyrenna,founding year,0,0.0,0,1,0.4807999939657748,65.96099998569116,73.22239998029545,73.70319997426122,139.1833999659866
on-demand,1,23,8,Pyrenna,anthem composer,0,0.0,0,1,0.4849000251851976,74.4006999884732,52.6772000011988,53.162100026383996,127.077899989672
on-demand,1,23,9,Pyrenna,annual revenue,0,0.0,0,1,0.4916999605484307,89.84359999885783,41.58870002720505,42.08039998775348,131.43230002606288
on-demand,1,23,10,Pyrenna,chief executive,0,0.0,0,1,0.4558999789878726,69.07479994697496,57.37769999541342,57.833599974401295,126.45249994238839
on-demand,1,23,11,Pyrenna,primary material,0,0.0,0,1,0.44520001392811537,51.29500001203269,60.95139996614307,61.39659998007119,112.24639997817576
on-demand,1,24,0,Veltrax,signature dish,0,0.0,0,1,0.4624000284820795,46.85089999111369,47.80430003302172,48.2667000615038,94.65520002413541
on-demand,1,24,1,Pyrenna,stock ticker,0,0.0,0,1,0.46529999235644937,89.56240001134574,66.48569996468723,66.95099995704368,156.04809997603297
on-demand,1,24,2,Ilmeth,chief executive,0,0.0,0,1,0.4610000178217888,59.94020000798628,65.69699995452538,66.15799997234717,125.63719996251166
on-demand,1,24,3,Ilmeth,lucky number,0,0.0,0,1,0.49539998872205615,79.06379998894408,60.66869996720925,61.164099955931306,139.73249995615333
on-demand,1,24,4,Toskarel,mascot animal,0,0.0,0,1,0.4507999983616173,65.24210004135966,82.67799997702241,83.12879997538403,147.92010001838207
on-demand,1,24,5,Quorvane,chief engineer,0,0.0,0,1,0.5322000361047685,83.74410000396892,47.63639997690916,48.16860001301393,131.38049998087808
on-demand,1,24,6,Veltrax,motto word,0,0.0,0,1,0.4547999706119299,54.553300025872886,60.2482000249438,60.70299999555573,114.80150005081668
on-demand,1,24,7,Veltrax,satellite name,0,0.0,0,1,0.4789000377058983,78.20190000347793,43.43869996955618,43.91760000726208,121.64059997303411
on-demand,1,24,8,Ilmeth,research lab city,0,0.0,0,1,0.4440000047907233,96.28489997703582,66.46980001823977,66.91380002303049,162.7546999952756
on-demand,1,24,9,Ilmeth,anthem composer,0,0.0,0,1,0.471699982881546,66.39169994741678,54.55290002282709,55.024600005708635,120.94459997024387
on-demand,1,24,10,Draskel,research lab city,0,0.0,0,1,0.4543000250123441,44.77840004255995,61.10459996853024,61.55889999354258,105.88300001109019
on-demand,1,24,11,Draskel,anthem composer,0,0.0,0,1,0.5015000351704657,66.39490002999082,67.89419997949153,68.395700014662,134.28910000948235
on-demand,1,25,0,Bramwick,chief executive,0,0.0,0,1,0.431500026024878,67.10679997922853,56.32770003285259,56.75920005887747,123.43450001208112
on-demand,1,25,1,Toskarel,stock ticker,0,0.0,0,1,0.5118999979458749,49.9283000244759,42.878500011283904,43.39040000922978,92.8068000357598
on-demand,1,25,2,Toskarel,flagship product,0,0.0,0,1,0.4906000103801489,53.202500042971224,41.71159997349605,42.2021999838762,94.91410001646727
on-demand,1,25,3,Toskarel,mascot animal,0,0.0,0,1,0.4539000219665468,52.39560001064092,46.6939999605529,47.14789998251945,99.08959997119382
on-demand,1,25,4,Pyrenna,headquarters city,0,0.0,0,1,0.4560999805107713,49.47859997628257,97.22830000100657,97.68439998151734,146.70689997728914
on-demand,1,25,5,Ilmeth,signature dish,0,0.0,0,1,0.47199998516589403,62.266900029499084,40.45369999948889,40.925699984654784,102.72060002898797
on-demand,1,25,6,Ilmeth,chief engineer,0,0.0,0,1,0.4768000217154622,46.939500025473535,43.56929997447878,44.04609999619424,90.50879999995232
on-demand,1,25,7,Ilmeth,anthem composer,0,0.0,0,1,0.4351999959908426,53.64339996594936,75.50069998251274,75.93589997850358,129.1440999484621
on-demand,1,25,8,Ilmeth,employee count,0,0.0,0,1,0.6110999966040254,72.9251999873668,61.36649998370558,61.977599980309606,134.29169997107238
on-demand,1,25,9,Toskarel,founding year,0,0.0,0,1,0.4626999725587666,69.82909998623654,45.93369999201968,46.39639996457845,115.76279997825623
on-demand,1,25,10,Quorvane,chief executive,0,0.0,0,1,0.48349995631724596,53.686600003857166,45.33389996504411,45.81739992136136,99.02049996890128
on-demand,1,25,11,Quorvane,chief engineer,0,0.0,0,1,0.48859999515116215,48.94219996640459,41.174600017257035,41.6632000124082,90.11679998366162
on-demand,1,26,0,Veltrax,annual revenue,0,0.0,0,1,0.450999999884516,47.543900029268116,44.920000014826655,45.37100001471117,92.46390004409477
on-demand,1,26,1,Veltrax,stock ticker,0,0.0,0,1,0.48340001376345754,100.18030001083389,77.7764999656938,78.25989997945726,177.9567999765277
on-demand,1,26,2,Veltrax,employee count,0,0.0,0,1,0.49619999481365085,62.71800003014505,72.26970000192523,72.76589999673888,134.98770003207028
on-demand,1,26,3,Veltrax,annual revenue,0,0.0,0,1,0.4744000034406781,68.46080004470423,60.38580002496019,60.86020002840087,128.84660006966442
on-demand,1,26,4,Quorvane,flagship product,0,0.0,0,1,0.4839000175707042,48.77399996621534,78.26560002285987,78.74950004043058,127.03959998907521
on-demand,1,26,5,Quorvane,motto word,0,0.0,0,1,0.4999000229872763,64.59020002512261,47.98189998837188,48.481800011359155,112.57210001349449
on-demand,1,26,6,Quorvane,mascot animal,0,0.0,0,1,0.4915000172331929,68.45050002448261,55.051100032869726,55.54260005010292,123.50160005735233
on-demand,1,26,7,Quorvane,chief engineer,0,0.0,0,1,0.49349997425451875,68.7610000022687,81.61490003112704,82.10840000538155,150.37590003339574
on-demand,1,26,8,Quorvane,annual revenue,0,0.0,0,1,0.5475999787449837,75.07999998051673,46.478900010697544,47.02649998944253,121.55889999121428
on-demand,1,26,9,Seluun,flagship product,0,0.0,0,1,0.4744000034406781,52.557399962097406,59.17260004207492,59.6470000455156,111.73000000417233
on-demand,1,26,10,Seluun,founding river,0,0.0,0,1,0.4887999966740608,48.967900045681745,70.75349998194724,71.2422999786213,119.72140002762899
on-demand,1,26,11,Seluun,anthem composer,0,0.0,0,1,0.45270001282915473,45.49859999679029,63.56420001247898,64.01690002530813,109.06280000926927
on-demand,1,27,0,Pyrenna,corporate color,0,0.0,0,1,0.4727000487037003,77.05299998633564,47.42149997036904,47.89420001907274,124.47449995670468
on-demand,1,27,1,Pyrenna,annual revenue,0,0.0,0,1,0.47289999201893806,46.89289996167645,57.67399998148903,58.14689997350797,104.56689994316548
on-demand,1,27,2,Pyrenna,flagship product,0,0.0,0,1,0.47560001257807016,56.15469999611378,73.85330001125112,74.32890002382919,130.0080000073649
on-demand,1,27,3,Pyrenna,employee count,0,0.0,0,1,0.49760000547394156,68.60719999531284,41.301999997813255,41.799600003287196,109.9091999931261
on-demand,1,27,4,Pyrenna,headquarters city,0,0.0,0,1,0.4490999854169786,70.25430002249777,41.85189999407157,42.30099997948855,112.10620001656935
on-demand,1,27,5,Pyrenna,anthem composer,0,0.0,0,1,0.4475000314414501,45.54999998072162,62.70159996347502,63.14909999491647,108.25159994419664
on-demand,1,27,6,Pyrenna,primary material,0,0.0,0,1,0.45929994666948915,67.80560000333935,43.74870000174269,44.20799994841218,111.55430000508204
on-demand,1,27,7,Pyrenna,stock ticker,0,0.0,0,1,0.4653999931178987,49.013799987733364,43.56560000451282,44.030999997630715,92.57939999224618
on-demand,1,27,8,Pyrenna,signature dish,0,0.0,0,1,0.44789997627958655,46.637099992949516,42.22589998971671,42.673799965996295,88.86299998266622
on-demand,1,27,9,Pyrenna,signature dish,0,0.0,0,1,0.4619000246748328,76.87740004621446,65.39920001523569,65.86110003991053,142.27660006145015
on-demand,1,27,10,Pyrenna,chief engineer,0,0.0,0,1,0.4463000223040581,54.368100012652576,46.225300000514835,46.67160002281889,100.59340001316741
on-demand,1,27,11,Toskarel,chief engineer,0,0.0,0,1,0.44949998846277595,44.66200002934784,65.26480003958568,65.71430002804846,109.92680006893352
on-demand,1,28,0,Seluun,stock ticker,0,0.0,0,1,0.47879997873678803,72.12560001062229,86.20479999808595,86.68359997682273,158.33040000870824
on-demand,1,28,1,Seluun,research lab city,0,0.0,0,1,0.48439996317029,79.0071000228636,40.36009998526424,40.84449994843453,119.36720000812784
on-demand,1,28,2,Bramwick,chief executive,0,0.0,0,1,0.41850004345178604,45.691900013480335,48.25289995642379,48.671399999875575,93.94479996990412
on-demand,1,28,3,Veltrax,employee count,0,0.0,0,1,0.4831000114791095,59.9618999985978,45.52089999197051,46.00400000344962,105.48279999056831
on-demand,1,28,4,Veltrax,lucky number,0,0.0,0,1,0.44999999227002263,46.08959995675832,40.65779998200014,41.107799974270165,86.74739993875846
on-demand,1,28,5,Veltrax,stock ticker,0,0.0,0,1,0.4569999873638153,79.50680004432797,61.83590000728145,62.29289999464527,141.34270005160943
on-demand,1,28,6,Quorvane,research lab city,0,0.0,0,1,0.4900999483652413,67.18660000478849,54.0544000105001,54.544499958865345,121.24100001528859
on-demand,1,28,7,Toskarel,annual revenue,0,0.0,0,1,0.48669998068362474,47.5583000225015,44.99289998784661,45.47959996853024,92.55120001034811
on-demand,1,28,8,Toskarel,board chair,0,0.0,0,1,0.45789999421685934,50.83410005318001,72.00640003429726,72.46430002851412,122.84050008747727
on-demand,1,28,9,Ilmeth,founding year,0,0.0,0,1,0.4257999826222658,72.92840001173317,41.17629997199401,41.60209995461628,114.10469998372719
on-demand,1,28,10,Ilmeth,motto word,0,0.0,0,1,0.42810000013560057,57.33519996283576,59.26240002736449,59.69050002750009,116.59759999020025
on-demand,1,28,11,Ilmeth,flagship product,0,0.0,0,1,0.4188999882899225,59.3726999941282,41.45359998801723,41.872499976307154,100.82629998214543
on-demand,1,29,0,Bramwick,board chair,0,0.0,0,1,0.4933999734930694,57.871000026352704,56.754200020805,57.24759999429807,114.6252000471577
on-demand,1,29,1,Bramwick,flagship product,0,0.0,0,1,0.46740000834688544,53.02079999819398,60.78610004624352,61.253500054590404,113.8069000444375
on-demand,1,29,2,Pyrenna,flagship product,0,0.0,0,1,0.46040001325309277,44.339200016111135,43.02300000563264,43.48340001888573,87.36220002174377
on-demand,1,29,3,Pyrenna,chief executive,0,0.0,0,1,0.48340001376345754,55.89810002129525,61.83180003426969,62.31520004803315,117.72990005556494
on-demand,1,29,4,Draskel,chief executive,0,0.0,0,1,0.4537999629974365,78.72459996724501,73.90830002259463,74.36209998559207,152.63289998983964
on-demand,1,29,5,Seluun,corporate color,0,0.0,0,1,0.5721000488847494,83.05100002326071,55.60329998843372,56.17540003731847,138.65430001169443
on-demand,1,29,6,Seluun,archive codename,0,0.0,0,1,0.4552999744191766,50.82819995004684,69.4064000272192,69.86170000163838,120.23459997726604
on-demand,1,29,7,Seluun,research lab city,0,0.0,0,1,0.46579999616369605,72.69840000662953,49.24119997303933,49.706999969203025,121.93959997966886
on-demand,1,29,8,Seluun,primary material,0,0.0,0,1,0.4612999618984759,65.43090002378449,40.4014999512583,40.86279991315678,105.83239997504279
on-demand,1,29,9,Seluun,mascot animal,0,0.0,0,1,0.4501999937929213,46.91690002800897,76.77730004070327,77.22750003449619,123.69420006871223
on-demand,1,29,10,Seluun,motto word,0,0.0,0,1,0.49130001571029425,54.582899960223585,49.48380001587793,49.97510003158823,104.06669997610152
on-demand,1,29,11,Seluun,research lab city,0,0.0,0,1,0.4441999481059611,56.815799965988845,40.29859998263419,40.74279993074015,97.11439994862303
on-demand,1,30,0,Draskel,lucky number,0,0.0,0,1,0.4572999896481633,46.60689999582246,58.020500000566244,58.47779999021441,104.6273999963887
on-demand,1,30,1,Pyrenna,archive codename,0,0.0,0,1,0.4808999947272241,62.616300012450665,70.7708999980241,71.25179999275133,133.38720001047477
on-demand,1,30,2,Pyrenna,anthem composer,0,0.0,0,1,0.4572000470943749,71.48729998152703,41.454599995631725,41.9118000427261,112.94189997715876
on-demand,1,30,3,Ilmeth,chief executive,0,0.0,0,1,0.4582999972626567,58.57490003108978,96.94800002034754,97.40630001761019,155.52290005143732
on-demand,1,30,4,Ilmeth,signature dish,0,0.0,0,1,0.43889996595680714,63.432800001464784,50.647899974137545,51.08679994009435,114.08069997560233
on-demand,1,30,5,Toskarel,headquarters city,0,0.0,0,1,0.4512000014074147,45.59550003614277,51.991600019391626,52.44280002079904,97.58710005553439
on-demand,1,30,6,Toskarel,founding river,0,0.0,0,1,0.4515000036917627,49.816499988082796,52.70509998081252,53.15659998450428,102.52159996889532
on-demand,1,30,7,Toskarel,primary material,0,0.0,0,1,0.4599000094458461,80.84710000548512,48.63370000384748,49.093600013293326,129.4808000093326
on-demand,1,30,8,Pyrenna,anthem composer,0,0.0,0,1,0.562800036277622,48.62670000875369,51.97049997514114,52.53330001141876,100.59719998389482
on-demand,1,30,9,Pyrenna,primary material,0,0.0,0,1,0.6419999990612268,76.07420004205778,48.37299999780953,49.014999996870756,124.44720003986731
on-demand,1,30,10,Pyrenna,chief engineer,0,0.0,0,1,0.4898000042885542,62.113900028634816,63.8215999933891,64.31139999767765,125.93550002202392
on-demand,1,30,11,Pyrenna,signature dish,0,0.0,0,1,0.49780000699684024,62.44270002935082,82.40299997851253,82.90079998550937,144.84570000786334
on-demand,1,31,0,Bramwick,board chair,0,0.0,0,1,0.4665000014938414,60.245700005907565,45.472900033928454,45.939400035422295,105.71860003983602
on-demand,1,31,1,Quorvane,founding river,0,0.0,0,1,0.4827000084333122,55.61239999951795,82.84739998634905,83.33009999478236,138.459799985867
on-demand,1,31,2,Quorvane,signature dish,0,0.0,0,1,0.5126000032760203,60.33980002393946,41.90419998485595,42.41679998813197,102.24400000879541
on-demand,1,31,3,Quorvane,employee count,0,0.0,0,1,0.5312999710440636,71.91570004215464,59.90180000662804,60.4330999776721,131.81750004878268
on-demand,1,31,4,Quorvane,corporate color,0,0.0,0,1,0.4865999799221754,62.86429997999221,71.76399999298155,72.25059997290373,134.62829997297376
on-demand,1,31,5,Quorvane,founding year,0,0.0,0,1,0.48590003279969096,67.13290000334382,78.86539999162778,79.35130002442747,145.9982999949716
on-demand,1,31,6,Veltrax,research lab city,0,0.0,0,1,0.5068999598734081,76.49499998660758,56.66810000548139,57.1749999653548,133.16309999208897
on-demand,1,31,7,Veltrax,primary material,0,0.0,0,1,0.4569999873638153,80.26989997597411,49.76389999501407,50.22089998237789,130.03379997098818
on-demand,1,31,8,Veltrax,chief executive,0,0.0,0,1,0.4773999680764973,49.035900039598346,72.4593999912031,72.9367999592796,121.49530003080145
on-demand,1,31,9,Veltrax,annual revenue,0,0.0,0,1,0.45629998203366995,73.54580005630851,60.788100003264844,61.244399985298514,134.33390005957335
on-demand,1,31,10,Veltrax,stock ticker,0,0.0,0,1,0.4661999992094934,60.431100020650774,40.891999960877,41.358199960086495,101.32309998152778
on-demand,1,31,11,Quorvane,lucky number,0,0.0,0,1,0.4847000236622989,66.31230004131794,48.12970000784844,48.61440003151074,114.44200004916638
on-demand,1,32,0,Seluun,flagship product,0,0.0,0,1,0.4536999622359872,60.34679996082559,75.06349997129291,75.5171999335289,135.4102999321185
on-demand,1,32,1,Seluun,employee count,0,0.0,0,1,0.45849999878555536,81.1540000140667,43.67059998912737,44.12909998791292,124.82460000319406
on-demand,1,32,2,Seluun,founding year,0,0.0,0,1,0.89640001533553,51.05879995971918,63.15950001589954,64.05590003123507,114.21829997561872
on-demand,1,32,3,Pyrenna,research lab city,0,0.0,0,1,0.48450002213940024,83.10950000304729,66.30170001881197,66.78620004095137,149.41120002185926
on-demand,1,32,4,Ilmeth,archive codename,0,0.0,0,1,0.43700000969693065,58.25219996040687,88.1904999841936,88.62749999389052,146.44269994460046
on-demand,1,32,5,Ilmeth,signature dish,0,0.0,0,1,0.42970001231878996,46.67960002552718,56.52439995901659,56.95409997133538,103.20399998454377
on-demand,1,32,6,Ilmeth,archive codename,0,0.0,0,1,0.42480003321543336,65.74609997915104,56.556299969088286,56.98110000230372,122.30239994823933
on-demand,1,32,7,Toskarel,chief engineer,0,0.0,0,1,0.5107999895699322,49.97919994639233,52.15260002296418,52.66340001253411,102.1317999693565
on-demand,1,32,8,Quorvane,mascot animal,0,0.0,0,1,0.4813999985344708,52.36259999219328,92.94239996233955,93.42379996087402,145.30499995453283
on-demand,1,32,9,Veltrax,annual revenue,0,0.0,0,1,0.5027999868616462,74.1225000238046,50.54600001312792,51.04879999998957,124.66850003693253
on-demand,1,32,10,Pyrenna,chief executive,0,0.0,0,1,0.471399980597198,56.32869998225942,49.68409996945411,50.15549995005131,106.01279995171353
on-demand,1,32,11,Pyrenna,employee count,0,0.0,0,1,0.46170002315193415,55.01539999386296,43.92069997265935,44.382399995811284,98.9360999665223
on-demand,1,33,0,Veltrax,flagship product,0,0.0,0,1,0.45410002348944545,54.29670005105436,84.27039999514818,84.72450001863763,138.56710004620254
on-demand,1,33,1,Veltrax,lucky number,0,0.0,0,1,0.45980000868439674,63.46929998835549,48.486399988178164,48.94619999686256,111.95569997653365
on-demand,1,33,2,Pyrenna,annual revenue,0,0.0,0,1,0.4770000232383609,50.70670001441613,75.64140000613406,76.11840002937242,126.34810002055019
on-demand,1,33,3,Draskel,founding year,0,0.0,0,1,0.48889999743551016,63.837199995759875,63.54290002491325,64.03180002234876,127.38010002067313
on-demand,1,33,4,Draskel,board chair,0,0.0,0,1,0.45980000868439674,60.101799957919866,80.98989998688921,81.44969999557361,141.09169994480908
on-demand,1,33,5,Veltrax,anthem composer,0,0.0,0,1,0.49589999252930284,69.70540003385395,45.1310999924317,45.626999984961,114.83650002628565
on-demand,1,33,6,Veltrax,archive codename,0,0.0,0,1,0.4550000303424895,52.108899981249124,72.0885000191629,72.54350004950538,124.19740000041202
on-demand,1,33,7,Veltrax,flagship product,0,0.0,0,1,0.47830003313720226,45.690500002820045,49.76119997445494,50.23950000759214,95.45169997727498
on-demand,1,33,8,Quorvane,flagship product,0,0.0,0,1,0.48260000767186284,45.58939998969436,55.553700018208474,56.03630002588034,101.14310000790283
on-demand,1,33,9,Pyrenna,corporate color,0,0.0,0,1,0.45460002729669213,69.45469998754561,42.504899960476905,42.9594999877736,111.95959994802251
on-demand,1,33,10,Pyrenna,headquarters city,0,0.0,0,1,0.48590003279969096,74.66939999721944,67.81690003117546,68.30280006397516,142.4863000283949
on-demand,1,33,11,Draskel,annual revenue,0,0.0,0,1,0.4569999873638153,66.92219997057691,63.64430004032329,64.1013000276871,130.5665000109002
on-demand,1,34,0,Seluun,primary material,0,0.0,0,1,0.49619999481365085,83.92340003047138,56.239499943330884,56.735699938144535,140.16289997380227
on-demand,1,34,1,Draskel,annual revenue,0,0.0,0,1,0.5086999735794961,82.14870002120733,50.49160000635311,51.000299979932606,132.64030002756044
on-demand,1,34,2,Draskel,lucky number,0,0.0,0,1,0.4559000371955335,60.718299995642155,76.50299998931587,76.9589000265114,137.22129998495802
on-demand,1,34,3,Draskel,annual revenue,0,0.0,0,1,0.464599987026304,45.13059998862445,39.544900006148964,40.00949999317527,84.67549999477342
on-demand,1,34,4,Seluun,corporate color,0,0.0,0,1,0.4401000333018601,55.71970000164583,60.35189999965951,60.79200003296137,116.07160000130534
on-demand,1,34,5,Seluun,archive codename,0,0.0,0,1,0.4521000082604587,50.2441999851726,41.07440001098439,41.52650001924485,91.31859999615699
on-demand,1,34,6,Draskel,lucky number,0,0.0,0,1,0.4559000371955335,54.7443000250496,71.54520001495257,72.0011000521481,126.28950004000217
on-demand,1,34,7,Seluun,board chair,0,0.0,0,1,0.451300002168864,53.223200025968254,40.73930002050474,41.19060002267361,93.962500046473
on-demand,1,34,8,Seluun,lucky number,0,0.0,0,1,0.4605000140145421,47.699499991722405,73.77800001995638,74.23850003397092,121.47750001167879
on-demand,1,34,9,Seluun,research lab city,0,0.0,0,1,0.49649999709799886,105.88009998900816,43.406999961007386,43.903499958105385,149.28709995001554
on-demand,1,34,10,Pyrenna,headquarters city,0,0.0,0,1,0.4532000166364014,71.92850002320483,52.33129998669028,52.784500003326684,124.25980000989512
on-demand,1,34,11,Pyrenna,founding river,0,0.0,0,1,0.45280001359060407,47.94150002999231,47.57280001649633,48.025600030086935,95.51430004648864
on-demand,1,35,0,Quorvane,motto word,0,0.0,0,1,0.5055000074207783,80.63509996281937,58.669399993959814,59.17490000138059,139.30449995677918
on-demand,1,35,1,Quorvane,stock ticker,0,0.0,0,1,0.48699998296797276,46.71640001470223,55.94410002231598,56.43110000528395,102.66050003701821
on-demand,1,35,2,Veltrax,employee count,0,0.0,0,1,0.45410002348944545,75.15089999651536,60.36780000431463,60.82190002780408,135.51870000083
on-demand,1,35,3,Veltrax,mascot animal,0,0.0,0,1,0.4524000105448067,46.072900004219264,39.20030000153929,39.6527000120841,85.27320000575855
on-demand,1,35,4,Veltrax,board chair,0,0.0,0,1,0.4425999941304326,46.24249995686114,63.88550001429394,64.32810000842437,110.12799997115508
on-demand,1,35,5,Veltrax,anthem composer,0,0.0,0,1,0.500100024510175,88.21689995238557,64.59409999661148,65.09420002112165,152.81099994899705
on-demand,1,35,6,Pyrenna,archive codename,0,0.0,0,1,0.45739999040961266,66.51929998770356,40.31890002079308,40.77630001120269,106.83820000849664
on-demand,1,35,7,Pyrenna,lucky number,0,0.0,0,1,0.4482999793253839,44.08099997090176,40.9677000134252,41.415999992750585,85.04869998432696
on-demand,1,35,8,Ilmeth,lucky number,0,0.0,0,1,0.4243000294081867,52.639000001363456,70.95849997131154,71.38280000071973,123.597499972675
on-demand,1,35,9,Ilmeth,research lab city,0,0.0,0,1,0.43860002188012004,79.72550002159551,49.89179997937754,50.33040000125766,129.61730000097305
on-demand,1,35,10,Ilmeth,motto word,0,0.0,0,1,0.4289999487809837,66.12510001286864,40.9310000250116,41.35999997379258,107.05610003788024
on-demand,1,35,11,Ilmeth,board chair,0,0.0,0,1,0.41719997534528375,43.830799986608326,46.718599973246455,47.13579994859174,90.54939995985478
on-demand,1,36,0,Ilmeth,headquarters city,0,0.0,0,1,0.4765000194311142,86.81830001296476,78.35640001576394,78.83290003519505,165.1747000287287
on-demand,1,36,1,Ilmeth,signature dish,0,0.0,0,1,0.4708000342361629,87.69829996163025,53.53929998818785,54.01010002242401,141.2375999498181
on-demand,1,36,2,Draskel,chief engineer,0,0.0,0,1,0.5051999469287694,54.79829997057095,46.183699974790215,46.688899921718985,100.98199994536117
on-demand,1,36,3,Pyrenna,chief engineer,0,0.0,0,1,0.45769999269396067,122.77389998780563,64.34330000774935,64.80100000044331,187.11719999555498
on-demand,1,36,4,Pyrenna,employee count,0,0.0,0,1,0.45870000030845404,63.60120000317693,47.429599973838776,47.88829997414723,111.0307999770157
on-demand,1,36,5,Draskel,chief executive,0,0.0,0,1,0.4912000149488449,55.609899980481714,42.251700011547655,42.7429000264965,97.86159999202937
on-demand,1,36,6,Seluun,satellite name,0,0.0,0,1,0.4437000025063753,70.95690001733601,65.28409995371476,65.72779995622113,136.24099997105077
on-demand,1,36,7,Seluun,flagship product,0,0.0,0,1,0.4495999892242253,52.643600036390126,73.33230000222102,73.78189999144524,125.97590003861114
on-demand,1,36,8,Seluun,mascot animal,0,0.0,0,1,0.5364000098779798,104.4982000021264,45.00849999021739,45.54490000009537,149.50669999234378
on-demand,1,36,9,Seluun,primary material,0,0.0,0,1,0.450699997600168,55.96900003729388,46.164600003976375,46.61530000157654,102.13360004127026
on-demand,1,36,10,Seluun,founding year,0,0.0,0,1,0.45059999683871865,63.54580004699528,40.33799999160692,40.78859998844564,103.8838000386022
on-demand,1,36,11,Draskel,board chair,0,0.0,0,1,0.4655999946407974,53.4534000325948,64.72979998216033,65.19539997680113,118.18320001475513
on-demand,1,37,0,Draskel,stock ticker,0,0.0,0,1,0.6562999915331602,61.14159995922819,43.36950002470985,44.02580001624301,104.51109998393804
on-demand,1,37,1,Pyrenna,stock ticker,0,0.0,0,1,0.4999000229872763,45.7330999779515,54.341599985491484,54.84150000847876,100.07469996344298
on-demand,1,37,2,Ilmeth,founding year,0,0.0,0,1,0.44680002611130476,72.4155000061728,52.44250001851469,52.889300044626,124.8580000246875
on-demand,1,37,3,Ilmeth,research lab city,0,0.0,0,1,0.4360000020824373,60.908099985681474,56.34539999300614,56.78139999508858,117.25349997868761
on-demand,1,37,4,Ilmeth,stock ticker,0,0.0,0,1,0.41290000081062317,84.60719999857247,82.64219999546185,83.05509999627247,167.24939999403432
on-demand,1,37,5,Draskel,satellite name,0,0.0,0,1,0.6652000010944903,56.882400007452816,61.7542999680154,62.41949996910989,118.63669997546822
on-demand,1,37,6,Draskel,chief executive,0,0.0,0,1,0.4608000162988901,44.266699987929314,67.91590002831072,68.3767000446096,112.18260001624003
on-demand,1,37,7,Draskel,flagship product,0,0.0,0,1,0.4926000256091356,60.0669999839738,81.41510002315044,81.90770004875958,141.48210000712425
on-demand,1,37,8,Draskel,motto word,0,0.0,0,1,0.4615999641828239,45.67300004418939,65.61739998869598,66.0789999528788,111.29040003288537
on-demand,1,37,9,Draskel,headquarters city,0,0.0,0,1,0.5133999511599541,103.4992000204511,50.93000002671033,51.443399977870286,154.42920004716143
on-demand,1,37,10,Draskel,chief executive,0,0.0,0,1,0.45710004633292556,62.63429997488856,42.751099972520024,43.20820001885295,105.38539994740859
on-demand,1,37,11,Draskel,annual revenue,0,0.0,0,1,0.4535000189207494,44.343699992168695,50.82369997398928,51.27719999291003,95.16739996615797
on-demand,1,38,0,Draskel,flagship product,0,0.0,0,1,0.4782000323757529,77.81220000470057,56.26900005154312,56.74720008391887,134.0812000562437
on-demand,1,38,1,Pyrenna,founding year,0,0.0,0,1,0.458399998024106,53.872100019361824,41.004300001077354,41.46269999910146,94.87640002043918
on-demand,1,38,2,Pyrenna,chief engineer,0,0.0,0,1,0.44570001773536205,46.17840005084872,80.59299999149516,81.03870000923052,126.77140004234388
on-demand,1,38,3,Quorvane,research lab city,0,0.0,0,1,0.4879999905824661,84.84130003489554,67.451799986884,67.93979997746646,152.29310002177954
on-demand,1,38,4,Ilmeth,board chair,0,0.0,0,1,0.43080002069473267,63.8347000349313,64.92410000646487,65.3549000271596,128.75880004139617
on-demand,1,38,5,Pyrenna,annual revenue,0,0.0,0,1,0.45009999303147197,44.86110003199428,47.78130003251135,48.231400025542825,92.64240006450564
on-demand,1,38,6,Pyrenna,satellite name,0,0.0,0,1,0.47199998516589403,75.97469998290762,71.88579998910427,72.35779997427016,147.8604999720119
on-demand,1,38,7,Ilmeth,satellite name,0,0.0,0,1,0.41770003736019135,51.77949997596443,46.58439999911934,47.00210003647953,98.36389997508377
on-demand,1,38,8,Ilmeth,annual revenue,0,0.0,0,1,0.43349998304620385,50.96830002730712,39.93379999883473,40.36729998188093,90.90210002614185
on-demand,1,38,9,Ilmeth,motto word,0,0.0,0,1,0.42039999971166253,53.38230001507327,46.502399956807494,46.92279995651916,99.88469997188076
on-demand,1,38,10,Draskel,headquarters city,0,0.0,0,1,0.44919998617842793,50.56309996871278,61.31369998911396,61.762899975292385,111.87679995782673
on-demand,1,38,11,Seluun,corporate color,0,0.0,0,1,0.4529000143520534,60.08100003236905,107.70299995783716,108.15589997218922,167.7839999902062
on-demand,1,39,0,Bramwick,stock ticker,0,0.0,0,1,0.4858000320382416,71.88560004578903,44.297899992670864,44.783700024709105,116.1835000384599
on-demand,1,39,1,Bramwick,stock ticker,0,0.0,0,1,0.4330000374466181,46.07510002097115,73.42869997955859,73.8617000170052,119.50380000052974
on-demand,1,39,2,Bramwick,signature dish,0,0.0,0,1,0.4206000012345612,56.30290001863614,47.11379995569587,47.53439995693043,103.416699974332
on-demand,1,39,3,Bramwick,employee count,0,0.0,0,1,0.43189997086301446,48.04439999861643,68.9602000056766,69.39209997653961,117.00460000429302
on-demand,1,39,4,Bramwick,flagship product,0,0.0,0,1,0.4403999773785472,88.69499998399988,74.72259999485686,75.16299997223541,163.41759997885674
on-demand,1,39,5,Toskarel,anthem composer,0,0.0,0,1,0.49400003626942635,75.55760000832379,40.261799993459135,40.75580002972856,115.81940000178292
on-demand,1,39,6,Toskarel,anthem composer,0,0.0,0,1,0.44299999717622995,47.683500044513494,53.403600002638996,53.846599999815226,101.08710004715249
on-demand,1,39,7,Pyrenna,board chair,0,0.0,0,1,0.4542999668046832,46.2118000141345,43.61079999944195,44.065099966246635,89.82260001357645
on-demand,1,39,8,Pyrenna,employee count,0,0.0,0,1,0.4498999915085733,58.54409997118637,44.7400999837555,45.18999997526407,103.28419995494187
on-demand,1,39,9,Pyrenna,satellite name,0,0.0,0,1,0.44729997171089053,50.96249998314306,63.48710000747815,63.93439997918904,114.44959999062121
on-demand,1,39,10,Pyrenna,mascot animal,0,0.0,0,1,0.49240002408623695,58.924000011757016,42.75709995999932,43.24949998408556,101.68109997175634
on-demand,1,39,11,Pyrenna,chief engineer,0,0.0,0,1,0.44679996790364385,57.16179998125881,59.30620001163334,59.75299997953698,116.46799999289215
reactive-lru,1,0,0,Ilmeth,satellite name,0,0.0,0,1,0.44700002763420343,69.43360000150278,88.94460002193227,89.39160004956648,158.37820002343506
reactive-lru,1,0,1,Draskel,stock ticker,0,0.0,0,1,0.49920001765713096,77.98629999160767,55.50489999586716,56.004100013524294,133.49119998747483
reactive-lru,1,0,2,Draskel,founding river,1,0.0,0,1,0.0,0.0,41.65580001426861,41.65580001426861,41.65580001426861
reactive-lru,1,0,3,Draskel,annual revenue,1,0.0,0,1,0.0,0.0,41.72920004930347,41.72920004930347,41.72920004930347
reactive-lru,1,0,4,Seluun,lucky number,0,0.0,0,1,0.4542000242508948,46.017799992114305,40.47850001370534,40.93270003795624,86.49630000581965
reactive-lru,1,0,5,Seluun,annual revenue,1,0.0,0,1,0.0,0.0,58.529999980237335,58.529999980237335,58.529999980237335
reactive-lru,1,0,6,Seluun,founding year,1,0.0,0,1,0.0,0.0,42.839700006879866,42.839700006879866,42.839700006879866
reactive-lru,1,0,7,Draskel,motto word,0,0.0,0,1,0.463999982457608,51.314699987415224,57.725299964658916,58.189299947116524,109.03999995207414
reactive-lru,1,0,8,Draskel,flagship product,1,0.0,0,1,0.0,0.0,69.9264999711886,69.9264999711886,69.9264999711886
reactive-lru,1,0,9,Veltrax,founding year,0,0.0,0,1,0.5087999743409455,77.09959999192506,58.26110002817586,58.769900002516806,135.36070002010092
reactive-lru,1,0,10,Veltrax,anthem composer,1,0.0,0,1,0.0,0.0,76.69780001742765,76.69780001742765,76.69780001742765
reactive-lru,1,0,11,Veltrax,annual revenue,1,0.0,0,1,0.0,0.0,55.525199975818396,55.525199975818396,55.525199975818396
reactive-lru,1,1,0,Veltrax,signature dish,0,0.0,0,1,0.5085999728180468,89.50579998781905,50.524900027085096,51.03349999990314,140.03070001490414
reactive-lru,1,1,1,Veltrax,founding river,1,0.0,0,1,0.0,0.0,45.305200037546456,45.305200037546456,45.305200037546456
reactive-lru,1,1,2,Draskel,research lab city,0,0.0,0,1,0.4734999965876341,78.20109999738634,106.26420000335202,106.73769999993965,184.46530000073835
reactive-lru,1,1,3,Draskel,motto word,1,0.0,0,1,0.0,0.0,79.11439996678382,79.11439996678382,79.11439996678382
reactive-lru,1,1,4,Pyrenna,founding year,0,0.0,0,1,0.6712999893352389,101.35829995851964,58.180299995001405,58.851599984336644,159.53859995352104
reactive-lru,1,1,5,Pyrenna,anthem composer,1,0.0,0,1,0.0,0.0,53.31530002877116,53.31530002877116,53.31530002877116
reactive-lru,1,1,6,Quorvane,corporate color,0,0.0,0,1,0.8703999919816852,74.89440002245829,57.89799999911338,58.768399991095066,132.79240002157167
reactive-lru,1,1,7,Veltrax,flagship product,0,0.0,0,1,0.8273000130429864,72.23849999718368,70.3543999698013,71.1816999828443,142.592899966985
reactive-lru,1,1,8,Quorvane,signature dish,0,0.0,0,1,0.9539999882690609,55.272200028412044,54.6368999639526,55.59089995222166,109.90909999236465
reactive-lru,1,1,9,Seluun,primary material,0,0.0,0,1,0.7870999979786575,53.85180003941059,58.77570004668087,59.562800044659525,112.62750008609146
reactive-lru,1,1,10,Seluun,lucky number,1,0.0,0,1,0.0,0.0,47.576599987223744,47.576599987223744,47.576599987223744
reactive-lru,1,1,11,Draskel,satellite name,0,0.0,0,1,0.45960000716149807,44.348100025672466,39.442499983124435,39.90209999028593,83.7906000087969
reactive-lru,1,2,0,Draskel,annual revenue,0,0.0,0,1,0.4491000436246395,45.41610000887886,70.64030005130917,71.08940009493381,116.05640006018803
reactive-lru,1,2,1,Draskel,corporate color,1,0.0,0,1,0.0,0.0,44.57979998551309,44.57979998551309,44.57979998551309
reactive-lru,1,2,2,Draskel,research lab city,1,0.0,0,1,0.0,0.0,54.13160001626238,54.13160001626238,54.13160001626238
reactive-lru,1,2,3,Draskel,signature dish,1,0.0,0,1,0.0,0.0,58.682900038547814,58.682900038547814,58.682900038547814
reactive-lru,1,2,4,Draskel,corporate color,1,0.0,0,1,0.0,0.0,48.784199985675514,48.784199985675514,48.784199985675514
reactive-lru,1,2,5,Draskel,annual revenue,1,0.0,0,1,0.0,0.0,44.410199974663556,44.410199974663556,44.410199974663556
reactive-lru,1,2,6,Draskel,founding year,1,0.0,0,1,0.0,0.0,49.90969999926165,49.90969999926165,49.90969999926165
reactive-lru,1,2,7,Draskel,primary material,1,0.0,0,1,0.0,0.0,66.61919999169186,66.61919999169186,66.61919999169186
reactive-lru,1,2,8,Pyrenna,corporate color,0,0.0,0,1,0.45410002348944545,89.50750000076368,45.51349999383092,45.967600017320365,135.0209999945946
reactive-lru,1,2,9,Pyrenna,motto word,1,0.0,0,1,0.0,0.0,59.82259998563677,59.82259998563677,59.82259998563677
reactive-lru,1,2,10,Draskel,anthem composer,0,0.0,0,1,0.4993999609723687,68.79589997697622,54.21800003387034,54.71739999484271,123.01390001084656
reactive-lru,1,2,11,Draskel,annual revenue,1,0.0,0,1,0.0,0.0,49.47720002382994,49.47720002382994,49.47720002382994
reactive-lru,1,3,0,Toskarel,founding river,0,0.0,0,1,0.45769999269396067,73.15730000846088,63.832700019702315,64.29040001239628,136.9900000281632
reactive-lru,1,3,1,Veltrax,annual revenue,0,0.0,0,1,0.46800001291558146,75.56299999123439,98.50929997628555,98.97729998920113,174.07229996751994
reactive-lru,1,3,2,Pyrenna,signature dish,0,0.0,0,1,0.46909996308386326,91.01899998495355,82.88230001926422,83.35139998234808,173.90130000421777
reactive-lru,1,3,3,Draskel,archive codename,0,0.0,0,1,0.5070999613963068,72.10140000097454,40.261999994982034,40.76909995637834,112.36339999595657
reactive-lru,1,3,4,Seluun,research lab city,0,0.0,0,1,0.443900004029274,90.3859999962151,51.93650000728667,52.38040001131594,142.32250000350177
reactive-lru,1,3,5,Seluun,mascot animal,1,0.0,0,1,0.0,0.0,39.89040001761168,39.89040001761168,39.89040001761168
reactive-lru,1,3,6,Bramwick,lucky number,0,0.0,0,1,0.42180001037195325,51.90779996337369,65.24349999381229,65.66530000418425,117.15129995718598
reactive-lru,1,3,7,Quorvane,research lab city,0,0.0,0,1,0.4807999939657748,45.61729996930808,51.35409999638796,51.83489999035373,96.97139996569604
reactive-lru,1,3,8,Quorvane,anthem composer,1,0.0,0,1,0.0,0.0,57.91749997297302,57.91749997297302,57.91749997297302
reactive-lru,1,3,9,Veltrax,founding river,0,0.0,0,1,0.48049999168142676,105.57940002763644,77.7646999922581,78.24519998393953,183.34410001989454
reactive-lru,1,3,10,Veltrax,motto word,1,0.0,0,1,0.0,0.0,61.164200014900416,61.164200014900416,61.164200014900416
reactive-lru,1,3,11,Pyrenna,chief executive,0,0.0,0,1,0.45599997974932194,64.63019998045638,48.48420002963394,48.94020000938326,113.11440001009032
reactive-lru,1,4,0,Veltrax,chief executive,0,0.0,0,1,0.49760000547394156,60.45699998503551,51.97369999950752,52.47130000498146,112.43069998454303
reactive-lru,1,4,1,Veltrax,founding year,1,0.0,0,1,0.0,0.0,66.29310001153499,66.29310001153499,66.29310001153499
reactive-lru,1,4,2,Veltrax,stock ticker,1,0.0,0,1,0.0,0.0,52.01060004765168,52.01060004765168,52.01060004765168
reactive-lru,1,4,3,Veltrax,flagship product,1,0.0,0,1,0.0,0.0,81.15529996575788,81.15529996575788,81.15529996575788
reactive-lru,1,4,4,Pyrenna,research lab city,0,0.0,0,1,0.46120001934468746,57.90539999725297,77.232500014361,77.69370003370568,135.13790001161397
reactive-lru,1,4,5,Pyrenna,corporate color,1,0.0,0,1,0.0,0.0,76.02129998849705,76.02129998849705,76.02129998849705
reactive-lru,1,4,6,Pyrenna,signature dish,1,0.0,0,1,0.0,0.0,71.19270000839606,71.19270000839606,71.19270000839606
reactive-lru,1,4,7,Pyrenna,primary material,1,0.0,0,1,0.0,0.0,64.7515999735333,64.7515999735333,64.7515999735333
reactive-lru,1,4,8,Pyrenna,chief engineer,1,0.0,0,1,0.0,0.0,73.97940004011616,73.97940004011616,73.97940004011616
reactive-lru,1,4,9,Pyrenna,flagship product,1,0.0,0,1,0.0,0.0,70.48600004054606,70.48600004054606,70.48600004054606
reactive-lru,1,4,10,Pyrenna,annual revenue,1,0.0,0,1,0.0,0.0,80.65200003329664,80.65200003329664,80.65200003329664
reactive-lru,1,4,11,Pyrenna,mascot animal,1,0.0,0,1,0.0,0.0,40.6451000017114,40.6451000017114,40.6451000017114
reactive-lru,1,5,0,Pyrenna,signature dish,0,0.0,0,1,0.8221999742090702,65.19069999922067,65.64639997668564,66.46859995089471,130.8370999759063
reactive-lru,1,5,1,Bramwick,founding year,0,0.0,0,1,0.8164999890141189,92.76670002145693,65.018399967812,65.83489995682612,157.78509998926893
reactive-lru,1,5,2,Bramwick,annual revenue,1,0.0,0,1,0.0,0.0,61.78320001345128,61.78320001345128,61.78320001345128
reactive-lru,1,5,3,Bramwick,corporate color,1,0.0,0,1,0.0,0.0,52.05890000797808,52.05890000797808,52.05890000797808
reactive-lru,1,5,4,Bramwick,signature dish,1,0.0,0,1,0.0,0.0,62.88789998507127,62.88789998507127,62.88789998507127
reactive-lru,1,5,5,Toskarel,signature dish,0,0.0,0,1,0.7916000322438776,49.083199992310256,42.6005000481382,43.39210008038208,91.68370004044846
reactive-lru,1,5,6,Toskarel,signature dish,1,0.0,0,1,0.0,0.0,43.038500007241964,43.038500007241964,43.038500007241964
reactive-lru,1,5,7,Quorvane,satellite name,0,0.0,0,1,0.8655000128783286,48.103900044225156,42.43720002705231,43.30270003993064,90.54110007127747
reactive-lru,1,5,8,Veltrax,headquarters city,0,0.0,0,1,0.7926999824121594,47.21689998405054,57.92949994793162,58.72219993034378,105.14639993198216
reactive-lru,1,5,9,Pyrenna,mascot animal,0,0.0,0,1,0.47909998102113605,76.15209999494255,50.13859999598935,50.61769997701049,126.2906999909319
reactive-lru,1,5,10,Ilmeth,chief executive,0,0.0,0,1,0.41530001908540726,56.05020001530647,66.17830001050606,66.59360002959147,122.22850002581254
reactive-lru,1,5,11,Toskarel,primary material,0,0.0,0,1,0.45110000064596534,62.31940002180636,77.04169995849952,77.49279995914549,139.36109998030588
reactive-lru,1,6,0,Pyrenna,employee count,0,0.0,0,1,0.46040001325309277,44.60200003813952,51.3183000148274,51.77870002808049,95.92030005296692
reactive-lru,1,6,1,Pyrenna,headquarters city,1,0.0,0,1,0.0,0.0,51.262900000438094,51.262900000438094,51.262900000438094
reactive-lru,1,6,2,Pyrenna,mascot animal,1,0.0,0,1,0.0,0.0,77.39019999280572,77.39019999280572,77.39019999280572
reactive-lru,1,6,3,Seluun,corporate color,0,0.0,0,1,0.4875999875366688,76.98010001331568,76.04509999509901,76.53269998263568,153.02520000841469
reactive-lru,1,6,4,Bramwick,annual revenue,0,0.0,0,1,0.45280001359060407,56.89909995999187,59.15750004351139,59.610300057101995,116.05660000350326
reactive-lru,1,6,5,Bramwick,flagship product,1,0.0,0,1,0.0,0.0,49.849200004246086,49.849200004246086,49.849200004246086
reactive-lru,1,6,6,Bramwick,archive codename,1,0.0,0,1,0.0,0.0,43.24329999508336,43.24329999508336,43.24329999508336
reactive-lru,1,6,7,Bramwick,lucky number,1,0.0,0,1,0.0,0.0,41.22289997758344,41.22289997758344,41.22289997758344
reactive-lru,1,6,8,Bramwick,annual revenue,1,0.0,0,1,0.0,0.0,59.56670001614839,59.56670001614839,59.56670001614839
reactive-lru,1,6,9,Bramwick,lucky number,1,0.0,0,1,0.0,0.0,45.49369995947927,45.49369995947927,45.49369995947927
reactive-lru,1,6,10,Bramwick,board chair,1,0.0,0,1,0.0,0.0,45.237100042868406,45.237100042868406,45.237100042868406
reactive-lru,1,6,11,Quorvane,founding year,0,0.0,0,1,0.501000031363219,51.71359999803826,48.595800006296486,49.096800037659705,100.30940000433475
reactive-lru,1,7,0,Toskarel,satellite name,0,0.0,0,1,0.4539999645203352,46.33149999426678,61.59340002341196,62.047399987932295,107.92490001767874
reactive-lru,1,7,1,Quorvane,archive codename,0,0.0,0,1,0.5327999824658036,126.5714000328444,61.84659997234121,62.37939995480701,188.4180000051856
reactive-lru,1,7,2,Quorvane,flagship product,1,0.0,0,1,0.0,0.0,54.89329999545589,54.89329999545589,54.89329999545589
reactive-lru,1,7,3,Veltrax,anthem composer,0,0.0,0,1,0.45359996147453785,56.761099956929684,78.7156000151299,79.16919997660443,135.47669997205958
reactive-lru,1,7,4,Veltrax,anthem composer,1,0.0,0,1,0.0,0.0,39.48670002864674,39.48670002864674,39.48670002864674
reactive-lru,1,7,5,Veltrax,headquarters city,1,0.0,0,1,0.0,0.0,54.576999973505735,54.576999973505735,54.576999973505735
reactive-lru,1,7,6,Veltrax,corporate color,1,0.0,0,1,0.0,0.0,65.37819997174665,65.37819997174665,65.37819997174665
reactive-lru,1,7,7,Veltrax,anthem composer,1,0.0,0,1,0.0,0.0,57.13660002220422,57.13660002220422,57.13660002220422
reactive-lru,1,7,8,Veltrax,chief engineer,1,0.0,0,1,0.0,0.0,49.883299972862005,49.883299972862005,49.883299972862005
reactive-lru,1,7,9,Quorvane,research lab city,0,0.0,0,1,0.4895000020042062,46.520299976691604,49.06599997775629,49.5554999797605,95.5862999544479
reactive-lru,1,7,10,Quorvane,flagship product,1,0.0,0,1,0.0,0.0,94.76369997719303,94.76369997719303,94.76369997719303
reactive-lru,1,7,11,Quorvane,board chair,1,0.0,0,1,0.0,0.0,41.79620003560558,41.79620003560558,41.79620003560558
reactive-lru,1,8,0,Ilmeth,satellite name,0,0.0,0,1,0.4504999960772693,47.121600015088916,42.983599996659905,43.434099992737174,90.10520001174882
reactive-lru,1,8,1,Ilmeth,flagship product,1,0.0,0,1,0.0,0.0,44.89610000746325,44.89610000746325,44.89610000746325
reactive-lru,1,8,2,Ilmeth,archive codename,1,0.0,0,1,0.0,0.0,38.76940003829077,38.76940003829077,38.76940003829077
reactive-lru,1,8,3,Ilmeth,employee count,1,0.0,0,1,0.0,0.0,58.45939996652305,58.45939996652305,58.45939996652305
reactive-lru,1,8,4,Toskarel,flagship product,0,0.0,0,1,0.49350003246217966,49.232699966523796,40.58420000365004,41.07770003611222,89.81689997017384
reactive-lru,1,8,5,Quorvane,chief executive,0,0.0,0,1,0.4776999703608453,45.6899999990128,55.18640001537278,55.66409998573363,100.87640001438558
reactive-lru,1,8,6,Quorvane,motto word,1,0.0,0,1,0.0,0.0,75.23290003882721,75.23290003882721,75.23290003882721
reactive-lru,1,8,7,Quorvane,stock ticker,1,0.0,0,1,0.0,0.0,80.48350003082305,80.48350003082305,80.48350003082305
reactive-lru,1,8,8,Quorvane,primary material,1,0.0,0,1,0.0,0.0,44.58689998136833,44.58689998136833,44.58689998136833
reactive-lru,1,8,9,Quorvane,flagship product,1,0.0,0,1,0.0,0.0,41.50079999817535,41.50079999817535,41.50079999817535
reactive-lru,1,8,10,Quorvane,stock ticker,1,0.0,0,1,0.0,0.0,73.25449999189004,73.25449999189004,73.25449999189004
reactive-lru,1,8,11,Quorvane,headquarters city,1,0.0,0,1,0.0,0.0,47.42320004152134,47.42320004152134,47.42320004152134
reactive-lru,1,9,0,Veltrax,chief executive,0,0.0,0,1,0.5085000302642584,103.61340001691133,54.931199993006885,55.43970002327114,158.5446000099182
reactive-lru,1,9,1,Veltrax,headquarters city,1,0.0,0,1,0.0,0.0,52.091000019572675,52.091000019572675,52.091000019572675
reactive-lru,1,9,2,Veltrax,satellite name,1,0.0,0,1,0.0,0.0,56.57799995969981,56.57799995969981,56.57799995969981
reactive-lru,1,9,3,Veltrax,flagship product,1,0.0,0,1,0.0,0.0,64.67529997462407,64.67529997462407,64.67529997462407
reactive-lru,1,9,4,Veltrax,motto word,1,0.0,0,1,0.0,0.0,40.512200037483126,40.512200037483126,40.512200037483126
reactive-lru,1,9,5,Veltrax,flagship product,1,0.0,0,1,0.0,0.0,39.889899955596775,39.889899955596775,39.889899955596775
reactive-lru,1,9,6,Veltrax,annual revenue,1,0.0,0,1,0.0,0.0,42.00990003300831,42.00990003300831,42.00990003300831
reactive-lru,1,9,7,Quorvane,anthem composer,0,0.0,0,1,0.5037999944761395,104.54980004578829,56.55179999303073,57.05559998750687,161.10160003881902
reactive-lru,1,9,8,Quorvane,lucky number,1,0.0,0,1,0.0,0.0,52.145799971185625,52.145799971185625,52.145799971185625
reactive-lru,1,9,9,Quorvane,mascot animal,1,0.0,0,1,0.0,0.0,70.99239999661222,70.99239999661222,70.99239999661222
reactive-lru,1,9,10,Seluun,founding year,0,0.0,0,1,0.4922000225633383,86.50740003213286,70.7655000151135,71.25770003767684,157.27290004724637
reactive-lru,1,9,11,Seluun,primary material,1,0.0,0,1,0.0,0.0,70.74660004582256,70.74660004582256,70.74660004582256
reactive-lru,1,10,0,Seluun,annual revenue,0,0.0,0,1,0.4490999854169786,55.13910000445321,91.39920002780855,91.84830001322553,146.53830003226176
reactive-lru,1,10,1,Seluun,chief executive,1,0.0,0,1,0.0,0.0,86.26899996306747,86.26899996306747,86.26899996306747
reactive-lru,1,10,2,Seluun,chief engineer,1,0.0,0,1,0.0,0.0,51.85619997791946,51.85619997791946,51.85619997791946
reactive-lru,1,10,3,Seluun,flagship product,1,0.0,0,1,0.0,0.0,63.3685999782756,63.3685999782756,63.3685999782756
reactive-lru,1,10,4,Seluun,board chair,1,0.0,0,1,0.0,0.0,66.97609997354448,66.97609997354448,66.97609997354448
reactive-lru,1,10,5,Draskel,research lab city,0,0.0,0,1,0.8045000140555203,55.52440002793446,51.41030001686886,52.21480003092438,106.93470004480332
reactive-lru,1,10,6,Draskel,anthem composer,1,0.0,0,1,0.0,0.0,77.83449999988079,77.83449999988079,77.83449999988079
reactive-lru,1,10,7,Draskel,mascot animal,1,0.0,0,1,0.0,0.0,46.80519999237731,46.80519999237731,46.80519999237731
reactive-lru,1,10,8,Draskel,chief executive,1,0.0,0,1,0.0,0.0,41.81490000337362,41.81490000337362,41.81490000337362
reactive-lru,1,10,9,Seluun,founding river,0,0.0,0,1,0.7964000105857849,48.25849999906495,50.67359999520704,51.470000005792826,98.932099994272
reactive-lru,1,10,10,Seluun,satellite name,1,0.0,0,1,0.0,0.0,84.06669995747507,84.06669995747507,84.06669995747507
reactive-lru,1,10,11,Bramwick,annual revenue,0,0.0,0,1,0.7857000455260277,85.91120003256947,81.83079998707399,82.61650003260002,167.74200001964346
reactive-lru,1,11,0,Toskarel,corporate color,0,0.0,0,1,0.8244000491686165,70.96959999762475,55.61469995882362,56.43910000799224,126.58429995644838
reactive-lru,1,11,1,Toskarel,satellite name,1,0.0,0,1,0.0,0.0,78.98359996033832,78.98359996033832,78.98359996033832
reactive-lru,1,11,2,Quorvane,motto word,0,0.0,0,1,0.8682000334374607,48.818100010976195,50.98389997147024,51.8521000049077,99.80199998244643
reactive-lru,1,11,3,Quorvane,anthem composer,1,0.0,0,1,0.0,0.0,62.22610000986606,62.22610000986606,62.22610000986606
reactive-lru,1,11,4,Seluun,motto word,0,0.0,0,1,0.8346000104211271,63.34940000670031,40.023500041570514,40.85810005199164,103.37290004827082
reactive-lru,1,11,5,Seluun,motto word,1,0.0,0,1,0.0,0.0,48.80400002002716,48.80400002002716,48.80400002002716
reactive-lru,1,11,6,Seluun,stock ticker,1,0.0,0,1,0.0,0.0,40.72480002650991,40.72480002650991,40.72480002650991
reactive-lru,1,11,7,Seluun,chief executive,1,0.0,0,1,0.0,0.0,47.6263000164181,47.6263000164181,47.6263000164181
reactive-lru,1,11,8,Bramwick,founding year,0,0.0,0,1,0.7682000286877155,114.63169998023659,50.738500023726374,51.50670005241409,165.37020000396296
reactive-lru,1,11,9,Bramwick,research lab city,1,0.0,0,1,0.0,0.0,65.82149997120723,65.82149997120723,65.82149997120723
reactive-lru,1,11,10,Bramwick,employee count,1,0.0,0,1,0.0,0.0,58.27300000237301,58.27300000237301,58.27300000237301
reactive-lru,1,11,11,Bramwick,chief engineer,1,0.0,0,1,0.0,0.0,50.27230002451688,50.27230002451688,50.27230002451688
reactive-lru,1,12,0,Ilmeth,corporate color,0,0.0,0,1,0.7365000201389194,68.64730000961572,49.45310001494363,50.18960003508255,118.10040002455935
reactive-lru,1,12,1,Draskel,chief engineer,0,0.0,0,1,0.820400018710643,63.048699987120926,61.00609997520223,61.826499993912876,124.05479996232316
reactive-lru,1,12,2,Draskel,signature dish,1,0.0,0,1,0.0,0.0,38.97779999533668,38.97779999533668,38.97779999533668
reactive-lru,1,12,3,Pyrenna,employee count,0,0.0,0,1,0.7989999721758068,46.149599947966635,41.650300030596554,42.44930000277236,87.79989997856319
reactive-lru,1,12,4,Draskel,anthem composer,0,0.0,0,1,0.45549997594207525,68.3201999636367,59.75439999019727,60.209899966139346,128.07459995383397
reactive-lru,1,12,5,Veltrax,chief engineer,0,0.0,0,1,0.45950000640004873,59.14030002895743,48.87759999837726,49.33710000477731,108.01790002733469
reactive-lru,1,12,6,Pyrenna,corporate color,0,0.0,0,1,0.4474000306800008,44.311199977528304,40.141900011803955,40.589300042483956,84.45309998933226
reactive-lru,1,12,7,Pyrenna,anthem composer,1,0.0,0,1,0.0,0.0,40.575799997895956,40.575799997895956,40.575799997895956
reactive-lru,1,12,8,Pyrenna,motto word,1,0.0,0,1,0.0,0.0,44.92940002819523,44.92940002819523,44.92940002819523
reactive-lru,1,12,9,Pyrenna,chief executive,1,0.0,0,1,0.0,0.0,55.587599985301495,55.587599985301495,55.587599985301495
reactive-lru,1,12,10,Ilmeth,archive codename,0,0.0,0,1,0.4352999967522919,74.15370002854615,46.9429999939166,47.37829999066889,121.09670002246276
reactive-lru,1,12,11,Ilmeth,anthem composer,1,0.0,0,1,0.0,0.0,58.3234999794513,58.3234999794513,58.3234999794513
reactive-lru,1,13,0,Seluun,founding year,0,0.0,0,1,0.47109997831285,79.4457999872975,41.140599991194904,41.611699969507754,120.58639997849241
reactive-lru,1,13,1,Seluun,chief engineer,1,0.0,0,1,0.0,0.0,54.854300047736615,54.854300047736615,54.854300047736615
reactive-lru,1,13,2,Seluun,lucky number,1,0.0,0,1,0.0,0.0,40.99309997400269,40.99309997400269,40.99309997400269
reactive-lru,1,13,3,Seluun,archive codename,1,0.0,0,1,0.0,0.0,43.50440000416711,43.50440000416711,43.50440000416711
reactive-lru,1,13,4,Veltrax,headquarters city,0,0.0,0,1,0.4605000140145421,87.21570001216605,76.48180000251159,76.94230001652613,163.69750001467764
reactive-lru,1,13,5,Pyrenna,satellite name,0,0.0,0,1,0.4558000364340842,47.086199978366494,41.15549998823553,41.61130002466962,88.24169996660203
reactive-lru,1,13,6,Pyrenna,stock ticker,1,0.0,0,1,0.0,0.0,40.36340001039207,40.36340001039207,40.36340001039207
reactive-lru,1,13,7,Pyrenna,annual revenue,1,0.0,0,1,0.0,0.0,46.118500002194196,46.118500002194196,46.118500002194196
reactive-lru,1,13,8,Pyrenna,corporate color,1,0.0,0,1,0.0,0.0,40.362700005061924,40.362700005061924,40.362700005061924
reactive-lru,1,13,9,Draskel,lucky number,0,0.0,0,1,0.45279995538294315,44.43369997898117,47.84230003133416,48.295099986717105,92.27600001031533
reactive-lru,1,13,10,Draskel,signature dish,1,0.0,0,1,0.0,0.0,41.13349999533966,41.13349999533966,41.13349999533966
reactive-lru,1,13,11,Draskel,founding river,1,0.0,0,1,0.0,0.0,51.51700001442805,51.51700001442805,51.51700001442805
reactive-lru,1,14,0,Draskel,chief engineer,0,0.0,0,1,0.45689998660236597,100.51640000892803,50.91349995927885,51.37039994588122,151.42989996820688
reactive-lru,1,14,1,Draskel,lucky number,1,0.0,0,1,0.0,0.0,43.73229999328032,43.73229999328032,43.73229999328032
reactive-lru,1,14,2,Bramwick,chief engineer,0,0.0,0,1,0.43830001959577203,57.544599985703826,61.911099997814745,62.34940001741052,119.45569998351857
reactive-lru,1,14,3,Bramwick,stock ticker,1,0.0,0,1,0.0,0.0,53.37350000627339,53.37350000627339,53.37350000627339
reactive-lru,1,14,4,Draskel,headquarters city,0,0.0,0,1,0.49159995978698134,100.17510002944618,59.87210001330823,60.36369997309521,160.0472000427544
reactive-lru,1,14,5,Toskarel,corporate color,0,0.0,0,1,0.48210000386461616,61.23920000391081,80.08530002553016,80.56740002939478,141.32450002944097
reactive-lru,1,14,6,Toskarel,mascot animal,1,0.0,0,1,0.0,0.0,51.55139998532832,51.55139998532832,51.55139998532832
reactive-lru,1,14,7,Toskarel,primary material,1,0.0,0,1,0.0,0.0,48.595800006296486,48.595800006296486,48.595800006296486
reactive-lru,1,14,8,Quorvane,corporate color,0,0.0,0,1,0.5139000131748617,63.16550000337884,88.40750000672415,88.92140001989901,151.573000010103
reactive-lru,1,14,9,Veltrax,board chair,0,0.0,0,1,0.674000009894371,102.89420001208782,90.45089996652678,91.12489997642115,193.3450999786146
reactive-lru,1,14,10,Veltrax,flagship product,1,0.0,0,1,0.0,0.0,46.39189998852089,46.39189998852089,46.39189998852089
reactive-lru,1,14,11,Quorvane,corporate color,0,0.0,0,1,0.5183999892324209,85.73980000801384,62.199999985750765,62.718399974983186,147.9397999937646
reactive-lru,1,15,0,Bramwick,mascot animal,0,0.0,0,1,0.450999999884516,81.56339998822659,49.85289997421205,50.303899974096566,131.41629996243864
reactive-lru,1,15,1,Veltrax,lucky number,0,0.0,0,1,0.5623999750241637,52.07209999207407,65.62429998302832,66.18669995805249,117.6963999751024
reactive-lru,1,15,2,Quorvane,annual revenue,0,0.0,0,1,0.5086999735794961,70.60499995714054,40.54509999696165,41.05379997054115,111.15009995410219
reactive-lru,1,15,3,Quorvane,corporate color,1,0.0,0,1,0.0,0.0,39.14529999019578,39.14529999019578,39.14529999019578
reactive-lru,1,15,4,Quorvane,headquarters city,1,0.0,0,1,0.0,0.0,40.06979998666793,40.06979998666793,40.06979998666793
reactive-lru,1,15,5,Quorvane,chief executive,1,0.0,0,1,0.0,0.0,57.1071999729611,57.1071999729611,57.1071999729611
reactive-lru,1,15,6,Seluun,stock ticker,0,0.0,0,1,0.45689998660236597,58.51270002312958,61.65980000514537,62.11669999174774,120.17250002827495
reactive-lru,1,15,7,Bramwick,employee count,0,0.0,0,1,0.44919998617842793,74.47829999728128,65.6773000373505,66.12650002352893,140.1556000346318
reactive-lru,1,15,8,Quorvane,founding river,0,0.0,0,1,0.49870001384988427,48.76600002171472,44.927600014489144,45.42630002833903,93.69360003620386
reactive-lru,1,15,9,Seluun,annual revenue,0,0.0,0,1,0.4637999809347093,112.007400020957,53.899999998975545,54.363799979910254,165.90740001993254
reactive-lru,1,15,10,Bramwick,annual revenue,0,0.0,0,1,0.4626000300049782,58.55200003134087,45.082799973897636,45.545400003902614,103.6348000052385
reactive-lru,1,15,11,Bramwick,chief engineer,1,0.0,0,1,0.0,0.0,54.4952999916859,54.4952999916859,54.4952999916859
reactive-lru,1,16,0,Seluun,mascot animal,0,0.0,0,1,0.48539997078478336,46.298100030981004,46.23939999146387,46.72479996224865,92.53750002244487
reactive-lru,1,16,1,Seluun,board chair,1,0.0,0,1,0.0,0.0,41.27879999577999,41.27879999577999,41.27879999577999
reactive-lru,1,16,2,Seluun,flagship product,1,0.0,0,1,0.0,0.0,40.31160002341494,40.31160002341494,40.31160002341494
reactive-lru,1,16,3,Draskel,motto word,0,0.0,0,1,0.4564000410027802,62.462400004733354,70.46819996321574,70.92460000421852,132.9305999679491
reactive-lru,1,16,4,Draskel,anthem composer,1,0.0,0,1,0.0,0.0,40.45950004365295,40.45950004365295,40.45950004365295
reactive-lru,1,16,5,Draskel,mascot animal,1,0.0,0,1,0.0,0.0,54.68320002546534,54.68320002546534,54.68320002546534
reactive-lru,1,16,6,Draskel,satellite name,1,0.0,0,1,0.0,0.0,45.65069999080151,45.65069999080151,45.65069999080151
reactive-lru,1,16,7,Draskel,board chair,1,0.0,0,1,0.0,0.0,46.20809998596087,46.20809998596087,46.20809998596087
reactive-lru,1,16,8,Draskel,stock ticker,1,0.0,0,1,0.0,0.0,60.609999985899776,60.609999985899776,60.609999985899776
reactive-lru,1,16,9,Draskel,primary material,1,0.0,0,1,0.0,0.0,56.48770002881065,56.48770002881065,56.48770002881065
reactive-lru,1,16,10,Draskel,mascot animal,1,0.0,0,1,0.0,0.0,47.27919999277219,47.27919999277219,47.27919999277219
reactive-lru,1,16,11,Draskel,satellite name,1,0.0,0,1,0.0,0.0,58.69810003787279,58.69810003787279,58.69810003787279
reactive-lru,1,17,0,Ilmeth,anthem composer,0,0.0,0,1,0.42729999404400587,57.996799994725734,40.390699985437095,40.8179999794811,98.38749998016283
reactive-lru,1,17,1,Ilmeth,archive codename,1,0.0,0,1,0.0,0.0,61.235500033944845,61.235500033944845,61.235500033944845
reactive-lru,1,17,2,Draskel,satellite name,0,0.0,0,1,0.8349000127054751,70.95689995912835,64.27249999251217,65.10740000521764,135.22939995164052
reactive-lru,1,17,3,Seluun,primary material,0,0.0,0,1,0.8125000167638063,54.95690001407638,55.54339999798685,56.35590001475066,110.50030001206324
reactive-lru,1,17,4,Bramwick,flagship product,0,0.0,0,1,0.4216000088490546,49.61330001242459,57.56330001167953,57.984900020528585,107.17660002410412
reactive-lru,1,17,5,Bramwick,founding year,1,0.0,0,1,0.0,0.0,42.08790004486218,42.08790004486218,42.08790004486218
reactive-lru,1,17,6,Bramwick,employee count,1,0.0,0,1,0.0,0.0,52.56619997089729,52.56619997089729,52.56619997089729
reactive-lru,1,17,7,Bramwick,research lab city,1,0.0,0,1,0.0,0.0,41.58959997585043,41.58959997585043,41.58959997585043
reactive-lru,1,17,8,Bramwick,primary material,1,0.0,0,1,0.0,0.0,46.55209998600185,46.55209998600185,46.55209998600185
reactive-lru,1,17,9,Bramwick,research lab city,1,0.0,0,1,0.0,0.0,67.02630000654608,67.02630000654608,67.02630000654608
reactive-lru,1,17,10,Quorvane,founding year,0,0.0,0,1,0.5400999798439443,89.72519997041672,69.91190003463998,70.45200001448393,159.6371000050567
reactive-lru,1,17,11,Quorvane,founding river,1,0.0,0,1,0.0,0.0,84.1931999893859,84.1931999893859,84.1931999893859
reactive-lru,1,18,0,Bramwick,chief engineer,0,0.0,0,1,0.44780003372579813,47.92049998650327,58.667699981015176,59.115500014740974,106.58819996751845
reactive-lru,1,18,1,Quorvane,flagship product,0,0.0,0,1,0.5185999907553196,81.11799997277558,45.881500001996756,46.400099992752075,126.99949997477233
reactive-lru,1,18,2,Veltrax,annual revenue,0,0.0,0,1,0.48480002442374825,69.54369996674359,57.84470000071451,58.32950002513826,127.3883999674581
reactive-lru,1,18,3,Veltrax,founding year,1,0.0,0,1,0.0,0.0,57.03700002050027,57.03700002050027,57.03700002050027
reactive-lru,1,18,4,Draskel,founding river,0,0.0,0,1,0.46469998778775334,58.823300001677126,56.17209995398298,56.63679994177073,114.9953999556601
reactive-lru,1,18,5,Pyrenna,primary material,0,0.0,0,1,0.4724999889731407,50.52380001870915,59.81919995974749,60.291699948720634,110.34299997845665
reactive-lru,1,18,6,Ilmeth,board chair,0,0.0,0,1,0.4360000020824373,88.19369995035231,50.62449997058138,51.06049997266382,138.8181999209337
reactive-lru,1,18,7,Draskel,research lab city,0,0.0,0,1,0.45960000716149807,45.19500001333654,49.9460999853909,50.4056999925524,95.14109999872744
reactive-lru,1,18,8,Draskel,annual revenue,1,0.0,0,1,0.0,0.0,75.60219999868423,75.60219999868423,75.60219999868423
reactive-lru,1,18,9,Draskel,annual revenue,1,0.0,0,1,0.0,0.0,78.75970000168309,78.75970000168309,78.75970000168309
reactive-lru,1,18,10,Draskel,board chair,1,0.0,0,1,0.0,0.0,61.92190002184361,61.92190002184361,61.92190002184361
reactive-lru,1,18,11,Draskel,chief executive,1,0.0,0,1,0.0,0.0,43.66460000164807,43.66460000164807,43.66460000164807
reactive-lru,1,19,0,Draskel,primary material,0,0.0,0,1,0.4559000371955335,44.692000024951994,56.660100002773106,57.11600003996864,101.3521000277251
reactive-lru,1,19,1,Pyrenna,employee count,0,0.0,0,1,0.4862999776378274,85.17299999948591,43.65039995172992,44.13669992936775,128.82339995121583
reactive-lru,1,19,2,Ilmeth,stock ticker,0,0.0,0,1,1.4409000286832452,96.00899997167289,71.37710001552477,72.81800004420802,167.38609998719767
reactive-lru,1,19,3,Draskel,board chair,0,0.0,0,1,0.5233000265434384,87.76730002136901,61.52230000589043,62.04560003243387,149.28960002725944
reactive-lru,1,19,4,Draskel,stock ticker,1,0.0,0,1,0.0,0.0,69.7061000391841,69.7061000391841,69.7061000391841
reactive-lru,1,19,5,Pyrenna,anthem composer,0,0.0,0,1,0.5155000253580511,50.54670001845807,66.41099997796118,66.92650000331923,116.95769999641925
reactive-lru,1,19,6,Pyrenna,founding river,1,0.0,0,1,0.0,0.0,54.8922999878414,54.8922999878414,54.8922999878414
reactive-lru,1,19,7,Ilmeth,corporate color,0,0.0,0,1,0.4434000002220273,64.2315000295639,49.97320001712069,50.41660001734272,114.2047000466846
reactive-lru,1,19,8,Ilmeth,headquarters city,1,0.0,0,1,0.0,0.0,40.96449998905882,40.96449998905882,40.96449998905882
reactive-lru,1,19,9,Ilmeth,flagship product,1,0.0,0,1,0.0,0.0,40.59490002691746,40.59490002691746,40.59490002691746
reactive-lru,1,19,10,Toskarel,chief executive,0,0.0,0,1,0.4664000007323921,49.70800003502518,54.44430001080036,54.910700011532754,104.15230004582554
reactive-lru,1,19,11,Toskarel,founding river,1,0.0,0,1,0.0,0.0,45.323199999984354,45.323199999984354,45.323199999984354
reactive-lru,1,20,0,Ilmeth,chief executive,0,0.0,0,1,0.4813999985344708,89.96320003643632,59.881399967707694,60.362799966242164,149.844600004144
reactive-lru,1,20,1,Ilmeth,stock ticker,1,0.0,0,1,0.0,0.0,57.23299999954179,57.23299999954179,57.23299999954179
reactive-lru,1,20,2,Draskel,signature dish,0,0.0,0,1,0.5008999723941088,89.91229999810457,49.37630001222715,49.87719998462126,139.28860001033172
reactive-lru,1,20,3,Draskel,chief engineer,1,0.0,0,1,0.0,0.0,65.76610001502559,65.76610001502559,65.76610001502559
reactive-lru,1,20,4,Draskel,chief executive,1,0.0,0,1,0.0,0.0,59.29060000926256,59.29060000926256,59.29060000926256
reactive-lru,1,20,5,Pyrenna,founding river,0,0.0,0,1,0.8071000338532031,68.5875000199303,47.71929996786639,48.526400001719594,116.3067999877967
reactive-lru,1,20,6,Pyrenna,headquarters city,1,0.0,0,1,0.0,0.0,72.00549996923655,72.00549996923655,72.00549996923655
reactive-lru,1,20,7,Pyrenna,anthem composer,1,0.0,0,1,0.0,0.0,39.84179999679327,39.84179999679327,39.84179999679327
reactive-lru,1,20,8,Pyrenna,board chair,1,0.0,0,1,0.0,0.0,39.16879999451339,39.16879999451339,39.16879999451339
reactive-lru,1,20,9,Ilmeth,anthem composer,0,0.0,0,1,0.7401999901048839,46.39309999765828,64.88600000739098,65.62619999749586,111.27910000504926
reactive-lru,1,20,10,Ilmeth,lucky number,1,0.0,0,1,0.0,0.0,81.59730001352727,81.59730001352727,81.59730001352727
reactive-lru,1,20,11,Toskarel,motto word,0,0.0,0,1,0.5039999959990382,87.77780004311353,79.3095999979414,79.81359999394044,167.08740004105493
reactive-lru,1,21,0,Draskel,founding year,0,0.0,0,1,0.5433000042103231,81.58969995565712,63.85819998104125,64.40149998525158,145.44789993669838
reactive-lru,1,21,1,Pyrenna,chief engineer,0,0.0,0,1,0.5213999538682401,84.33680003508925,42.45229996740818,42.97369992127642,126.78910000249743
reactive-lru,1,21,2,Draskel,stock ticker,0,0.0,0,1,0.45679998584091663,47.00680001405999,47.782700043171644,48.23950002901256,94.78950005723163
reactive-lru,1,21,3,Draskel,corporate color,1,0.0,0,1,0.0,0.0,45.1988999848254,45.1988999848254,45.1988999848254
reactive-lru,1,21,4,Pyrenna,satellite name,0,0.0,0,1,0.48240000614896417,69.43849998060614,42.476800037547946,42.95920004369691,111.91530001815408
reactive-lru,1,21,5,Ilmeth,board chair,0,0.0,0,1,0.41969999438151717,69.25549998413771,39.540199970360845,39.95989996474236,108.79569995449856
reactive-lru,1,21,6,Seluun,signature dish,0,0.0,0,1,0.4456000169739127,44.84789998969063,42.03579999739304,42.481400014366955,86.88369998708367
reactive-lru,1,21,7,Seluun,employee count,1,0.0,0,1,0.0,0.0,55.37330004153773,55.37330004153773,55.37330004153773
reactive-lru,1,21,8,Draskel,research lab city,0,0.0,0,1,0.5037999944761395,62.575100047979504,41.29930003546178,41.80310002993792,103.87440008344129
reactive-lru,1,21,9,Draskel,annual revenue,1,0.0,0,1,0.0,0.0,41.088800004217774,41.088800004217774,41.088800004217774
reactive-lru,1,21,10,Draskel,mascot animal,1,0.0,0,1,0.0,0.0,58.281300007365644,58.281300007365644,58.281300007365644
reactive-lru,1,21,11,Pyrenna,chief executive,0,0.0,0,1,0.46609999844804406,47.00409999350086,47.08849999587983,47.55459999432787,94.09259998938069
reactive-lru,1,22,0,Bramwick,chief engineer,0,0.0,0,1,0.43289997847750783,63.65559995174408,40.616000012960285,41.04889999143779,104.27159996470436
reactive-lru,1,22,1,Bramwick,flagship product,1,0.0,0,1,0.0,0.0,39.31280004326254,39.31280004326254,39.31280004326254
reactive-lru,1,22,2,Veltrax,headquarters city,0,0.0,0,1,0.45740004861727357,61.5504999877885,76.19709998834878,76.65450003696606,137.74759997613728
reactive-lru,1,22,3,Pyrenna,mascot animal,0,0.0,0,1,0.5344999954104424,56.26789998495951,43.73110004235059,44.26560003776103,99.9990000273101
reactive-lru,1,22,4,Ilmeth,signature dish,0,0.0,0,1,0.4189000464975834,44.85690000001341,50.79529999056831,51.21420003706589,95.65219999058172
reactive-lru,1,22,5,Toskarel,chief engineer,0,0.0,0,1,0.450699997600168,57.98460001824424,40.18850001739338,40.63920001499355,98.17310003563762
reactive-lru,1,22,6,Quorvane,flagship product,0,0.0,0,1,0.4767999635078013,57.451399974524975,64.00319997919723,64.47999994270504,121.45459995372221
reactive-lru,1,22,7,Seluun,flagship product,0,0.0,0,1,0.5832999595440924,69.07039997167885,39.61469995556399,40.197999915108085,108.68509992724285
reactive-lru,1,22,8,Seluun,motto word,1,0.0,0,1,0.0,0.0,40.16450000926852,40.16450000926852,40.16450000926852
reactive-lru,1,22,9,Seluun,annual revenue,1,0.0,0,1,0.0,0.0,59.230800019577146,59.230800019577146,59.230800019577146
reactive-lru,1,22,10,Bramwick,motto word,0,0.0,0,1,0.4430999979376793,76.46929996553808,75.53700002608821,75.98010002402589,152.0062999916263
reactive-lru,1,22,11,Quorvane,anthem composer,0,0.0,0,1,0.5449000163935125,74.93699999758974,71.55200000852346,72.09690002491698,146.4890000061132
reactive-lru,1,23,0,Draskel,founding river,0,0.0,0,1,0.5275000003166497,86.69590001227334,41.16939997766167,41.69689997797832,127.86529998993501
reactive-lru,1,23,1,Pyrenna,lucky number,0,0.0,0,1,0.45220000902190804,47.693600005004555,62.936500005889684,63.38870001491159,110.63010001089424
reactive-lru,1,23,2,Pyrenna,mascot animal,1,0.0,0,1,0.0,0.0,44.97359995730221,44.97359995730221,44.97359995730221
reactive-lru,1,23,3,Veltrax,founding year,0,0.0,0,1,0.49399997806176543,74.07279999461025,41.89719998976216,42.39119996782392,115.96999998437241
reactive-lru,1,23,4,Quorvane,chief engineer,0,0.0,0,1,0.5185999907553196,90.17779998248443,68.87299998197705,69.39159997273237,159.05079996446148
reactive-lru,1,23,5,Veltrax,mascot animal,0,0.0,0,1,0.45490002958104014,47.63679997995496,79.45540000218898,79.91030003177002,127.09219998214394
reactive-lru,1,23,6,Veltrax,employee count,1,0.0,0,1,0.0,0.0,47.724800009746104,47.724800009746104,47.724800009746104
reactive-lru,1,23,7,Pyrenna,founding year,0,0.0,0,1,0.45679998584091663,73.7129999906756,49.013600044418126,49.47040003025904,122.72660003509372
reactive-lru,1,23,8,Pyrenna,anthem composer,1,0.0,0,1,0.0,0.0,47.42289998102933,47.42289998102933,47.42289998102933
reactive-lru,1,23,9,Pyrenna,annual revenue,1,0.0,0,1,0.0,0.0,113.58849995303899,113.58849995303899,113.58849995303899
reactive-lru,1,23,10,Pyrenna,chief executive,1,0.0,0,1,0.0,0.0,51.3745000353083,51.3745000353083,51.3745000353083
reactive-lru,1,23,11,Pyrenna,primary material,1,0.0,0,1,0.0,0.0,77.7888999436982,77.7888999436982,77.7888999436982
reactive-lru,1,24,0,Veltrax,signature dish,0,0.0,0,1,0.46410004142671824,61.57799996435642,74.46090003941208,74.9250000808388,136.0389000037685
reactive-lru,1,24,1,Pyrenna,stock ticker,0,0.0,0,1,0.5011000321246684,60.5086000286974,58.439599990379065,58.940700022503734,118.94820001907647
reactive-lru,1,24,2,Ilmeth,chief executive,0,0.0,0,1,0.48459996469318867,100.68410000531003,81.06199995381758,81.54659991851076,181.7460999591276
reactive-lru,1,24,3,Ilmeth,lucky number,1,0.0,0,1,0.0,0.0,86.27540001180023,86.27540001180023,86.27540001180023
reactive-lru,1,24,4,Toskarel,mascot animal,0,0.0,0,1,0.8336000028066337,84.18010000605136,63.89069999568164,64.72429999848828,148.070800001733
reactive-lru,1,24,5,Quorvane,chief engineer,0,0.0,0,1,0.9018999990075827,70.37359999958426,67.43090000236407,68.33280000137165,137.80450000194833
reactive-lru,1,24,6,Veltrax,motto word,0,0.0,0,1,0.8581000147387385,62.72220000391826,81.37789997272193,82.23599998746067,144.1000999766402
reactive-lru,1,24,7,Veltrax,satellite name,1,0.0,0,1,0.0,0.0,46.42560001229867,46.42560001229867,46.42560001229867
reactive-lru,1,24,8,Ilmeth,research lab city,0,0.0,0,1,0.7479999912902713,54.98249997617677,56.02700001327321,56.77500000456348,111.00949998944998
reactive-lru,1,24,9,Ilmeth,anthem composer,1,0.0,0,1,0.0,0.0,40.85099999792874,40.85099999792874,40.85099999792874
reactive-lru,1,24,10,Draskel,research lab city,0,0.0,0,1,0.8086999878287315,56.719399988651276,43.19330002181232,44.00200000964105,99.9127000104636
reactive-lru,1,24,11,Draskel,anthem composer,1,0.0,0,1,0.0,0.0,46.09180003171787,46.09180003171787,46.09180003171787
reactive-lru,1,25,0,Bramwick,chief executive,0,0.0,0,1,0.4259999841451645,83.38129997719079,43.77349995775148,44.19949994189665,127.15479993494228
reactive-lru,1,25,1,Toskarel,stock ticker,0,0.0,0,1,0.47259998973459005,61.55939999734983,57.55579995457083,58.02839994430542,119.11519995192066
reactive-lru,1,25,2,Toskarel,flagship product,1,0.0,0,1,0.0,0.0,79.36099998187274,79.36099998187274,79.36099998187274
reactive-lru,1,25,3,Toskarel,mascot animal,1,0.0,0,1,0.0,0.0,60.593799978960305,60.593799978960305,60.593799978960305
reactive-lru,1,25,4,Pyrenna,headquarters city,0,0.0,0,1,0.5940999835729599,81.5759000252001,63.795499969273806,64.38959995284677,145.3713999944739
reactive-lru,1,25,5,Ilmeth,signature dish,0,0.0,0,1,0.5082000279799104,90.81600001081824,67.04219995299354,67.55039998097345,157.85819996381178
reactive-lru,1,25,6,Ilmeth,chief engineer,1,0.0,0,1,0.0,0.0,110.28010002337396,110.28010002337396,110.28010002337396
reactive-lru,1,25,7,Ilmeth,anthem composer,1,0.0,0,1,0.0,0.0,101.96709999581799,101.96709999581799,101.96709999581799
reactive-lru,1,25,8,Ilmeth,employee count,1,0.0,0,1,0.0,0.0,83.14060000702739,83.14060000702739,83.14060000702739
reactive-lru,1,25,9,Toskarel,founding year,0,0.0,0,1,0.4983000108040869,81.18439995450899,76.72780001303181,77.2261000238359,157.9121999675408
reactive-lru,1,25,10,Quorvane,chief executive,0,0.0,0,1,0.5432999460026622,91.95269999327138,58.621900039725006,59.16519998572767,150.5746000329964
reactive-lru,1,25,11,Quorvane,chief engineer,1,0.0,0,1,0.0,0.0,67.50950001878664,67.50950001878664,67.50950001878664
reactive-lru,1,26,0,Veltrax,annual revenue,0,0.0,0,1,0.48699998296797276,70.96330000786111,44.041500019375235,44.52850000234321,115.00480002723634
reactive-lru,1,26,1,Veltrax,stock ticker,1,0.0,0,1,0.0,0.0,48.91260003205389,48.91260003205389,48.91260003205389
reactive-lru,1,26,2,Veltrax,employee count,1,0.0,0,1,0.0,0.0,58.654399996157736,58.654399996157736,58.654399996157736
reactive-lru,1,26,3,Veltrax,annual revenue,1,0.0,0,1,0.0,0.0,43.688700010534376,43.688700010534376,43.688700010534376
reactive-lru,1,26,4,Quorvane,flagship product,0,0.0,0,1,0.8836999768391252,49.453600018750876,60.17640000209212,61.06009997893125,109.630000020843
reactive-lru,1,26,5,Quorvane,motto word,1,0.0,0,1,0.0,0.0,70.73489995673299,70.73489995673299,70.73489995673299
reactive-lru,1,26,6,Quorvane,mascot animal,1,0.0,0,1,0.0,0.0,39.55929999938235,39.55929999938235,39.55929999938235
reactive-lru,1,26,7,Quorvane,chief engineer,1,0.0,0,1,0.0,0.0,64.5782999927178,64.5782999927178,64.5782999927178
reactive-lru,1,26,8,Quorvane,annual revenue,1,0.0,0,1,0.0,0.0,51.53439997229725,51.53439997229725,51.53439997229725
reactive-lru,1,26,9,Seluun,flagship product,0,0.0,0,1,0.8017999934963882,49.73329999484122,74.00419999612495,74.80599998962134,123.73749999096617
reactive-lru,1,26,10,Seluun,founding river,1,0.0,0,1,0.0,0.0,39.66589999618009,39.66589999618009,39.66589999618009
reactive-lru,1,26,11,Seluun,anthem composer,1,0.0,0,1,0.0,0.0,51.47530004614964,51.47530004614964,51.47530004614964
reactive-lru,1,27,0,Pyrenna,corporate color,0,0.0,0,1,0.8418000070378184,75.67230000859126,84.43610003450885,85.27790004154667,160.10840004310012
reactive-lru,1,27,1,Pyrenna,annual revenue,1,0.0,0,1,0.0,0.0,45.26739998254925,45.26739998254925,45.26739998254925
reactive-lru,1,27,2,Pyrenna,flagship product,1,0.0,0,1,0.0,0.0,69.84539999393746,69.84539999393746,69.84539999393746
reactive-lru,1,27,3,Pyrenna,employee count,1,0.0,0,1,0.0,0.0,39.097200031392276,39.097200031392276,39.097200031392276
reactive-lru,1,27,4,Pyrenna,headquarters city,1,0.0,0,1,0.0,0.0,42.10770002100617,42.10770002100617,42.10770002100617
reactive-lru,1,27,5,Pyrenna,anthem composer,1,0.0,0,1,0.0,0.0,40.54529999848455,40.54529999848455,40.54529999848455
reactive-lru,1,27,6,Pyrenna,primary material,1,0.0,0,1,0.0,0.0,44.3179999710992,44.3179999710992,44.3179999710992
reactive-lru,1,27,7,Pyrenna,stock ticker,1,0.0,0,1,0.0,0.0,72.63429998420179,72.63429998420179,72.63429998420179
reactive-lru,1,27,8,Pyrenna,signature dish,1,0.0,0,1,0.0,0.0,53.08549996698275,53.08549996698275,53.08549996698275
reactive-lru,1,27,9,Pyrenna,signature dish,1,0.0,0,1,0.0,0.0,41.45390004850924,41.45390004850924,41.45390004850924
reactive-lru,1,27,10,Pyrenna,chief engineer,1,0.0,0,1,0.0,0.0,87.33840001514181,87.33840001514181,87.33840001514181
reactive-lru,1,27,11,Toskarel,chief engineer,0,0.0,0,1,1.1965999729000032,56.24020000686869,48.009300022386014,49.20589999528602,104.2495000292547
reactive-lru,1,28,0,Seluun,stock ticker,0,0.0,0,1,0.804700015578419,50.31520000193268,73.53249995503575,74.33719997061417,123.84769995696843
reactive-lru,1,28,1,Seluun,research lab city,1,0.0,0,1,0.0,0.0,59.85210003564134,59.85210003564134,59.85210003564134
reactive-lru,1,28,2,Bramwick,chief executive,0,0.0,0,1,0.4498999915085733,69.08619997557253,54.737100028432906,55.18700001994148,123.82330000400543
reactive-lru,1,28,3,Veltrax,employee count,0,0.0,0,1,0.5091000348329544,71.64280000142753,41.27749998588115,41.786600020714104,112.92029998730868
reactive-lru,1,28,4,Veltrax,lucky number,1,0.0,0,1,0.0,0.0,40.48329999204725,40.48329999204725,40.48329999204725
reactive-lru,1,28,5,Veltrax,stock ticker,1,0.0,0,1,0.0,0.0,58.09340003179386,58.09340003179386,58.09340003179386
reactive-lru,1,28,6,Quorvane,research lab city,0,0.0,0,1,0.5394999752752483,73.82809999398887,70.69989998126402,71.23939995653927,144.5279999752529
reactive-lru,1,28,7,Toskarel,annual revenue,0,0.0,0,1,0.6241999799385667,78.21659999899566,47.57920000702143,48.203399986959994,125.79580000601709
reactive-lru,1,28,8,Toskarel,board chair,1,0.0,0,1,0.0,0.0,39.37059995951131,39.37059995951131,39.37059995951131
reactive-lru,1,28,9,Ilmeth,founding year,0,0.0,0,1,0.4206000012345612,70.24689996615052,76.1713000247255,76.59190002596006,146.41819999087602
reactive-lru,1,28,10,Ilmeth,motto word,1,0.0,0,1,0.0,0.0,52.713299985043705,52.713299985043705,52.713299985043705
reactive-lru,1,28,11,Ilmeth,flagship product,1,0.0,0,1,0.0,0.0,52.65440000221133,52.65440000221133,52.65440000221133
reactive-lru,1,29,0,Bramwick,board chair,0,0.0,0,1,0.49489998491480947,104.80899998219684,60.18470000708476,60.67959999199957,164.9936999892816
reactive-lru,1,29,1,Bramwick,flagship product,1,0.0,0,1,0.0,0.0,71.1748999892734,71.1748999892734,71.1748999892734
reactive-lru,1,29,2,Pyrenna,flagship product,0,0.0,0,1,0.46770001063123345,68.12120001995936,53.91209997469559,54.37979998532683,122.03329999465495
reactive-lru,1,29,3,Pyrenna,chief executive,1,0.0,0,1,0.0,0.0,62.91059998329729,62.91059998329729,62.91059998329729
reactive-lru,1,29,4,Draskel,chief executive,0,0.0,0,1,0.48649997916072607,82.18259998830035,51.239199994597584,51.72569997375831,133.42179998289794
reactive-lru,1,29,5,Seluun,corporate color,0,0.0,0,1,0.4638000391423702,67.4031000235118,79.54370003426448,80.00750007340685,146.94680005777627
reactive-lru,1,29,6,Seluun,archive codename,1,0.0,0,1,0.0,0.0,39.61680002976209,39.61680002976209,39.61680002976209
reactive-lru,1,29,7,Seluun,research lab city,1,0.0,0,1,0.0,0.0,59.47610002476722,59.47610002476722,59.47610002476722
reactive-lru,1,29,8,Seluun,primary material,1,0.0,0,1,0.0,0.0,42.95219999039546,42.95219999039546,42.95219999039546
reactive-lru,1,29,9,Seluun,mascot animal,1,0.0,0,1,0.0,0.0,41.10289999516681,41.10289999516681,41.10289999516681
reactive-lru,1,29,10,Seluun,motto word,1,0.0,0,1,0.0,0.0,76.71290001599118,76.71290001599118,76.71290001599118
reactive-lru,1,29,11,Seluun,research lab city,1,0.0,0,1,0.0,0.0,66.28480000654235,66.28480000654235,66.28480000654235
reactive-lru,1,30,0,Draskel,lucky number,0,0.0,0,1,0.8160999859683216,51.97359999874607,52.38050001207739,53.19659999804571,104.35410001082346
reactive-lru,1,30,1,Pyrenna,archive codename,0,0.0,0,1,0.8000999805517495,55.91309996088967,49.67659997055307,50.47669995110482,105.58969993144274
reactive-lru,1,30,2,Pyrenna,anthem composer,1,0.0,0,1,0.0,0.0,40.291499986778945,40.291499986778945,40.291499986778945
reactive-lru,1,30,3,Ilmeth,chief executive,0,0.0,0,1,0.4293000092729926,58.1055999500677,54.37500000698492,54.80430001625791,112.48059995705262
reactive-lru,1,30,4,Ilmeth,signature dish,1,0.0,0,1,0.0,0.0,48.31829998875037,48.31829998875037,48.31829998875037
reactive-lru,1,30,5,Toskarel,headquarters city,0,0.0,0,1,0.46030001249164343,58.4730000118725,56.864699989091605,57.32500000158325,115.3377000009641
reactive-lru,1,30,6,Toskarel,founding river,1,0.0,0,1,0.0,0.0,66.68649998027831,66.68649998027831,66.68649998027831
reactive-lru,1,30,7,Toskarel,primary material,1,0.0,0,1,0.0,0.0,57.58969997987151,57.58969997987151,57.58969997987151
reactive-lru,1,30,8,Pyrenna,anthem composer,0,0.0,0,1,0.5135000101290643,63.610300014261156,57.1687999763526,57.68229998648167,120.77909999061376
reactive-lru,1,30,9,Pyrenna,primary material,1,0.0,0,1,0.0,0.0,56.59240001114085,56.59240001114085,56.59240001114085
reactive-lru,1,30,10,Pyrenna,chief engineer,1,0.0,0,1,0.0,0.0,64.56249998882413,64.56249998882413,64.56249998882413
reactive-lru,1,30,11,Pyrenna,signature dish,1,0.0,0,1,0.0,0.0,47.188399999868125,47.188399999868125,47.188399999868125
reactive-lru,1,31,0,Bramwick,board chair,0,0.0,0,1,0.5695999716408551,76.54139999067411,40.61229998478666,41.181899956427515,117.15369997546077
reactive-lru,1,31,1,Quorvane,founding river,0,0.0,0,1,0.4859999753534794,45.620799995958805,61.65889999829233,62.144899973645806,107.27969999425113
reactive-lru,1,31,2,Quorvane,signature dish,1,0.0,0,1,0.0,0.0,58.72729996917769,58.72729996917769,58.72729996917769
reactive-lru,1,31,3,Quorvane,employee count,1,0.0,0,1,0.0,0.0,40.56589998072013,40.56589998072013,40.56589998072013
reactive-lru,1,31,4,Quorvane,corporate color,1,0.0,0,1,0.0,0.0,47.13979997904971,47.13979997904971,47.13979997904971
reactive-lru,1,31,5,Quorvane,founding year,1,0.0,0,1,0.0,0.0,51.73340003238991,51.73340003238991,51.73340003238991
reactive-lru,1,31,6,Veltrax,research lab city,0,0.0,0,1,0.46060001477599144,72.27599999168888,68.32259998191148,68.78319999668747,140.59859997360036
reactive-lru,1,31,7,Veltrax,primary material,1,0.0,0,1,0.0,0.0,42.20909997820854,42.20909997820854,42.20909997820854
reactive-lru,1,31,8,Veltrax,chief executive,1,0.0,0,1,0.0,0.0,59.35920000774786,59.35920000774786,59.35920000774786
reactive-lru,1,31,9,Veltrax,annual revenue,1,0.0,0,1,0.0,0.0,54.08420000458136,54.08420000458136,54.08420000458136
reactive-lru,1,31,10,Veltrax,stock ticker,1,0.0,0,1,0.0,0.0,51.85290001099929,51.85290001099929,51.85290001099929
reactive-lru,1,31,11,Quorvane,lucky number,0,0.0,0,1,0.4941999795846641,85.61990002635866,56.959400011692196,57.45359999127686,142.57930003805086
reactive-lru,1,32,0,Seluun,flagship product,0,0.0,0,1,0.45599997974932194,32.9135000356473,28.9980000234209,29.454000003170222,61.9115000590682
reactive-lru,1,32,1,Seluun,employee count,1,0.0,0,1,0.0,0.0,20.654299994930625,20.654299994930625,20.654299994930625
reactive-lru,1,32,2,Seluun,founding year,1,0.0,0,1,0.0,0.0,19.996900053229183,19.996900053229183,19.996900053229183
reactive-lru,1,32,3,Pyrenna,research lab city,0,0.0,0,1,0.4447000101208687,34.32740003336221,20.642300019972026,21.087000030092895,54.969700053334236
reactive-lru,1,32,4,Ilmeth,archive codename,0,0.0,0,1,0.41479995707049966,31.67080000275746,19.67419998254627,20.08899993961677,51.34499998530373
reactive-lru,1,32,5,Ilmeth,signature dish,1,0.0,0,1,0.0,0.0,20.586400001775473,20.586400001775473,20.586400001775473
reactive-lru,1,32,6,Ilmeth,archive codename,1,0.0,0,1,0.0,0.0,20.285399979911745,20.285399979911745,20.285399979911745
reactive-lru,1,32,7,Toskarel,chief engineer,0,0.0,0,1,0.4496999899856746,24.177400046028197,19.288299954496324,19.737999944482,43.46570000052452
reactive-lru,1,32,8,Quorvane,mascot animal,0,0.0,0,1,0.4746000049635768,24.010499997530133,18.870199972297996,19.344799977261573,42.88069996982813
reactive-lru,1,32,9,Veltrax,annual revenue,0,0.0,0,1,0.43479999294504523,23.48939998773858,19.603999971877784,20.03879996482283,43.09339995961636
reactive-lru,1,32,10,Pyrenna,chief executive,0,0.0,0,1,0.44730002991855145,25.363900000229478,24.90429999306798,25.35160002298653,50.26819999329746
reactive-lru,1,32,11,Pyrenna,employee count,1,0.0,0,1,0.0,0.0,20.874700043350458,20.874700043350458,20.874700043350458
reactive-lru,1,33,0,Veltrax,flagship product,0,0.0,0,1,0.4553999751806259,22.821500024292618,22.629599960055202,23.084999935235828,45.45109998434782
reactive-lru,1,33,1,Veltrax,lucky number,1,0.0,0,1,0.0,0.0,20.011099986732006,20.011099986732006,20.011099986732006
reactive-lru,1,33,2,Pyrenna,annual revenue,0,0.0,0,1,0.450699997600168,22.336400055792183,18.85360002052039,19.304300018120557,41.19000007631257
reactive-lru,1,33,3,Draskel,founding year,0,0.0,0,1,0.4409999819472432,22.38280000165105,20.102099981158972,20.543099963106215,42.48489998281002
reactive-lru,1,33,4,Draskel,board chair,1,0.0,0,1,0.0,0.0,20.164199988357723,20.164199988357723,20.164199988357723
reactive-lru,1,33,5,Veltrax,anthem composer,0,0.0,0,1,0.4477000329643488,22.566900006495416,19.346099987160414,19.793800020124763,41.91299999365583
reactive-lru,1,33,6,Veltrax,archive codename,1,0.0,0,1,0.0,0.0,20.03269997658208,20.03269997658208,20.03269997658208
reactive-lru,1,33,7,Veltrax,flagship product,1,0.0,0,1,0.0,0.0,19.978899974375963,19.978899974375963,19.978899974375963
reactive-lru,1,33,8,Quorvane,flagship product,0,0.0,0,1,0.4751999513246119,25.680200022179633,21.00030001020059,21.475499961525202,46.68050003238022
reactive-lru,1,33,9,Pyrenna,corporate color,0,0.0,0,1,0.45029999455437064,22.67129998654127,20.30860004015267,20.75890003470704,42.97990002669394
reactive-lru,1,33,10,Pyrenna,headquarters city,1,0.0,0,1,0.0,0.0,19.208399986382574,19.208399986382574,19.208399986382574
reactive-lru,1,33,11,Draskel,annual revenue,0,0.0,0,1,0.4552999744191766,22.81090000178665,22.871799999848008,23.327099974267185,45.68270000163466
reactive-lru,1,34,0,Seluun,primary material,0,0.0,0,1,0.4293000092729926,22.525099979247898,22.681100002955645,23.110400012228638,45.20619998220354
reactive-lru,1,34,1,Draskel,annual revenue,0,0.0,0,1,0.4545999690890312,22.467899951152503,20.61370003502816,21.06830000411719,43.08159998618066
reactive-lru,1,34,2,Draskel,lucky number,1,0.0,0,1,0.0,0.0,21.0359999909997,21.0359999909997,21.0359999909997
reactive-lru,1,34,3,Draskel,annual revenue,1,0.0,0,1,0.0,0.0,19.89029999822378,19.89029999822378,19.89029999822378
reactive-lru,1,34,4,Seluun,corporate color,0,0.0,0,1,0.4298000130802393,23.13059999141842,19.35870002489537,19.78850003797561,42.48930001631379
reactive-lru,1,34,5,Seluun,archive codename,1,0.0,0,1,0.0,0.0,19.365200016181916,19.365200016181916,19.365200016181916
reactive-lru,1,34,6,Draskel,lucky number,0,0.0,0,1,0.4532000166364014,22.919299954082817,19.448200007900596,19.901400024536997,42.36749996198341
reactive-lru,1,34,7,Seluun,board chair,0,0.0,0,1,0.42810000013560057,22.140699962619692,19.68579995445907,20.11389995459467,41.82649991707876
reactive-lru,1,34,8,Seluun,lucky number,1,0.0,0,1,0.0,0.0,19.443799974396825,19.443799974396825,19.443799974396825
reactive-lru,1,34,9,Seluun,research lab city,1,0.0,0,1,0.0,0.0,19.56480002263561,19.56480002263561,19.56480002263561
reactive-lru,1,34,10,Pyrenna,headquarters city,0,0.0,0,1,0.43649994768202305,23.175699985586107,19.540200009942055,19.976699957624078,42.71589999552816
reactive-lru,1,34,11,Pyrenna,founding river,1,0.0,0,1,0.0,0.0,18.651099991984665,18.651099991984665,18.651099991984665
reactive-lru,1,35,0,Quorvane,motto word,0,0.0,0,1,0.48829999286681414,22.217900026589632,35.66049999790266,36.148799990769476,57.878400024492294
reactive-lru,1,35,1,Quorvane,stock ticker,1,0.0,0,1,0.0,0.0,34.86399998655543,34.86399998655543,34.86399998655543
reactive-lru,1,35,2,Veltrax,employee count,0,0.0,0,1,0.44979999074712396,33.25909998966381,22.238500008825213,22.688299999572337,55.49759999848902
reactive-lru,1,35,3,Veltrax,mascot animal,1,0.0,0,1,0.0,0.0,30.677700007800013,30.677700007800013,30.677700007800013
reactive-lru,1,35,4,Veltrax,board chair,1,0.0,0,1,0.0,0.0,28.0718999565579,28.0718999565579,28.0718999565579
reactive-lru,1,35,5,Veltrax,anthem composer,1,0.0,0,1,0.0,0.0,35.28419998474419,35.28419998474419,35.28419998474419
reactive-lru,1,35,6,Pyrenna,archive codename,0,0.0,0,1,0.46279997332021594,32.56869997130707,28.67219998734072,29.134999960660934,61.24089995864779
reactive-lru,1,35,7,Pyrenna,lucky number,1,0.0,0,1,0.0,0.0,21.030399948358536,21.030399948358536,21.030399948358536
reactive-lru,1,35,8,Ilmeth,lucky number,0,0.0,0,1,0.4067000118084252,28.539199964143336,23.878699983470142,24.285399995278567,52.41789994761348
reactive-lru,1,35,9,Ilmeth,research lab city,1,0.0,0,1,0.0,0.0,18.7273999908939,18.7273999908939,18.7273999908939
reactive-lru,1,35,10,Ilmeth,motto word,1,0.0,0,1,0.0,0.0,19.049800001084805,19.049800001084805,19.049800001084805
reactive-lru,1,35,11,Ilmeth,board chair,1,0.0,0,1,0.0,0.0,27.592199970968068,27.592199970968068,27.592199970968068
reactive-lru,1,36,0,Ilmeth,headquarters city,0,0.0,0,1,0.401899975258857,21.48299996042624,35.549100022763014,35.95099999802187,57.032099983189255
reactive-lru,1,36,1,Ilmeth,signature dish,1,0.0,0,1,0.0,0.0,35.24699999252334,35.24699999252334,35.24699999252334
reactive-lru,1,36,2,Draskel,chief engineer,0,0.0,0,1,0.46309997560456395,23.482999997213483,25.1309999730438,25.594099948648363,48.61399997025728
reactive-lru,1,36,3,Pyrenna,chief engineer,0,0.0,0,1,0.4632999771274626,31.6531999851577,25.82599996821955,26.28929994534701,57.47919995337725
reactive-lru,1,36,4,Pyrenna,employee count,1,0.0,0,1,0.0,0.0,29.18790001422167,29.18790001422167,29.18790001422167
reactive-lru,1,36,5,Draskel,chief executive,0,0.0,0,1,0.471699982881546,32.948500011116266,21.670999994967133,22.14269997784868,54.6195000060834
reactive-lru,1,36,6,Seluun,satellite name,0,0.0,0,1,0.43890002416446805,23.49210000829771,27.13270002277568,27.571600046940148,50.62480003107339
reactive-lru,1,36,7,Seluun,flagship product,1,0.0,0,1,0.0,0.0,24.22730001853779,24.22730001853779,24.22730001853779
reactive-lru,1,36,8,Seluun,mascot animal,1,0.0,0,1,0.0,0.0,32.49150002375245,32.49150002375245,32.49150002375245
reactive-lru,1,36,9,Seluun,primary material,1,0.0,0,1,0.0,0.0,27.61270001064986,27.61270001064986,27.61270001064986
reactive-lru,1,36,10,Seluun,founding year,1,0.0,0,1,0.0,0.0,20.16610000282526,20.16610000282526,20.16610000282526
reactive-lru,1,36,11,Draskel,board chair,0,0.0,0,1,0.43789995834231377,22.607199964113533,19.529799988958985,19.9676999473013,42.13699995307252
reactive-lru,1,37,0,Draskel,stock ticker,0,0.0,0,1,0.444200006313622,22.162200009915978,21.43269998487085,21.876899991184473,43.59489999478683
reactive-lru,1,37,1,Pyrenna,stock ticker,0,0.0,0,1,0.4428000538609922,24.09690001513809,22.525399981532246,22.968200035393238,46.622299996670336
reactive-lru,1,37,2,Ilmeth,founding year,0,0.0,0,1,0.43569999979808927,26.775799982715398,22.25540002109483,22.691100020892918,49.03120000381023
reactive-lru,1,37,3,Ilmeth,research lab city,1,0.0,0,1,0.0,0.0,22.447200026363134,22.447200026363134,22.447200026363134
reactive-lru,1,37,4,Ilmeth,stock ticker,1,0.0,0,1,0.0,0.0,20.85660002194345,20.85660002194345,20.85660002194345
reactive-lru,1,37,5,Draskel,satellite name,0,0.0,0,1,0.4411999834701419,22.266099986154586,20.615299989003688,21.05649997247383,42.881399975158274
reactive-lru,1,37,6,Draskel,chief executive,1,0.0,0,1,0.0,0.0,21.58679999411106,21.58679999411106,21.58679999411106
reactive-lru,1,37,7,Draskel,flagship product,1,0.0,0,1,0.0,0.0,20.58120002038777,20.58120002038777,20.58120002038777
reactive-lru,1,37,8,Draskel,motto word,1,0.0,0,1,0.0,0.0,19.83720000134781,19.83720000134781,19.83720000134781
reactive-lru,1,37,9,Draskel,headquarters city,1,0.0,0,1,0.0,0.0,20.2982000191696,20.2982000191696,20.2982000191696
reactive-lru,1,37,10,Draskel,chief executive,1,0.0,0,1,0.0,0.0,21.015500009525567,21.015500009525567,21.015500009525567
reactive-lru,1,37,11,Draskel,annual revenue,1,0.0,0,1,0.0,0.0,21.72299998346716,21.72299998346716,21.72299998346716
reactive-lru,1,38,0,Draskel,flagship product,0,0.0,0,1,0.4542999668046832,24.227799964137375,21.16940001724288,21.623699984047562,45.397199981380254
reactive-lru,1,38,1,Pyrenna,founding year,0,0.0,0,1,0.43400004506111145,23.22729997104034,19.985900027677417,20.41990007273853,43.213199998717755
reactive-lru,1,38,2,Pyrenna,chief engineer,1,0.0,0,1,0.0,0.0,20.23130003362894,20.23130003362894,20.23130003362894
reactive-lru,1,38,3,Quorvane,research lab city,0,0.0,0,1,0.48129999777302146,23.47889996599406,20.156300044618547,20.63760004239157,43.63520001061261
reactive-lru,1,38,4,Ilmeth,board chair,0,0.0,0,1,0.4007000243291259,22.783500025980175,22.347799967974424,22.74849999230355,45.1312999939546
reactive-lru,1,38,5,Pyrenna,annual revenue,0,0.0,0,1,0.4477000329643488,24.831000017002225,24.099299975205213,24.54700000816956,48.93029999220744
reactive-lru,1,38,6,Pyrenna,satellite name,1,0.0,0,1,0.0,0.0,20.572700013872236,20.572700013872236,20.572700013872236
reactive-lru,1,38,7,Ilmeth,satellite name,0,0.0,0,1,0.4169999738223851,22.23140001296997,19.880899984855205,20.29789995867759,42.112299997825176
reactive-lru,1,38,8,Ilmeth,annual revenue,1,0.0,0,1,0.0,0.0,19.79879999998957,19.79879999998957,19.79879999998957
reactive-lru,1,38,9,Ilmeth,motto word,1,0.0,0,1,0.0,0.0,19.470300001557916,19.470300001557916,19.470300001557916
reactive-lru,1,38,10,Draskel,headquarters city,0,0.0,0,1,0.45360001968219876,23.65950000239536,19.71849997062236,20.17209999030456,43.37799997301772
reactive-lru,1,38,11,Seluun,corporate color,0,0.0,0,1,0.42799999937415123,23.023199988529086,20.749099960085005,21.177099959459156,43.77229994861409
reactive-lru,1,39,0,Bramwick,stock ticker,0,0.0,0,1,0.4089000285603106,23.238199995830655,21.188699989579618,21.59760001813993,44.42689998541027
reactive-lru,1,39,1,Bramwick,stock ticker,1,0.0,0,1,0.0,0.0,19.331099989358336,19.331099989358336,19.331099989358336
reactive-lru,1,39,2,Bramwick,signature dish,1,0.0,0,1,0.0,0.0,19.415800052229315,19.415800052229315,19.415800052229315
reactive-lru,1,39,3,Bramwick,employee count,1,0.0,0,1,0.0,0.0,19.20569996582344,19.20569996582344,19.20569996582344
reactive-lru,1,39,4,Bramwick,flagship product,1,0.0,0,1,0.0,0.0,20.513400027994066,20.513400027994066,20.513400027994066
reactive-lru,1,39,5,Toskarel,anthem composer,0,0.0,0,1,0.4420000477693975,22.891799977514893,21.1719999788329,21.614000026602298,44.06379995634779
reactive-lru,1,39,6,Toskarel,anthem composer,1,0.0,0,1,0.0,0.0,19.62839998304844,19.62839998304844,19.62839998304844
reactive-lru,1,39,7,Pyrenna,board chair,0,0.0,0,1,0.4441999481059611,22.53670000936836,28.473799990024418,28.91799993813038,51.01049999939278
reactive-lru,1,39,8,Pyrenna,employee count,1,0.0,0,1,0.0,0.0,19.944900006521493,19.944900006521493,19.944900006521493
reactive-lru,1,39,9,Pyrenna,satellite name,1,0.0,0,1,0.0,0.0,21.329800016246736,21.329800016246736,21.329800016246736
reactive-lru,1,39,10,Pyrenna,mascot animal,1,0.0,0,1,0.0,0.0,20.76619997387752,20.76619997387752,20.76619997387752
reactive-lru,1,39,11,Pyrenna,chief engineer,1,0.0,0,1,0.0,0.0,20.192500029224902,20.192500029224902,20.192500029224902
topic,1,0,0,Ilmeth,satellite name,0,0.0,0,1,0.4040999920107424,24.05690000159666,21.270800032652915,21.674900024663657,45.327700034249574
topic,1,0,1,Draskel,stock ticker,0,0.0,0,1,0.43940002797171474,22.314000001642853,19.824400020297617,20.26380004826933,42.13840002194047
topic,1,0,2,Draskel,founding river,1,0.0,0,1,0.0,0.0,19.965199986472726,19.965199986472726,19.965199986472726
topic,1,0,3,Draskel,annual revenue,1,0.0,0,1,0.0,0.0,19.814300001598895,19.814300001598895,19.814300001598895
topic,1,0,4,Seluun,lucky number,0,0.0,0,1,0.44410000555217266,22.469400020781904,20.07860003504902,20.522700040601194,42.548000055830926
topic,1,0,5,Seluun,annual revenue,1,0.0,0,1,0.0,0.0,20.016099966596812,20.016099966596812,20.016099966596812
topic,1,0,6,Seluun,founding year,1,0.0,0,1,0.0,0.0,19.94820003164932,19.94820003164932,19.94820003164932
topic,1,0,7,Draskel,motto word,0,0.0,0,1,0.4518000059761107,22.40469999378547,19.354700052645057,19.806500058621168,41.75940004643053
topic,1,0,8,Draskel,flagship product,1,0.0,0,1,0.0,0.0,22.353500011377037,22.353500011377037,22.353500011377037
topic,1,0,9,Veltrax,founding year,0,0.0,0,1,0.4501999937929213,23.06129998760298,22.44359999895096,22.89379999274388,45.50489998655394
topic,1,0,10,Veltrax,anthem composer,1,0.0,0,1,0.0,0.0,20.291400025598705,20.291400025598705,20.291400025598705
topic,1,0,11,Veltrax,annual revenue,1,0.0,0,1,0.0,0.0,19.958300050348043,19.958300050348043,19.958300050348043
topic,1,1,0,Veltrax,signature dish,0,0.0,0,1,0.4553999751806259,23.45519996015355,19.633599964436144,20.08899993961677,43.08879992458969
topic,1,1,1,Veltrax,founding river,1,0.0,0,1,0.0,0.0,23.771300038788468,23.771300038788468,23.771300038788468
topic,1,1,2,Draskel,research lab city,0,0.0,0,1,0.4578000516630709,24.58119997754693,19.43700003903359,19.894800090696663,44.01820001658052
topic,1,1,3,Draskel,motto word,1,0.0,0,1,0.0,0.0,19.99559998512268,19.99559998512268,19.99559998512268
topic,1,1,4,Pyrenna,founding year,0,0.0,0,1,0.44710002839565277,22.850100009236485,19.637999997939914,20.085100026335567,42.4881000071764
topic,1,1,5,Pyrenna,anthem composer,1,0.0,0,1,0.0,0.0,21.26560005126521,21.26560005126521,21.26560005126521
topic,1,1,6,Quorvane,corporate color,0,0.0,0,1,0.4810999962501228,23.08489999268204,21.46229997742921,21.943399973679334,44.54719997011125
topic,1,1,7,Veltrax,flagship product,0,0.0,0,1,0.4626000300049782,23.150299966800958,19.842499983496964,20.305100013501942,42.99279995029792
topic,1,1,8,Quorvane,signature dish,0,0.0,0,1,0.5189000512473285,23.617400031071156,20.141599990893155,20.660500042140484,43.75900002196431
topic,1,1,9,Seluun,primary material,0,0.0,0,1,0.45190000673756003,23.032199998851866,20.248100045137107,20.700000051874667,43.28030004398897
topic,1,1,10,Seluun,lucky number,1,0.0,0,1,0.0,0.0,19.940299971494824,19.940299971494824,19.940299971494824
topic,1,1,11,Draskel,satellite name,0,0.0,0,1,0.4596999497152865,23.694599978625774,22.389199992176145,22.848899941891432,46.08379997080192
topic,1,2,0,Draskel,annual revenue,0,0.0,0,1,0.45489997137337923,22.330200008582324,19.51280003413558,19.96770000550896,41.843000042717904
topic,1,2,1,Draskel,corporate color,1,0.0,0,1,0.0,0.0,19.768199999816716,19.768199999816716,19.768199999816716
topic,1,2,2,Draskel,research lab city,1,0.0,0,1,0.0,0.0,19.716800015885383,19.716800015885383,19.716800015885383
topic,1,2,3,Draskel,signature dish,1,0.0,0,1,0.0,0.0,26.185500028077513,26.185500028077513,26.185500028077513
topic,1,2,4,Draskel,corporate color,1,0.0,0,1,0.0,0.0,20.49379999516532,20.49379999516532,20.49379999516532
topic,1,2,5,Draskel,annual revenue,1,0.0,0,1,0.0,0.0,20.37479996215552,20.37479996215552,20.37479996215552
topic,1,2,6,Draskel,founding year,1,0.0,0,1,0.0,0.0,20.51160001428798,20.51160001428798,20.51160001428798
topic,1,2,7,Draskel,primary material,1,0.0,0,1,0.0,0.0,21.712300018407404,21.712300018407404,21.712300018407404
topic,1,2,8,Pyrenna,corporate color,0,0.0,0,1,0.4495999892242253,23.400100006256253,21.20469999499619,21.654299984220415,44.60480000125244
topic,1,2,9,Pyrenna,motto word,1,0.0,0,1,0.0,0.0,20.274600014090538,20.274600014090538,20.274600014090538
topic,1,2,10,Draskel,anthem composer,0,0.0,0,1,0.4449999541975558,22.743400011677295,20.478199992794544,20.9231999469921,43.22160000447184
topic,1,2,11,Draskel,annual revenue,1,0.0,0,1,0.0,0.0,20.31419996637851,20.31419996637851,20.31419996637851
topic,1,3,0,Toskarel,founding river,0,0.0,0,1,0.45220000902190804,24.230700044427067,20.48190002096817,20.934100029990077,44.712600065395236
topic,1,3,1,Veltrax,annual revenue,0,0.0,0,1,0.44540001545101404,22.568500018678606,21.26959996530786,21.714999980758876,43.83809998398647
topic,1,3,2,Pyrenna,signature dish,0,0.0,0,1,0.4361000028438866,25.528400030452758,21.959399979095906,22.395499981939793,47.487800009548664
topic,1,3,3,Draskel,archive codename,0,0.0,0,1,0.43670000741258264,25.74020001338795,22.36609999090433,22.802799998316914,48.10630000429228
topic,1,3,4,Seluun,research lab city,0,0.0,0,1,0.4338999860920012,24.289699969813228,20.151700009591877,20.58559999568388,44.441399979405105
topic,1,3,5,Seluun,mascot animal,1,0.0,0,1,0.0,0.0,20.212600007653236,20.212600007653236,20.212600007653236
topic,1,3,6,Bramwick,lucky number,0,0.0,0,1,0.40690001333132386,22.462200024165213,20.344999968074262,20.751899981405586,42.807199992239475
topic,1,3,7,Quorvane,research lab city,0,0.0,0,1,0.4781000316143036,23.81699997931719,23.335899983067065,23.81400001468137,47.152899962384254
topic,1,3,8,Quorvane,anthem composer,1,0.0,0,1,0.0,0.0,20.056099980138242,20.056099980138242,20.056099980138242
topic,1,3,9,Veltrax,founding river,0,0.0,0,1,0.45140000293031335,23.374499985948205,20.33630001824349,20.787700021173805,43.7108000041917
topic,1,3,10,Veltrax,motto word,1,0.0,0,1,0.0,0.0,24.020400014705956,24.020400014705956,24.020400014705956
topic,1,3,11,Pyrenna,chief executive,0,0.0,0,1,0.43569999979808927,23.33210001233965,19.571199954953045,20.006899954751134,42.903299967292696
topic,1,4,0,Veltrax,chief executive,0,0.0,0,1,0.4476999747566879,22.585199971217662,19.58369999192655,20.03139996668324,42.16889996314421
topic,1,4,1,Veltrax,founding year,1,0.0,0,1,0.0,0.0,19.213800027500838,19.213800027500838,19.213800027500838
topic,1,4,2,Veltrax,stock ticker,1,0.0,0,1,0.0,0.0,21.000900014769286,21.000900014769286,21.000900014769286
topic,1,4,3,Veltrax,flagship product,1,0.0,0,1,0.0,0.0,21.667199966032058,21.667199966032058,21.667199966032058
topic,1,4,4,Pyrenna,research lab city,0,0.0,0,1,0.44110004091635346,22.840899997390807,21.539100038353354,21.980200079269707,44.38000003574416
topic,1,4,5,Pyrenna,corporate color,1,0.0,0,1,0.0,0.0,22.21239998470992,22.21239998470992,22.21239998470992
topic,1,4,6,Pyrenna,signature dish,1,0.0,0,1,0.0,0.0,22.348799975588918,22.348799975588918,22.348799975588918
topic,1,4,7,Pyrenna,primary material,1,0.0,0,1,0.0,0.0,20.760699990205467,20.760699990205467,20.760699990205467
topic,1,4,8,Pyrenna,chief engineer,1,0.0,0,1,0.0,0.0,19.653099996503443,19.653099996503443,19.653099996503443
topic,1,4,9,Pyrenna,flagship product,1,0.0,0,1,0.0,0.0,20.30239999294281,20.30239999294281,20.30239999294281
topic,1,4,10,Pyrenna,annual revenue,1,0.0,0,1,0.0,0.0,20.327000005636364,20.327000005636364,20.327000005636364
topic,1,4,11,Pyrenna,mascot animal,1,0.0,0,1,0.0,0.0,20.324099983554333,20.324099983554333,20.324099983554333
topic,1,5,0,Pyrenna,signature dish,0,0.0,0,1,0.4327999777160585,23.977799981366843,20.599600044079125,21.032400021795183,44.57740002544597
topic,1,5,1,Bramwick,founding year,0,0.0,0,1,0.4243000294081867,22.959499969147146,20.673700026236475,21.09800005564466,43.63319999538362
topic,1,5,2,Bramwick,annual revenue,1,0.0,0,1,0.0,0.0,21.790199971292168,21.790199971292168,21.790199971292168
topic,1,5,3,Bramwick,corporate color,1,0.0,0,1,0.0,0.0,20.789200032595545,20.789200032595545,20.789200032595545
topic,1,5,4,Bramwick,signature dish,1,0.0,0,1,0.0,0.0,21.629600028973073,21.629600028973073,21.629600028973073
topic,1,5,5,Toskarel,signature dish,0,0.0,0,1,0.4406999796628952,24.828200053889304,22.41229999344796,22.852999973110855,47.240500047337264
topic,1,5,6,Toskarel,signature dish,1,0.0,0,1,0.0,0.0,19.977400021161884,19.977400021161884,19.977400021161884
topic,1,5,7,Quorvane,satellite name,0,0.0,0,1,0.47070003347471356,25.408599991351366,21.130300010554492,21.601000044029206,46.53890000190586
topic,1,5,8,Veltrax,headquarters city,0,0.0,0,1,0.457199988886714,24.750999989919364,23.416500014718622,23.873700003605336,48.167500004637986
topic,1,5,9,Pyrenna,mascot animal,0,0.0,0,1,0.4482999793253839,22.487200039904565,20.237699965946376,20.68599994527176,42.72490000585094
topic,1,5,10,Ilmeth,chief executive,0,0.0,0,1,0.41909998981282115,22.45059999404475,19.879900035448372,20.299000025261194,42.33050002949312
topic,1,5,11,Toskarel,primary material,0,0.0,0,1,0.45730004785582423,23.939099977724254,19.864300033077598,20.321600080933422,43.80340001080185
topic,1,6,0,Pyrenna,employee count,0,0.0,0,1,0.451300002168864,22.589499945752323,19.690199987962842,20.141499990131706,42.279699933715165
topic,1,6,1,Pyrenna,headquarters city,1,0.0,0,1,0.0,0.0,20.086999982595444,20.086999982595444,20.086999982595444
topic,1,6,2,Pyrenna,mascot animal,1,0.0,0,1,0.0,0.0,20.80930001102388,20.80930001102388,20.80930001102388
topic,1,6,3,Seluun,corporate color,0,0.0,0,1,0.44409994734451175,23.667700006626546,20.034699991811067,20.47879993915558,43.70239999843761
topic,1,6,4,Bramwick,annual revenue,0,0.0,0,1,0.424100027885288,23.985999985598028,20.398199965711683,20.82229999359697,44.38419995130971
topic,1,6,5,Bramwick,flagship product,1,0.0,0,1,0.0,0.0,20.4595000250265,20.4595000250265,20.4595000250265
topic,1,6,6,Bramwick,archive codename,1,0.0,0,1,0.0,0.0,19.776200002525,19.776200002525,19.776200002525
topic,1,6,7,Bramwick,lucky number,1,0.0,0,1,0.0,0.0,19.412799971178174,19.412799971178174,19.412799971178174
topic,1,6,8,Bramwick,annual revenue,1,0.0,0,1,0.0,0.0,19.618599966634065,19.618599966634065,19.618599966634065
topic,1,6,9,Bramwick,lucky number,1,0.0,0,1,0.0,0.0,20.136900013312697,20.136900013312697,20.136900013312697
topic,1,6,10,Bramwick,board chair,1,0.0,0,1,0.0,0.0,21.4700999786146,21.4700999786146,21.4700999786146
topic,1,6,11,Quorvane,founding year,0,0.0,0,1,0.49480004236102104,26.16810001200065,20.534599956590682,21.029399998951703,46.70269996859133
topic,1,7,0,Toskarel,satellite name,0,0.0,0,1,0.44899998465552926,22.91280002100393,20.135500002652407,20.584499987307936,43.04830002365634
topic,1,7,1,Quorvane,archive codename,0,0.0,0,1,0.4719000426121056,23.199499992188066,19.683599995914847,20.155500038526952,42.88309998810291
topic,1,7,2,Quorvane,flagship product,1,0.0,0,1,0.0,0.0,21.04309998685494,21.04309998685494,21.04309998685494
topic,1,7,3,Veltrax,anthem composer,0,0.0,0,1,0.4476999747566879,24.494400015100837,19.351499970071018,19.799199944827706,43.845899985171854
topic,1,7,4,Veltrax,anthem composer,1,0.0,0,1,0.0,0.0,20.375400024931878,20.375400024931878,20.375400024931878
topic,1,7,5,Veltrax,headquarters city,1,0.0,0,1,0.0,0.0,19.072299997787923,19.072299997787923,19.072299997787923
topic,1,7,6,Veltrax,corporate color,1,0.0,0,1,0.0,0.0,19.082200014963746,19.082200014963746,19.082200014963746
topic,1,7,7,Veltrax,anthem composer,1,0.0,0,1,0.0,0.0,21.027499984484166,21.027499984484166,21.027499984484166
topic,1,7,8,Veltrax,chief engineer,1,0.0,0,1,0.0,0.0,19.68169998144731,19.68169998144731,19.68169998144731
topic,1,7,9,Quorvane,research lab city,0,0.0,0,1,0.4807999939657748,22.99309999216348,20.287899998947978,20.768699992913753,43.28099999111146
topic,1,7,10,Quorvane,flagship product,1,0.0,0,1,0.0,0.0,20.367100019939244,20.367100019939244,20.367100019939244
topic,1,7,11,Quorvane,board chair,1,0.0,0,1,0.0,0.0,19.73340002587065,19.73340002587065,19.73340002587065
topic,1,8,0,Ilmeth,satellite name,0,0.0,0,1,0.40279998211190104,24.513799988199025,19.82809999026358,20.230899972375482,44.34189997846261
topic,1,8,1,Ilmeth,flagship product,1,0.0,0,1,0.0,0.0,26.40240004984662,26.40240004984662,26.40240004984662
topic,1,8,2,Ilmeth,archive codename,1,0.0,0,1,0.0,0.0,20.218599995132536,20.218599995132536,20.218599995132536
topic,1,8,3,Ilmeth,employee count,1,0.0,0,1,0.0,0.0,19.571400014683604,19.571400014683604,19.571400014683604
topic,1,8,4,Toskarel,flagship product,0,0.0,0,1,0.4455999587662518,23.925899993628263,19.65769997332245,20.103299932088703,43.583599966950715
topic,1,8,5,Quorvane,chief executive,0,0.0,0,1,0.4755000118166208,22.649799997452646,20.57789999525994,21.05340000707656,43.22769999271259
topic,1,8,6,Quorvane,motto word,1,0.0,0,1,0.0,0.0,20.36490000318736,20.36490000318736,20.36490000318736
topic,1,8,7,Quorvane,stock ticker,1,0.0,0,1,0.0,0.0,25.885900016874075,25.885900016874075,25.885900016874075
topic,1,8,8,Quorvane,primary material,1,0.0,0,1,0.0,0.0,21.17200003704056,21.17200003704056,21.17200003704056
topic,1,8,9,Quorvane,flagship product,1,0.0,0,1,0.0,0.0,20.90399997541681,20.90399997541681,20.90399997541681
topic,1,8,10,Quorvane,stock ticker,1,0.0,0,1,0.0,0.0,20.851900044362992,20.851900044362992,20.851900044362992
topic,1,8,11,Quorvane,headquarters city,1,0.0,0,1,0.0,0.0,20.248099986929446,20.248099986929446,20.248099986929446
topic,1,9,0,Veltrax,chief executive,0,0.0,0,1,0.4400999750941992,23.346000001765788,20.06219996837899,20.50229994347319,43.40819997014478
topic,1,9,1,Veltrax,headquarters city,1,0.0,0,1,0.0,0.0,19.661600003018975,19.661600003018975,19.661600003018975
topic,1,9,2,Veltrax,satellite name,1,0.0,0,1,0.0,0.0,20.497599965892732,20.497599965892732,20.497599965892732
topic,1,9,3,Veltrax,flagship product,1,0.0,0,1,0.0,0.0,21.28299995092675,21.28299995092675,21.28299995092675
topic,1,9,4,Veltrax,motto word,1,0.0,0,1,0.0,0.0,22.54699997138232,22.54699997138232,22.54699997138232
topic,1,9,5,Veltrax,flagship product,1,0.0,0,1,0.0,0.0,21.112199989147484,21.112199989147484,21.112199989147484
topic,1,9,6,Veltrax,annual revenue,1,0.0,0,1,0.0,0.0,20.450900017749518,20.450900017749518,20.450900017749518
topic,1,9,7,Quorvane,anthem composer,0,0.0,0,1,0.4689000197686255,22.86880003521219,21.02519996697083,21.494099986739457,43.89400000218302
topic,1,9,8,Quorvane,lucky number,1,0.0,0,1,0.0,0.0,20.338899979833513,20.338899979833513,20.338899979833513
topic,1,9,9,Quorvane,mascot animal,1,0.0,0,1,0.0,0.0,21.106000000145286,21.106000000145286,21.106000000145286
topic,1,9,10,Seluun,founding year,0,0.0,0,1,0.4317999701015651,22.20309997210279,19.54990002559498,19.981699995696545,41.75299999769777
topic,1,9,11,Seluun,primary material,1,0.0,0,1,0.0,0.0,20.293200039304793,20.293200039304793,20.293200039304793
topic,1,10,0,Seluun,annual revenue,0,0.0,0,1,0.44439994962885976,22.209799964912236,20.163799985311925,20.608199934940785,42.37359995022416
topic,1,10,1,Seluun,chief executive,1,0.0,0,1,0.0,0.0,19.708799954969436,19.708799954969436,19.708799954969436
topic,1,10,2,Seluun,chief engineer,1,0.0,0,1,0.0,0.0,21.476699970662594,21.476699970662594,21.476699970662594
topic,1,10,3,Seluun,flagship product,1,0.0,0,1,0.0,0.0,19.734299974516034,19.734299974516034,19.734299974516034
topic,1,10,4,Seluun,board chair,1,0.0,0,1,0.0,0.0,19.83000000473112,19.83000000473112,19.83000000473112
topic,1,10,5,Draskel,research lab city,0,0.0,0,1,0.4438999458216131,22.39870000630617,19.086699991021305,19.53059993684292,41.48539999732748
topic,1,10,6,Draskel,anthem composer,1,0.0,0,1,0.0,0.0,20.07549995323643,20.07549995323643,20.07549995323643
topic,1,10,7,Draskel,mascot animal,1,0.0,0,1,0.0,0.0,19.460600044112653,19.460600044112653,19.460600044112653
topic,1,10,8,Draskel,chief executive,1,0.0,0,1,0.0,0.0,19.15120001649484,19.15120001649484,19.15120001649484
topic,1,10,9,Seluun,founding river,0,0.0,0,1,0.44269999489188194,22.57370000006631,19.580400025006384,20.023100019898266,42.154100025072694
topic,1,10,10,Seluun,satellite name,1,0.0,0,1,0.0,0.0,19.98809998622164,19.98809998622164,19.98809998622164
topic,1,10,11,Bramwick,annual revenue,0,0.0,0,1,0.4093999741598964,22.210299968719482,19.262699992395937,19.672099966555834,41.47299996111542
topic,1,11,0,Toskarel,corporate color,0,0.0,0,1,0.44819997856393456,25.82750003784895,21.940800012089312,22.388999990653247,47.76830004993826
topic,1,11,1,Toskarel,satellite name,1,0.0,0,1,0.0,0.0,20.476900041103363,20.476900041103363,20.476900041103363
topic,1,11,2,Quorvane,motto word,0,0.0,0,1,0.47450000420212746,22.486899979412556,19.278899999335408,19.753400003537536,41.765799978747964
topic,1,11,3,Quorvane,anthem composer,1,0.0,0,1,0.0,0.0,21.519300004001707,21.519300004001707,21.519300004001707
topic,1,11,4,Seluun,motto word,0,0.0,0,1,0.4347000503912568,22.568600019440055,19.924999971408397,20.359700021799654,42.49359999084845
topic,1,11,5,Seluun,motto word,1,0.0,0,1,0.0,0.0,19.93780001066625,19.93780001066625,19.93780001066625
topic,1,11,6,Seluun,stock ticker,1,0.0,0,1,0.0,0.0,19.586000009439886,19.586000009439886,19.586000009439886
topic,1,11,7,Seluun,chief executive,1,0.0,0,1,0.0,0.0,19.52440000604838,19.52440000604838,19.52440000604838
topic,1,11,8,Bramwick,founding year,0,0.0,0,1,0.42349996510893106,22.70549995591864,19.537399988621473,19.960899953730404,42.24289994454011
topic,1,11,9,Bramwick,research lab city,1,0.0,0,1,0.0,0.0,19.825299968943,19.825299968943,19.825299968943
topic,1,11,10,Bramwick,employee count,1,0.0,0,1,0.0,0.0,19.323900050949305,19.323900050949305,19.323900050949305
topic,1,11,11,Bramwick,chief engineer,1,0.0,0,1,0.0,0.0,19.40460002515465,19.40460002515465,19.40460002515465
topic,1,12,0,Ilmeth,corporate color,0,0.0,0,1,0.3997000167146325,21.951699978671968,19.08890000777319,19.488600024487823,41.04059998644516
topic,1,12,1,Draskel,chief engineer,0,0.0,0,1,0.43700000969693065,22.424699971452355,20.528300025034696,20.965300034731627,42.95299999648705
topic,1,12,2,Draskel,signature dish,1,0.0,0,1,0.0,0.0,19.642600032966584,19.642600032966584,19.642600032966584
topic,1,12,3,Pyrenna,employee count,0,0.0,0,1,0.45039999531582,22.11580000584945,20.01970005221665,20.47010004753247,42.1355000580661
topic,1,12,4,Draskel,anthem composer,0,0.0,0,1,0.43999997433274984,25.725899962708354,21.00599999539554,21.44599996972829,46.731899958103895
topic,1,12,5,Veltrax,chief engineer,0,0.0,0,1,0.43750001350417733,22.76359999086708,20.45940002426505,20.896900037769228,43.22300001513213
topic,1,12,6,Pyrenna,corporate color,0,0.0,0,1,0.4493999877013266,21.789200021885335,19.559700042009354,20.00910002971068,41.34890006389469
topic,1,12,7,Pyrenna,anthem composer,1,0.0,0,1,0.0,0.0,19.355199998244643,19.355199998244643,19.355199998244643
topic,1,12,8,Pyrenna,motto word,1,0.0,0,1,0.0,0.0,19.59270000224933,19.59270000224933,19.59270000224933
topic,1,12,9,Pyrenna,chief executive,1,0.0,0,1,0.0,0.0,20.58690000558272,20.58690000558272,20.58690000558272
topic,1,12,10,Ilmeth,archive codename,0,0.0,0,1,0.42100000428035855,22.432500030845404,19.383299979381263,19.804299983661622,41.81580001022667
topic,1,12,11,Ilmeth,anthem composer,1,0.0,0,1,0.0,0.0,19.691299996338785,19.691299996338785,19.691299996338785
topic,1,13,0,Seluun,founding year,0,0.0,0,1,0.43969997204840183,22.438300016801804,19.937600009143353,20.377299981191754,42.37590002594516
topic,1,13,1,Seluun,chief engineer,1,0.0,0,1,0.0,0.0,19.961300014983863,19.961300014983863,19.961300014983863
topic,1,13,2,Seluun,lucky number,1,0.0,0,1,0.0,0.0,19.245199975557625,19.245199975557625,19.245199975557625
topic,1,13,3,Seluun,archive codename,1,0.0,0,1,0.0,0.0,19.811300036963075,19.811300036963075,19.811300036963075
topic,1,13,4,Veltrax,headquarters city,0,0.0,0,1,0.43950002873316407,23.260199988726526,21.05489996029064,21.494399989023805,44.31509994901717
topic,1,13,5,Pyrenna,satellite name,0,0.0,0,1,0.4539000219665468,23.636600002646446,20.895699970424175,21.349599992390722,44.53229997307062
topic,1,13,6,Pyrenna,stock ticker,1,0.0,0,1,0.0,0.0,19.507999997586012,19.507999997586012,19.507999997586012
topic,1,13,7,Pyrenna,annual revenue,1,0.0,0,1,0.0,0.0,20.89060004800558,20.89060004800558,20.89060004800558
topic,1,13,8,Pyrenna,corporate color,1,0.0,0,1,0.0,0.0,22.89789996575564,22.89789996575564,22.89789996575564
topic,1,13,9,Draskel,lucky number,0,0.0,0,1,0.4450999549590051,22.52609998686239,20.763499953318387,21.208599908277392,43.28959994018078
topic,1,13,10,Draskel,signature dish,1,0.0,0,1,0.0,0.0,18.95719999447465,18.95719999447465,18.95719999447465
topic,1,13,11,Draskel,founding river,1,0.0,0,1,0.0,0.0,19.72450001630932,19.72450001630932,19.72450001630932
topic,1,14,0,Draskel,chief engineer,0,0.0,0,1,0.4532000166364014,22.156899969559163,20.959499990567565,21.412700007203966,43.11639996012673
topic,1,14,1,Draskel,lucky number,1,0.0,0,1,0.0,0.0,20.42250003432855,20.42250003432855,20.42250003432855
topic,1,14,2,Bramwick,chief engineer,0,0.0,0,1,0.43270003516227007,27.30009995866567,19.550300028640777,19.983000063803047,46.850399987306446
topic,1,14,3,Bramwick,stock ticker,1,0.0,0,1,0.0,0.0,19.46830004453659,19.46830004453659,19.46830004453659
topic,1,14,4,Draskel,headquarters city,0,0.0,0,1,0.4521000082604587,21.915499994065613,19.33329994790256,19.78539995616302,41.24879994196817
topic,1,14,5,Toskarel,corporate color,0,0.0,0,1,0.43920002644881606,23.017400002572685,19.929400004912168,20.368600031360984,42.94680000748485
topic,1,14,6,Toskarel,mascot animal,1,0.0,0,1,0.0,0.0,20.126999996136874,20.126999996136874,20.126999996136874
topic,1,14,7,Toskarel,primary material,1,0.0,0,1,0.0,0.0,20.032200030982494,20.032200030982494,20.032200030982494
topic,1,14,8,Quorvane,corporate color,0,0.0,0,1,0.48420001985505223,25.780999974813312,19.564799964427948,20.048999984283,45.34579993924126
topic,1,14,9,Veltrax,board chair,0,0.0,0,1,0.48639997839927673,23.986400046851486,19.387199950870126,19.873599929269403,43.37359999772161
topic,1,14,10,Veltrax,flagship product,1,0.0,0,1,0.0,0.0,19.094299990683794,19.094299990683794,19.094299990683794
topic,1,14,11,Quorvane,corporate color,0,0.0,0,1,0.4802999901585281,26.82470000581816,20.568099978845567,21.048399969004095,47.392799984663725
topic,1,15,0,Bramwick,mascot animal,0,0.0,0,1,0.4361000028438866,22.389499994460493,19.643599982373416,20.079699985217303,42.03309997683391
topic,1,15,1,Veltrax,lucky number,0,0.0,0,1,0.4399000317789614,22.72479998646304,21.16790000582114,21.6078000376001,43.89269999228418
topic,1,15,2,Quorvane,annual revenue,0,0.0,0,1,0.4711000365205109,23.11910002026707,20.79409995349124,21.26519999001175,43.91319997375831
topic,1,15,3,Quorvane,corporate color,1,0.0,0,1,0.0,0.0,21.042200038209558,21.042200038209558,21.042200038209558
topic,1,15,4,Quorvane,headquarters city,1,0.0,0,1,0.0,0.0,19.764100026804954,19.764100026804954,19.764100026804954
topic,1,15,5,Quorvane,chief executive,1,0.0,0,1,0.0,0.0,19.283900037407875,19.283900037407875,19.283900037407875
topic,1,15,6,Seluun,stock ticker,0,0.0,0,1,0.42860000394284725,24.165600014384836,21.50410000467673,21.932700008619577,45.669700019061565
topic,1,15,7,Bramwick,employee count,0,0.0,0,1,0.41199999395757914,24.167300027329475,23.609800031408668,24.021800025366247,47.77710005873814
topic,1,15,8,Quorvane,founding river,0,0.0,0,1,0.46529999235644937,23.51470000576228,23.420099983923137,23.885399976279587,46.934799989685416
topic,1,15,9,Seluun,annual revenue,0,0.0,0,1,0.44460000935941935,23.437000054400414,33.22769998339936,33.67229999275878,56.664700037799776
topic,1,15,10,Bramwick,annual revenue,0,0.0,0,1,0.4308999632485211,34.594499971717596,29.10600003087893,29.536899994127452,63.70050000259653
topic,1,15,11,Bramwick,chief engineer,1,0.0,0,1,0.0,0.0,21.703500009607524,21.703500009607524,21.703500009607524
topic,1,16,0,Seluun,mascot animal,0,0.0,0,1,0.43290003668516874,34.831799974199384,24.456099956296384,24.888999992981553,59.28789993049577
topic,1,16,1,Seluun,board chair,1,0.0,0,1,0.0,0.0,27.76520000770688,27.76520000770688,27.76520000770688
topic,1,16,2,Seluun,flagship product,1,0.0,0,1,0.0,0.0,28.244299988728017,28.244299988728017,28.244299988728017
topic,1,16,3,Draskel,motto word,0,0.0,0,1,0.4393000272102654,23.6865000333637,19.940700032748282,20.380000059958547,43.62720006611198
topic,1,16,4,Draskel,anthem composer,1,0.0,0,1,0.0,0.0,26.942500029690564,26.942500029690564,26.942500029690564
topic,1,16,5,Draskel,mascot animal,1,0.0,0,1,0.0,0.0,21.814800042193383,21.814800042193383,21.814800042193383
topic,1,16,6,Draskel,satellite name,1,0.0,0,1,0.0,0.0,25.505299970973283,25.505299970973283,25.505299970973283
topic,1,16,7,Draskel,board chair,1,0.0,0,1,0.0,0.0,31.88679995946586,31.88679995946586,31.88679995946586
topic,1,16,8,Draskel,stock ticker,1,0.0,0,1,0.0,0.0,22.039200004655868,22.039200004655868,22.039200004655868
topic,1,16,9,Draskel,primary material,1,0.0,0,1,0.0,0.0,30.521800043061376,30.521800043061376,30.521800043061376
topic,1,16,10,Draskel,mascot animal,1,0.0,0,1,0.0,0.0,30.293599993456155,30.293599993456155,30.293599993456155
topic,1,16,11,Draskel,satellite name,1,0.0,0,1,0.0,0.0,25.46699997037649,25.46699997037649,25.46699997037649
topic,1,17,0,Ilmeth,anthem composer,0,0.0,0,1,0.4317999701015651,37.27319999597967,34.132400003727525,34.56419997382909,71.40559999970719
topic,1,17,1,Ilmeth,archive codename,1,0.0,0,1,0.0,0.0,29.515400005038828,29.515400005038828,29.515400005038828
topic,1,17,2,Draskel,satellite name,0,0.0,0,1,0.43969997204840183,28.545399953145534,19.67409998178482,20.113799953833222,48.219499934930354
topic,1,17,3,Seluun,primary material,0,0.0,0,1,0.4265999887138605,29.134000011254102,30.043100006878376,30.469699995592237,59.17710001813248
topic,1,17,4,Bramwick,flagship product,0,0.0,0,1,0.42669998947530985,22.365700046066195,27.954399993177503,28.381099982652813,50.3201000392437
topic,1,17,5,Bramwick,founding year,1,0.0,0,1,0.0,0.0,27.0806000335142,27.0806000335142,27.0806000335142
topic,1,17,6,Bramwick,employee count,1,0.0,0,1,0.0,0.0,21.573100006207824,21.573100006207824,21.573100006207824
topic,1,17,7,Bramwick,research lab city,1,0.0,0,1,0.0,0.0,32.494000042788684,32.494000042788684,32.494000042788684
topic,1,17,8,Bramwick,primary material,1,0.0,0,1,0.0,0.0,35.09479999775067,35.09479999775067,35.09479999775067
topic,1,17,9,Bramwick,research lab city,1,0.0,0,1,0.0,0.0,31.022600014694035,31.022600014694035,31.022600014694035
topic,1,17,10,Quorvane,founding year,0,0.0,0,1,0.49619999481365085,35.99519998533651,32.49300003517419,32.98920002998784,68.4882000205107
topic,1,17,11,Quorvane,founding river,1,0.0,0,1,0.0,0.0,23.89230002881959,23.89230002881959,23.89230002881959
topic,1,18,0,Bramwick,chief engineer,0,0.0,0,1,0.49160001799464226,28.76509999623522,24.177399987820536,24.669000005815178,52.94249998405576
topic,1,18,1,Quorvane,flagship product,0,0.0,0,1,0.4665000014938414,25.89089999673888,33.677500032354146,34.14400003384799,59.56840002909303
topic,1,18,2,Veltrax,annual revenue,0,0.0,0,1,0.4544999683275819,31.123500026296824,33.76090002711862,34.215399995446205,64.88440005341545
topic,1,18,3,Veltrax,founding year,1,0.0,0,1,0.0,0.0,28.883400023914874,28.883400023914874,28.883400023914874
topic,1,18,4,Draskel,founding river,0,0.0,0,1,0.451600004453212,23.254600004293025,21.59899997059256,22.05059997504577,44.85359997488558
topic,1,18,5,Pyrenna,primary material,0,0.0,0,1,0.45170000521466136,34.14830000838265,32.68830000888556,33.140000014100224,66.83660001726821
topic,1,18,6,Ilmeth,board chair,0,0.0,0,1,0.44299999717622995,34.368099994026124,28.860800026450306,29.303800023626536,63.22890002047643
topic,1,18,7,Draskel,research lab city,0,0.0,0,1,0.501600035931915,28.11800001654774,34.876200021244586,35.3778000571765,62.994200037792325
topic,1,18,8,Draskel,annual revenue,1,0.0,0,1,0.0,0.0,26.08969999710098,26.08969999710098,26.08969999710098
topic,1,18,9,Draskel,annual revenue,1,0.0,0,1,0.0,0.0,32.013799995183945,32.013799995183945,32.013799995183945
topic,1,18,10,Draskel,board chair,1,0.0,0,1,0.0,0.0,22.773999953642488,22.773999953642488,22.773999953642488
topic,1,18,11,Draskel,chief executive,1,0.0,0,1,0.0,0.0,23.33850000286475,23.33850000286475,23.33850000286475
topic,1,19,0,Draskel,primary material,0,0.0,0,1,0.4479999770410359,27.952999982517213,26.128500001505017,26.576499978546053,54.08149998402223
topic,1,19,1,Pyrenna,employee count,0,0.0,0,1,0.4526000120677054,32.36610000021756,33.111700031440705,33.56430004350841,65.47780003165826
topic,1,19,2,Ilmeth,stock ticker,0,0.0,0,1,0.4437000025063753,27.038100000936538,23.671899980399758,24.115599982906133,50.709999981336296
topic,1,19,3,Draskel,board chair,0,0.0,0,1,0.46010001096874475,34.41319998819381,22.262300015427172,22.722400026395917,56.67550000362098
topic,1,19,4,Draskel,stock ticker,1,0.0,0,1,0.0,0.0,23.14280002610758,23.14280002610758,23.14280002610758
topic,1,19,5,Pyrenna,anthem composer,0,0.0,0,1,0.4558999789878726,26.718900015112013,31.891199992969632,32.347099971957505,58.610100008081645
topic,1,19,6,Pyrenna,founding river,1,0.0,0,1,0.0,0.0,31.993300013709813,31.993300013709813,31.993300013709813
topic,1,19,7,Ilmeth,corporate color,0,0.0,0,1,0.40600000647827983,25.14290000544861,20.61980002326891,21.025800029747188,45.76270002871752
topic,1,19,8,Ilmeth,headquarters city,1,0.0,0,1,0.0,0.0,30.911799985915422,30.911799985915422,30.911799985915422
topic,1,19,9,Ilmeth,flagship product,1,0.0,0,1,0.0,0.0,21.441200049594045,21.441200049594045,21.441200049594045
topic,1,19,10,Toskarel,chief executive,0,0.0,0,1,0.49459998263046145,24.3309999932535,19.72589996876195,20.220499951392412,44.05689996201545
topic,1,19,11,Toskarel,founding river,1,0.0,0,1,0.0,0.0,19.528299977537245,19.528299977537245,19.528299977537245
topic,1,20,0,Ilmeth,chief executive,0,0.0,0,1,0.41340000461786985,24.682799994479865,22.136299987323582,22.549699991941452,46.81909998180345
topic,1,20,1,Ilmeth,stock ticker,1,0.0,0,1,0.0,0.0,21.193300024606287,21.193300024606287,21.193300024606287
topic,1,20,2,Draskel,signature dish,0,0.0,0,1,0.4515000036917627,23.424599959980696,22.17959996778518,22.631099971476942,45.604199927765876
topic,1,20,3,Draskel,chief engineer,1,0.0,0,1,0.0,0.0,21.056999976281077,21.056999976281077,21.056999976281077
topic,1,20,4,Draskel,chief executive,1,0.0,0,1,0.0,0.0,20.785000000614673,20.785000000614673,20.785000000614673
topic,1,20,5,Pyrenna,founding river,0,0.0,0,1,0.4469999694265425,23.997300013434142,20.11579996906221,20.56279993848875,44.11309998249635
topic,1,20,6,Pyrenna,headquarters city,1,0.0,0,1,0.0,0.0,20.087099983356893,20.087099983356893,20.087099983356893
topic,1,20,7,Pyrenna,anthem composer,1,0.0,0,1,0.0,0.0,21.71760000055656,21.71760000055656,21.71760000055656
topic,1,20,8,Pyrenna,board chair,1,0.0,0,1,0.0,0.0,19.86389997182414,19.86389997182414,19.86389997182414
topic,1,20,9,Ilmeth,anthem composer,0,0.0,0,1,0.41909998981282115,22.559400007594377,20.386199990753084,20.805299980565906,42.94559999834746
topic,1,20,10,Ilmeth,lucky number,1,0.0,0,1,0.0,0.0,20.23129997542128,20.23129997542128,20.23129997542128
topic,1,20,11,Toskarel,motto word,0,0.0,0,1,0.43100002221763134,23.367399990092963,21.547899988945574,21.978900011163205,44.91529997903854
topic,1,21,0,Draskel,founding year,0,0.0,0,1,0.46140002086758614,22.719200002029538,22.411199985072017,22.872600005939603,45.130399987101555
topic,1,21,1,Pyrenna,chief engineer,0,0.0,0,1,0.5755999591201544,24.48520000325516,21.937399986200035,22.51299994532019,46.42259998945519
topic,1,21,2,Draskel,stock ticker,0,0.0,0,1,0.4545000265352428,22.90849998826161,21.1097999708727,21.564299997407943,44.01829995913431
topic,1,21,3,Draskel,corporate color,1,0.0,0,1,0.0,0.0,22.233699972275645,22.233699972275645,22.233699972275645
topic,1,21,4,Pyrenna,satellite name,0,0.0,0,1,0.44510001316666603,24.16520001133904,21.433599991723895,21.87870000489056,45.598800003062934
topic,1,21,5,Ilmeth,board chair,0,0.0,0,1,0.42210001265630126,23.71879998827353,22.508999973069876,22.931099985726178,46.22779996134341
topic,1,21,6,Seluun,signature dish,0,0.0,0,1,0.4744000034406781,23.131800000555813,20.02830000128597,20.50270000472665,43.16010000184178
topic,1,21,7,Seluun,employee count,1,0.0,0,1,0.0,0.0,21.186199970543385,21.186199970543385,21.186199970543385
topic,1,21,8,Draskel,research lab city,0,0.0,0,1,0.4531000158749521,22.363100026268512,20.61210002284497,21.065200038719922,42.97520004911348
topic,1,21,9,Draskel,annual revenue,1,0.0,0,1,0.0,0.0,20.41200001258403,20.41200001258403,20.41200001258403
topic,1,21,10,Draskel,mascot animal,1,0.0,0,1,0.0,0.0,20.702000008895993,20.702000008895993,20.702000008895993
topic,1,21,11,Pyrenna,chief executive,0,0.0,0,1,0.44159998651593924,24.241000006441027,21.05380001012236,21.495399996638298,45.294800016563386
topic,1,22,0,Bramwick,chief engineer,0,0.0,0,1,0.4092000308446586,23.431100009474903,20.31610003905371,20.725300069898367,43.74720004852861
topic,1,22,1,Bramwick,flagship product,1,0.0,0,1,0.0,0.0,21.1235000169836,21.1235000169836,21.1235000169836
topic,1,22,2,Veltrax,headquarters city,0,0.0,0,1,0.4561000387184322,22.788000002037734,20.455799996852875,20.911900035571307,43.24379999889061
topic,1,22,3,Pyrenna,mascot animal,0,0.0,0,1,0.4507999983616173,23.130199988372624,20.522199978586286,20.972999976947904,43.65239996695891
topic,1,22,4,Ilmeth,signature dish,0,0.0,0,1,0.43160002678632736,23.00909999758005,23.516400018706918,23.948000045493245,46.52550001628697
topic,1,22,5,Toskarel,chief engineer,0,0.0,0,1,0.4360000020824373,25.793600012548268,21.380299993325025,21.816299995407462,47.17390000587329
topic,1,22,6,Quorvane,flagship product,0,0.0,0,1,0.4773000255227089,24.373000022023916,20.806699991226196,21.284000016748905,45.17970001325011
topic,1,22,7,Seluun,flagship product,0,0.0,0,1,0.4338000435382128,22.32039999216795,19.92609997978434,20.359900023322552,42.24649997195229
topic,1,22,8,Seluun,motto word,1,0.0,0,1,0.0,0.0,20.353699976112694,20.353699976112694,20.353699976112694
topic,1,22,9,Seluun,annual revenue,1,0.0,0,1,0.0,0.0,22.51009998144582,22.51009998144582,22.51009998144582
topic,1,22,10,Bramwick,motto word,0,0.0,0,1,0.42070000199601054,22.46559999184683,19.809700024779886,20.230400026775897,42.275300016626716
topic,1,22,11,Quorvane,anthem composer,0,0.0,0,1,0.5653999978676438,23.090099974069744,19.504500029142946,20.06990002701059,42.59460000321269
topic,1,23,0,Draskel,founding river,0,0.0,0,1,0.45950000640004873,23.232499952428043,20.14520001830533,20.60470002470538,43.377699970733374
topic,1,23,1,Pyrenna,lucky number,0,0.0,0,1,0.4465999663807452,23.45979999518022,20.090999954845756,20.5375999212265,43.550799950025976
topic,1,23,2,Pyrenna,mascot animal,1,0.0,0,1,0.0,0.0,19.890899944584817,19.890899944584817,19.890899944584817
topic,1,23,3,Veltrax,founding year,0,0.0,0,1,0.4540000227279961,23.952700023073703,19.866499991621822,20.32050001434982,43.819200014695525
topic,1,23,4,Quorvane,chief engineer,0,0.0,0,1,0.4803999909199774,25.202699995134026,19.926499982830137,20.406899973750114,45.12919997796416
topic,1,23,5,Veltrax,mascot animal,0,0.0,0,1,0.47369999811053276,23.161199991591275,22.101899958215654,22.575599956326187,45.26309994980693
topic,1,23,6,Veltrax,employee count,1,0.0,0,1,0.0,0.0,21.22219995362684,21.22219995362684,21.22219995362684
topic,1,23,7,Pyrenna,founding year,0,0.0,0,1,0.4352999967522919,22.50560000538826,19.9381000129506,20.37340000970289,42.44370001833886
topic,1,23,8,Pyrenna,anthem composer,1,0.0,0,1,0.0,0.0,19.920499995350838,19.920499995350838,19.920499995350838
topic,1,23,9,Pyrenna,annual revenue,1,0.0,0,1,0.0,0.0,19.458600028883666,19.458600028883666,19.458600028883666
topic,1,23,10,Pyrenna,chief executive,1,0.0,0,1,0.0,0.0,20.282700017560273,20.282700017560273,20.282700017560273
topic,1,23,11,Pyrenna,primary material,1,0.0,0,1,0.0,0.0,20.46259999042377,20.46259999042377,20.46259999042377
topic,1,24,0,Veltrax,signature dish,0,0.0,0,1,0.44319999869912863,23.175900045316666,20.758100028615445,21.201300027314574,43.93400007393211
topic,1,24,1,Pyrenna,stock ticker,0,0.0,0,1,0.4316999693401158,23.918399994727224,20.19120001932606,20.622899988666177,44.109600014053285
topic,1,24,2,Ilmeth,chief executive,0,0.0,0,1,0.4149000160396099,22.677100030705333,21.6004999820143,22.01539999805391,44.27760001271963
topic,1,24,3,Ilmeth,lucky number,1,0.0,0,1,0.0,0.0,21.31310000550002,21.31310000550002,21.31310000550002
topic,1,24,4,Toskarel,mascot animal,0,0.0,0,1,0.43810001807287335,22.95740001136437,19.38840001821518,19.826500036288053,42.34580002957955
topic,1,24,5,Quorvane,chief engineer,0,0.0,0,1,0.47670002095401287,24.045300029683858,25.487500010058284,25.964200031012297,49.53280003974214
topic,1,24,6,Veltrax,motto word,0,0.0,0,1,0.4488999838940799,31.222600024193525,60.58579997625202,61.0346999601461,91.80840000044554
topic,1,24,7,Veltrax,satellite name,1,0.0,0,1,0.0,0.0,89.92890000808984,89.92890000808984,89.92890000808984
topic,1,24,8,Ilmeth,research lab city,0,0.0,0,1,0.46280003152787685,47.5441999733448,69.74150001769885,70.20430004922673,117.28569999104366
topic,1,24,9,Ilmeth,anthem composer,1,0.0,0,1,0.0,0.0,57.33679997501895,57.33679997501895,57.33679997501895
topic,1,24,10,Draskel,research lab city,0,0.0,0,1,0.5289000109769404,48.43860003165901,61.706800013780594,62.235700024757534,110.1454000454396
topic,1,24,11,Draskel,anthem composer,1,0.0,0,1,0.0,0.0,97.80659998068586,97.80659998068586,97.80659998068586
topic,1,25,0,Bramwick,chief executive,0,0.0,0,1,0.4673000075854361,73.18919996032491,53.69229998905212,54.15959999663755,126.88149994937703
topic,1,25,1,Toskarel,stock ticker,0,0.0,0,1,0.5061000119894743,48.82610001368448,49.03530003502965,49.541400047019124,97.86140004871413
topic,1,25,2,Toskarel,flagship product,1,0.0,0,1,0.0,0.0,56.94510001922026,56.94510001922026,56.94510001922026
topic,1,25,3,Toskarel,mascot animal,1,0.0,0,1,0.0,0.0,99.13389995926991,99.13389995926991,99.13389995926991
topic,1,25,4,Pyrenna,headquarters city,0,0.0,0,1,0.5113999941386282,46.819600043818355,66.38249999377877,66.8938999879174,113.20210003759712
topic,1,25,5,Ilmeth,signature dish,0,0.0,0,1,0.4932999727316201,56.07450002571568,40.50170001573861,40.99499998847023,96.57620004145429
topic,1,25,6,Ilmeth,chief engineer,1,0.0,0,1,0.0,0.0,66.91190000856295,66.91190000856295,66.91190000856295
topic,1,25,7,Ilmeth,anthem composer,1,0.0,0,1,0.0,0.0,55.97390001639724,55.97390001639724,55.97390001639724
topic,1,25,8,Ilmeth,employee count,1,0.0,0,1,0.0,0.0,48.179299978073686,48.179299978073686,48.179299978073686
topic,1,25,9,Toskarel,founding year,0,0.0,0,1,0.45440002577379346,51.96830001659691,66.89580000238493,67.35020002815872,118.86410001898184
topic,1,25,10,Quorvane,chief executive,0,0.0,0,1,0.5087000317871571,59.34680002974346,102.36930003156886,102.87800006335601,161.71610006131232
topic,1,25,11,Quorvane,chief engineer,1,0.0,0,1,0.0,0.0,77.60219997726381,77.60219997726381,77.60219997726381
topic,1,26,0,Veltrax,annual revenue,0,0.0,0,1,0.451300002168864,45.255700009875,72.16619997052476,72.61749997269362,117.42189998039976
topic,1,26,1,Veltrax,stock ticker,1,0.0,0,1,0.0,0.0,75.52940002642572,75.52940002642572,75.52940002642572
topic,1,26,2,Veltrax,employee count,1,0.0,0,1,0.0,0.0,94.05700000934303,94.05700000934303,94.05700000934303
topic,1,26,3,Veltrax,annual revenue,1,0.0,0,1,0.0,0.0,42.53929998958483,42.53929998958483,42.53929998958483
topic,1,26,4,Quorvane,flagship product,0,0.0,0,1,0.49219996435567737,47.776699997484684,74.15000000037253,74.6421999647282,121.92669999785721
topic,1,26,5,Quorvane,motto word,1,0.0,0,1,0.0,0.0,40.970000030938536,40.970000030938536,40.970000030938536
topic,1,26,6,Quorvane,mascot animal,1,0.0,0,1,0.0,0.0,41.704899980686605,41.704899980686605,41.704899980686605
topic,1,26,7,Quorvane,chief engineer,1,0.0,0,1,0.0,0.0,60.49050000729039,60.49050000729039,60.49050000729039
topic,1,26,8,Quorvane,annual revenue,1,0.0,0,1,0.0,0.0,71.00320002064109,71.00320002064109,71.00320002064109
topic,1,26,9,Seluun,flagship product,0,0.0,0,1,1.195100019685924,123.49289999110624,85.12120001250878,86.3163000321947,208.61410000361502
topic,1,26,10,Seluun,founding river,1,0.0,0,1,0.0,0.0,85.17310000024736,85.17310000024736,85.17310000024736
topic,1,26,11,Seluun,anthem composer,1,0.0,0,1,0.0,0.0,41.27450002124533,41.27450002124533,41.27450002124533
topic,1,27,0,Pyrenna,corporate color,0,0.0,0,1,0.4803999909199774,46.9932000269182,41.55720002017915,42.03760001109913,88.55040004709736
topic,1,27,1,Pyrenna,annual revenue,1,0.0,0,1,0.0,0.0,95.19139997428283,95.19139997428283,95.19139997428283
topic,1,27,2,Pyrenna,flagship product,1,0.0,0,1,0.0,0.0,70.58499997947365,70.58499997947365,70.58499997947365
topic,1,27,3,Pyrenna,employee count,1,0.0,0,1,0.0,0.0,50.08559999987483,50.08559999987483,50.08559999987483
topic,1,27,4,Pyrenna,headquarters city,1,0.0,0,1,0.0,0.0,46.74560000421479,46.74560000421479,46.74560000421479
topic,1,27,5,Pyrenna,anthem composer,1,0.0,0,1,0.0,0.0,67.1429000212811,67.1429000212811,67.1429000212811
topic,1,27,6,Pyrenna,primary material,1,0.0,0,1,0.0,0.0,43.91730000497773,43.91730000497773,43.91730000497773
topic,1,27,7,Pyrenna,stock ticker,1,0.0,0,1,0.0,0.0,48.93490002723411,48.93490002723411,48.93490002723411
topic,1,27,8,Pyrenna,signature dish,1,0.0,0,1,0.0,0.0,77.87569996435195,77.87569996435195,77.87569996435195
topic,1,27,9,Pyrenna,signature dish,1,0.0,0,1,0.0,0.0,70.87360002333298,70.87360002333298,70.87360002333298
topic,1,27,10,Pyrenna,chief engineer,1,0.0,0,1,0.0,0.0,88.96260004257783,88.96260004257783,88.96260004257783
topic,1,27,11,Toskarel,chief engineer,0,0.0,0,1,0.8617999847047031,85.18029999686405,75.86010004160926,76.72190002631396,161.0404000384733
topic,1,28,0,Seluun,stock ticker,0,0.0,0,1,0.7916000322438776,69.52479999745265,111.61170003470033,112.40330006694421,181.13650003215298
topic,1,28,1,Seluun,research lab city,1,0.0,0,1,0.0,0.0,47.7627000072971,47.7627000072971,47.7627000072971
topic,1,28,2,Bramwick,chief executive,0,0.0,0,1,0.7999000372365117,95.63980001257733,59.18679997557774,59.986700012814254,154.82659998815507
topic,1,28,3,Veltrax,employee count,0,0.0,0,1,0.8008999866433442,69.98529995325953,71.12879998749122,71.92969997413456,141.11409994075075
topic,1,28,4,Veltrax,lucky number,1,0.0,0,1,0.0,0.0,40.8568000420928,40.8568000420928,40.8568000420928
topic,1,28,5,Veltrax,stock ticker,1,0.0,0,1,0.0,0.0,87.44149998528883,87.44149998528883,87.44149998528883
topic,1,28,6,Quorvane,research lab city,0,0.0,0,1,0.936899974476546,85.19209997029975,79.98869998846203,80.92559996293858,165.18079995876178
topic,1,28,7,Toskarel,annual revenue,0,0.0,0,1,0.8614999824203551,56.58370000310242,83.96640000864863,84.82789999106899,140.55010001175106
topic,1,28,8,Toskarel,board chair,1,0.0,0,1,0.0,0.0,42.15019999537617,42.15019999537617,42.15019999537617
topic,1,28,9,Ilmeth,founding year,0,0.0,0,1,0.7396999862976372,83.76250002766028,39.55779998796061,40.297499974258244,123.32030001562089
topic,1,28,10,Ilmeth,motto word,1,0.0,0,1,0.0,0.0,55.978499993216246,55.978499993216246,55.978499993216246
topic,1,28,11,Ilmeth,flagship product,1,0.0,0,1,0.0,0.0,59.09819999942556,59.09819999942556,59.09819999942556
topic,1,29,0,Bramwick,board chair,0,0.0,0,1,0.7600000244565308,78.1923999893479,43.83959999540821,44.59960001986474,122.03199998475611
topic,1,29,1,Bramwick,flagship product,1,0.0,0,1,0.0,0.0,41.528699977789074,41.528699977789074,41.528699977789074
topic,1,29,2,Pyrenna,flagship product,0,0.0,0,1,0.7965000113472342,51.38759996043518,67.66140001127496,68.4579000226222,119.04899997171015
topic,1,29,3,Pyrenna,chief executive,1,0.0,0,1,0.0,0.0,44.12829998182133,44.12829998182133,44.12829998182133
topic,1,29,4,Draskel,chief executive,0,0.0,0,1,0.484699965454638,46.59359995275736,51.80590000236407,52.29059996781871,98.39949995512143
topic,1,29,5,Seluun,corporate color,0,0.0,0,1,0.44350000098347664,54.19949995120987,68.97289998596534,69.41639998694882,123.17239993717521
topic,1,29,6,Seluun,archive codename,1,0.0,0,1,0.0,0.0,46.797299990430474,46.797299990430474,46.797299990430474
topic,1,29,7,Seluun,research lab city,1,0.0,0,1,0.0,0.0,75.24100004229695,75.24100004229695,75.24100004229695
topic,1,29,8,Seluun,primary material,1,0.0,0,1,0.0,0.0,67.1843999880366,67.1843999880366,67.1843999880366
topic,1,29,9,Seluun,mascot animal,1,0.0,0,1,0.0,0.0,92.34430000651628,92.34430000651628,92.34430000651628
topic,1,29,10,Seluun,motto word,1,0.0,0,1,0.0,0.0,61.43190001603216,61.43190001603216,61.43190001603216
topic,1,29,11,Seluun,research lab city,1,0.0,0,1,0.0,0.0,41.51940002338961,41.51940002338961,41.51940002338961
topic,1,30,0,Draskel,lucky number,0,0.0,0,1,0.45980000868439674,79.64800001354888,55.802399991080165,56.26219999976456,135.45040000462905
topic,1,30,1,Pyrenna,archive codename,0,0.0,0,1,0.46280003152787685,58.54900000849739,45.711099985055625,46.1739000165835,104.26009999355301
topic,1,30,2,Pyrenna,anthem composer,1,0.0,0,1,0.0,0.0,99.45630002766848,99.45630002766848,99.45630002766848
topic,1,30,3,Ilmeth,chief executive,0,0.0,0,1,0.5439000087790191,89.7230000118725,91.34380001341924,91.88770002219826,181.06680002529174
topic,1,30,4,Ilmeth,signature dish,1,0.0,0,1,0.0,0.0,49.90370001178235,49.90370001178235,49.90370001178235
topic,1,30,5,Toskarel,headquarters city,0,0.0,0,1,0.49669999862089753,56.50800000876188,62.76469997828826,63.26139997690916,119.27269998705015
topic,1,30,6,Toskarel,founding river,1,0.0,0,1,0.0,0.0,40.205499972216785,40.205499972216785,40.205499972216785
topic,1,30,7,Toskarel,primary material,1,0.0,0,1,0.0,0.0,56.18529999628663,56.18529999628663,56.18529999628663
topic,1,30,8,Pyrenna,anthem composer,0,0.0,0,1,0.48610003432258964,49.543300003279,135.0918000098318,135.57790004415438,184.6351000131108
topic,1,30,9,Pyrenna,primary material,1,0.0,0,1,0.0,0.0,56.90730002243072,56.90730002243072,56.90730002243072
topic,1,30,10,Pyrenna,chief engineer,1,0.0,0,1,0.0,0.0,45.274099975358695,45.274099975358695,45.274099975358695
topic,1,30,11,Pyrenna,signature dish,1,0.0,0,1,0.0,0.0,48.158699995838106,48.158699995838106,48.158699995838106
topic,1,31,0,Bramwick,board chair,0,0.0,0,1,0.7472000434063375,58.28029999975115,81.53949998086318,82.28670002426952,139.81979998061433
topic,1,31,1,Quorvane,founding river,0,0.0,0,1,0.8894999627955258,48.023899958934635,43.2629999704659,44.152499933261424,91.28689992940053
topic,1,31,2,Quorvane,signature dish,1,0.0,0,1,0.0,0.0,51.21740000322461,51.21740000322461,51.21740000322461
topic,1,31,3,Quorvane,employee count,1,0.0,0,1,0.0,0.0,71.13579998258501,71.13579998258501,71.13579998258501
topic,1,31,4,Quorvane,corporate color,1,0.0,0,1,0.0,0.0,54.26110001280904,54.26110001280904,54.26110001280904
topic,1,31,5,Quorvane,founding year,1,0.0,0,1,0.0,0.0,57.41710000438616,57.41710000438616,57.41710000438616
topic,1,31,6,Veltrax,research lab city,0,0.0,0,1,0.8650999516248703,91.75060002598912,75.36650000838563,76.2315999600105,167.11710003437474
topic,1,31,7,Veltrax,primary material,1,0.0,0,1,0.0,0.0,84.2051999643445,84.2051999643445,84.2051999643445
topic,1,31,8,Veltrax,chief executive,1,0.0,0,1,0.0,0.0,87.35469996463507,87.35469996463507,87.35469996463507
topic,1,31,9,Veltrax,annual revenue,1,0.0,0,1,0.0,0.0,61.021999979857355,61.021999979857355,61.021999979857355
topic,1,31,10,Veltrax,stock ticker,1,0.0,0,1,0.0,0.0,47.06479999003932,47.06479999003932,47.06479999003932
topic,1,31,11,Quorvane,lucky number,0,0.0,0,1,0.8897000225260854,77.268399996683,85.72930004447699,86.61900006700307,162.99770004116
topic,1,32,0,Seluun,flagship product,0,0.0,0,1,0.8568000048398972,79.09259997541085,77.58550002472475,78.44230002956465,156.6781000001356
topic,1,32,1,Seluun,employee count,1,0.0,0,1,0.0,0.0,40.94410000834614,40.94410000834614,40.94410000834614
topic,1,32,2,Seluun,founding year,1,0.0,0,1,0.0,0.0,39.51869998127222,39.51869998127222,39.51869998127222
topic,1,32,3,Pyrenna,research lab city,0,0.0,0,1,0.818000000435859,54.056799970567226,60.59730000561103,61.41530000604689,114.65409997617826
topic,1,32,4,Ilmeth,archive codename,0,0.0,0,1,0.7851000409573317,87.26380002917722,76.63899997714907,77.4241000181064,163.9028000063263
topic,1,32,5,Ilmeth,signature dish,1,0.0,0,1,0.0,0.0,65.01640001079068,65.01640001079068,65.01640001079068
topic,1,32,6,Ilmeth,archive codename,1,0.0,0,1,0.0,0.0,78.51479999953881,78.51479999953881,78.51479999953881
topic,1,32,7,Toskarel,chief engineer,0,0.0,0,1,0.8280000183731318,68.60370002686977,51.80720001226291,52.63520003063604,120.41090003913268
topic,1,32,8,Quorvane,mascot animal,0,0.0,0,1,0.9071999811567366,50.216700008604676,79.89449996966869,80.80169995082542,130.11119997827336
topic,1,32,9,Veltrax,annual revenue,0,0.0,0,1,0.4563999827951193,59.80089999502525,65.69580000359565,66.15219998639077,125.4966999986209
topic,1,32,10,Pyrenna,chief executive,0,0.0,0,1,0.4751000087708235,45.74259999208152,62.05810001119971,62.533200019970536,107.80070000328124
topic,1,32,11,Pyrenna,employee count,1,0.0,0,1,0.0,0.0,73.6390000092797,73.6390000092797,73.6390000092797
topic,1,33,0,Veltrax,flagship product,0,0.0,0,1,0.49810000928118825,69.14109998615459,50.5849999608472,51.08309997012839,119.72609994700179
topic,1,33,1,Veltrax,lucky number,1,0.0,0,1,0.0,0.0,55.99910003365949,55.99910003365949,55.99910003365949
topic,1,33,2,Pyrenna,annual revenue,0,0.0,0,1,0.45739999040961266,87.68670004792511,48.29720000270754,48.754599993117154,135.98390005063266
topic,1,33,3,Draskel,founding year,0,0.0,0,1,0.493300030939281,63.475599978119135,70.36369998240843,70.85700001334772,133.83929996052757
topic,1,33,4,Draskel,board chair,1,0.0,0,1,0.0,0.0,48.82180003914982,48.82180003914982,48.82180003914982
topic,1,33,5,Veltrax,anthem composer,0,0.0,0,1,0.5162000306881964,81.5885000047274,63.34860000060871,63.86480003129691,144.9371000053361
topic,1,33,6,Veltrax,archive codename,1,0.0,0,1,0.0,0.0,74.76729998597875,74.76729998597875,74.76729998597875
topic,1,33,7,Veltrax,flagship product,1,0.0,0,1,0.0,0.0,78.54890002636239,78.54890002636239,78.54890002636239
topic,1,33,8,Quorvane,flagship product,0,0.0,0,1,0.5493999924510717,55.14970002695918,50.621300004422665,51.170699996873736,105.77100003138185
topic,1,33,9,Pyrenna,corporate color,0,0.0,0,1,0.4762000171467662,68.84530000388622,48.95419999957085,49.43040001671761,117.79950000345707
topic,1,33,10,Pyrenna,headquarters city,1,0.0,0,1,0.0,0.0,85.69410000927746,85.69410000927746,85.69410000927746
topic,1,33,11,Draskel,annual revenue,0,0.0,0,1,0.49109995597973466,61.03149999398738,86.05739998165518,86.54849993763492,147.08889997564256
topic,1,34,0,Seluun,primary material,0,0.0,0,1,0.49619999481365085,51.86649999814108,41.90720000769943,42.40340000251308,93.77370000584051
topic,1,34,1,Draskel,annual revenue,0,0.0,0,1,0.5046000005677342,48.72440005419776,74.81590000679716,75.3205000073649,123.54030006099492
topic,1,34,2,Draskel,lucky number,1,0.0,0,1,0.0,0.0,39.76050001801923,39.76050001801923,39.76050001801923
topic,1,34,3,Draskel,annual revenue,1,0.0,0,1,0.0,0.0,92.18099998543039,92.18099998543039,92.18099998543039
topic,1,34,4,Seluun,corporate color,0,0.0,0,1,0.46939996536821127,46.76709999330342,39.92930002277717,40.39869998814538,86.69640001608059
topic,1,34,5,Seluun,archive codename,1,0.0,0,1,0.0,0.0,46.58610001206398,46.58610001206398,46.58610001206398
topic,1,34,6,Draskel,lucky number,0,0.0,0,1,0.49079995369538665,70.72969997534528,82.98810000997037,83.47889996366575,153.71779998531565
topic,1,34,7,Seluun,board chair,0,0.0,0,1,0.4665000014938414,55.19580002874136,84.68600001651794,85.15250001801178,139.8818000452593
topic,1,34,8,Seluun,lucky number,1,0.0,0,1,0.0,0.0,52.375499974004924,52.375499974004924,52.375499974004924
topic,1,34,9,Seluun,research lab city,1,0.0,0,1,0.0,0.0,60.37229998037219,60.37229998037219,60.37229998037219
topic,1,34,10,Pyrenna,headquarters city,0,0.0,0,1,0.5095999804325402,70.15290000708774,74.50680003967136,75.0164000201039,144.6597000467591
topic,1,34,11,Pyrenna,founding river,1,0.0,0,1,0.0,0.0,53.57190000358969,53.57190000358969,53.57190000358969
topic,1,35,0,Quorvane,motto word,0,0.0,0,1,0.49590005073696375,69.32299997424707,53.593399992678314,54.08930004341528,122.91639996692538
topic,1,35,1,Quorvane,stock ticker,1,0.0,0,1,0.0,0.0,84.34489998035133,84.34489998035133,84.34489998035133
topic,1,35,2,Veltrax,employee count,0,0.0,0,1,0.46360003761947155,50.142600026447326,41.63609998067841,42.09970001829788,91.77870000712574
topic,1,35,3,Veltrax,mascot animal,1,0.0,0,1,0.0,0.0,49.54360000556335,49.54360000556335,49.54360000556335
topic,1,35,4,Veltrax,board chair,1,0.0,0,1,0.0,0.0,39.65400002198294,39.65400002198294,39.65400002198294
topic,1,35,5,Veltrax,anthem composer,1,0.0,0,1,0.0,0.0,39.761100022587925,39.761100022587925,39.761100022587925
topic,1,35,6,Pyrenna,archive codename,0,0.0,0,1,0.8311999845318496,52.7511999825947,74.18120000511408,75.01239998964593,126.93239998770878
topic,1,35,7,Pyrenna,lucky number,1,0.0,0,1,0.0,0.0,41.36940004536882,41.36940004536882,41.36940004536882
topic,1,35,8,Ilmeth,lucky number,0,0.0,0,1,0.42619998566806316,59.71619999036193,44.417799974326044,44.84399995999411,104.13399996468797
topic,1,35,9,Ilmeth,research lab city,1,0.0,0,1,0.0,0.0,45.022399979643524,45.022399979643524,45.022399979643524
topic,1,35,10,Ilmeth,motto word,1,0.0,0,1,0.0,0.0,46.32580000907183,46.32580000907183,46.32580000907183
topic,1,35,11,Ilmeth,board chair,1,0.0,0,1,0.0,0.0,40.7252999721095,40.7252999721095,40.7252999721095
topic,1,36,0,Ilmeth,headquarters city,0,0.0,0,1,0.42400002712383866,65.04640000639483,63.373199955094606,63.797199982218444,128.41959996148944
topic,1,36,1,Ilmeth,signature dish,1,0.0,0,1,0.0,0.0,43.765900016296655,43.765900016296655,43.765900016296655
topic,1,36,2,Draskel,chief engineer,0,0.0,0,1,0.624299980700016,47.755499952472746,55.796600005123764,56.42089998582378,103.55209995759651
topic,1,36,3,Pyrenna,chief engineer,0,0.0,0,1,0.45849999878555536,55.486699973698705,46.79829999804497,47.25679999683052,102.28499997174367
topic,1,36,4,Pyrenna,employee count,1,0.0,0,1,0.0,0.0,62.508100003469735,62.508100003469735,62.508100003469735
topic,1,36,5,Draskel,chief executive,0,0.0,0,1,0.5151000223122537,49.77460001828149,41.99929995229468,42.51439997460693,91.77389997057617
topic,1,36,6,Seluun,satellite name,0,0.0,0,1,0.49429998034611344,59.70410001464188,45.370600011665374,45.86489999201149,105.07470002630726
topic,1,36,7,Seluun,flagship product,1,0.0,0,1,0.0,0.0,44.32789998827502,44.32789998827502,44.32789998827502
topic,1,36,8,Seluun,mascot animal,1,0.0,0,1,0.0,0.0,78.76380003290251,78.76380003290251,78.76380003290251
topic,1,36,9,Seluun,primary material,1,0.0,0,1,0.0,0.0,72.60070001939312,72.60070001939312,72.60070001939312
topic,1,36,10,Seluun,founding year,1,0.0,0,1,0.0,0.0,50.571100029628724,50.571100029628724,50.571100029628724
topic,1,36,11,Draskel,board chair,0,0.0,0,1,0.4808999947272241,45.9817000082694,43.47580001922324,43.95670001395047,89.45750002749264
topic,1,37,0,Draskel,stock ticker,0,0.0,0,1,0.48779998905956745,49.83249999349937,83.08820001548156,83.57600000454113,132.92070000898093
topic,1,37,1,Pyrenna,stock ticker,0,0.0,0,1,0.5090999766252935,84.6021999605,52.789100038353354,53.29820001497865,137.39129999885336
topic,1,37,2,Ilmeth,founding year,0,0.0,0,1,0.42459997348487377,50.185499945655465,61.80680001853034,62.23139999201521,111.9922999641858
topic,1,37,3,Ilmeth,research lab city,1,0.0,0,1,0.0,0.0,59.072400035802275,59.072400035802275,59.072400035802275
topic,1,37,4,Ilmeth,stock ticker,1,0.0,0,1,0.0,0.0,47.00990003766492,47.00990003766492,47.00990003766492
topic,1,37,5,Draskel,satellite name,0,0.0,0,1,0.4822000046260655,84.85440001823008,63.616300001740456,64.09850000636652,148.47070001997054
topic,1,37,6,Draskel,chief executive,1,0.0,0,1,0.0,0.0,40.404199971817434,40.404199971817434,40.404199971817434
topic,1,37,7,Draskel,flagship product,1,0.0,0,1,0.0,0.0,64.35280002187937,64.35280002187937,64.35280002187937
topic,1,37,8,Draskel,motto word,1,0.0,0,1,0.0,0.0,53.02350001875311,53.02350001875311,53.02350001875311
topic,1,37,9,Draskel,headquarters city,1,0.0,0,1,0.0,0.0,58.786400011740625,58.786400011740625,58.786400011740625
topic,1,37,10,Draskel,chief executive,1,0.0,0,1,0.0,0.0,83.07909994618967,83.07909994618967,83.07909994618967
topic,1,37,11,Draskel,annual revenue,1,0.0,0,1,0.0,0.0,82.05839997390285,82.05839997390285,82.05839997390285
topic,1,38,0,Draskel,flagship product,0,0.0,0,1,0.48340001376345754,45.835500000976026,45.949699997436255,46.43310001119971,91.78519999841228
topic,1,38,1,Pyrenna,founding year,0,0.0,0,1,0.4533999599516392,54.644999967422336,66.07709999661893,66.53049995657057,120.72209996404126
topic,1,38,2,Pyrenna,chief engineer,1,0.0,0,1,0.0,0.0,52.68459999933839,52.68459999933839,52.68459999933839
topic,1,38,3,Quorvane,research lab city,0,0.0,0,1,0.4827000084333122,58.186299982480705,42.564500006847084,43.047200015280396,100.75079998932779
topic,1,38,4,Ilmeth,board chair,0,0.0,0,1,0.7747000199742615,66.61040004109964,69.00659995153546,69.78129997150972,135.6169999926351
topic,1,38,5,Pyrenna,annual revenue,0,0.0,0,1,0.4805000498890877,59.417599986772984,43.99330000160262,44.47380005149171,103.4108999883756
topic,1,38,6,Pyrenna,satellite name,1,0.0,0,1,0.0,0.0,61.057699960656464,61.057699960656464,61.057699960656464
topic,1,38,7,Ilmeth,satellite name,0,0.0,0,1,0.43509999522939324,58.8193999719806,61.52240000665188,61.95750000188127,120.34179997863248
topic,1,38,8,Ilmeth,annual revenue,1,0.0,0,1,0.0,0.0,51.73590005142614,51.73590005142614,51.73590005142614
topic,1,38,9,Ilmeth,motto word,1,0.0,0,1,0.0,0.0,42.62530000414699,42.62530000414699,42.62530000414699
topic,1,38,10,Draskel,headquarters city,0,0.0,0,1,0.4729999927803874,75.69399999920279,60.122700000647455,60.59569999342784,135.81669999985024
topic,1,38,11,Seluun,corporate color,0,0.0,0,1,0.4684000159613788,46.32329999003559,74.59909998578951,75.06750000175089,120.9223999758251
topic,1,39,0,Bramwick,stock ticker,0,0.0,0,1,0.4691999638453126,69.55319998087361,60.143500042613596,60.61270000645891,129.6967000234872
topic,1,39,1,Bramwick,stock ticker,1,0.0,0,1,0.0,0.0,60.31289999373257,60.31289999373257,60.31289999373257
topic,1,39,2,Bramwick,signature dish,1,0.0,0,1,0.0,0.0,42.79050003970042,42.79050003970042,42.79050003970042
topic,1,39,3,Bramwick,employee count,1,0.0,0,1,0.0,0.0,87.07930002128705,87.07930002128705,87.07930002128705
topic,1,39,4,Bramwick,flagship product,1,0.0,0,1,0.0,0.0,74.05209995340556,74.05209995340556,74.05209995340556
topic,1,39,5,Toskarel,anthem composer,0,0.0,0,1,0.4878999898210168,77.40880001801997,81.47929998813197,81.96719997795299,158.88810000615194
topic,1,39,6,Toskarel,anthem composer,1,0.0,0,1,0.0,0.0,83.56269996147603,83.56269996147603,83.56269996147603
topic,1,39,7,Pyrenna,board chair,0,0.0,0,1,0.4610000178217888,46.53890000190586,46.440000005532056,46.901000023353845,92.97890000743791
topic,1,39,8,Pyrenna,employee count,1,0.0,0,1,0.0,0.0,69.25380002940074,69.25380002940074,69.25380002940074
topic,1,39,9,Pyrenna,satellite name,1,0.0,0,1,0.0,0.0,57.90529999649152,57.90529999649152,57.90529999649152
topic,1,39,10,Pyrenna,mascot animal,1,0.0,0,1,0.0,0.0,86.99379995232448,86.99379995232448,86.99379995232448
topic,1,39,11,Pyrenna,chief engineer,1,0.0,0,1,0.0,0.0,44.21239998191595,44.21239998191595,44.21239998191595
oracle,1,0,0,Ilmeth,satellite name,1,8.761344,0,1,0.0,0.0,69.36820002738386,69.36820002738386,69.36820002738386
oracle,1,0,1,Draskel,stock ticker,1,9.609216,0,1,0.0,0.0,48.592699982691556,48.592699982691556,48.592699982691556
oracle,1,0,2,Draskel,founding river,1,0.0,0,1,0.0,0.0,44.48409995529801,44.48409995529801,44.48409995529801
oracle,1,0,3,Draskel,annual revenue,1,0.0,0,1,0.0,0.0,68.70140001410618,68.70140001410618,68.70140001410618
oracle,1,0,4,Seluun,lucky number,1,9.437184,0,1,0.0,0.0,61.00320001132786,61.00320001132786,61.00320001132786
oracle,1,0,5,Seluun,annual revenue,1,0.0,0,1,0.0,0.0,87.71960000740364,87.71960000740364,87.71960000740364
oracle,1,0,6,Seluun,founding year,1,0.0,0,1,0.0,0.0,41.711000027135015,41.711000027135015,41.711000027135015
oracle,1,0,7,Draskel,motto word,1,9.609216,0,1,0.0,0.0,40.110799949616194,40.110799949616194,40.110799949616194
oracle,1,0,8,Draskel,flagship product,1,0.0,0,1,0.0,0.0,43.4358999482356,43.4358999482356,43.4358999482356
oracle,1,0,9,Veltrax,founding year,1,9.535488,0,1,0.0,0.0,51.774200052022934,51.774200052022934,51.774200052022934
oracle,1,0,10,Veltrax,anthem composer,1,0.0,0,1,0.0,0.0,63.93139995634556,63.93139995634556,63.93139995634556
oracle,1,0,11,Veltrax,annual revenue,1,0.0,0,1,0.0,0.0,65.75199996586889,65.75199996586889,65.75199996586889
oracle,1,1,0,Veltrax,signature dish,1,9.535488,0,1,0.0,0.0,40.69549997802824,40.69549997802824,40.69549997802824
oracle,1,1,1,Veltrax,founding river,1,0.0,0,1,0.0,0.0,63.636999984737486,63.636999984737486,63.636999984737486
oracle,1,1,2,Draskel,research lab city,1,9.609216,0,1,0.0,0.0,47.93419997440651,47.93419997440651,47.93419997440651
oracle,1,1,3,Draskel,motto word,1,0.0,0,1,0.0,0.0,80.1350999972783,80.1350999972783,80.1350999972783
oracle,1,1,4,Pyrenna,founding year,1,9.510912,0,1,0.0,0.0,68.78770003095269,68.78770003095269,68.78770003095269
oracle,1,1,5,Pyrenna,anthem composer,1,0.0,0,1,0.0,0.0,54.396299994550645,54.396299994550645,54.396299994550645
oracle,1,1,6,Quorvane,corporate color,1,10.309632,0,1,0.0,0.0,42.450400011148304,42.450400011148304,42.450400011148304
oracle,1,1,7,Veltrax,flagship product,1,9.535488,0,1,0.0,0.0,52.15270002372563,52.15270002372563,52.15270002372563
oracle,1,1,8,Quorvane,signature dish,1,10.309632,0,1,0.0,0.0,65.63729996560141,65.63729996560141,65.63729996560141
oracle,1,1,9,Seluun,primary material,1,9.437184,0,1,0.0,0.0,53.26650000642985,53.26650000642985,53.26650000642985
oracle,1,1,10,Seluun,lucky number,1,0.0,0,1,0.0,0.0,58.75889997696504,58.75889997696504,58.75889997696504
oracle,1,1,11,Draskel,satellite name,1,9.609216,0,1,0.0,0.0,88.95940001821145,88.95940001821145,88.95940001821145
oracle,1,2,0,Draskel,annual revenue,1,9.609216,0,1,0.0,0.0,70.55869995383546,70.55869995383546,70.55869995383546
oracle,1,2,1,Draskel,corporate color,1,0.0,0,1,0.0,0.0,55.840999993961304,55.840999993961304,55.840999993961304
oracle,1,2,2,Draskel,research lab city,1,0.0,0,1,0.0,0.0,48.65930002415553,48.65930002415553,48.65930002415553
oracle,1,2,3,Draskel,signature dish,1,0.0,0,1,0.0,0.0,62.35000002197921,62.35000002197921,62.35000002197921
oracle,1,2,4,Draskel,corporate color,1,0.0,0,1,0.0,0.0,77.1074999938719,77.1074999938719,77.1074999938719
oracle,1,2,5,Draskel,annual revenue,1,0.0,0,1,0.0,0.0,40.32919998280704,40.32919998280704,40.32919998280704
oracle,1,2,6,Draskel,founding year,1,0.0,0,1,0.0,0.0,40.775700006634,40.775700006634,40.775700006634
oracle,1,2,7,Draskel,primary material,1,0.0,0,1,0.0,0.0,40.21389997797087,40.21389997797087,40.21389997797087
oracle,1,2,8,Pyrenna,corporate color,1,9.510912,0,1,0.0,0.0,40.7503999886103,40.7503999886103,40.7503999886103
oracle,1,2,9,Pyrenna,motto word,1,0.0,0,1,0.0,0.0,39.01369997765869,39.01369997765869,39.01369997765869
oracle,1,2,10,Draskel,anthem composer,1,9.609216,0,1,0.0,0.0,39.01619999669492,39.01619999669492,39.01619999669492
oracle,1,2,11,Draskel,annual revenue,1,0.0,0,1,0.0,0.0,45.09730002610013,45.09730002610013,45.09730002610013
oracle,1,3,0,Toskarel,founding river,1,9.474048,0,1,0.0,0.0,49.97439996805042,49.97439996805042,49.97439996805042
oracle,1,3,1,Veltrax,annual revenue,1,9.535488,0,1,0.0,0.0,48.159100057091564,48.159100057091564,48.159100057091564
oracle,1,3,2,Pyrenna,signature dish,1,9.510912,0,1,0.0,0.0,45.63680000137538,45.63680000137538,45.63680000137538
oracle,1,3,3,Draskel,archive codename,1,9.609216,0,1,0.0,0.0,46.466800034977496,46.466800034977496,46.466800034977496
oracle,1,3,4,Seluun,research lab city,1,9.437184,0,1,0.0,0.0,45.59210001025349,45.59210001025349,45.59210001025349
oracle,1,3,5,Seluun,mascot animal,1,0.0,0,1,0.0,0.0,42.85219998564571,42.85219998564571,42.85219998564571
oracle,1,3,6,Bramwick,lucky number,1,8.835072,0,1,0.0,0.0,45.966100005898625,45.966100005898625,45.966100005898625
oracle,1,3,7,Quorvane,research lab city,1,10.309632,0,1,0.0,0.0,52.567899983841926,52.567899983841926,52.567899983841926
oracle,1,3,8,Quorvane,anthem composer,1,0.0,0,1,0.0,0.0,40.09650001535192,40.09650001535192,40.09650001535192
oracle,1,3,9,Veltrax,founding river,1,9.535488,0,1,0.0,0.0,40.05790001247078,40.05790001247078,40.05790001247078
oracle,1,3,10,Veltrax,motto word,1,0.0,0,1,0.0,0.0,42.589500022586435,42.589500022586435,42.589500022586435
oracle,1,3,11,Pyrenna,chief executive,1,9.510912,0,1,0.0,0.0,72.91109999641776,72.91109999641776,72.91109999641776
oracle,1,4,0,Veltrax,chief executive,1,9.535488,0,1,0.0,0.0,89.84380000038072,89.84380000038072,89.84380000038072
oracle,1,4,1,Veltrax,founding year,1,0.0,0,1,0.0,0.0,47.87230002693832,47.87230002693832,47.87230002693832
oracle,1,4,2,Veltrax,stock ticker,1,0.0,0,1,0.0,0.0,59.976100048515946,59.976100048515946,59.976100048515946
oracle,1,4,3,Veltrax,flagship product,1,0.0,0,1,0.0,0.0,40.042400010861456,40.042400010861456,40.042400010861456
oracle,1,4,4,Pyrenna,research lab city,1,9.510912,0,1,0.0,0.0,44.53719995217398,44.53719995217398,44.53719995217398
oracle,1,4,5,Pyrenna,corporate color,1,0.0,0,1,0.0,0.0,41.464800015091896,41.464800015091896,41.464800015091896
oracle,1,4,6,Pyrenna,signature dish,1,0.0,0,1,0.0,0.0,54.83710003318265,54.83710003318265,54.83710003318265
oracle,1,4,7,Pyrenna,primary material,1,0.0,0,1,0.0,0.0,78.86690000304952,78.86690000304952,78.86690000304952
oracle,1,4,8,Pyrenna,chief engineer,1,0.0,0,1,0.0,0.0,60.158200038131326,60.158200038131326,60.158200038131326
oracle,1,4,9,Pyrenna,flagship product,1,0.0,0,1,0.0,0.0,92.65060001052916,92.65060001052916,92.65060001052916
oracle,1,4,10,Pyrenna,annual revenue,1,0.0,0,1,0.0,0.0,81.21159998700023,81.21159998700023,81.21159998700023
oracle,1,4,11,Pyrenna,mascot animal,1,0.0,0,1,0.0,0.0,63.604700029827654,63.604700029827654,63.604700029827654
oracle,1,5,0,Pyrenna,signature dish,1,9.510912,0,1,0.0,0.0,68.54189996374771,68.54189996374771,68.54189996374771
oracle,1,5,1,Bramwick,founding year,1,8.835072,0,1,0.0,0.0,62.45119997765869,62.45119997765869,62.45119997765869
oracle,1,5,2,Bramwick,annual revenue,1,0.0,0,1,0.0,0.0,52.84289998235181,52.84289998235181,52.84289998235181
oracle,1,5,3,Bramwick,corporate color,1,0.0,0,1,0.0,0.0,39.88629998639226,39.88629998639226,39.88629998639226
oracle,1,5,4,Bramwick,signature dish,1,0.0,0,1,0.0,0.0,58.7898000376299,58.7898000376299,58.7898000376299
oracle,1,5,5,Toskarel,signature dish,1,9.474048,0,1,0.0,0.0,69.30400000419468,69.30400000419468,69.30400000419468
oracle,1,5,6,Toskarel,signature dish,1,0.0,0,1,0.0,0.0,58.96629998460412,58.96629998460412,58.96629998460412
oracle,1,5,7,Quorvane,satellite name,1,10.309632,0,1,0.0,0.0,82.20510004321113,82.20510004321113,82.20510004321113
oracle,1,5,8,Veltrax,headquarters city,1,9.535488,0,1,0.0,0.0,51.479199959430844,51.479199959430844,51.479199959430844
oracle,1,5,9,Pyrenna,mascot animal,1,9.510912,0,1,0.0,0.0,93.74989999923855,93.74989999923855,93.74989999923855
oracle,1,5,10,Ilmeth,chief executive,1,8.761344,0,1,0.0,0.0,47.63370001455769,47.63370001455769,47.63370001455769
oracle,1,5,11,Toskarel,primary material,1,9.474048,0,1,0.0,0.0,80.68559999810532,80.68559999810532,80.68559999810532
oracle,1,6,0,Pyrenna,employee count,1,9.510912,0,1,0.0,0.0,39.772799995262176,39.772799995262176,39.772799995262176
oracle,1,6,1,Pyrenna,headquarters city,1,0.0,0,1,0.0,0.0,39.28739996626973,39.28739996626973,39.28739996626973
oracle,1,6,2,Pyrenna,mascot animal,1,0.0,0,1,0.0,0.0,39.27850001491606,39.27850001491606,39.27850001491606
oracle,1,6,3,Seluun,corporate color,1,9.437184,0,1,0.0,0.0,39.532900031190366,39.532900031190366,39.532900031190366
oracle,1,6,4,Bramwick,annual revenue,1,8.835072,0,1,0.0,0.0,38.87309995479882,38.87309995479882,38.87309995479882
oracle,1,6,5,Bramwick,flagship product,1,0.0,0,1,0.0,0.0,55.77370000537485,55.77370000537485,55.77370000537485
oracle,1,6,6,Bramwick,archive codename,1,0.0,0,1,0.0,0.0,39.626199984923005,39.626199984923005,39.626199984923005
oracle,1,6,7,Bramwick,lucky number,1,0.0,0,1,0.0,0.0,65.9513000282459,65.9513000282459,65.9513000282459
oracle,1,6,8,Bramwick,annual revenue,1,0.0,0,1,0.0,0.0,67.86180002382025,67.86180002382025,67.86180002382025
oracle,1,6,9,Bramwick,lucky number,1,0.0,0,1,0.0,0.0,50.327800039667636,50.327800039667636,50.327800039667636
oracle,1,6,10,Bramwick,board chair,1,0.0,0,1,0.0,0.0,52.20310000004247,52.20310000004247,52.20310000004247
oracle,1,6,11,Quorvane,founding year,1,10.309632,0,1,0.0,0.0,72.37700000405312,72.37700000405312,72.37700000405312
oracle,1,7,0,Toskarel,satellite name,1,9.474048,0,1,0.0,0.0,75.31250000465661,75.31250000465661,75.31250000465661
oracle,1,7,1,Quorvane,archive codename,1,10.309632,0,1,0.0,0.0,69.795899966266,69.795899966266,69.795899966266
oracle,1,7,2,Quorvane,flagship product,1,0.0,0,1,0.0,0.0,55.9781999909319,55.9781999909319,55.9781999909319
oracle,1,7,3,Veltrax,anthem composer,1,9.535488,0,1,0.0,0.0,53.720899973995984,53.720899973995984,53.720899973995984
oracle,1,7,4,Veltrax,anthem composer,1,0.0,0,1,0.0,0.0,65.70420000934973,65.70420000934973,65.70420000934973
oracle,1,7,5,Veltrax,headquarters city,1,0.0,0,1,0.0,0.0,119.89490000996739,119.89490000996739,119.89490000996739
oracle,1,7,6,Veltrax,corporate color,1,0.0,0,1,0.0,0.0,44.62249996140599,44.62249996140599,44.62249996140599
oracle,1,7,7,Veltrax,anthem composer,1,0.0,0,1,0.0,0.0,51.877600024454296,51.877600024454296,51.877600024454296
oracle,1,7,8,Veltrax,chief engineer,1,0.0,0,1,0.0,0.0,78.97380000213161,78.97380000213161,78.97380000213161
oracle,1,7,9,Quorvane,research lab city,1,10.309632,0,1,0.0,0.0,57.627599977422506,57.627599977422506,57.627599977422506
oracle,1,7,10,Quorvane,flagship product,1,0.0,0,1,0.0,0.0,59.28059999132529,59.28059999132529,59.28059999132529
oracle,1,7,11,Quorvane,board chair,1,0.0,0,1,0.0,0.0,65.25699998019263,65.25699998019263,65.25699998019263
oracle,1,8,0,Ilmeth,satellite name,1,8.761344,0,1,0.0,0.0,64.1514000017196,64.1514000017196,64.1514000017196
oracle,1,8,1,Ilmeth,flagship product,1,0.0,0,1,0.0,0.0,48.767799977213144,48.767799977213144,48.767799977213144
oracle,1,8,2,Ilmeth,archive codename,1,0.0,0,1,0.0,0.0,57.90390004403889,57.90390004403889,57.90390004403889
oracle,1,8,3,Ilmeth,employee count,1,0.0,0,1,0.0,0.0,62.188999960199,62.188999960199,62.188999960199
oracle,1,8,4,Toskarel,flagship product,1,9.474048,0,1,0.0,0.0,82.14409998618066,82.14409998618066,82.14409998618066
oracle,1,8,5,Quorvane,chief executive,1,10.309632,0,1,0.0,0.0,73.28900002175942,73.28900002175942,73.28900002175942
oracle,1,8,6,Quorvane,motto word,1,0.0,0,1,0.0,0.0,73.98370001465082,73.98370001465082,73.98370001465082
oracle,1,8,7,Quorvane,stock ticker,1,0.0,0,1,0.0,0.0,48.210799985099584,48.210799985099584,48.210799985099584
oracle,1,8,8,Quorvane,primary material,1,0.0,0,1,0.0,0.0,40.15859996434301,40.15859996434301,40.15859996434301
oracle,1,8,9,Quorvane,flagship product,1,0.0,0,1,0.0,0.0,56.06119998265058,56.06119998265058,56.06119998265058
oracle,1,8,10,Quorvane,stock ticker,1,0.0,0,1,0.0,0.0,79.28579999133945,79.28579999133945,79.28579999133945
oracle,1,8,11,Quorvane,headquarters city,1,0.0,0,1,0.0,0.0,64.77220001397654,64.77220001397654,64.77220001397654
oracle,1,9,0,Veltrax,chief executive,1,9.535488,0,1,0.0,0.0,89.38120002858341,89.38120002858341,89.38120002858341
oracle,1,9,1,Veltrax,headquarters city,1,0.0,0,1,0.0,0.0,78.87239998672158,78.87239998672158,78.87239998672158
oracle,1,9,2,Veltrax,satellite name,1,0.0,0,1,0.0,0.0,50.79040001146495,50.79040001146495,50.79040001146495
oracle,1,9,3,Veltrax,flagship product,1,0.0,0,1,0.0,0.0,74.32999997399747,74.32999997399747,74.32999997399747
oracle,1,9,4,Veltrax,motto word,1,0.0,0,1,0.0,0.0,56.717899977229536,56.717899977229536,56.717899977229536
oracle,1,9,5,Veltrax,flagship product,1,0.0,0,1,0.0,0.0,82.41579995956272,82.41579995956272,82.41579995956272
oracle,1,9,6,Veltrax,annual revenue,1,0.0,0,1,0.0,0.0,107.48789994977415,107.48789994977415,107.48789994977415
oracle,1,9,7,Quorvane,anthem composer,1,10.309632,0,1,0.0,0.0,98.4601000091061,98.4601000091061,98.4601000091061
oracle,1,9,8,Quorvane,lucky number,1,0.0,0,1,0.0,0.0,78.0932999914512,78.0932999914512,78.0932999914512
oracle,1,9,9,Quorvane,mascot animal,1,0.0,0,1,0.0,0.0,69.46780002908781,69.46780002908781,69.46780002908781
oracle,1,9,10,Seluun,founding year,1,9.437184,0,1,0.0,0.0,47.686400008387864,47.686400008387864,47.686400008387864
oracle,1,9,11,Seluun,primary material,1,0.0,0,1,0.0,0.0,50.43970001861453,50.43970001861453,50.43970001861453
oracle,1,10,0,Seluun,annual revenue,1,9.437184,0,1,0.0,0.0,98.05079997749999,98.05079997749999,98.05079997749999
oracle,1,10,1,Seluun,chief executive,1,0.0,0,1,0.0,0.0,51.102800003718585,51.102800003718585,51.102800003718585
oracle,1,10,2,Seluun,chief engineer,1,0.0,0,1,0.0,0.0,73.5012999502942,73.5012999502942,73.5012999502942
oracle,1,10,3,Seluun,flagship product,1,0.0,0,1,0.0,0.0,49.04199996963143,49.04199996963143,49.04199996963143
oracle,1,10,4,Seluun,board chair,1,0.0,0,1,0.0,0.0,40.82019999623299,40.82019999623299,40.82019999623299
oracle,1,10,5,Draskel,research lab city,1,9.609216,0,1,0.0,0.0,70.84189995657653,70.84189995657653,70.84189995657653
oracle,1,10,6,Draskel,anthem composer,1,0.0,0,1,0.0,0.0,57.35690001165494,57.35690001165494,57.35690001165494
oracle,1,10,7,Draskel,mascot animal,1,0.0,0,1,0.0,0.0,66.25549995806068,66.25549995806068,66.25549995806068
oracle,1,10,8,Draskel,chief executive,1,0.0,0,1,0.0,0.0,57.48960003256798,57.48960003256798,57.48960003256798
oracle,1,10,9,Seluun,founding river,1,9.437184,0,1,0.0,0.0,60.81819999963045,60.81819999963045,60.81819999963045
oracle,1,10,10,Seluun,satellite name,1,0.0,0,1,0.0,0.0,50.76130002271384,50.76130002271384,50.76130002271384
oracle,1,10,11,Bramwick,annual revenue,1,8.835072,0,1,0.0,0.0,70.58639999013394,70.58639999013394,70.58639999013394
oracle,1,11,0,Toskarel,corporate color,1,9.474048,0,1,0.0,0.0,56.8284000037238,56.8284000037238,56.8284000037238
oracle,1,11,1,Toskarel,satellite name,1,0.0,0,1,0.0,0.0,42.26539999945089,42.26539999945089,42.26539999945089
oracle,1,11,2,Quorvane,motto word,1,10.309632,0,1,0.0,0.0,57.503300020471215,57.503300020471215,57.503300020471215
oracle,1,11,3,Quorvane,anthem composer,1,0.0,0,1,0.0,0.0,84.47120001073927,84.47120001073927,84.47120001073927
oracle,1,11,4,Seluun,motto word,1,9.437184,0,1,0.0,0.0,72.27880001300946,72.27880001300946,72.27880001300946
oracle,1,11,5,Seluun,motto word,1,0.0,0,1,0.0,0.0,74.5253000059165,74.5253000059165,74.5253000059165
oracle,1,11,6,Seluun,stock ticker,1,0.0,0,1,0.0,0.0,55.858600011561066,55.858600011561066,55.858600011561066
oracle,1,11,7,Seluun,chief executive,1,0.0,0,1,0.0,0.0,45.115599990822375,45.115599990822375,45.115599990822375
oracle,1,11,8,Bramwick,founding year,1,8.835072,0,1,0.0,0.0,60.77350000850856,60.77350000850856,60.77350000850856
oracle,1,11,9,Bramwick,research lab city,1,0.0,0,1,0.0,0.0,44.05269998824224,44.05269998824224,44.05269998824224
oracle,1,11,10,Bramwick,employee count,1,0.0,0,1,0.0,0.0,56.97069998132065,56.97069998132065,56.97069998132065
oracle,1,11,11,Bramwick,chief engineer,1,0.0,0,1,0.0,0.0,54.4095000368543,54.4095000368543,54.4095000368543
oracle,1,12,0,Ilmeth,corporate color,1,8.761344,0,1,0.0,0.0,71.9256000011228,71.9256000011228,71.9256000011228
oracle,1,12,1,Draskel,chief engineer,1,9.609216,0,1,0.0,0.0,51.968000014312565,51.968000014312565,51.968000014312565
oracle,1,12,2,Draskel,signature dish,1,0.0,0,1,0.0,0.0,61.540800030343235,61.540800030343235,61.540800030343235
oracle,1,12,3,Pyrenna,employee count,1,9.510912,0,1,0.0,0.0,54.909099999349564,54.909099999349564,54.909099999349564
oracle,1,12,4,Draskel,anthem composer,1,9.609216,0,1,0.0,0.0,49.832899996545166,49.832899996545166,49.832899996545166
oracle,1,12,5,Veltrax,chief engineer,1,9.535488,0,1,0.0,0.0,82.34030002495274,82.34030002495274,82.34030002495274
oracle,1,12,6,Pyrenna,corporate color,1,9.510912,0,1,0.0,0.0,77.83770002424717,77.83770002424717,77.83770002424717
oracle,1,12,7,Pyrenna,anthem composer,1,0.0,0,1,0.0,0.0,58.20189998485148,58.20189998485148,58.20189998485148
oracle,1,12,8,Pyrenna,motto word,1,0.0,0,1,0.0,0.0,54.787499946542084,54.787499946542084,54.787499946542084
oracle,1,12,9,Pyrenna,chief executive,1,0.0,0,1,0.0,0.0,41.52480000630021,41.52480000630021,41.52480000630021
oracle,1,12,10,Ilmeth,archive codename,1,8.761344,0,1,0.0,0.0,78.11190001666546,78.11190001666546,78.11190001666546
oracle,1,12,11,Ilmeth,anthem composer,1,0.0,0,1,0.0,0.0,46.71099997358397,46.71099997358397,46.71099997358397
oracle,1,13,0,Seluun,founding year,1,9.437184,0,1,0.0,0.0,41.14370001479983,41.14370001479983,41.14370001479983
oracle,1,13,1,Seluun,chief engineer,1,0.0,0,1,0.0,0.0,40.04170000553131,40.04170000553131,40.04170000553131
oracle,1,13,2,Seluun,lucky number,1,0.0,0,1,0.0,0.0,86.53099997900426,86.53099997900426,86.53099997900426
oracle,1,13,3,Seluun,archive codename,1,0.0,0,1,0.0,0.0,74.48559999465942,74.48559999465942,74.48559999465942
oracle,1,13,4,Veltrax,headquarters city,1,9.535488,0,1,0.0,0.0,39.87719997530803,39.87719997530803,39.87719997530803
oracle,1,13,5,Pyrenna,satellite name,1,9.510912,0,1,0.0,0.0,43.57300000265241,43.57300000265241,43.57300000265241
oracle,1,13,6,Pyrenna,stock ticker,1,0.0,0,1,0.0,0.0,39.894399989861995,39.894399989861995,39.894399989861995
oracle,1,13,7,Pyrenna,annual revenue,1,0.0,0,1,0.0,0.0,41.820299986284226,41.820299986284226,41.820299986284226
oracle,1,13,8,Pyrenna,corporate color,1,0.0,0,1,0.0,0.0,40.12580000562593,40.12580000562593,40.12580000562593
oracle,1,13,9,Draskel,lucky number,1,9.609216,0,1,0.0,0.0,44.496099988464266,44.496099988464266,44.496099988464266
oracle,1,13,10,Draskel,signature dish,1,0.0,0,1,0.0,0.0,57.42659996030852,57.42659996030852,57.42659996030852
oracle,1,13,11,Draskel,founding river,1,0.0,0,1,0.0,0.0,51.33940000087023,51.33940000087023,51.33940000087023
oracle,1,14,0,Draskel,chief engineer,1,9.609216,0,1,0.0,0.0,60.542199993506074,60.542199993506074,60.542199993506074
oracle,1,14,1,Draskel,lucky number,1,0.0,0,1,0.0,0.0,56.81229999754578,56.81229999754578,56.81229999754578
oracle,1,14,2,Bramwick,chief engineer,1,8.835072,0,1,0.0,0.0,57.4614999932237,57.4614999932237,57.4614999932237
oracle,1,14,3,Bramwick,stock ticker,1,0.0,0,1,0.0,0.0,74.62650001980364,74.62650001980364,74.62650001980364
oracle,1,14,4,Draskel,headquarters city,1,9.609216,0,1,0.0,0.0,81.76630001980811,81.76630001980811,81.76630001980811
oracle,1,14,5,Toskarel,corporate color,1,9.474048,0,1,0.0,0.0,49.85010001109913,49.85010001109913,49.85010001109913
oracle,1,14,6,Toskarel,mascot animal,1,0.0,0,1,0.0,0.0,64.70799999078736,64.70799999078736,64.70799999078736
oracle,1,14,7,Toskarel,primary material,1,0.0,0,1,0.0,0.0,46.73299996647984,46.73299996647984,46.73299996647984
oracle,1,14,8,Quorvane,corporate color,1,10.309632,0,1,0.0,0.0,47.97160002635792,47.97160002635792,47.97160002635792
oracle,1,14,9,Veltrax,board chair,1,9.535488,0,1,0.0,0.0,46.300699992571026,46.300699992571026,46.300699992571026
oracle,1,14,10,Veltrax,flagship product,1,0.0,0,1,0.0,0.0,54.09240000881255,54.09240000881255,54.09240000881255
oracle,1,14,11,Quorvane,corporate color,1,10.309632,0,1,0.0,0.0,81.88180002616718,81.88180002616718,81.88180002616718
oracle,1,15,0,Bramwick,mascot animal,1,8.835072,0,1,0.0,0.0,60.742100002244115,60.742100002244115,60.742100002244115
oracle,1,15,1,Veltrax,lucky number,1,9.535488,0,1,0.0,0.0,46.54760000994429,46.54760000994429,46.54760000994429
oracle,1,15,2,Quorvane,annual revenue,1,10.309632,0,1,0.0,0.0,67.03859998378903,67.03859998378903,67.03859998378903
oracle,1,15,3,Quorvane,corporate color,1,0.0,0,1,0.0,0.0,73.57800001045689,73.57800001045689,73.57800001045689
oracle,1,15,4,Quorvane,headquarters city,1,0.0,0,1,0.0,0.0,77.18190003652126,77.18190003652126,77.18190003652126
oracle,1,15,5,Quorvane,chief executive,1,0.0,0,1,0.0,0.0,63.22890002047643,63.22890002047643,63.22890002047643
oracle,1,15,6,Seluun,stock ticker,1,9.437184,0,1,0.0,0.0,65.77599997399375,65.77599997399375,65.77599997399375
oracle,1,15,7,Bramwick,employee count,1,8.835072,0,1,0.0,0.0,45.85269995732233,45.85269995732233,45.85269995732233
oracle,1,15,8,Quorvane,founding river,1,10.309632,0,1,0.0,0.0,44.54279999481514,44.54279999481514,44.54279999481514
oracle,1,15,9,Seluun,annual revenue,1,9.437184,0,1,0.0,0.0,40.92940001282841,40.92940001282841,40.92940001282841
oracle,1,15,10,Bramwick,annual revenue,1,8.835072,0,1,0.0,0.0,60.30730000929907,60.30730000929907,60.30730000929907
oracle,1,15,11,Bramwick,chief engineer,1,0.0,0,1,0.0,0.0,111.23999999836087,111.23999999836087,111.23999999836087
oracle,1,16,0,Seluun,mascot animal,1,9.437184,0,1,0.0,0.0,65.8372999751009,65.8372999751009,65.8372999751009
oracle,1,16,1,Seluun,board chair,1,0.0,0,1,0.0,0.0,64.62289998307824,64.62289998307824,64.62289998307824
oracle,1,16,2,Seluun,flagship product,1,0.0,0,1,0.0,0.0,71.58909999998286,71.58909999998286,71.58909999998286
oracle,1,16,3,Draskel,motto word,1,9.609216,0,1,0.0,0.0,58.769900002516806,58.769900002516806,58.769900002516806
oracle,1,16,4,Draskel,anthem composer,1,0.0,0,1,0.0,0.0,59.55120001453906,59.55120001453906,59.55120001453906
oracle,1,16,5,Draskel,mascot animal,1,0.0,0,1,0.0,0.0,55.05970004014671,55.05970004014671,55.05970004014671
oracle,1,16,6,Draskel,satellite name,1,0.0,0,1,0.0,0.0,59.60659997072071,59.60659997072071,59.60659997072071
oracle,1,16,7,Draskel,board chair,1,0.0,0,1,0.0,0.0,50.12139998143539,50.12139998143539,50.12139998143539
oracle,1,16,8,Draskel,stock ticker,1,0.0,0,1,0.0,0.0,47.59089997969568,47.59089997969568,47.59089997969568
oracle,1,16,9,Draskel,primary material,1,0.0,0,1,0.0,0.0,51.50250002043322,51.50250002043322,51.50250002043322
oracle,1,16,10,Draskel,mascot animal,1,0.0,0,1,0.0,0.0,51.428699982352555,51.428699982352555,51.428699982352555
oracle,1,16,11,Draskel,satellite name,1,0.0,0,1,0.0,0.0,85.19700000761077,85.19700000761077,85.19700000761077
oracle,1,17,0,Ilmeth,anthem composer,1,8.761344,0,1,0.0,0.0,102.18479996547103,102.18479996547103,102.18479996547103
oracle,1,17,1,Ilmeth,archive codename,1,0.0,0,1,0.0,0.0,96.6282999725081,96.6282999725081,96.6282999725081
oracle,1,17,2,Draskel,satellite name,1,9.609216,0,1,0.0,0.0,55.98639999516308,55.98639999516308,55.98639999516308
oracle,1,17,3,Seluun,primary material,1,9.437184,0,1,0.0,0.0,51.012300013098866,51.012300013098866,51.012300013098866
oracle,1,17,4,Bramwick,flagship product,1,8.835072,0,1,0.0,0.0,57.23100004252046,57.23100004252046,57.23100004252046
oracle,1,17,5,Bramwick,founding year,1,0.0,0,1,0.0,0.0,74.08920000307262,74.08920000307262,74.08920000307262
oracle,1,17,6,Bramwick,employee count,1,0.0,0,1,0.0,0.0,74.57860000431538,74.57860000431538,74.57860000431538
oracle,1,17,7,Bramwick,research lab city,1,0.0,0,1,0.0,0.0,40.72450002422556,40.72450002422556,40.72450002422556
oracle,1,17,8,Bramwick,primary material,1,0.0,0,1,0.0,0.0,40.78099998878315,40.78099998878315,40.78099998878315
oracle,1,17,9,Bramwick,research lab city,1,0.0,0,1,0.0,0.0,62.40219995379448,62.40219995379448,62.40219995379448
oracle,1,17,10,Quorvane,founding year,1,10.309632,0,1,0.0,0.0,80.27530001709238,80.27530001709238,80.27530001709238
oracle,1,17,11,Quorvane,founding river,1,0.0,0,1,0.0,0.0,85.46640002168715,85.46640002168715,85.46640002168715
oracle,1,18,0,Bramwick,chief engineer,1,8.835072,0,1,0.0,0.0,78.81609996547922,78.81609996547922,78.81609996547922
oracle,1,18,1,Quorvane,flagship product,1,10.309632,0,1,0.0,0.0,79.42690001800656,79.42690001800656,79.42690001800656
oracle,1,18,2,Veltrax,annual revenue,1,9.535488,0,1,0.0,0.0,71.81400002446026,71.81400002446026,71.81400002446026
oracle,1,18,3,Veltrax,founding year,1,0.0,0,1,0.0,0.0,63.19020001683384,63.19020001683384,63.19020001683384
oracle,1,18,4,Draskel,founding river,1,9.609216,0,1,0.0,0.0,61.90430000424385,61.90430000424385,61.90430000424385
oracle,1,18,5,Pyrenna,primary material,1,9.510912,0,1,0.0,0.0,47.855000011622906,47.855000011622906,47.855000011622906
oracle,1,18,6,Ilmeth,board chair,1,8.761344,0,1,0.0,0.0,78.94640002632514,78.94640002632514,78.94640002632514
oracle,1,18,7,Draskel,research lab city,1,9.609216,0,1,0.0,0.0,58.45479998970404,58.45479998970404,58.45479998970404
oracle,1,18,8,Draskel,annual revenue,1,0.0,0,1,0.0,0.0,66.7453000205569,66.7453000205569,66.7453000205569
oracle,1,18,9,Draskel,annual revenue,1,0.0,0,1,0.0,0.0,51.18949996540323,51.18949996540323,51.18949996540323
oracle,1,18,10,Draskel,board chair,1,0.0,0,1,0.0,0.0,41.08649998670444,41.08649998670444,41.08649998670444
oracle,1,18,11,Draskel,chief executive,1,0.0,0,1,0.0,0.0,57.67099995864555,57.67099995864555,57.67099995864555
oracle,1,19,0,Draskel,primary material,1,9.609216,0,1,0.0,0.0,56.73980002757162,56.73980002757162,56.73980002757162
oracle,1,19,1,Pyrenna,employee count,1,9.510912,0,1,0.0,0.0,81.0786000220105,81.0786000220105,81.0786000220105
oracle,1,19,2,Ilmeth,stock ticker,1,8.761344,0,1,0.0,0.0,79.38720000674948,79.38720000674948,79.38720000674948
oracle,1,19,3,Draskel,board chair,1,9.609216,0,1,0.0,0.0,80.28239995473996,80.28239995473996,80.28239995473996
oracle,1,19,4,Draskel,stock ticker,1,0.0,0,1,0.0,0.0,88.63080001901835,88.63080001901835,88.63080001901835
oracle,1,19,5,Pyrenna,anthem composer,1,9.510912,0,1,0.0,0.0,59.715499985031784,59.715499985031784,59.715499985031784
oracle,1,19,6,Pyrenna,founding river,1,0.0,0,1,0.0,0.0,41.90379998181015,41.90379998181015,41.90379998181015
oracle,1,19,7,Ilmeth,corporate color,1,8.761344,0,1,0.0,0.0,59.70889999298379,59.70889999298379,59.70889999298379
oracle,1,19,8,Ilmeth,headquarters city,1,0.0,0,1,0.0,0.0,51.84699996607378,51.84699996607378,51.84699996607378
oracle,1,19,9,Ilmeth,flagship product,1,0.0,0,1,0.0,0.0,65.06809999700636,65.06809999700636,65.06809999700636
oracle,1,19,10,Toskarel,chief executive,1,9.474048,0,1,0.0,0.0,68.01040004938841,68.01040004938841,68.01040004938841
oracle,1,19,11,Toskarel,founding river,1,0.0,0,1,0.0,0.0,52.08310001762584,52.08310001762584,52.08310001762584
oracle,1,20,0,Ilmeth,chief executive,1,8.761344,0,1,0.0,0.0,90.39760002633557,90.39760002633557,90.39760002633557
oracle,1,20,1,Ilmeth,stock ticker,1,0.0,0,1,0.0,0.0,62.106599973049015,62.106599973049015,62.106599973049015
oracle,1,20,2,Draskel,signature dish,1,9.609216,0,1,0.0,0.0,59.928900038357824,59.928900038357824,59.928900038357824
oracle,1,20,3,Draskel,chief engineer,1,0.0,0,1,0.0,0.0,74.37200000276789,74.37200000276789,74.37200000276789
oracle,1,20,4,Draskel,chief executive,1,0.0,0,1,0.0,0.0,55.39389996556565,55.39389996556565,55.39389996556565
oracle,1,20,5,Pyrenna,founding river,1,9.510912,0,1,0.0,0.0,90.71420005057007,90.71420005057007,90.71420005057007
oracle,1,20,6,Pyrenna,headquarters city,1,0.0,0,1,0.0,0.0,47.778200008906424,47.778200008906424,47.778200008906424
oracle,1,20,7,Pyrenna,anthem composer,1,0.0,0,1,0.0,0.0,55.351899995002896,55.351899995002896,55.351899995002896
oracle,1,20,8,Pyrenna,board chair,1,0.0,0,1,0.0,0.0,47.65909997513518,47.65909997513518,47.65909997513518
oracle,1,20,9,Ilmeth,anthem composer,1,8.761344,0,1,0.0,0.0,52.344300027471036,52.344300027471036,52.344300027471036
oracle,1,20,10,Ilmeth,lucky number,1,0.0,0,1,0.0,0.0,63.97460005246103,63.97460005246103,63.97460005246103
oracle,1,20,11,Toskarel,motto word,1,9.474048,0,1,0.0,0.0,46.64730001240969,46.64730001240969,46.64730001240969
oracle,1,21,0,Draskel,founding year,1,9.609216,0,1,0.0,0.0,67.8421999909915,67.8421999909915,67.8421999909915
oracle,1,21,1,Pyrenna,chief engineer,1,9.510912,0,1,0.0,0.0,97.02869999455288,97.02869999455288,97.02869999455288
oracle,1,21,2,Draskel,stock ticker,1,9.609216,0,1,0.0,0.0,43.979300011415035,43.979300011415035,43.979300011415035
oracle,1,21,3,Draskel,corporate color,1,0.0,0,1,0.0,0.0,55.53080001845956,55.53080001845956,55.53080001845956
oracle,1,21,4,Pyrenna,satellite name,1,9.510912,0,1,0.0,0.0,61.70630000997335,61.70630000997335,61.70630000997335
oracle,1,21,5,Ilmeth,board chair,1,8.761344,0,1,0.0,0.0,40.544999996200204,40.544999996200204,40.544999996200204
oracle,1,21,6,Seluun,signature dish,1,9.437184,0,1,0.0,0.0,57.610100018791854,57.610100018791854,57.610100018791854
oracle,1,21,7,Seluun,employee count,1,0.0,0,1,0.0,0.0,47.0058000064455,47.0058000064455,47.0058000064455
oracle,1,21,8,Draskel,research lab city,1,9.609216,0,1,0.0,0.0,38.977499993052334,38.977499993052334,38.977499993052334
oracle,1,21,9,Draskel,annual revenue,1,0.0,0,1,0.0,0.0,45.691699953749776,45.691699953749776,45.691699953749776
oracle,1,21,10,Draskel,mascot animal,1,0.0,0,1,0.0,0.0,86.55730000464246,86.55730000464246,86.55730000464246
oracle,1,21,11,Pyrenna,chief executive,1,9.510912,0,1,0.0,0.0,61.68539996724576,61.68539996724576,61.68539996724576
oracle,1,22,0,Bramwick,chief engineer,1,8.835072,0,1,0.0,0.0,62.860100006219,62.860100006219,62.860100006219
oracle,1,22,1,Bramwick,flagship product,1,0.0,0,1,0.0,0.0,38.82789995986968,38.82789995986968,38.82789995986968
oracle,1,22,2,Veltrax,headquarters city,1,9.535488,0,1,0.0,0.0,67.83979997271672,67.83979997271672,67.83979997271672
oracle,1,22,3,Pyrenna,mascot animal,1,9.510912,0,1,0.0,0.0,42.371599993202835,42.371599993202835,42.371599993202835
oracle,1,22,4,Ilmeth,signature dish,1,8.761344,0,1,0.0,0.0,52.99570003990084,52.99570003990084,52.99570003990084
oracle,1,22,5,Toskarel,chief engineer,1,9.474048,0,1,0.0,0.0,60.77119999099523,60.77119999099523,60.77119999099523
oracle,1,22,6,Quorvane,flagship product,1,10.309632,0,1,0.0,0.0,75.7984000374563,75.7984000374563,75.7984000374563
oracle,1,22,7,Seluun,flagship product,1,9.437184,0,1,0.0,0.0,62.618600029964,62.618600029964,62.618600029964
oracle,1,22,8,Seluun,motto word,1,0.0,0,1,0.0,0.0,83.58259999658912,83.58259999658912,83.58259999658912
oracle,1,22,9,Seluun,annual revenue,1,0.0,0,1,0.0,0.0,81.84639998944476,81.84639998944476,81.84639998944476
oracle,1,22,10,Bramwick,motto word,1,8.835072,0,1,0.0,0.0,54.80159999569878,54.80159999569878,54.80159999569878
oracle,1,22,11,Quorvane,anthem composer,1,10.309632,0,1,0.0,0.0,84.85740004107356,84.85740004107356,84.85740004107356
oracle,1,23,0,Draskel,founding river,1,9.609216,0,1,0.0,0.0,72.24699994549155,72.24699994549155,72.24699994549155
oracle,1,23,1,Pyrenna,lucky number,1,9.510912,0,1,0.0,0.0,76.88730000518262,76.88730000518262,76.88730000518262
oracle,1,23,2,Pyrenna,mascot animal,1,0.0,0,1,0.0,0.0,54.365199990570545,54.365199990570545,54.365199990570545
oracle,1,23,3,Veltrax,founding year,1,9.535488,0,1,0.0,0.0,64.57400001818314,64.57400001818314,64.57400001818314
oracle,1,23,4,Quorvane,chief engineer,1,10.309632,0,1,0.0,0.0,49.16659998707473,49.16659998707473,49.16659998707473
oracle,1,23,5,Veltrax,mascot animal,1,9.535488,0,1,0.0,0.0,61.90699996659532,61.90699996659532,61.90699996659532
oracle,1,23,6,Veltrax,employee count,1,0.0,0,1,0.0,0.0,54.313399945385754,54.313399945385754,54.313399945385754
oracle,1,23,7,Pyrenna,founding year,1,9.510912,0,1,0.0,0.0,79.99549998203292,79.99549998203292,79.99549998203292
oracle,1,23,8,Pyrenna,anthem composer,1,0.0,0,1,0.0,0.0,69.4824000238441,69.4824000238441,69.4824000238441
oracle,1,23,9,Pyrenna,annual revenue,1,0.0,0,1,0.0,0.0,81.24079997651279,81.24079997651279,81.24079997651279
oracle,1,23,10,Pyrenna,chief executive,1,0.0,0,1,0.0,0.0,70.61799999792129,70.61799999792129,70.61799999792129
oracle,1,23,11,Pyrenna,primary material,1,0.0,0,1,0.0,0.0,49.09879999468103,49.09879999468103,49.09879999468103
oracle,1,24,0,Veltrax,signature dish,1,9.535488,0,1,0.0,0.0,79.9062000005506,79.9062000005506,79.9062000005506
oracle,1,24,1,Pyrenna,stock ticker,1,9.510912,0,1,0.0,0.0,78.33450002362952,78.33450002362952,78.33450002362952
oracle,1,24,2,Ilmeth,chief executive,1,8.761344,0,1,0.0,0.0,75.69700002204627,75.69700002204627,75.69700002204627
oracle,1,24,3,Ilmeth,lucky number,1,0.0,0,1,0.0,0.0,73.30500002717599,73.30500002717599,73.30500002717599
oracle,1,24,4,Toskarel,mascot animal,1,9.474048,0,1,0.0,0.0,64.38319996232167,64.38319996232167,64.38319996232167
oracle,1,24,5,Quorvane,chief engineer,1,10.309632,0,1,0.0,0.0,61.60350004211068,61.60350004211068,61.60350004211068
oracle,1,24,6,Veltrax,motto word,1,9.535488,0,1,0.0,0.0,77.70739996340126,77.70739996340126,77.70739996340126
oracle,1,24,7,Veltrax,satellite name,1,0.0,0,1,0.0,0.0,55.246600008104,55.246600008104,55.246600008104
oracle,1,24,8,Ilmeth,research lab city,1,8.761344,0,1,0.0,0.0,54.93809998733923,54.93809998733923,54.93809998733923
oracle,1,24,9,Ilmeth,anthem composer,1,0.0,0,1,0.0,0.0,72.27999996393919,72.27999996393919,72.27999996393919
oracle,1,24,10,Draskel,research lab city,1,9.609216,0,1,0.0,0.0,50.56230002082884,50.56230002082884,50.56230002082884
oracle,1,24,11,Draskel,anthem composer,1,0.0,0,1,0.0,0.0,50.94019998796284,50.94019998796284,50.94019998796284
oracle,1,25,0,Bramwick,chief executive,1,8.835072,0,1,0.0,0.0,52.966599992942065,52.966599992942065,52.966599992942065
oracle,1,25,1,Toskarel,stock ticker,1,9.474048,0,1,0.0,0.0,69.18759999098256,69.18759999098256,69.18759999098256
oracle,1,25,2,Toskarel,flagship product,1,0.0,0,1,0.0,0.0,99.15050002746284,99.15050002746284,99.15050002746284
oracle,1,25,3,Toskarel,mascot animal,1,0.0,0,1,0.0,0.0,85.97090002149343,85.97090002149343,85.97090002149343
oracle,1,25,4,Pyrenna,headquarters city,1,9.510912,0,1,0.0,0.0,83.5736999870278,83.5736999870278,83.5736999870278
oracle,1,25,5,Ilmeth,signature dish,1,8.761344,0,1,0.0,0.0,41.62809997797012,41.62809997797012,41.62809997797012
oracle,1,25,6,Ilmeth,chief engineer,1,0.0,0,1,0.0,0.0,48.82960004033521,48.82960004033521,48.82960004033521
oracle,1,25,7,Ilmeth,anthem composer,1,0.0,0,1,0.0,0.0,68.95549996988848,68.95549996988848,68.95549996988848
oracle,1,25,8,Ilmeth,employee count,1,0.0,0,1,0.0,0.0,59.69540000660345,59.69540000660345,59.69540000660345
oracle,1,25,9,Toskarel,founding year,1,9.474048,0,1,0.0,0.0,40.93379998812452,40.93379998812452,40.93379998812452
oracle,1,25,10,Quorvane,chief executive,1,10.309632,0,1,0.0,0.0,82.86150003550574,82.86150003550574,82.86150003550574
oracle,1,25,11,Quorvane,chief engineer,1,0.0,0,1,0.0,0.0,66.89499999629334,66.89499999629334,66.89499999629334
oracle,1,26,0,Veltrax,annual revenue,1,9.535488,0,1,0.0,0.0,72.49079999746755,72.49079999746755,72.49079999746755
oracle,1,26,1,Veltrax,stock ticker,1,0.0,0,1,0.0,0.0,56.91310000838712,56.91310000838712,56.91310000838712
oracle,1,26,2,Veltrax,employee count,1,0.0,0,1,0.0,0.0,46.74469999736175,46.74469999736175,46.74469999736175
oracle,1,26,3,Veltrax,annual revenue,1,0.0,0,1,0.0,0.0,50.01579999225214,50.01579999225214,50.01579999225214
oracle,1,26,4,Quorvane,flagship product,1,10.309632,0,1,0.0,0.0,58.488700015004724,58.488700015004724,58.488700015004724
oracle,1,26,5,Quorvane,motto word,1,0.0,0,1,0.0,0.0,99.86839996417984,99.86839996417984,99.86839996417984
oracle,1,26,6,Quorvane,mascot animal,1,0.0,0,1,0.0,0.0,55.359499994665384,55.359499994665384,55.359499994665384
oracle,1,26,7,Quorvane,chief engineer,1,0.0,0,1,0.0,0.0,42.531799990683794,42.531799990683794,42.531799990683794
oracle,1,26,8,Quorvane,annual revenue,1,0.0,0,1,0.0,0.0,45.29540002113208,45.29540002113208,45.29540002113208
oracle,1,26,9,Seluun,flagship product,1,9.437184,0,1,0.0,0.0,72.63619999866933,72.63619999866933,72.63619999866933
oracle,1,26,10,Seluun,founding river,1,0.0,0,1,0.0,0.0,43.140900030266494,43.140900030266494,43.140900030266494
oracle,1,26,11,Seluun,anthem composer,1,0.0,0,1,0.0,0.0,43.91199996462092,43.91199996462092,43.91199996462092
oracle,1,27,0,Pyrenna,corporate color,1,9.510912,0,1,0.0,0.0,56.84520001523197,56.84520001523197,56.84520001523197
oracle,1,27,1,Pyrenna,annual revenue,1,0.0,0,1,0.0,0.0,56.640899972990155,56.640899972990155,56.640899972990155
oracle,1,27,2,Pyrenna,flagship product,1,0.0,0,1,0.0,0.0,55.577300023287535,55.577300023287535,55.577300023287535
oracle,1,27,3,Pyrenna,employee count,1,0.0,0,1,0.0,0.0,63.64220002433285,63.64220002433285,63.64220002433285
oracle,1,27,4,Pyrenna,headquarters city,1,0.0,0,1,0.0,0.0,64.56850003451109,64.56850003451109,64.56850003451109
oracle,1,27,5,Pyrenna,anthem composer,1,0.0,0,1,0.0,0.0,45.136199973057956,45.136199973057956,45.136199973057956
oracle,1,27,6,Pyrenna,primary material,1,0.0,0,1,0.0,0.0,48.228400002699345,48.228400002699345,48.228400002699345
oracle,1,27,7,Pyrenna,stock ticker,1,0.0,0,1,0.0,0.0,41.77050001453608,41.77050001453608,41.77050001453608
oracle,1,27,8,Pyrenna,signature dish,1,0.0,0,1,0.0,0.0,42.14440000941977,42.14440000941977,42.14440000941977
oracle,1,27,9,Pyrenna,signature dish,1,0.0,0,1,0.0,0.0,89.63850000873208,89.63850000873208,89.63850000873208
oracle,1,27,10,Pyrenna,chief engineer,1,0.0,0,1,0.0,0.0,49.76139997597784,49.76139997597784,49.76139997597784
oracle,1,27,11,Toskarel,chief engineer,1,9.474048,0,1,0.0,0.0,85.0127000012435,85.0127000012435,85.0127000012435
oracle,1,28,0,Seluun,stock ticker,1,9.437184,0,1,0.0,0.0,41.73510003602132,41.73510003602132,41.73510003602132
oracle,1,28,1,Seluun,research lab city,1,0.0,0,1,0.0,0.0,45.77269998844713,45.77269998844713,45.77269998844713
oracle,1,28,2,Bramwick,chief executive,1,8.835072,0,1,0.0,0.0,47.160100017208606,47.160100017208606,47.160100017208606
oracle,1,28,3,Veltrax,employee count,1,9.535488,0,1,0.0,0.0,48.4578000032343,48.4578000032343,48.4578000032343
oracle,1,28,4,Veltrax,lucky number,1,0.0,0,1,0.0,0.0,49.45099999895319,49.45099999895319,49.45099999895319
oracle,1,28,5,Veltrax,stock ticker,1,0.0,0,1,0.0,0.0,82.91480003390461,82.91480003390461,82.91480003390461
oracle,1,28,6,Quorvane,research lab city,1,10.309632,0,1,0.0,0.0,59.21279999893159,59.21279999893159,59.21279999893159
oracle,1,28,7,Toskarel,annual revenue,1,9.474048,0,1,0.0,0.0,47.6267000194639,47.6267000194639,47.6267000194639
oracle,1,28,8,Toskarel,board chair,1,0.0,0,1,0.0,0.0,41.78000002866611,41.78000002866611,41.78000002866611
oracle,1,28,9,Ilmeth,founding year,1,8.761344,0,1,0.0,0.0,44.491800013929605,44.491800013929605,44.491800013929605
oracle,1,28,10,Ilmeth,motto word,1,0.0,0,1,0.0,0.0,45.62500002793968,45.62500002793968,45.62500002793968
oracle,1,28,11,Ilmeth,flagship product,1,0.0,0,1,0.0,0.0,67.91690003592521,67.91690003592521,67.91690003592521
oracle,1,29,0,Bramwick,board chair,1,8.835072,0,1,0.0,0.0,70.35210001049563,70.35210001049563,70.35210001049563
oracle,1,29,1,Bramwick,flagship product,1,0.0,0,1,0.0,0.0,68.47279996145517,68.47279996145517,68.47279996145517
oracle,1,29,2,Pyrenna,flagship product,1,9.510912,0,1,0.0,0.0,57.97409999649972,57.97409999649972,57.97409999649972
oracle,1,29,3,Pyrenna,chief executive,1,0.0,0,1,0.0,0.0,57.91769997449592,57.91769997449592,57.91769997449592
oracle,1,29,4,Draskel,chief executive,1,9.609216,0,1,0.0,0.0,60.32340001547709,60.32340001547709,60.32340001547709
oracle,1,29,5,Seluun,corporate color,1,9.437184,0,1,0.0,0.0,39.80510000837967,39.80510000837967,39.80510000837967
oracle,1,29,6,Seluun,archive codename,1,0.0,0,1,0.0,0.0,43.171699973754585,43.171699973754585,43.171699973754585
oracle,1,29,7,Seluun,research lab city,1,0.0,0,1,0.0,0.0,41.58700001426041,41.58700001426041,41.58700001426041
oracle,1,29,8,Seluun,primary material,1,0.0,0,1,0.0,0.0,46.79230001056567,46.79230001056567,46.79230001056567
oracle,1,29,9,Seluun,mascot animal,1,0.0,0,1,0.0,0.0,42.30289999395609,42.30289999395609,42.30289999395609
oracle,1,29,10,Seluun,motto word,1,0.0,0,1,0.0,0.0,75.20199997816235,75.20199997816235,75.20199997816235
oracle,1,29,11,Seluun,research lab city,1,0.0,0,1,0.0,0.0,77.52579997759312,77.52579997759312,77.52579997759312
oracle,1,30,0,Draskel,lucky number,1,9.609216,0,1,0.0,0.0,44.10449997521937,44.10449997521937,44.10449997521937
oracle,1,30,1,Pyrenna,archive codename,1,9.510912,0,1,0.0,0.0,62.67220003064722,62.67220003064722,62.67220003064722
oracle,1,30,2,Pyrenna,anthem composer,1,0.0,0,1,0.0,0.0,43.80019998643547,43.80019998643547,43.80019998643547
oracle,1,30,3,Ilmeth,chief executive,1,8.761344,0,1,0.0,0.0,47.08700004266575,47.08700004266575,47.08700004266575
oracle,1,30,4,Ilmeth,signature dish,1,0.0,0,1,0.0,0.0,65.59879996348172,65.59879996348172,65.59879996348172
oracle,1,30,5,Toskarel,headquarters city,1,9.474048,0,1,0.0,0.0,43.80509996553883,43.80509996553883,43.80509996553883
oracle,1,30,6,Toskarel,founding river,1,0.0,0,1,0.0,0.0,59.26020001061261,59.26020001061261,59.26020001061261
oracle,1,30,7,Toskarel,primary material,1,0.0,0,1,0.0,0.0,39.72479997901246,39.72479997901246,39.72479997901246
oracle,1,30,8,Pyrenna,anthem composer,1,9.510912,0,1,0.0,0.0,54.560900025535375,54.560900025535375,54.560900025535375
oracle,1,30,9,Pyrenna,primary material,1,0.0,0,1,0.0,0.0,46.365799964405596,46.365799964405596,46.365799964405596
oracle,1,30,10,Pyrenna,chief engineer,1,0.0,0,1,0.0,0.0,49.64159999508411,49.64159999508411,49.64159999508411
oracle,1,30,11,Pyrenna,signature dish,1,0.0,0,1,0.0,0.0,50.70739996153861,50.70739996153861,50.70739996153861
oracle,1,31,0,Bramwick,board chair,1,8.835072,0,1,0.0,0.0,52.37170000327751,52.37170000327751,52.37170000327751
oracle,1,31,1,Quorvane,founding river,1,10.309632,0,1,0.0,0.0,43.55889995349571,43.55889995349571,43.55889995349571
oracle,1,31,2,Quorvane,signature dish,1,0.0,0,1,0.0,0.0,43.56020002160221,43.56020002160221,43.56020002160221
oracle,1,31,3,Quorvane,employee count,1,0.0,0,1,0.0,0.0,70.78940002247691,70.78940002247691,70.78940002247691
oracle,1,31,4,Quorvane,corporate color,1,0.0,0,1,0.0,0.0,75.62840002356097,75.62840002356097,75.62840002356097
oracle,1,31,5,Quorvane,founding year,1,0.0,0,1,0.0,0.0,55.220099980942905,55.220099980942905,55.220099980942905
oracle,1,31,6,Veltrax,research lab city,1,9.535488,0,1,0.0,0.0,59.73829998401925,59.73829998401925,59.73829998401925
oracle,1,31,7,Veltrax,primary material,1,0.0,0,1,0.0,0.0,49.75790000753477,49.75790000753477,49.75790000753477
oracle,1,31,8,Veltrax,chief executive,1,0.0,0,1,0.0,0.0,50.307199999224395,50.307199999224395,50.307199999224395
oracle,1,31,9,Veltrax,annual revenue,1,0.0,0,1,0.0,0.0,44.462299963925034,44.462299963925034,44.462299963925034
oracle,1,31,10,Veltrax,stock ticker,1,0.0,0,1,0.0,0.0,61.2521999864839,61.2521999864839,61.2521999864839
oracle,1,31,11,Quorvane,lucky number,1,10.309632,0,1,0.0,0.0,73.32289998885244,73.32289998885244,73.32289998885244
oracle,1,32,0,Seluun,flagship product,1,9.437184,0,1,0.0,0.0,56.58820003736764,56.58820003736764,56.58820003736764
oracle,1,32,1,Seluun,employee count,1,0.0,0,1,0.0,0.0,62.11210001492873,62.11210001492873,62.11210001492873
oracle,1,32,2,Seluun,founding year,1,0.0,0,1,0.0,0.0,75.08050004253164,75.08050004253164,75.08050004253164
oracle,1,32,3,Pyrenna,research lab city,1,9.510912,0,1,0.0,0.0,72.33759999508038,72.33759999508038,72.33759999508038
oracle,1,32,4,Ilmeth,archive codename,1,8.761344,0,1,0.0,0.0,77.53930002218112,77.53930002218112,77.53930002218112
oracle,1,32,5,Ilmeth,signature dish,1,0.0,0,1,0.0,0.0,39.54520000843331,39.54520000843331,39.54520000843331
oracle,1,32,6,Ilmeth,archive codename,1,0.0,0,1,0.0,0.0,53.65970003185794,53.65970003185794,53.65970003185794
oracle,1,32,7,Toskarel,chief engineer,1,9.474048,0,1,0.0,0.0,47.954399953596294,47.954399953596294,47.954399953596294
oracle,1,32,8,Quorvane,mascot animal,1,10.309632,0,1,0.0,0.0,58.768399991095066,58.768399991095066,58.768399991095066
oracle,1,32,9,Veltrax,annual revenue,1,9.535488,0,1,0.0,0.0,53.46190003911033,53.46190003911033,53.46190003911033
oracle,1,32,10,Pyrenna,chief executive,1,9.510912,0,1,0.0,0.0,45.27910001343116,45.27910001343116,45.27910001343116
oracle,1,32,11,Pyrenna,employee count,1,0.0,0,1,0.0,0.0,79.41400003619492,79.41400003619492,79.41400003619492
oracle,1,33,0,Veltrax,flagship product,1,9.535488,0,1,0.0,0.0,55.2637999644503,55.2637999644503,55.2637999644503
oracle,1,33,1,Veltrax,lucky number,1,0.0,0,1,0.0,0.0,49.963299999944866,49.963299999944866,49.963299999944866
oracle,1,33,2,Pyrenna,annual revenue,1,9.510912,0,1,0.0,0.0,61.22480001067743,61.22480001067743,61.22480001067743
oracle,1,33,3,Draskel,founding year,1,9.609216,0,1,0.0,0.0,72.96339998720214,72.96339998720214,72.96339998720214
oracle,1,33,4,Draskel,board chair,1,0.0,0,1,0.0,0.0,69.75029996829107,69.75029996829107,69.75029996829107
oracle,1,33,5,Veltrax,anthem composer,1,9.535488,0,1,0.0,0.0,53.505999967455864,53.505999967455864,53.505999967455864
oracle,1,33,6,Veltrax,archive codename,1,0.0,0,1,0.0,0.0,42.07899997709319,42.07899997709319,42.07899997709319
oracle,1,33,7,Veltrax,flagship product,1,0.0,0,1,0.0,0.0,59.263400034978986,59.263400034978986,59.263400034978986
oracle,1,33,8,Quorvane,flagship product,1,10.309632,0,1,0.0,0.0,45.545300003141165,45.545300003141165,45.545300003141165
oracle,1,33,9,Pyrenna,corporate color,1,9.510912,0,1,0.0,0.0,54.81459997827187,54.81459997827187,54.81459997827187
oracle,1,33,10,Pyrenna,headquarters city,1,0.0,0,1,0.0,0.0,86.26559999538586,86.26559999538586,86.26559999538586
oracle,1,33,11,Draskel,annual revenue,1,9.609216,0,1,0.0,0.0,58.08960000285879,58.08960000285879,58.08960000285879
oracle,1,34,0,Seluun,primary material,1,9.437184,0,1,0.0,0.0,79.404300020542,79.404300020542,79.404300020542
oracle,1,34,1,Draskel,annual revenue,1,9.609216,0,1,0.0,0.0,43.33000001497567,43.33000001497567,43.33000001497567
oracle,1,34,2,Draskel,lucky number,1,0.0,0,1,0.0,0.0,72.98150000860915,72.98150000860915,72.98150000860915
oracle,1,34,3,Draskel,annual revenue,1,0.0,0,1,0.0,0.0,83.58310000039637,83.58310000039637,83.58310000039637
oracle,1,34,4,Seluun,corporate color,1,9.437184,0,1,0.0,0.0,75.43969998368993,75.43969998368993,75.43969998368993
oracle,1,34,5,Seluun,archive codename,1,0.0,0,1,0.0,0.0,86.95780002744868,86.95780002744868,86.95780002744868
oracle,1,34,6,Draskel,lucky number,1,9.609216,0,1,0.0,0.0,66.40770001104102,66.40770001104102,66.40770001104102
oracle,1,34,7,Seluun,board chair,1,9.437184,0,1,0.0,0.0,56.74710002494976,56.74710002494976,56.74710002494976
oracle,1,34,8,Seluun,lucky number,1,0.0,0,1,0.0,0.0,42.96980000799522,42.96980000799522,42.96980000799522
oracle,1,34,9,Seluun,research lab city,1,0.0,0,1,0.0,0.0,41.64900002069771,41.64900002069771,41.64900002069771
oracle,1,34,10,Pyrenna,headquarters city,1,9.510912,0,1,0.0,0.0,79.13069997448474,79.13069997448474,79.13069997448474
oracle,1,34,11,Pyrenna,founding river,1,0.0,0,1,0.0,0.0,99.61170004680753,99.61170004680753,99.61170004680753
oracle,1,35,0,Quorvane,motto word,1,10.309632,0,1,0.0,0.0,67.97459995141253,67.97459995141253,67.97459995141253
oracle,1,35,1,Quorvane,stock ticker,1,0.0,0,1,0.0,0.0,78.53820000309497,78.53820000309497,78.53820000309497
oracle,1,35,2,Veltrax,employee count,1,9.535488,0,1,0.0,0.0,46.8187999795191,46.8187999795191,46.8187999795191
oracle,1,35,3,Veltrax,mascot animal,1,0.0,0,1,0.0,0.0,48.194299975875765,48.194299975875765,48.194299975875765
oracle,1,35,4,Veltrax,board chair,1,0.0,0,1,0.0,0.0,55.32010004390031,55.32010004390031,55.32010004390031
oracle,1,35,5,Veltrax,anthem composer,1,0.0,0,1,0.0,0.0,78.4661999787204,78.4661999787204,78.4661999787204
oracle,1,35,6,Pyrenna,archive codename,1,9.510912,0,1,0.0,0.0,55.76710001332685,55.76710001332685,55.76710001332685
oracle,1,35,7,Pyrenna,lucky number,1,0.0,0,1,0.0,0.0,44.25380000611767,44.25380000611767,44.25380000611767
oracle,1,35,8,Ilmeth,lucky number,1,8.761344,0,1,0.0,0.0,85.19459998933598,85.19459998933598,85.19459998933598
oracle,1,35,9,Ilmeth,research lab city,1,0.0,0,1,0.0,0.0,44.91830000188202,44.91830000188202,44.91830000188202
oracle,1,35,10,Ilmeth,motto word,1,0.0,0,1,0.0,0.0,47.157099994365126,47.157099994365126,47.157099994365126
oracle,1,35,11,Ilmeth,board chair,1,0.0,0,1,0.0,0.0,40.574299986474216,40.574299986474216,40.574299986474216
oracle,1,36,0,Ilmeth,headquarters city,1,8.761344,0,1,0.0,0.0,39.017500006593764,39.017500006593764,39.017500006593764
oracle,1,36,1,Ilmeth,signature dish,1,0.0,0,1,0.0,0.0,44.50259997975081,44.50259997975081,44.50259997975081
oracle,1,36,2,Draskel,chief engineer,1,9.609216,0,1,0.0,0.0,50.84550002356991,50.84550002356991,50.84550002356991
oracle,1,36,3,Pyrenna,chief engineer,1,9.510912,0,1,0.0,0.0,75.9527999907732,75.9527999907732,75.9527999907732
oracle,1,36,4,Pyrenna,employee count,1,0.0,0,1,0.0,0.0,55.03519997000694,55.03519997000694,55.03519997000694
oracle,1,36,5,Draskel,chief executive,1,9.609216,0,1,0.0,0.0,55.33369997283444,55.33369997283444,55.33369997283444
oracle,1,36,6,Seluun,satellite name,1,9.437184,0,1,0.0,0.0,75.86139999330044,75.86139999330044,75.86139999330044
oracle,1,36,7,Seluun,flagship product,1,0.0,0,1,0.0,0.0,68.20019998122007,68.20019998122007,68.20019998122007
oracle,1,36,8,Seluun,mascot animal,1,0.0,0,1,0.0,0.0,42.44810005184263,42.44810005184263,42.44810005184263
oracle,1,36,9,Seluun,primary material,1,0.0,0,1,0.0,0.0,44.0649000229314,44.0649000229314,44.0649000229314
oracle,1,36,10,Seluun,founding year,1,0.0,0,1,0.0,0.0,42.97359997872263,42.97359997872263,42.97359997872263
oracle,1,36,11,Draskel,board chair,1,9.609216,0,1,0.0,0.0,58.48600005265325,58.48600005265325,58.48600005265325
oracle,1,37,0,Draskel,stock ticker,1,9.609216,0,1,0.0,0.0,70.63739997101948,70.63739997101948,70.63739997101948
oracle,1,37,1,Pyrenna,stock ticker,1,9.510912,0,1,0.0,0.0,70.02829998964444,70.02829998964444,70.02829998964444
oracle,1,37,2,Ilmeth,founding year,1,8.761344,0,1,0.0,0.0,74.35489998897538,74.35489998897538,74.35489998897538
oracle,1,37,3,Ilmeth,research lab city,1,0.0,0,1,0.0,0.0,57.24140000529587,57.24140000529587,57.24140000529587
oracle,1,37,4,Ilmeth,stock ticker,1,0.0,0,1,0.0,0.0,56.71600002096966,56.71600002096966,56.71600002096966
oracle,1,37,5,Draskel,satellite name,1,9.609216,0,1,0.0,0.0,62.63070000568405,62.63070000568405,62.63070000568405
oracle,1,37,6,Draskel,chief executive,1,0.0,0,1,0.0,0.0,56.75749998772517,56.75749998772517,56.75749998772517
oracle,1,37,7,Draskel,flagship product,1,0.0,0,1,0.0,0.0,43.841600010637194,43.841600010637194,43.841600010637194
oracle,1,37,8,Draskel,motto word,1,0.0,0,1,0.0,0.0,63.59640002483502,63.59640002483502,63.59640002483502
oracle,1,37,9,Draskel,headquarters city,1,0.0,0,1,0.0,0.0,52.8070000000298,52.8070000000298,52.8070000000298
oracle,1,37,10,Draskel,chief executive,1,0.0,0,1,0.0,0.0,58.66679997416213,58.66679997416213,58.66679997416213
oracle,1,37,11,Draskel,annual revenue,1,0.0,0,1,0.0,0.0,44.036999985110015,44.036999985110015,44.036999985110015
oracle,1,38,0,Draskel,flagship product,1,9.609216,0,1,0.0,0.0,68.18080000812188,68.18080000812188,68.18080000812188
oracle,1,38,1,Pyrenna,founding year,1,9.510912,0,1,0.0,0.0,52.108700037933886,52.108700037933886,52.108700037933886
oracle,1,38,2,Pyrenna,chief engineer,1,0.0,0,1,0.0,0.0,82.08369999192655,82.08369999192655,82.08369999192655
oracle,1,38,3,Quorvane,research lab city,1,10.309632,0,1,0.0,0.0,59.7142000333406,59.7142000333406,59.7142000333406
oracle,1,38,4,Ilmeth,board chair,1,8.761344,0,1,0.0,0.0,56.75869999686256,56.75869999686256,56.75869999686256
oracle,1,38,5,Pyrenna,annual revenue,1,9.510912,0,1,0.0,0.0,70.37280005170032,70.37280005170032,70.37280005170032
oracle,1,38,6,Pyrenna,satellite name,1,0.0,0,1,0.0,0.0,76.03930000914261,76.03930000914261,76.03930000914261
oracle,1,38,7,Ilmeth,satellite name,1,8.761344,0,1,0.0,0.0,60.82869996316731,60.82869996316731,60.82869996316731
oracle,1,38,8,Ilmeth,annual revenue,1,0.0,0,1,0.0,0.0,93.81689998554066,93.81689998554066,93.81689998554066
oracle,1,38,9,Ilmeth,motto word,1,0.0,0,1,0.0,0.0,51.35369999334216,51.35369999334216,51.35369999334216
oracle,1,38,10,Draskel,headquarters city,1,9.609216,0,1,0.0,0.0,39.11389998393133,39.11389998393133,39.11389998393133
oracle,1,38,11,Seluun,corporate color,1,9.437184,0,1,0.0,0.0,55.16320001333952,55.16320001333952,55.16320001333952
oracle,1,39,0,Bramwick,stock ticker,1,8.835072,0,1,0.0,0.0,51.04389996267855,51.04389996267855,51.04389996267855
oracle,1,39,1,Bramwick,stock ticker,1,0.0,0,1,0.0,0.0,61.39330001315102,61.39330001315102,61.39330001315102
oracle,1,39,2,Bramwick,signature dish,1,0.0,0,1,0.0,0.0,43.17109996918589,43.17109996918589,43.17109996918589
oracle,1,39,3,Bramwick,employee count,1,0.0,0,1,0.0,0.0,52.29909997433424,52.29909997433424,52.29909997433424
oracle,1,39,4,Bramwick,flagship product,1,0.0,0,1,0.0,0.0,43.17550000268966,43.17550000268966,43.17550000268966
oracle,1,39,5,Toskarel,anthem composer,1,9.474048,0,1,0.0,0.0,47.938000003341585,47.938000003341585,47.938000003341585
oracle,1,39,6,Toskarel,anthem composer,1,0.0,0,1,0.0,0.0,67.7367000025697,67.7367000025697,67.7367000025697
oracle,1,39,7,Pyrenna,board chair,1,9.510912,0,1,0.0,0.0,71.56419998500496,71.56419998500496,71.56419998500496
oracle,1,39,8,Pyrenna,employee count,1,0.0,0,1,0.0,0.0,41.256199998315424,41.256199998315424,41.256199998315424
oracle,1,39,9,Pyrenna,satellite name,1,0.0,0,1,0.0,0.0,61.12020002910867,61.12020002910867,61.12020002910867
oracle,1,39,10,Pyrenna,mascot animal,1,0.0,0,1,0.0,0.0,49.244699999690056,49.244699999690056,49.244699999690056
oracle,1,39,11,Pyrenna,chief engineer,1,0.0,0,1,0.0,0.0,39.68749998603016,39.68749998603016,39.68749998603016
reactive-lru,2,0,0,Ilmeth,satellite name,0,0.0,0,1,0.7450000266544521,57.420200027991086,48.16690000006929,48.91190002672374,105.58710002806038
reactive-lru,2,0,1,Draskel,stock ticker,0,0.0,0,2,0.8071999764069915,77.37249997444451,48.34209999535233,49.14929997175932,125.71459996979684
reactive-lru,2,0,2,Draskel,founding river,1,0.0,0,2,0.0,0.0,45.85120000410825,45.85120000410825,45.85120000410825
reactive-lru,2,0,3,Draskel,annual revenue,1,0.0,0,2,0.0,0.0,50.71270000189543,50.71270000189543,50.71270000189543
reactive-lru,2,0,4,Seluun,lucky number,0,0.0,0,2,0.7988999714143574,48.94199996488169,74.37529996968806,75.17419994110242,123.31729993456975
reactive-lru,2,0,5,Seluun,annual revenue,1,0.0,0,2,0.0,0.0,44.328699994366616,44.328699994366616,44.328699994366616
reactive-lru,2,0,6,Seluun,founding year,1,0.0,0,2,0.0,0.0,39.67690002173185,39.67690002173185,39.67690002173185
reactive-lru,2,0,7,Draskel,motto word,1,0.0,0,2,0.0,0.0,39.63429998839274,39.63429998839274,39.63429998839274
reactive-lru,2,0,8,Draskel,flagship product,1,0.0,0,2,0.0,0.0,84.1373999719508,84.1373999719508,84.1373999719508
reactive-lru,2,0,9,Veltrax,founding year,0,0.0,0,2,0.8569000056013465,90.64469998702407,83.69220001623034,84.54910002183169,174.3369000032544
reactive-lru,2,0,10,Veltrax,anthem composer,1,0.0,0,2,0.0,0.0,84.7337000304833,84.7337000304833,84.7337000304833
reactive-lru,2,0,11,Veltrax,annual revenue,1,0.0,0,2,0.0,0.0,50.42200000025332,50.42200000025332,50.42200000025332
reactive-lru,2,1,0,Veltrax,signature dish,0,0.0,0,1,0.8353999583050609,58.91409999458119,87.65399997355416,88.48939993185923,146.56809996813536
reactive-lru,2,1,1,Veltrax,founding river,1,0.0,0,1,0.0,0.0,48.85940003441647,48.85940003441647,48.85940003441647
reactive-lru,2,1,2,Draskel,research lab city,0,0.0,0,2,0.8957000100053847,55.10669999057427,92.50789997167885,93.40359998168424,147.61459996225312
reactive-lru,2,1,3,Draskel,motto word,1,0.0,0,2,0.0,0.0,60.564399987924844,60.564399987924844,60.564399987924844
reactive-lru,2,1,4,Pyrenna,founding year,0,0.0,0,2,0.7940999930724502,50.16079999040812,40.26739997789264,41.06149997096509,90.42819996830076
reactive-lru,2,1,5,Pyrenna,anthem composer,1,0.0,0,2,0.0,0.0,51.47259996738285,51.47259996738285,51.47259996738285
reactive-lru,2,1,6,Quorvane,corporate color,0,0.0,0,2,0.853199977427721,63.56100004632026,64.98889997601509,65.84209995344281,128.54990002233535
reactive-lru,2,1,7,Veltrax,flagship product,0,0.0,0,2,0.45759999193251133,55.72949995985255,72.25359999574721,72.71119998767972,127.98309995559976
reactive-lru,2,1,8,Quorvane,signature dish,1,0.0,0,2,0.0,0.0,61.894599988590926,61.894599988590926,61.894599988590926
reactive-lru,2,1,9,Seluun,primary material,0,0.0,0,2,0.47560001257807016,68.00620001740754,40.86829995503649,41.34389996761456,108.87449997244403
reactive-lru,2,1,10,Seluun,lucky number,1,0.0,0,2,0.0,0.0,53.33040002733469,53.33040002733469,53.33040002733469
reactive-lru,2,1,11,Draskel,satellite name,0,0.0,0,2,0.514300016220659,77.65709998784587,79.52859997749329,80.04289999371395,157.18569996533915
reactive-lru,2,2,0,Draskel,annual revenue,0,0.0,0,1,0.499800022225827,86.51640004245564,39.99690001364797,40.4967000358738,126.51330005610362
reactive-lru,2,2,1,Draskel,corporate color,1,0.0,0,1,0.0,0.0,62.203100009355694,62.203100009355694,62.203100009355694
reactive-lru,2,2,2,Draskel,research lab city,1,0.0,0,1,0.0,0.0,74.47870000032708,74.47870000032708,74.47870000032708
reactive-lru,2,2,3,Draskel,signature dish,1,0.0,0,1,0.0,0.0,51.20129999704659,51.20129999704659,51.20129999704659
reactive-lru,2,2,4,Draskel,corporate color,1,0.0,0,1,0.0,0.0,85.1494999951683,85.1494999951683,85.1494999951683
reactive-lru,2,2,5,Draskel,annual revenue,1,0.0,0,1,0.0,0.0,66.90259999595582,66.90259999595582,66.90259999595582
reactive-lru,2,2,6,Draskel,founding year,1,0.0,0,1,0.0,0.0,63.38279996998608,63.38279996998608,63.38279996998608
reactive-lru,2,2,7,Draskel,primary material,1,0.0,0,1,0.0,0.0,41.42740002134815,41.42740002134815,41.42740002134815
reactive-lru,2,2,8,Pyrenna,corporate color,0,0.0,0,2,0.45170000521466136,45.602299971506,46.46179999690503,46.91350000211969,92.06409996841103
reactive-lru,2,2,9,Pyrenna,motto word,1,0.0,0,2,0.0,0.0,60.115200001746416,60.115200001746416,60.115200001746416
reactive-lru,2,2,10,Draskel,anthem composer,1,0.0,0,2,0.0,0.0,65.23499998729676,65.23499998729676,65.23499998729676
reactive-lru,2,2,11,Draskel,annual revenue,1,0.0,0,2,0.0,0.0,82.93739997316152,82.93739997316152,82.93739997316152
reactive-lru,2,3,0,Toskarel,founding river,0,0.0,0,1,0.49180001951754093,77.06680003320798,64.68990002758801,65.18170004710555,141.756700060796
reactive-lru,2,3,1,Veltrax,annual revenue,0,0.0,0,2,0.464899989310652,59.02220000280067,54.84720005188137,55.312100041192025,113.86940005468205
reactive-lru,2,3,2,Pyrenna,signature dish,0,0.0,0,2,0.46909996308386326,51.37630004901439,62.28630000259727,62.755399965681136,113.66260005161166
reactive-lru,2,3,3,Draskel,archive codename,0,0.0,0,2,0.49210002180188894,108.37179998634383,41.729999997187406,42.222100018989295,150.10179998353124
reactive-lru,2,3,4,Seluun,research lab city,0,0.0,0,2,0.4794999840669334,54.26070000976324,55.845400027465075,56.32490001153201,110.10610003722832
reactive-lru,2,3,5,Seluun,mascot animal,1,0.0,0,2,0.0,0.0,77.78769999276847,77.78769999276847,77.78769999276847
reactive-lru,2,3,6,Bramwick,lucky number,0,0.0,0,2,0.4712999798357487,87.26920001208782,74.55550000304356,75.02679998287931,161.82470001513138
reactive-lru,2,3,7,Quorvane,research lab city,0,0.0,0,2,0.5999999702908099,54.65209996327758,68.24389996472746,68.84389993501827,122.89599992800504
reactive-lru,2,3,8,Quorvane,anthem composer,1,0.0,0,2,0.0,0.0,43.82350004743785,43.82350004743785,43.82350004743785
reactive-lru,2,3,9,Veltrax,founding river,0,0.0,0,2,0.45009999303147197,68.81829997291788,40.52500001853332,40.97510001156479,109.3432999914512
reactive-lru,2,3,10,Veltrax,motto word,1,0.0,0,2,0.0,0.0,39.84879999188706,39.84879999188706,39.84879999188706
reactive-lru,2,3,11,Pyrenna,chief executive,0,0.0,0,2,0.44789997627958655,49.78090000804514,70.04329998744652,70.4911999637261,119.82419999549165
reactive-lru,2,4,0,Veltrax,chief executive,0,0.0,0,1,0.5070000188425183,89.22319998964667,64.22469997778535,64.73169999662787,153.44789996743202
reactive-lru,2,4,1,Veltrax,founding year,1,0.0,0,1,0.0,0.0,79.35429998906329,79.35429998906329,79.35429998906329
reactive-lru,2,4,2,Veltrax,stock ticker,1,0.0,0,1,0.0,0.0,50.69320002803579,50.69320002803579,50.69320002803579
reactive-lru,2,4,3,Veltrax,flagship product,1,0.0,0,1,0.0,0.0,42.22469998057932,42.22469998057932,42.22469998057932
reactive-lru,2,4,4,Pyrenna,research lab city,0,0.0,0,2,0.45950000640004873,59.09850000170991,60.427999997045845,60.88750000344589,119.52649999875575
reactive-lru,2,4,5,Pyrenna,corporate color,1,0.0,0,2,0.0,0.0,58.69060003897175,58.69060003897175,58.69060003897175
reactive-lru,2,4,6,Pyrenna,signature dish,1,0.0,0,2,0.0,0.0,75.11890004388988,75.11890004388988,75.11890004388988
reactive-lru,2,4,7,Pyrenna,primary material,1,0.0,0,2,0.0,0.0,71.70299999415874,71.70299999415874,71.70299999415874
reactive-lru,2,4,8,Pyrenna,chief engineer,1,0.0,0,2,0.0,0.0,65.13310002628714,65.13310002628714,65.13310002628714
reactive-lru,2,4,9,Pyrenna,flagship product,1,0.0,0,2,0.0,0.0,39.88970001228154,39.88970001228154,39.88970001228154
reactive-lru,2,4,10,Pyrenna,annual revenue,1,0.0,0,2,0.0,0.0,40.870900033041835,40.870900033041835,40.870900033041835
reactive-lru,2,4,11,Pyrenna,mascot animal,1,0.0,0,2,0.0,0.0,74.06220003031194,74.06220003031194,74.06220003031194
reactive-lru,2,5,0,Pyrenna,signature dish,0,0.0,0,1,0.8406999986618757,71.57909998204559,67.91529996553436,68.75599996419623,139.49439994757995
reactive-lru,2,5,1,Bramwick,founding year,0,0.0,0,2,0.77479996252805,66.83550000889227,42.73429996101186,43.50909992353991,109.56979996990412
reactive-lru,2,5,2,Bramwick,annual revenue,1,0.0,0,2,0.0,0.0,49.98330003581941,49.98330003581941,49.98330003581941
reactive-lru,2,5,3,Bramwick,corporate color,1,0.0,0,2,0.0,0.0,66.3281999877654,66.3281999877654,66.3281999877654
reactive-lru,2,5,4,Bramwick,signature dish,1,0.0,0,2,0.0,0.0,59.65340003604069,59.65340003604069,59.65340003604069
reactive-lru,2,5,5,Toskarel,signature dish,0,0.0,0,2,0.8021999965421855,49.25039998488501,40.71279999334365,41.51499998988584,89.96319997822866
reactive-lru,2,5,6,Toskarel,signature dish,1,0.0,0,2,0.0,0.0,91.57029999187216,91.57029999187216,91.57029999187216
reactive-lru,2,5,7,Quorvane,satellite name,0,0.0,0,2,0.8914999780245125,68.70959996012971,74.50970000354573,75.40119998157024,143.21929996367544
reactive-lru,2,5,8,Veltrax,headquarters city,0,0.0,0,2,0.8483999990858138,83.86130002327263,66.68220000574365,67.53060000482947,150.5435000290163
reactive-lru,2,5,9,Pyrenna,mascot animal,0,0.0,0,2,0.8185000042431056,70.5545999808237,84.9140000063926,85.7325000106357,155.4685999872163
reactive-lru,2,5,10,Ilmeth,chief executive,0,0.0,0,2,0.7867999956943095,79.8892000457272,42.61090001091361,43.39770000660792,122.5001000566408
reactive-lru,2,5,11,Toskarel,primary material,0,0.0,0,2,0.8171999943442643,48.65740000968799,54.307399957906455,55.12459995225072,102.96479996759444
reactive-lru,2,6,0,Pyrenna,employee count,0,0.0,0,1,0.4702999722212553,54.96300000231713,54.987500014249235,55.45779998647049,109.95050001656637
reactive-lru,2,6,1,Pyrenna,headquarters city,1,0.0,0,1,0.0,0.0,40.74860003311187,40.74860003311187,40.74860003311187
reactive-lru,2,6,2,Pyrenna,mascot animal,1,0.0,0,1,0.0,0.0,41.639900009613484,41.639900009613484,41.639900009613484
reactive-lru,2,6,3,Seluun,corporate color,0,0.0,0,2,0.4484999808482826,96.8886999762617,81.57040004152805,82.01890002237633,178.45910001778975
reactive-lru,2,6,4,Bramwick,annual revenue,0,0.0,0,2,0.4944999818690121,83.91919999849051,63.573400024324656,64.06790000619367,147.49260002281517
reactive-lru,2,6,5,Bramwick,flagship product,1,0.0,0,2,0.0,0.0,41.971500031650066,41.971500031650066,41.971500031650066
reactive-lru,2,6,6,Bramwick,archive codename,1,0.0,0,2,0.0,0.0,40.667900000698864,40.667900000698864,40.667900000698864
reactive-lru,2,6,7,Bramwick,lucky number,1,0.0,0,2,0.0,0.0,39.32450001593679,39.32450001593679,39.32450001593679
reactive-lru,2,6,8,Bramwick,annual revenue,1,0.0,0,2,0.0,0.0,90.98310000263155,90.98310000263155,90.98310000263155
reactive-lru,2,6,9,Bramwick,lucky number,1,0.0,0,2,0.0,0.0,71.44279999192804,71.44279999192804,71.44279999192804
reactive-lru,2,6,10,Bramwick,board chair,1,0.0,0,2,0.0,0.0,63.188900006935,63.188900006935,63.188900006935
reactive-lru,2,6,11,Quorvane,founding year,0,0.0,0,2,0.5496999947354198,85.56920004775748,58.41769999824464,58.96739999298006,143.98690004600212
reactive-lru,2,7,0,Toskarel,satellite name,0,0.0,0,1,0.4786999779753387,47.39540000446141,64.80819999706,65.28689997503534,112.20360000152141
reactive-lru,2,7,1,Quorvane,archive codename,0,0.0,0,2,0.5189999938011169,61.747899977490306,74.20469995122403,74.72369994502515,135.95259992871433
reactive-lru,2,7,2,Quorvane,flagship product,1,0.0,0,2,0.0,0.0,47.987000027205795,47.987000027205795,47.987000027205795
reactive-lru,2,7,3,Veltrax,anthem composer,0,0.0,0,2,0.47179998364299536,52.01350001152605,62.166000017896295,62.63780000153929,114.17950002942234
reactive-lru,2,7,4,Veltrax,anthem composer,1,0.0,0,2,0.0,0.0,51.202200003899634,51.202200003899634,51.202200003899634
reactive-lru,2,7,5,Veltrax,headquarters city,1,0.0,0,2,0.0,0.0,59.239900030661374,59.239900030661374,59.239900030661374
reactive-lru,2,7,6,Veltrax,corporate color,1,0.0,0,2,0.0,0.0,43.2336000376381,43.2336000376381,43.2336000376381
reactive-lru,2,7,7,Veltrax,anthem composer,1,0.0,0,2,0.0,0.0,67.4505999777466,67.4505999777466,67.4505999777466
reactive-lru,2,7,8,Veltrax,chief engineer,1,0.0,0,2,0.0,0.0,49.831299984361976,49.831299984361976,49.831299984361976
reactive-lru,2,7,9,Quorvane,research lab city,1,0.0,0,2,0.0,0.0,53.32439998164773,53.32439998164773,53.32439998164773
reactive-lru,2,7,10,Quorvane,flagship product,1,0.0,0,2,0.0,0.0,40.929899958427995,40.929899958427995,40.929899958427995
reactive-lru,2,7,11,Quorvane,board chair,1,0.0,0,2,0.0,0.0,44.380599982105196,44.380599982105196,44.380599982105196
reactive-lru,2,8,0,Ilmeth,satellite name,0,0.0,0,1,0.45739999040961266,76.20909996330738,51.78380000870675,52.24119999911636,127.99289997201413
reactive-lru,2,8,1,Ilmeth,flagship product,1,0.0,0,1,0.0,0.0,53.21199999889359,53.21199999889359,53.21199999889359
reactive-lru,2,8,2,Ilmeth,archive codename,1,0.0,0,1,0.0,0.0,49.203499977011234,49.203499977011234,49.203499977011234
reactive-lru,2,8,3,Ilmeth,employee count,1,0.0,0,1,0.0,0.0,63.548200007062405,63.548200007062405,63.548200007062405
reactive-lru,2,8,4,Toskarel,flagship product,0,0.0,0,2,0.5651999963447452,54.67129999306053,70.6365000223741,71.20170001871884,125.30780001543462
reactive-lru,2,8,5,Quorvane,chief executive,0,0.0,0,2,0.5163999740034342,60.156699968501925,48.50129998521879,49.01769995922223,108.65799995372072
reactive-lru,2,8,6,Quorvane,motto word,1,0.0,0,2,0.0,0.0,56.67839996749535,56.67839996749535,56.67839996749535
reactive-lru,2,8,7,Quorvane,stock ticker,1,0.0,0,2,0.0,0.0,51.905900007113814,51.905900007113814,51.905900007113814
reactive-lru,2,8,8,Quorvane,primary material,1,0.0,0,2,0.0,0.0,59.0688000083901,59.0688000083901,59.0688000083901
reactive-lru,2,8,9,Quorvane,flagship product,1,0.0,0,2,0.0,0.0,73.8318000221625,73.8318000221625,73.8318000221625
reactive-lru,2,8,10,Quorvane,stock ticker,1,0.0,0,2,0.0,0.0,62.58720002369955,62.58720002369955,62.58720002369955
reactive-lru,2,8,11,Quorvane,headquarters city,1,0.0,0,2,0.0,0.0,48.43700001947582,48.43700001947582,48.43700001947582
reactive-lru,2,9,0,Veltrax,chief executive,0,0.0,0,1,0.4628999740816653,66.39629998244345,51.26929999096319,51.732199965044856,117.66559997340664
reactive-lru,2,9,1,Veltrax,headquarters city,1,0.0,0,1,0.0,0.0,40.75589997228235,40.75589997228235,40.75589997228235
reactive-lru,2,9,2,Veltrax,satellite name,1,0.0,0,1,0.0,0.0,45.881600002758205,45.881600002758205,45.881600002758205
reactive-lru,2,9,3,Veltrax,flagship product,1,0.0,0,1,0.0,0.0,43.444400012958795,43.444400012958795,43.444400012958795
reactive-lru,2,9,4,Veltrax,motto word,1,0.0,0,1,0.0,0.0,50.65310001373291,50.65310001373291,50.65310001373291
reactive-lru,2,9,5,Veltrax,flagship product,1,0.0,0,1,0.0,0.0,62.39460001233965,62.39460001233965,62.39460001233965
reactive-lru,2,9,6,Veltrax,annual revenue,1,0.0,0,1,0.0,0.0,72.38730002427474,72.38730002427474,72.38730002427474
reactive-lru,2,9,7,Quorvane,anthem composer,0,0.0,0,2,2.8923999634571373,53.69770003017038,41.601300006732345,44.49369997018948,95.29900003690273
reactive-lru,2,9,8,Quorvane,lucky number,1,0.0,0,2,0.0,0.0,45.64089997438714,45.64089997438714,45.64089997438714
reactive-lru,2,9,9,Quorvane,mascot animal,1,0.0,0,2,0.0,0.0,68.0848999763839,68.0848999763839,68.0848999763839
reactive-lru,2,9,10,Seluun,founding year,0,0.0,0,2,0.8553999941796064,53.8370999856852,48.637400032021105,49.49280002620071,102.4745000177063
reactive-lru,2,9,11,Seluun,primary material,1,0.0,0,2,0.0,0.0,48.544100020080805,48.544100020080805,48.544100020080805
reactive-lru,2,10,0,Seluun,annual revenue,0,0.0,0,1,0.805900024715811,52.95370001113042,47.27340000681579,48.0793000315316,100.22710001794621
reactive-lru,2,10,1,Seluun,chief executive,1,0.0,0,1,0.0,0.0,40.98570003407076,40.98570003407076,40.98570003407076
reactive-lru,2,10,2,Seluun,chief engineer,1,0.0,0,1,0.0,0.0,41.82729998137802,41.82729998137802,41.82729998137802
reactive-lru,2,10,3,Seluun,flagship product,1,0.0,0,1,0.0,0.0,42.29239997221157,42.29239997221157,42.29239997221157
reactive-lru,2,10,4,Seluun,board chair,1,0.0,0,1,0.0,0.0,40.9743000054732,40.9743000054732,40.9743000054732
reactive-lru,2,10,5,Draskel,research lab city,0,0.0,0,2,0.4718999844044447,47.01689997455105,40.934399992693216,41.40629997709766,87.95129996724427
reactive-lru,2,10,6,Draskel,anthem composer,1,0.0,0,2,0.0,0.0,44.38440001104027,44.38440001104027,44.38440001104027
reactive-lru,2,10,7,Draskel,mascot animal,1,0.0,0,2,0.0,0.0,40.650099981576204,40.650099981576204,40.650099981576204
reactive-lru,2,10,8,Draskel,chief executive,1,0.0,0,2,0.0,0.0,60.53929997142404,60.53929997142404,60.53929997142404
reactive-lru,2,10,9,Seluun,founding river,1,0.0,0,2,0.0,0.0,49.04840001836419,49.04840001836419,49.04840001836419
reactive-lru,2,10,10,Seluun,satellite name,1,0.0,0,2,0.0,0.0,42.45389997959137,42.45389997959137,42.45389997959137
reactive-lru,2,10,11,Bramwick,annual revenue,0,0.0,0,2,0.44760003220289946,52.55550000583753,69.6283999714069,70.0760000036098,122.18389997724444
reactive-lru,2,11,0,Toskarel,corporate color,0,0.0,0,1,0.4847000236622989,54.23539999173954,82.52229995559901,83.00699997926131,136.75769994733855
reactive-lru,2,11,1,Toskarel,satellite name,1,0.0,0,1,0.0,0.0,52.77889996068552,52.77889996068552,52.77889996068552
reactive-lru,2,11,2,Quorvane,motto word,0,0.0,0,2,0.5094999796710908,105.87909998139367,61.419099976774305,61.928599956445396,167.29819995816797
reactive-lru,2,11,3,Quorvane,anthem composer,1,0.0,0,2,0.0,0.0,62.09300004411489,62.09300004411489,62.09300004411489
reactive-lru,2,11,4,Seluun,motto word,0,0.0,0,2,0.46690000453963876,55.13940000673756,85.42200003284961,85.88890003738925,140.56140003958717
reactive-lru,2,11,5,Seluun,motto word,1,0.0,0,2,0.0,0.0,63.04249999811873,63.04249999811873,63.04249999811873
reactive-lru,2,11,6,Seluun,stock ticker,1,0.0,0,2,0.0,0.0,62.736299994867295,62.736299994867295,62.736299994867295
reactive-lru,2,11,7,Seluun,chief executive,1,0.0,0,2,0.0,0.0,43.170200020540506,43.170200020540506,43.170200020540506
reactive-lru,2,11,8,Bramwick,founding year,0,0.0,0,2,0.4349999944679439,51.4604999916628,67.23689998034388,67.67189997481182,118.69739997200668
reactive-lru,2,11,9,Bramwick,research lab city,1,0.0,0,2,0.0,0.0,84.86619999166578,84.86619999166578,84.86619999166578
reactive-lru,2,11,10,Bramwick,employee count,1,0.0,0,2,0.0,0.0,81.71379996929318,81.71379996929318,81.71379996929318
reactive-lru,2,11,11,Bramwick,chief engineer,1,0.0,0,2,0.0,0.0,89.18219996849075,89.18219996849075,89.18219996849075
reactive-lru,2,12,0,Ilmeth,corporate color,0,0.0,0,1,0.5080000264570117,82.32230000430718,49.33019995223731,49.83819997869432,131.6524999565445
reactive-lru,2,12,1,Draskel,chief engineer,0,0.0,0,2,0.4783999756909907,58.65819996688515,64.26800001645461,64.7463999921456,122.92619998333976
reactive-lru,2,12,2,Draskel,signature dish,1,0.0,0,2,0.0,0.0,77.0702000008896,77.0702000008896,77.0702000008896
reactive-lru,2,12,3,Pyrenna,employee count,0,0.0,0,2,0.4648000467568636,46.648899966385216,36.14490001928061,36.609700066037476,82.79379998566583
reactive-lru,2,12,4,Draskel,anthem composer,1,0.0,0,2,0.0,0.0,61.493400018662214,61.493400018662214,61.493400018662214
reactive-lru,2,12,5,Veltrax,chief engineer,0,0.0,0,2,0.46850001672282815,101.36210004566237,86.45379997324198,86.92229998996481,187.81590001890436
reactive-lru,2,12,6,Pyrenna,corporate color,0,0.0,0,2,0.45519997365772724,58.38399997446686,66.85649999417365,67.31169996783137,125.2404999686405
reactive-lru,2,12,7,Pyrenna,anthem composer,1,0.0,0,2,0.0,0.0,60.80179999116808,60.80179999116808,60.80179999116808
reactive-lru,2,12,8,Pyrenna,motto word,1,0.0,0,2,0.0,0.0,62.672500032931566,62.672500032931566,62.672500032931566
reactive-lru,2,12,9,Pyrenna,chief executive,1,0.0,0,2,0.0,0.0,41.84610000811517,41.84610000811517,41.84610000811517
reactive-lru,2,12,10,Ilmeth,archive codename,0,0.0,0,2,0.424400030169636,74.71749995602295,72.91290001012385,73.33730004029348,147.6303999661468
reactive-lru,2,12,11,Ilmeth,anthem composer,1,0.0,0,2,0.0,0.0,39.771599986124784,39.771599986124784,39.771599986124784
reactive-lru,2,13,0,Seluun,founding year,0,0.0,0,1,0.46149996342137456,86.14719996694475,54.72339998232201,55.18489994574338,140.87059994926676
reactive-lru,2,13,1,Seluun,chief engineer,1,0.0,0,1,0.0,0.0,53.445100027602166,53.445100027602166,53.445100027602166
reactive-lru,2,13,2,Seluun,lucky number,1,0.0,0,1,0.0,0.0,64.95450000511482,64.95450000511482,64.95450000511482
reactive-lru,2,13,3,Seluun,archive codename,1,0.0,0,1,0.0,0.0,76.94090000586584,76.94090000586584,76.94090000586584
reactive-lru,2,13,4,Veltrax,headquarters city,0,0.0,0,2,0.5148000200279057,72.01920001534745,68.4076999896206,68.9225000096485,140.42690000496805
reactive-lru,2,13,5,Pyrenna,satellite name,0,0.0,0,2,0.4844000213779509,79.79650003835559,56.412900041323155,56.897300062701106,136.20940007967874
reactive-lru,2,13,6,Pyrenna,stock ticker,1,0.0,0,2,0.0,0.0,39.91170000517741,39.91170000517741,39.91170000517741
reactive-lru,2,13,7,Pyrenna,annual revenue,1,0.0,0,2,0.0,0.0,41.26410000026226,41.26410000026226,41.26410000026226
reactive-lru,2,13,8,Pyrenna,corporate color,1,0.0,0,2,0.0,0.0,59.740299999248236,59.740299999248236,59.740299999248236
reactive-lru,2,13,9,Draskel,lucky number,0,0.0,0,2,0.5162999732419848,61.40510004479438,40.43330001877621,40.94959999201819,101.83840006357059
reactive-lru,2,13,10,Draskel,signature dish,1,0.0,0,2,0.0,0.0,73.40799999656156,73.40799999656156,73.40799999656156
reactive-lru,2,13,11,Draskel,founding river,1,0.0,0,2,0.0,0.0,70.87910000700504,70.87910000700504,70.87910000700504
reactive-lru,2,14,0,Draskel,chief engineer,0,0.0,0,1,0.4782000323757529,56.802400038577616,46.330400044098496,46.80860007647425,103.13280008267611
reactive-lru,2,14,1,Draskel,lucky number,1,0.0,0,1,0.0,0.0,94.05970002990216,94.05970002990216,94.05970002990216
reactive-lru,2,14,2,Bramwick,chief engineer,0,0.0,0,2,0.46579999616369605,77.42719998350367,50.6609000149183,51.126700011081994,128.08809999842197
reactive-lru,2,14,3,Bramwick,stock ticker,1,0.0,0,2,0.0,0.0,40.03679996822029,40.03679996822029,40.03679996822029
reactive-lru,2,14,4,Draskel,headquarters city,1,0.0,0,2,0.0,0.0,39.112199970986694,39.112199970986694,39.112199970986694
reactive-lru,2,14,5,Toskarel,corporate color,0,0.0,0,2,0.7993000326678157,58.90900001395494,60.57649996364489,61.37579999631271,119.48549997759983
reactive-lru,2,14,6,Toskarel,mascot animal,1,0.0,0,2,0.0,0.0,66.6091000312008,66.6091000312008,66.6091000312008
reactive-lru,2,14,7,Toskarel,primary material,1,0.0,0,2,0.0,0.0,41.45120002795011,41.45120002795011,41.45120002795011
reactive-lru,2,14,8,Quorvane,corporate color,0,0.0,0,2,0.5034999921917915,48.093599965795875,104.24140002578497,104.74490001797676,152.33499999158084
reactive-lru,2,14,9,Veltrax,board chair,0,0.0,0,2,0.527600001078099,92.30060002300888,45.00360001111403,45.53120001219213,137.3042000341229
reactive-lru,2,14,10,Veltrax,flagship product,1,0.0,0,2,0.0,0.0,50.66080001415685,50.66080001415685,50.66080001415685
reactive-lru,2,14,11,Quorvane,corporate color,1,0.0,0,2,0.0,0.0,87.65020000282675,87.65020000282675,87.65020000282675
reactive-lru,2,15,0,Bramwick,mascot animal,0,0.0,0,1,0.4406999796628952,57.88819998269901,61.98410002980381,62.42480000946671,119.87230001250282
reactive-lru,2,15,1,Veltrax,lucky number,0,0.0,0,2,0.48619997687637806,68.92649998189881,77.82380003482103,78.31000001169741,146.75030001671985
reactive-lru,2,15,2,Quorvane,annual revenue,0,0.0,0,2,0.5515000084415078,62.54449998959899,56.79830000735819,57.3498000157997,119.34279999695718
reactive-lru,2,15,3,Quorvane,corporate color,1,0.0,0,2,0.0,0.0,59.54379995819181,59.54379995819181,59.54379995819181
reactive-lru,2,15,4,Quorvane,headquarters city,1,0.0,0,2,0.0,0.0,68.28910001786426,68.28910001786426,68.28910001786426
reactive-lru,2,15,5,Quorvane,chief executive,1,0.0,0,2,0.0,0.0,65.22250000853091,65.22250000853091,65.22250000853091
reactive-lru,2,15,6,Seluun,stock ticker,0,0.0,0,2,0.534999999217689,66.3848000112921,44.32330001145601,44.8583000106737,110.70810002274811
reactive-lru,2,15,7,Bramwick,employee count,0,0.0,0,2,0.44899998465552926,62.96629999997094,75.17570001073182,75.62469999538735,138.14200001070276
reactive-lru,2,15,8,Quorvane,founding river,0,0.0,0,2,0.5530000198632479,67.63559998944402,53.111999994143844,53.66500001400709,120.74759998358786
reactive-lru,2,15,9,Seluun,annual revenue,0,0.0,0,2,0.45140000293031335,51.34830001043156,59.614900033921,60.06630003685132,110.96320004435256
reactive-lru,2,15,10,Bramwick,annual revenue,0,0.0,0,2,0.4501000512391329,70.18580002477393,49.36689999885857,49.817000050097704,119.5527000236325
reactive-lru,2,15,11,Bramwick,chief engineer,1,0.0,0,2,0.0,0.0,125.16169995069504,125.16169995069504,125.16169995069504
reactive-lru,2,16,0,Seluun,mascot animal,0,0.0,0,1,0.5052000051364303,77.32069998746738,42.80209995340556,43.30729995854199,120.12279994087294
reactive-lru,2,16,1,Seluun,board chair,1,0.0,0,1,0.0,0.0,40.51620000973344,40.51620000973344,40.51620000973344
reactive-lru,2,16,2,Seluun,flagship product,1,0.0,0,1,0.0,0.0,46.89090000465512,46.89090000465512,46.89090000465512
reactive-lru,2,16,3,Draskel,motto word,0,0.0,0,2,0.46140002086758614,70.48570003826171,51.736800000071526,52.19820002093911,122.22250003833324
reactive-lru,2,16,4,Draskel,anthem composer,1,0.0,0,2,0.0,0.0,41.002599988132715,41.002599988132715,41.002599988132715
reactive-lru,2,16,5,Draskel,mascot animal,1,0.0,0,2,0.0,0.0,39.88320002099499,39.88320002099499,39.88320002099499
reactive-lru,2,16,6,Draskel,satellite name,1,0.0,0,2,0.0,0.0,53.704300022218376,53.704300022218376,53.704300022218376
reactive-lru,2,16,7,Draskel,board chair,1,0.0,0,2,0.0,0.0,55.449700041208416,55.449700041208416,55.449700041208416
reactive-lru,2,16,8,Draskel,stock ticker,1,0.0,0,2,0.0,0.0,40.07160000037402,40.07160000037402,40.07160000037402
reactive-lru,2,16,9,Draskel,primary material,1,0.0,0,2,0.0,0.0,39.88230001414195,39.88230001414195,39.88230001414195
reactive-lru,2,16,10,Draskel,mascot animal,1,0.0,0,2,0.0,0.0,67.76400003582239,67.76400003582239,67.76400003582239
reactive-lru,2,16,11,Draskel,satellite name,1,0.0,0,2,0.0,0.0,63.70699999388307,63.70699999388307,63.70699999388307
reactive-lru,2,17,0,Ilmeth,anthem composer,0,0.0,0,1,0.4372000112198293,53.646499989554286,48.97879995405674,49.41599996527657,102.62529994361103
reactive-lru,2,17,1,Ilmeth,archive codename,1,0.0,0,1,0.0,0.0,87.67439995426685,87.67439995426685,87.67439995426685
reactive-lru,2,17,2,Draskel,satellite name,0,0.0,0,2,0.519900000654161,86.31809998769313,61.8730999995023,62.39300000015646,148.19119998719543
reactive-lru,2,17,3,Seluun,primary material,0,0.0,0,2,0.5247000372037292,73.56340001570061,60.58279995340854,61.10749999061227,134.14619996910915
reactive-lru,2,17,4,Bramwick,flagship product,0,0.0,0,2,0.4396000294946134,52.308899990748614,80.03870001994073,80.47830004943535,132.34760001068935
reactive-lru,2,17,5,Bramwick,founding year,1,0.0,0,2,0.0,0.0,39.17190001811832,39.17190001811832,39.17190001811832
reactive-lru,2,17,6,Bramwick,employee count,1,0.0,0,2,0.0,0.0,52.45580000337213,52.45580000337213,52.45580000337213
reactive-lru,2,17,7,Bramwick,research lab city,1,0.0,0,2,0.0,0.0,49.757600005250424,49.757600005250424,49.757600005250424
reactive-lru,2,17,8,Bramwick,primary material,1,0.0,0,2,0.0,0.0,40.5577999772504,40.5577999772504,40.5577999772504
reactive-lru,2,17,9,Bramwick,research lab city,1,0.0,0,2,0.0,0.0,62.44219996733591,62.44219996733591,62.44219996733591
reactive-lru,2,17,10,Quorvane,founding year,0,0.0,0,2,0.914999982342124,105.5717000272125,43.380499992053956,44.29549997439608,148.95220001926646
reactive-lru,2,17,11,Quorvane,founding river,1,0.0,0,2,0.0,0.0,80.32219996675849,80.32219996675849,80.32219996675849
reactive-lru,2,18,0,Bramwick,chief engineer,0,0.0,0,1,0.8063999703153968,77.27700000395998,66.36380002601072,67.17019999632612,143.6408000299707
reactive-lru,2,18,1,Quorvane,flagship product,0,0.0,0,2,0.9141999762505293,86.71230002073571,51.195999956689775,52.110199932940304,137.9082999774255
reactive-lru,2,18,2,Veltrax,annual revenue,0,0.0,0,2,0.8272000122815371,101.65980004239827,71.21710001956671,72.04430003184825,172.876900061965
reactive-lru,2,18,3,Veltrax,founding year,1,0.0,0,2,0.0,0.0,56.27749999985099,56.27749999985099,56.27749999985099
reactive-lru,2,18,4,Draskel,founding river,0,0.0,0,2,0.8161999867297709,70.85409999126568,63.59089998295531,64.40709996968508,134.444999974221
reactive-lru,2,18,5,Pyrenna,primary material,0,0.0,0,2,0.8065999718382955,63.55969997821376,42.18399996170774,42.99059993354604,105.7436999399215
reactive-lru,2,18,6,Ilmeth,board chair,0,0.0,0,2,0.7323000463657081,89.7547000204213,48.31650003325194,49.04880007961765,138.07120005367324
reactive-lru,2,18,7,Draskel,research lab city,0,0.0,0,2,0.5223000189289451,90.8218999975361,43.09280001325533,43.61510003218427,133.91470001079142
reactive-lru,2,18,8,Draskel,annual revenue,1,0.0,0,2,0.0,0.0,41.80449998239055,41.80449998239055,41.80449998239055
reactive-lru,2,18,9,Draskel,annual revenue,1,0.0,0,2,0.0,0.0,78.97259999299422,78.97259999299422,78.97259999299422
reactive-lru,2,18,10,Draskel,board chair,1,0.0,0,2,0.0,0.0,80.68790001561865,80.68790001561865,80.68790001561865
reactive-lru,2,18,11,Draskel,chief executive,1,0.0,0,2,0.0,0.0,80.750800028909,80.750800028909,80.750800028909
reactive-lru,2,19,0,Draskel,primary material,0,0.0,0,1,0.47859997721388936,46.83519998798147,49.36969996197149,49.84829993918538,96.20489994995296
reactive-lru,2,19,1,Pyrenna,employee count,0,0.0,0,2,0.4600000102072954,45.01860000891611,64.35489997966215,64.81489998986945,109.37349998857826
reactive-lru,2,19,2,Ilmeth,stock ticker,0,0.0,0,2,0.42310002027079463,46.2740000220947,53.93950000870973,54.36260002898052,100.21350003080443
reactive-lru,2,19,3,Draskel,board chair,0,0.0,0,2,0.45659998431801796,45.928900013677776,45.25559995090589,45.71219993522391,91.18449996458367
reactive-lru,2,19,4,Draskel,stock ticker,1,0.0,0,2,0.0,0.0,59.399900026619434,59.399900026619434,59.399900026619434
reactive-lru,2,19,5,Pyrenna,anthem composer,0,0.0,0,2,0.5173000390641391,63.416399993002415,74.14650003192946,74.6638000709936,137.56290002493188
reactive-lru,2,19,6,Pyrenna,founding river,1,0.0,0,2,0.0,0.0,40.23859999142587,40.23859999142587,40.23859999142587
reactive-lru,2,19,7,Ilmeth,corporate color,0,0.0,0,2,0.42320002103224397,67.30470003094524,85.77870001317933,86.20190003421158,153.08340004412457
reactive-lru,2,19,8,Ilmeth,headquarters city,1,0.0,0,2,0.0,0.0,43.31789998104796,43.31789998104796,43.31789998104796
reactive-lru,2,19,9,Ilmeth,flagship product,1,0.0,0,2,0.0,0.0,84.46360001107678,84.46360001107678,84.46360001107678
reactive-lru,2,19,10,Toskarel,chief executive,0,0.0,0,2,0.49320003017783165,79.58369998959824,72.82460003625602,73.31780006643385,152.40830002585426
reactive-lru,2,19,11,Toskarel,founding river,1,0.0,0,2,0.0,0.0,45.715600019320846,45.715600019320846,45.715600019320846
reactive-lru,2,20,0,Ilmeth,chief executive,0,0.0,0,1,0.49429998034611344,58.92679997486994,42.46250004507601,42.956800025422126,101.38930001994595
reactive-lru,2,20,1,Ilmeth,stock ticker,1,0.0,0,1,0.0,0.0,63.81550000514835,63.81550000514835,63.81550000514835
reactive-lru,2,20,2,Draskel,signature dish,0,0.0,0,2,0.5034999921917915,109.30400004144758,74.06059995992109,74.56409995211288,183.36460000136867
reactive-lru,2,20,3,Draskel,chief engineer,1,0.0,0,2,0.0,0.0,65.70720003219321,65.70720003219321,65.70720003219321
reactive-lru,2,20,4,Draskel,chief executive,1,0.0,0,2,0.0,0.0,56.88300001202151,56.88300001202151,56.88300001202151
reactive-lru,2,20,5,Pyrenna,founding river,0,0.0,0,2,0.6414999952539802,81.80340001126751,82.79079996282235,83.43229995807633,164.59419997408986
reactive-lru,2,20,6,Pyrenna,headquarters city,1,0.0,0,2,0.0,0.0,45.69719999562949,45.69719999562949,45.69719999562949
reactive-lru,2,20,7,Pyrenna,anthem composer,1,0.0,0,2,0.0,0.0,44.456399977207184,44.456399977207184,44.456399977207184
reactive-lru,2,20,8,Pyrenna,board chair,1,0.0,0,2,0.0,0.0,55.18219998339191,55.18219998339191,55.18219998339191
reactive-lru,2,20,9,Ilmeth,anthem composer,0,0.0,0,2,0.4389999667182565,61.74850004026666,55.30120001640171,55.740199983119965,117.04970005666837
reactive-lru,2,20,10,Ilmeth,lucky number,1,0.0,0,2,0.0,0.0,56.039299990516156,56.039299990516156,56.039299990516156
reactive-lru,2,20,11,Toskarel,motto word,0,0.0,0,2,0.8286000229418278,76.96610002312809,54.616899986285716,55.445500009227544,131.5830000094138
reactive-lru,2,21,0,Draskel,founding year,0,0.0,0,1,0.8562000002712011,47.42590000387281,74.17670002905652,75.03290002932772,121.60260003292933
reactive-lru,2,21,1,Pyrenna,chief engineer,0,0.0,0,2,0.8650000090710819,57.58109997259453,80.72299999184906,81.58800000092015,138.3040999644436
reactive-lru,2,21,2,Draskel,stock ticker,1,0.0,0,2,0.0,0.0,42.88100003032014,42.88100003032014,42.88100003032014
reactive-lru,2,21,3,Draskel,corporate color,1,0.0,0,2,0.0,0.0,41.27049999078736,41.27049999078736,41.27049999078736
reactive-lru,2,21,4,Pyrenna,satellite name,1,0.0,0,2,0.0,0.0,43.17379998974502,43.17379998974502,43.17379998974502
reactive-lru,2,21,5,Ilmeth,board chair,0,0.0,0,2,0.42240001494064927,74.76619997760281,58.22960002114996,58.65200003609061,132.99579999875277
reactive-lru,2,21,6,Seluun,signature dish,0,0.0,0,2,0.45819999650120735,75.09450003271922,90.98769997945055,91.44589997595176,166.08220001216978
reactive-lru,2,21,7,Seluun,employee count,1,0.0,0,2,0.0,0.0,79.60429997183383,79.60429997183383,79.60429997183383
reactive-lru,2,21,8,Draskel,research lab city,0,0.0,0,2,0.4697000258602202,46.33450001711026,49.56979997223243,50.03949999809265,95.90429998934269
reactive-lru,2,21,9,Draskel,annual revenue,1,0.0,0,2,0.0,0.0,55.58680003741756,55.58680003741756,55.58680003741756
reactive-lru,2,21,10,Draskel,mascot animal,1,0.0,0,2,0.0,0.0,70.78629999887198,70.78629999887198,70.78629999887198
reactive-lru,2,21,11,Pyrenna,chief executive,0,0.0,0,2,0.5324999801814556,68.40240000747144,42.22570004640147,42.75820002658293,110.62810005387291
reactive-lru,2,22,0,Bramwick,chief engineer,0,0.0,0,1,0.44239999260753393,87.63720002025366,45.3745000413619,45.81690003396943,133.01170006161556
reactive-lru,2,22,1,Bramwick,flagship product,1,0.0,0,1,0.0,0.0,38.95330004161224,38.95330004161224,38.95330004161224
reactive-lru,2,22,2,Veltrax,headquarters city,0,0.0,0,2,0.4607000155374408,46.54070001561195,39.540600031614304,40.001300047151744,86.08130004722625
reactive-lru,2,22,3,Pyrenna,mascot animal,0,0.0,0,2,0.4800999886356294,55.27030001394451,43.573099945206195,44.053199933841825,98.8433999591507
reactive-lru,2,22,4,Ilmeth,signature dish,0,0.0,0,2,0.42940001003444195,76.13959995796904,82.49830000568181,82.92770001571625,158.63789996365085
reactive-lru,2,22,5,Toskarel,chief engineer,0,0.0,0,2,0.45460002729669213,59.089899994432926,74.33079998008907,74.78540000738576,133.420699974522
reactive-lru,2,22,6,Quorvane,flagship product,0,0.0,0,2,0.5378999630920589,66.74680003197864,71.66429999051616,72.20219995360821,138.4111000224948
reactive-lru,2,22,7,Seluun,flagship product,0,0.0,0,2,0.4551000311039388,59.22420002752915,107.56409994792193,108.01919997902587,166.78829997545108
reactive-lru,2,22,8,Seluun,motto word,1,0.0,0,2,0.0,0.0,62.227999966125935,62.227999966125935,62.227999966125935
reactive-lru,2,22,9,Seluun,annual revenue,1,0.0,0,2,0.0,0.0,57.746400008909404,57.746400008909404,57.746400008909404
reactive-lru,2,22,10,Bramwick,motto word,0,0.0,0,2,0.4306999617256224,55.116299947258085,42.303400055971,42.73410001769662,97.41970000322908
reactive-lru,2,22,11,Quorvane,anthem composer,0,0.0,0,2,0.4893000004813075,55.41899998206645,85.66009998321533,86.14939998369664,141.07909996528178
reactive-lru,2,23,0,Draskel,founding river,0,0.0,0,1,0.5247999797575176,107.31210000813007,70.8658000221476,71.39060000190511,178.17790003027767
reactive-lru,2,23,1,Pyrenna,lucky number,0,0.0,0,2,0.47040003119036555,72.17499997932464,62.27620004210621,62.74660007329658,134.45120002143085
reactive-lru,2,23,2,Pyrenna,mascot animal,1,0.0,0,2,0.0,0.0,41.57790000317618,41.57790000317618,41.57790000317618
reactive-lru,2,23,3,Veltrax,founding year,0,0.0,0,2,0.4533999599516392,54.812399961519986,64.41590003669262,64.86929999664426,119.2282999982126
reactive-lru,2,23,4,Quorvane,chief engineer,0,0.0,0,2,0.49190002027899027,73.0432000127621,59.67769998824224,60.16960000852123,132.72090000100434
reactive-lru,2,23,5,Veltrax,mascot animal,1,0.0,0,2,0.0,0.0,82.07369997398928,82.07369997398928,82.07369997398928
reactive-lru,2,23,6,Veltrax,employee count,1,0.0,0,2,0.0,0.0,62.41539999609813,62.41539999609813,62.41539999609813
reactive-lru,2,23,7,Pyrenna,founding year,0,0.0,0,2,0.4762000171467662,53.57300001196563,86.10090002184734,86.5771000389941,139.67390003381297
reactive-lru,2,23,8,Pyrenna,anthem composer,1,0.0,0,2,0.0,0.0,62.82190000638366,62.82190000638366,62.82190000638366
reactive-lru,2,23,9,Pyrenna,annual revenue,1,0.0,0,2,0.0,0.0,53.51739999605343,53.51739999605343,53.51739999605343
reactive-lru,2,23,10,Pyrenna,chief executive,1,0.0,0,2,0.0,0.0,80.74130001477897,80.74130001477897,80.74130001477897
reactive-lru,2,23,11,Pyrenna,primary material,1,0.0,0,2,0.0,0.0,39.54049997264519,39.54049997264519,39.54049997264519
reactive-lru,2,24,0,Veltrax,signature dish,0,0.0,0,1,0.4782000323757529,53.63979999674484,45.92059995047748,46.398799982853234,99.56039994722232
reactive-lru,2,24,1,Pyrenna,stock ticker,0,0.0,0,2,0.4539999645203352,46.39189998852089,43.66719996323809,44.121199927758425,90.05909995175898
reactive-lru,2,24,2,Ilmeth,chief executive,0,0.0,0,2,0.44239999260753393,48.785499995574355,64.16140001965687,64.6038000122644,112.94690001523122
reactive-lru,2,24,3,Ilmeth,lucky number,1,0.0,0,2,0.0,0.0,43.331499968189746,43.331499968189746,43.331499968189746
reactive-lru,2,24,4,Toskarel,mascot animal,0,0.0,0,2,0.46060001477599144,45.52099999273196,54.37349999556318,54.83410001033917,99.89449998829514
reactive-lru,2,24,5,Quorvane,chief engineer,0,0.0,0,2,0.4889999981969595,46.30029998952523,48.757300013676286,49.246300011873245,95.05760000320151
reactive-lru,2,24,6,Veltrax,motto word,0,0.0,0,2,0.464599987026304,62.32510000700131,78.01090000430122,78.47549999132752,140.33600001130253
reactive-lru,2,24,7,Veltrax,satellite name,1,0.0,0,2,0.0,0.0,74.6750999824144,74.6750999824144,74.6750999824144
reactive-lru,2,24,8,Ilmeth,research lab city,0,0.0,0,2,0.4542000242508948,93.52459997171536,50.32989999745041,50.784100021701306,143.85449996916577
reactive-lru,2,24,9,Ilmeth,anthem composer,1,0.0,0,2,0.0,0.0,65.77510002534837,65.77510002534837,65.77510002534837
reactive-lru,2,24,10,Draskel,research lab city,0,0.0,0,2,0.4605999565683305,66.47600000724196,73.76719999592751,74.22779995249584,140.24320000316948
reactive-lru,2,24,11,Draskel,anthem composer,1,0.0,0,2,0.0,0.0,66.16529996972531,66.16529996972531,66.16529996972531
reactive-lru,2,25,0,Bramwick,chief executive,0,0.0,0,1,0.44430000707507133,64.57460002275184,104.17990002315491,104.62420003022999,168.75450004590675
reactive-lru,2,25,1,Toskarel,stock ticker,0,0.0,0,2,0.4971999442204833,97.70389995537698,62.623800011351705,63.12099995557219,160.3276999667287
reactive-lru,2,25,2,Toskarel,flagship product,1,0.0,0,2,0.0,0.0,40.42999999364838,40.42999999364838,40.42999999364838
reactive-lru,2,25,3,Toskarel,mascot animal,1,0.0,0,2,0.0,0.0,52.00840003089979,52.00840003089979,52.00840003089979
reactive-lru,2,25,4,Pyrenna,headquarters city,0,0.0,0,2,0.5030999891459942,63.43189999461174,46.41219996847212,46.91529995761812,109.84409996308386
reactive-lru,2,25,5,Ilmeth,signature dish,0,0.0,0,2,0.41689997306093574,65.74589997762814,45.37269996944815,45.789599942509085,111.11859994707629
reactive-lru,2,25,6,Ilmeth,chief engineer,1,0.0,0,2,0.0,0.0,44.0707000088878,44.0707000088878,44.0707000088878
reactive-lru,2,25,7,Ilmeth,anthem composer,1,0.0,0,2,0.0,0.0,79.8116999794729,79.8116999794729,79.8116999794729
reactive-lru,2,25,8,Ilmeth,employee count,1,0.0,0,2,0.0,0.0,45.18700001062825,45.18700001062825,45.18700001062825
reactive-lru,2,25,9,Toskarel,founding year,0,0.0,0,2,0.493000028654933,55.93540001427755,40.2851999970153,40.77820002567023,96.22060001129285
reactive-lru,2,25,10,Quorvane,chief executive,0,0.0,0,2,0.48779998905956745,49.70319999847561,54.58250001538545,55.070300004445016,104.28570001386106
reactive-lru,2,25,11,Quorvane,chief engineer,1,0.0,0,2,0.0,0.0,54.07250003190711,54.07250003190711,54.07250003190711
reactive-lru,2,26,0,Veltrax,annual revenue,0,0.0,0,1,0.4602999542839825,60.05849997745827,72.54129997454584,73.00159992882982,132.5997999520041
reactive-lru,2,26,1,Veltrax,stock ticker,1,0.0,0,1,0.0,0.0,61.303500027861446,61.303500027861446,61.303500027861446
reactive-lru,2,26,2,Veltrax,employee count,1,0.0,0,1,0.0,0.0,64.73580002784729,64.73580002784729,64.73580002784729
reactive-lru,2,26,3,Veltrax,annual revenue,1,0.0,0,1,0.0,0.0,70.4006000305526,70.4006000305526,70.4006000305526
reactive-lru,2,26,4,Quorvane,flagship product,0,0.0,0,2,0.532899983227253,65.88229996850714,102.86310000810772,103.39599999133497,168.74539997661486
reactive-lru,2,26,5,Quorvane,motto word,1,0.0,0,2,0.0,0.0,91.86300000874326,91.86300000874326,91.86300000874326
reactive-lru,2,26,6,Quorvane,mascot animal,1,0.0,0,2,0.0,0.0,82.09410001290962,82.09410001290962,82.09410001290962
reactive-lru,2,26,7,Quorvane,chief engineer,1,0.0,0,2,0.0,0.0,76.73400000203401,76.73400000203401,76.73400000203401
reactive-lru,2,26,8,Quorvane,annual revenue,1,0.0,0,2,0.0,0.0,60.95459999050945,60.95459999050945,60.95459999050945
reactive-lru,2,26,9,Seluun,flagship product,0,0.0,0,2,0.8174999966286123,92.71509997779503,85.9482999658212,86.76579996244982,178.66339994361624
reactive-lru,2,26,10,Seluun,founding river,1,0.0,0,2,0.0,0.0,93.75300002284348,93.75300002284348,93.75300002284348
reactive-lru,2,26,11,Seluun,anthem composer,1,0.0,0,2,0.0,0.0,45.16650002915412,45.16650002915412,45.16650002915412
reactive-lru,2,27,0,Pyrenna,corporate color,0,0.0,0,1,0.8034000056795776,80.45860001584515,71.8021000502631,72.60550005594268,152.26070006610826
reactive-lru,2,27,1,Pyrenna,annual revenue,1,0.0,0,1,0.0,0.0,78.58809997560456,78.58809997560456,78.58809997560456
reactive-lru,2,27,2,Pyrenna,flagship product,1,0.0,0,1,0.0,0.0,48.31789998570457,48.31789998570457,48.31789998570457
reactive-lru,2,27,3,Pyrenna,employee count,1,0.0,0,1,0.0,0.0,65.51909999689087,65.51909999689087,65.51909999689087
reactive-lru,2,27,4,Pyrenna,headquarters city,1,0.0,0,1,0.0,0.0,40.40630004601553,40.40630004601553,40.40630004601553
reactive-lru,2,27,5,Pyrenna,anthem composer,1,0.0,0,1,0.0,0.0,43.038600008003414,43.038600008003414,43.038600008003414
reactive-lru,2,27,6,Pyrenna,primary material,1,0.0,0,1,0.0,0.0,52.68419999629259,52.68419999629259,52.68419999629259
reactive-lru,2,27,7,Pyrenna,stock ticker,1,0.0,0,1,0.0,0.0,50.656700041145086,50.656700041145086,50.656700041145086
reactive-lru,2,27,8,Pyrenna,signature dish,1,0.0,0,1,0.0,0.0,41.82590002892539,41.82590002892539,41.82590002892539
reactive-lru,2,27,9,Pyrenna,signature dish,1,0.0,0,1,0.0,0.0,45.266799977980554,45.266799977980554,45.266799977980554
reactive-lru,2,27,10,Pyrenna,chief engineer,1,0.0,0,1,0.0,0.0,70.71299996459857,70.71299996459857,70.71299996459857
reactive-lru,2,27,11,Toskarel,chief engineer,0,0.0,0,2,0.8355999598279595,66.20549998478964,47.75969998445362,48.59529994428158,113.96519996924326
reactive-lru,2,28,0,Seluun,stock ticker,0,0.0,0,1,0.8584000170230865,66.10880000516772,67.81759997829795,68.67599999532104,133.92639998346567
reactive-lru,2,28,1,Seluun,research lab city,1,0.0,0,1,0.0,0.0,54.72159996861592,54.72159996861592,54.72159996861592
reactive-lru,2,28,2,Bramwick,chief executive,0,0.0,0,2,0.7760999724268913,58.84519999381155,69.21720004174858,69.99330001417547,128.06240003556013
reactive-lru,2,28,3,Veltrax,employee count,0,0.0,0,2,0.8566000033169985,123.46950004575774,41.39039997244254,42.246999975759536,164.85990001820028
reactive-lru,2,28,4,Veltrax,lucky number,1,0.0,0,2,0.0,0.0,52.851000044029206,52.851000044029206,52.851000044029206
reactive-lru,2,28,5,Veltrax,stock ticker,1,0.0,0,2,0.0,0.0,71.20700000086799,71.20700000086799,71.20700000086799
reactive-lru,2,28,6,Quorvane,research lab city,0,0.0,0,2,1.0009999969042838,62.39900004584342,63.892100006341934,64.89310000324622,126.29110005218536
reactive-lru,2,28,7,Toskarel,annual revenue,0,0.0,0,2,0.8279000176116824,52.14479996357113,104.62659999029711,105.45450000790879,156.77139995386824
reactive-lru,2,28,8,Toskarel,board chair,1,0.0,0,2,0.0,0.0,78.51370004937053,78.51370004937053,78.51370004937053
reactive-lru,2,28,9,Ilmeth,founding year,0,0.0,0,2,0.74230000609532,74.42550000268966,65.98809995921329,66.7303999653086,140.41359996190295
reactive-lru,2,28,10,Ilmeth,motto word,1,0.0,0,2,0.0,0.0,43.177699961233884,43.177699961233884,43.177699961233884
reactive-lru,2,28,11,Ilmeth,flagship product,1,0.0,0,2,0.0,0.0,39.58720003720373,39.58720003720373,39.58720003720373
reactive-lru,2,29,0,Bramwick,board chair,0,0.0,0,1,0.7445000228472054,62.19730002339929,58.04949998855591,58.794000011403114,120.2468000119552
reactive-lru,2,29,1,Bramwick,flagship product,1,0.0,0,1,0.0,0.0,54.957699961960316,54.957699961960316,54.957699961960316
reactive-lru,2,29,2,Pyrenna,flagship product,0,0.0,0,2,0.8034000056795776,54.25679998006672,76.78240002132952,77.5858000270091,131.03920000139624
reactive-lru,2,29,3,Pyrenna,chief executive,1,0.0,0,2,0.0,0.0,67.99199996748939,67.99199996748939,67.99199996748939
reactive-lru,2,29,4,Draskel,chief executive,0,0.0,0,2,0.8197999559342861,82.66620000358671,79.79500002693385,80.61479998286813,162.46120003052056
reactive-lru,2,29,5,Seluun,corporate color,0,0.0,0,2,0.8491000044159591,91.81399998487905,42.28090000106022,43.13000000547618,134.09489998593926
reactive-lru,2,29,6,Seluun,archive codename,1,0.0,0,2,0.0,0.0,53.77370002679527,53.77370002679527,53.77370002679527
reactive-lru,2,29,7,Seluun,research lab city,1,0.0,0,2,0.0,0.0,43.822300038300455,43.822300038300455,43.822300038300455
reactive-lru,2,29,8,Seluun,primary material,1,0.0,0,2,0.0,0.0,117.89110000245273,117.89110000245273,117.89110000245273
reactive-lru,2,29,9,Seluun,mascot animal,1,0.0,0,2,0.0,0.0,61.43490003887564,61.43490003887564,61.43490003887564
reactive-lru,2,29,10,Seluun,motto word,1,0.0,0,2,0.0,0.0,78.51500000106171,78.51500000106171,78.51500000106171
reactive-lru,2,29,11,Seluun,research lab city,1,0.0,0,2,0.0,0.0,112.09619999863207,112.09619999863207,112.09619999863207
reactive-lru,2,30,0,Draskel,lucky number,0,0.0,0,1,0.8521000272594392,52.47699999017641,47.105300007387996,47.957400034647435,99.5822999975644
reactive-lru,2,30,1,Pyrenna,archive codename,0,0.0,0,2,0.7952000014483929,56.85479997191578,53.9110999670811,54.70629996852949,110.76589993899688
reactive-lru,2,30,2,Pyrenna,anthem composer,1,0.0,0,2,0.0,0.0,64.23179997364059,64.23179997364059,64.23179997364059
reactive-lru,2,30,3,Ilmeth,chief executive,0,0.0,0,2,0.7857999880798161,62.07220000214875,59.20780001906678,59.9936000071466,121.28000002121553
reactive-lru,2,30,4,Ilmeth,signature dish,1,0.0,0,2,0.0,0.0,89.0526000293903,89.0526000293903,89.0526000293903
reactive-lru,2,30,5,Toskarel,headquarters city,0,0.0,0,2,0.8592999656684697,81.0535000055097,68.98830004502088,69.84760001068935,150.04180005053058
reactive-lru,2,30,6,Toskarel,founding river,1,0.0,0,2,0.0,0.0,43.81709999870509,43.81709999870509,43.81709999870509
reactive-lru,2,30,7,Toskarel,primary material,1,0.0,0,2,0.0,0.0,46.55769997043535,46.55769997043535,46.55769997043535
reactive-lru,2,30,8,Pyrenna,anthem composer,0,0.0,0,2,0.8819999638944864,74.6997999958694,97.09100000327453,97.97299996716902,171.79079999914393
reactive-lru,2,30,9,Pyrenna,primary material,1,0.0,0,2,0.0,0.0,71.47460000123829,71.47460000123829,71.47460000123829
reactive-lru,2,30,10,Pyrenna,chief engineer,1,0.0,0,2,0.0,0.0,63.23600001633167,63.23600001633167,63.23600001633167
reactive-lru,2,30,11,Pyrenna,signature dish,1,0.0,0,2,0.0,0.0,71.14200002979487,71.14200002979487,71.14200002979487
reactive-lru,2,31,0,Bramwick,board chair,0,0.0,0,1,0.9147999808192253,80.45949996449053,43.139100016560405,44.05389999737963,123.59859998105094
reactive-lru,2,31,1,Quorvane,founding river,0,0.0,0,2,0.8538999827578664,47.915800008922815,74.16750001721084,75.02139999996871,122.08330002613366
reactive-lru,2,31,2,Quorvane,signature dish,1,0.0,0,2,0.0,0.0,70.49710000865161,70.49710000865161,70.49710000865161
reactive-lru,2,31,3,Quorvane,employee count,1,0.0,0,2,0.0,0.0,76.53590000700206,76.53590000700206,76.53590000700206
reactive-lru,2,31,4,Quorvane,corporate color,1,0.0,0,2,0.0,0.0,76.79660001304,76.79660001304,76.79660001304
reactive-lru,2,31,5,Quorvane,founding year,1,0.0,0,2,0.0,0.0,55.16310001257807,55.16310001257807,55.16310001257807
reactive-lru,2,31,6,Veltrax,research lab city,0,0.0,0,2,0.8054999634623528,85.79540002392605,44.84919999958947,45.654699963051826,130.64460002351552
reactive-lru,2,31,7,Veltrax,primary material,1,0.0,0,2,0.0,0.0,60.122800001408905,60.122800001408905,60.122800001408905
reactive-lru,2,31,8,Veltrax,chief executive,1,0.0,0,2,0.0,0.0,77.82999996561557,77.82999996561557,77.82999996561557
reactive-lru,2,31,9,Veltrax,annual revenue,1,0.0,0,2,0.0,0.0,42.50470001716167,42.50470001716167,42.50470001716167
reactive-lru,2,31,10,Veltrax,stock ticker,1,0.0,0,2,0.0,0.0,53.397900017444044,53.397900017444044,53.397900017444044
reactive-lru,2,31,11,Quorvane,lucky number,1,0.0,0,2,0.0,0.0,88.41530000790954,88.41530000790954,88.41530000790954
reactive-lru,2,32,0,Seluun,flagship product,0,0.0,0,1,0.8559999987483025,66.81589997606352,62.13140004547313,62.98740004422143,128.94730002153665
reactive-lru,2,32,1,Seluun,employee count,1,0.0,0,1,0.0,0.0,76.34469994809479,76.34469994809479,76.34469994809479
reactive-lru,2,32,2,Seluun,founding year,1,0.0,0,1,0.0,0.0,51.22339999070391,51.22339999070391,51.22339999070391
reactive-lru,2,32,3,Pyrenna,research lab city,0,0.0,0,2,0.8205000194720924,60.66280003869906,47.99849999835715,48.81900001782924,108.66130003705621
reactive-lru,2,32,4,Ilmeth,archive codename,0,0.0,0,2,0.7578000077046454,82.00019999640062,95.91670002555475,96.67450003325939,177.91690002195537
reactive-lru,2,32,5,Ilmeth,signature dish,1,0.0,0,2,0.0,0.0,46.97819997090846,46.97819997090846,46.97819997090846
reactive-lru,2,32,6,Ilmeth,archive codename,1,0.0,0,2,0.0,0.0,67.20079999649897,67.20079999649897,67.20079999649897
reactive-lru,2,32,7,Toskarel,chief engineer,0,0.0,0,2,0.458099995739758,48.59839996788651,41.36909998487681,41.82719998061657,89.96749995276332
reactive-lru,2,32,8,Quorvane,mascot animal,0,0.0,0,2,0.5049000028520823,51.203400013037026,83.9018999831751,84.40679998602718,135.10529999621212
reactive-lru,2,32,9,Veltrax,annual revenue,0,0.0,0,2,0.5145000177435577,75.22159995278344,42.19919996103272,42.713699978776276,117.42079991381615
reactive-lru,2,32,10,Pyrenna,chief executive,0,0.0,0,2,0.457199988886714,48.6384000396356,51.26510001718998,51.72230000607669,99.90350005682558
reactive-lru,2,32,11,Pyrenna,employee count,1,0.0,0,2,0.0,0.0,65.53830002667382,65.53830002667382,65.53830002667382
reactive-lru,2,33,0,Veltrax,flagship product,0,0.0,0,1,0.48889999743551016,49.519099993631244,52.30059998575598,52.78949998319149,101.81969997938722
reactive-lru,2,33,1,Veltrax,lucky number,1,0.0,0,1,0.0,0.0,90.60229995520785,90.60229995520785,90.60229995520785
reactive-lru,2,33,2,Pyrenna,annual revenue,0,0.0,0,2,0.541799992788583,60.49939995864406,76.26529998378828,76.80709997657686,136.76469994243234
reactive-lru,2,33,3,Draskel,founding year,0,0.0,0,2,0.47400000039488077,51.5669000451453,102.7233999921009,103.19739999249578,154.2903000372462
reactive-lru,2,33,4,Draskel,board chair,1,0.0,0,2,0.0,0.0,90.27869999408722,90.27869999408722,90.27869999408722
reactive-lru,2,33,5,Veltrax,anthem composer,0,0.0,0,2,0.5288000102154911,70.53129997802898,42.09339997032657,42.622199980542064,112.62469994835556
reactive-lru,2,33,6,Veltrax,archive codename,1,0.0,0,2,0.0,0.0,57.31840000953525,57.31840000953525,57.31840000953525
reactive-lru,2,33,7,Veltrax,flagship product,1,0.0,0,2,0.0,0.0,53.236300009302795,53.236300009302795,53.236300009302795
reactive-lru,2,33,8,Quorvane,flagship product,0,0.0,0,2,0.5887000006623566,54.01879997225478,77.36620004288852,77.95490004355088,131.3850000151433
reactive-lru,2,33,9,Pyrenna,corporate color,0,0.0,0,2,0.5076999659650028,88.04639999289066,50.12709996663034,50.63479993259534,138.173499959521
reactive-lru,2,33,10,Pyrenna,headquarters city,1,0.0,0,2,0.0,0.0,82.58639997802675,82.58639997802675,82.58639997802675
reactive-lru,2,33,11,Draskel,annual revenue,0,0.0,0,2,0.5193999968469143,75.03909996012226,73.60319996951148,74.1225999663584,148.64229992963374
reactive-lru,2,34,0,Seluun,primary material,0,0.0,0,1,0.4599000094458461,45.905200007837266,68.29770002514124,68.75760003458709,114.2029000329785
reactive-lru,2,34,1,Draskel,annual revenue,0,0.0,0,2,0.8373999735340476,67.31130002299324,84.3122000223957,85.14959999592975,151.62350004538894
reactive-lru,2,34,2,Draskel,lucky number,1,0.0,0,2,0.0,0.0,56.09309999272227,56.09309999272227,56.09309999272227
reactive-lru,2,34,3,Draskel,annual revenue,1,0.0,0,2,0.0,0.0,47.672700020484626,47.672700020484626,47.672700020484626
reactive-lru,2,34,4,Seluun,corporate color,1,0.0,0,2,0.0,0.0,46.41440004343167,46.41440004343167,46.41440004343167
reactive-lru,2,34,5,Seluun,archive codename,1,0.0,0,2,0.0,0.0,40.91460001654923,40.91460001654923,40.91460001654923
reactive-lru,2,34,6,Draskel,lucky number,1,0.0,0,2,0.0,0.0,45.294799958355725,45.294799958355725,45.294799958355725
reactive-lru,2,34,7,Seluun,board chair,1,0.0,0,2,0.0,0.0,72.70120002795011,72.70120002795011,72.70120002795011
reactive-lru,2,34,8,Seluun,lucky number,1,0.0,0,2,0.0,0.0,67.75550002930686,67.75550002930686,67.75550002930686
reactive-lru,2,34,9,Seluun,research lab city,1,0.0,0,2,0.0,0.0,55.41189998621121,55.41189998621121,55.41189998621121
reactive-lru,2,34,10,Pyrenna,headquarters city,0,0.0,0,2,0.4700000281445682,46.861000009812415,42.9526999942027,43.42270002234727,89.81370000401512
reactive-lru,2,34,11,Pyrenna,founding river,1,0.0,0,2,0.0,0.0,51.88109999289736,51.88109999289736,51.88109999289736
reactive-lru,2,35,0,Quorvane,motto word,0,0.0,0,1,0.5297000170685351,79.27469996502623,65.16920001013204,65.69890002720058,144.44389997515827
reactive-lru,2,35,1,Quorvane,stock ticker,1,0.0,0,1,0.0,0.0,73.03530001081526,73.03530001081526,73.03530001081526
reactive-lru,2,35,2,Veltrax,employee count,0,0.0,0,2,0.47010002890601754,70.88269997620955,82.63760001864284,83.10770004754886,153.5202999948524
reactive-lru,2,35,3,Veltrax,mascot animal,1,0.0,0,2,0.0,0.0,82.31080003315583,82.31080003315583,82.31080003315583
reactive-lru,2,35,4,Veltrax,board chair,1,0.0,0,2,0.0,0.0,47.70459997234866,47.70459997234866,47.70459997234866
reactive-lru,2,35,5,Veltrax,anthem composer,1,0.0,0,2,0.0,0.0,57.73180001415312,57.73180001415312,57.73180001415312
reactive-lru,2,35,6,Pyrenna,archive codename,0,0.0,0,2,0.4746000049635768,49.16550003690645,48.06360002839938,48.538200033362955,97.22910006530583
reactive-lru,2,35,7,Pyrenna,lucky number,1,0.0,0,2,0.0,0.0,42.279899993445724,42.279899993445724,42.279899993445724
reactive-lru,2,35,8,Ilmeth,lucky number,0,0.0,0,2,0.4560999805107713,67.98029999481514,82.1657000342384,82.62180001474917,150.14600002905354
reactive-lru,2,35,9,Ilmeth,research lab city,1,0.0,0,2,0.0,0.0,63.68510000174865,63.68510000174865,63.68510000174865
reactive-lru,2,35,10,Ilmeth,motto word,1,0.0,0,2,0.0,0.0,53.52469999343157,53.52469999343157,53.52469999343157
reactive-lru,2,35,11,Ilmeth,board chair,1,0.0,0,2,0.0,0.0,58.43470001127571,58.43470001127571,58.43470001127571
reactive-lru,2,36,0,Ilmeth,headquarters city,0,0.0,0,1,0.4847000236622989,80.5759999784641,59.5088999834843,59.9936000071466,140.0848999619484
reactive-lru,2,36,1,Ilmeth,signature dish,1,0.0,0,1,0.0,0.0,39.12439994746819,39.12439994746819,39.12439994746819
reactive-lru,2,36,2,Draskel,chief engineer,0,0.0,0,2,0.8013999904505908,49.76730002090335,46.54160002246499,47.34300001291558,96.30890004336834
reactive-lru,2,36,3,Pyrenna,chief engineer,0,0.0,0,2,0.8138000266626477,47.43939999025315,42.27179998997599,43.08560001663864,89.71119998022914
reactive-lru,2,36,4,Pyrenna,employee count,1,0.0,0,2,0.0,0.0,73.29410000238568,73.29410000238568,73.29410000238568
reactive-lru,2,36,5,Draskel,chief executive,1,0.0,0,2,0.0,0.0,75.14109998010099,75.14109998010099,75.14109998010099
reactive-lru,2,36,6,Seluun,satellite name,0,0.0,0,2,0.658300006762147,93.81950000533834,86.09539997996762,86.75369998672977,179.91489998530596
reactive-lru,2,36,7,Seluun,flagship product,1,0.0,0,2,0.0,0.0,71.26390002667904,71.26390002667904,71.26390002667904
reactive-lru,2,36,8,Seluun,mascot animal,1,0.0,0,2,0.0,0.0,78.55749997543171,78.55749997543171,78.55749997543171
reactive-lru,2,36,9,Seluun,primary material,1,0.0,0,2,0.0,0.0,80.1719999872148,80.1719999872148,80.1719999872148
reactive-lru,2,36,10,Seluun,founding year,1,0.0,0,2,0.0,0.0,84.38110002316535,84.38110002316535,84.38110002316535
reactive-lru,2,36,11,Draskel,board chair,1,0.0,0,2,0.0,0.0,68.47349996678531,68.47349996678531,68.47349996678531
reactive-lru,2,37,0,Draskel,stock ticker,0,0.0,0,1,0.4665000014938414,68.13919998239726,62.657699978444725,63.12419997993857,130.79689996084198
reactive-lru,2,37,1,Pyrenna,stock ticker,0,0.0,0,2,0.5035999929532409,65.66770002245903,60.989499965216964,61.493099958170205,126.657199987676
reactive-lru,2,37,2,Ilmeth,founding year,0,0.0,0,2,0.4317000275477767,76.53520000167191,91.96410002186894,92.39580004941672,168.49930002354085
reactive-lru,2,37,3,Ilmeth,research lab city,1,0.0,0,2,0.0,0.0,48.60409995308146,48.60409995308146,48.60409995308146
reactive-lru,2,37,4,Ilmeth,stock ticker,1,0.0,0,2,0.0,0.0,81.36210002703592,81.36210002703592,81.36210002703592
reactive-lru,2,37,5,Draskel,satellite name,0,0.0,0,2,0.46490004751831293,73.88340000761673,47.89280000841245,48.35770005593076,121.77620001602918
reactive-lru,2,37,6,Draskel,chief executive,1,0.0,0,2,0.0,0.0,47.61280003003776,47.61280003003776,47.61280003003776
reactive-lru,2,37,7,Draskel,flagship product,1,0.0,0,2,0.0,0.0,68.99979995796457,68.99979995796457,68.99979995796457
reactive-lru,2,37,8,Draskel,motto word,1,0.0,0,2,0.0,0.0,85.04840004025027,85.04840004025027,85.04840004025027
reactive-lru,2,37,9,Draskel,headquarters city,1,0.0,0,2,0.0,0.0,81.99510001577437,81.99510001577437,81.99510001577437
reactive-lru,2,37,10,Draskel,chief executive,1,0.0,0,2,0.0,0.0,43.34619996370748,43.34619996370748,43.34619996370748
reactive-lru,2,37,11,Draskel,annual revenue,1,0.0,0,2,0.0,0.0,44.08469999907538,44.08469999907538,44.08469999907538
reactive-lru,2,38,0,Draskel,flagship product,0,0.0,0,1,0.8021999965421855,46.06299998704344,47.20650002127513,48.00870001781732,93.26950000831857
reactive-lru,2,38,1,Pyrenna,founding year,0,0.0,0,2,0.8479999960400164,64.51039999956265,56.61059997510165,57.458599971141666,121.1209999746643
reactive-lru,2,38,2,Pyrenna,chief engineer,1,0.0,0,2,0.0,0.0,63.10900003882125,63.10900003882125,63.10900003882125
reactive-lru,2,38,3,Quorvane,research lab city,0,0.0,0,2,0.5670000100508332,93.28679996542633,44.54440000699833,45.111400017049164,137.83119997242466
reactive-lru,2,38,4,Ilmeth,board chair,0,0.0,0,2,0.4296000115573406,49.92459999630228,80.30349999899045,80.73310001054779,130.22809999529272
reactive-lru,2,38,5,Pyrenna,annual revenue,0,0.0,0,2,0.4582999972626567,74.57989995600656,41.17570002563298,41.634000022895634,115.75559998163953
reactive-lru,2,38,6,Pyrenna,satellite name,1,0.0,0,2,0.0,0.0,51.650899986270815,51.650899986270815,51.650899986270815
reactive-lru,2,38,7,Ilmeth,satellite name,1,0.0,0,2,0.0,0.0,92.81329996883869,92.81329996883869,92.81329996883869
reactive-lru,2,38,8,Ilmeth,annual revenue,1,0.0,0,2,0.0,0.0,48.148700036108494,48.148700036108494,48.148700036108494
reactive-lru,2,38,9,Ilmeth,motto word,1,0.0,0,2,0.0,0.0,52.04249999951571,52.04249999951571,52.04249999951571
reactive-lru,2,38,10,Draskel,headquarters city,0,0.0,0,2,0.4689999623224139,54.3955999892205,47.450500016566366,47.91949997888878,101.84610000578687
reactive-lru,2,38,11,Seluun,corporate color,0,0.0,0,2,0.4459000192582607,47.1419999958016,42.79169999063015,43.23760000988841,89.93369998643175
reactive-lru,2,39,0,Bramwick,stock ticker,0,0.0,0,1,0.4572000470943749,45.52069999044761,50.70080002769828,51.15800007479265,96.22150001814589
reactive-lru,2,39,1,Bramwick,stock ticker,1,0.0,0,1,0.0,0.0,54.29920001188293,54.29920001188293,54.29920001188293
reactive-lru,2,39,2,Bramwick,signature dish,1,0.0,0,1,0.0,0.0,44.282999995630234,44.282999995630234,44.282999995630234
reactive-lru,2,39,3,Bramwick,employee count,1,0.0,0,1,0.0,0.0,52.496999967843294,52.496999967843294,52.496999967843294
reactive-lru,2,39,4,Bramwick,flagship product,1,0.0,0,1,0.0,0.0,43.36519999196753,43.36519999196753,43.36519999196753
reactive-lru,2,39,5,Toskarel,anthem composer,0,0.0,0,2,0.4600000102072954,71.81950000813231,43.69110002880916,44.151100039016455,115.51060003694147
reactive-lru,2,39,6,Toskarel,anthem composer,1,0.0,0,2,0.0,0.0,46.27669998444617,46.27669998444617,46.27669998444617
reactive-lru,2,39,7,Pyrenna,board chair,0,0.0,0,2,0.4594000056385994,61.37270003091544,87.91860000928864,88.37800001492724,149.29130004020408
reactive-lru,2,39,8,Pyrenna,employee count,1,0.0,0,2,0.0,0.0,55.19079999066889,55.19079999066889,55.19079999066889
reactive-lru,2,39,9,Pyrenna,satellite name,1,0.0,0,2,0.0,0.0,40.96589999971911,40.96589999971911,40.96589999971911
reactive-lru,2,39,10,Pyrenna,mascot animal,1,0.0,0,2,0.0,0.0,74.87109996145591,74.87109996145591,74.87109996145591
reactive-lru,2,39,11,Pyrenna,chief engineer,1,0.0,0,2,0.0,0.0,84.97939998051152,84.97939998051152,84.97939998051152
topic,2,0,0,Ilmeth,satellite name,0,0.0,0,1,0.4354999982751906,46.854999964125454,39.587700041010976,40.023200039286166,86.44270000513643
topic,2,0,1,Draskel,stock ticker,1,9.609216,0,2,0.0,0.0,50.352899997960776,50.352899997960776,50.352899997960776
topic,2,0,2,Draskel,founding river,1,9.437184,0,2,0.0,0.0,66.71159999677911,66.71159999677911,66.71159999677911
topic,2,0,3,Draskel,annual revenue,1,0.0,0,2,0.0,0.0,44.04080001404509,44.04080001404509,44.04080001404509
topic,2,0,4,Seluun,lucky number,1,0.0,0,2,0.0,0.0,79.55079997191206,79.55079997191206,79.55079997191206
topic,2,0,5,Seluun,annual revenue,1,8.835072,0,2,0.0,0.0,45.86040001595393,45.86040001595393,45.86040001595393
topic,2,0,6,Seluun,founding year,1,0.0,0,2,0.0,0.0,54.472099989652634,54.472099989652634,54.472099989652634
topic,2,0,7,Draskel,motto word,0,0.0,1,2,0.8569000056013465,77.3054999881424,45.472600031644106,46.32950003724545,122.7781000197865
topic,2,0,8,Draskel,flagship product,1,0.0,0,2,0.0,0.0,48.03309997078031,48.03309997078031,48.03309997078031
topic,2,0,9,Veltrax,founding year,0,0.0,0,2,0.4561999812722206,80.76519996393472,61.500599957071245,61.956799938343465,142.26579992100596
topic,2,0,10,Veltrax,anthem composer,1,9.510912,0,2,0.0,0.0,63.435500022023916,63.435500022023916,63.435500022023916
topic,2,0,11,Veltrax,annual revenue,1,0.0,1,2,0.0,0.0,39.75449997233227,39.75449997233227,39.75449997233227
topic,2,1,0,Veltrax,signature dish,0,0.0,0,1,0.8215000270865858,53.31849999492988,43.754000042099506,44.57550006918609,97.07250003702939
topic,2,1,1,Veltrax,founding river,1,9.510912,0,2,0.0,0.0,62.6242000143975,62.6242000143975,62.6242000143975
topic,2,1,2,Draskel,research lab city,0,0.0,1,2,0.49569999100640416,90.1939999894239,79.47370002511889,79.96940001612529,169.6677000145428
topic,2,1,3,Draskel,motto word,1,9.437184,0,2,0.0,0.0,84.2436000239104,84.2436000239104,84.2436000239104
topic,2,1,4,Pyrenna,founding year,0,0.0,1,2,0.49920001765713096,61.11629999941215,52.16869997093454,52.66789998859167,113.28499997034669
topic,2,1,5,Pyrenna,anthem composer,1,0.0,0,2,0.0,0.0,71.92099996609613,71.92099996609613,71.92099996609613
topic,2,1,6,Quorvane,corporate color,0,0.0,0,2,0.49380003474652767,81.33389998693019,71.9142000307329,72.40800006547943,153.2481000176631
topic,2,1,7,Veltrax,flagship product,0,9.437184,0,2,0.4338999860920012,49.80249999789521,41.25270002987236,41.68660001596436,91.05520002776757
topic,2,1,8,Quorvane,signature dish,0,9.510912,1,2,0.46720000682398677,69.78560000425205,41.74559999955818,42.21280000638217,111.53120000381023
topic,2,1,9,Seluun,primary material,1,9.437184,1,2,0.0,0.0,64.09389997133985,64.09389997133985,64.09389997133985
topic,2,1,10,Seluun,lucky number,1,8.835072,0,2,0.0,0.0,68.26379999984056,68.26379999984056,68.26379999984056
topic,2,1,11,Draskel,satellite name,0,0.0,1,2,0.5191999953240156,49.905699968803674,42.34430001815781,42.863500013481826,92.24999998696148
topic,2,2,0,Draskel,annual revenue,0,0.0,0,1,0.5737000028602779,79.9686000100337,77.30319997062907,77.87689997348934,157.27179998066276
topic,2,2,1,Draskel,corporate color,1,9.437184,0,2,0.0,0.0,90.88730002986267,90.88730002986267,90.88730002986267
topic,2,2,2,Draskel,research lab city,1,0.0,0,2,0.0,0.0,56.75129999872297,56.75129999872297,56.75129999872297
topic,2,2,3,Draskel,signature dish,1,0.0,0,2,0.0,0.0,70.0971000478603,70.0971000478603,70.0971000478603
topic,2,2,4,Draskel,corporate color,1,0.0,0,2,0.0,0.0,71.088700031396,71.088700031396,71.088700031396
topic,2,2,5,Draskel,annual revenue,1,0.0,0,2,0.0,0.0,90.60609998414293,90.60609998414293,90.60609998414293
topic,2,2,6,Draskel,founding year,1,0.0,0,2,0.0,0.0,59.21929999021813,59.21929999021813,59.21929999021813
topic,2,2,7,Draskel,primary material,1,0.0,0,2,0.0,0.0,60.16980001004413,60.16980001004413,60.16980001004413
topic,2,2,8,Pyrenna,corporate color,0,0.0,1,2,0.45270001282915473,46.892200014553964,43.61809999682009,44.07080000964925,90.51030001137406
topic,2,2,9,Pyrenna,motto word,1,0.0,0,2,0.0,0.0,46.98559996904805,46.98559996904805,46.98559996904805
topic,2,2,10,Draskel,anthem composer,1,0.0,0,2,0.0,0.0,50.07350002415478,50.07350002415478,50.07350002415478
topic,2,2,11,Draskel,annual revenue,1,9.437184,1,2,0.0,0.0,46.38010001508519,46.38010001508519,46.38010001508519
topic,2,3,0,Toskarel,founding river,0,0.0,0,1,0.4488999838940799,80.62379999319091,57.97779996646568,58.42669995035976,138.6015999596566
topic,2,3,1,Veltrax,annual revenue,0,9.510912,0,2,0.4252000362612307,98.9675999735482,44.43650000030175,44.86170003656298,143.40409997384995
topic,2,3,2,Pyrenna,signature dish,1,0.0,0,2,0.0,0.0,75.66939998650923,75.66939998650923,75.66939998650923
topic,2,3,3,Draskel,archive codename,1,9.609216,0,2,0.0,0.0,46.62470001494512,46.62470001494512,46.62470001494512
topic,2,3,4,Seluun,research lab city,1,9.437184,0,2,0.0,0.0,40.02130002481863,40.02130002481863,40.02130002481863
topic,2,3,5,Seluun,mascot animal,1,8.835072,0,2,0.0,0.0,80.860499991104,80.860499991104,80.860499991104
topic,2,3,6,Bramwick,lucky number,1,0.0,0,2,0.0,0.0,55.950600013602525,55.950600013602525,55.950600013602525
topic,2,3,7,Quorvane,research lab city,0,9.474048,0,2,0.4689000197686255,49.17310003656894,63.42740001855418,63.896300038322806,112.60050005512312
topic,2,3,8,Quorvane,anthem composer,1,9.437184,1,2,0.0,0.0,54.80129999341443,54.80129999341443,54.80129999341443
topic,2,3,9,Veltrax,founding river,0,0.0,1,2,0.678399985190481,64.96520002838224,50.02199998125434,50.70039996644482,114.98720000963658
topic,2,3,10,Veltrax,motto word,1,9.510912,0,2,0.0,0.0,68.12189996708184,68.12189996708184,68.12189996708184
topic,2,3,11,Pyrenna,chief executive,1,0.0,0,2,0.0,0.0,60.45350001659244,60.45350001659244,60.45350001659244
topic,2,4,0,Veltrax,chief executive,0,0.0,0,1,0.8131000213325024,71.0512999794446,50.707100017461926,51.52020003879443,121.75839999690652
topic,2,4,1,Veltrax,founding year,1,9.510912,0,2,0.0,0.0,41.34440002962947,41.34440002962947,41.34440002962947
topic,2,4,2,Veltrax,stock ticker,1,0.0,0,2,0.0,0.0,49.01279998011887,49.01279998011887,49.01279998011887
topic,2,4,3,Veltrax,flagship product,1,0.0,0,2,0.0,0.0,44.85260002547875,44.85260002547875,44.85260002547875
topic,2,4,4,Pyrenna,research lab city,1,0.0,0,2,0.0,0.0,72.46190001023933,72.46190001023933,72.46190001023933
topic,2,4,5,Pyrenna,corporate color,1,9.609216,0,2,0.0,0.0,75.12930000666529,75.12930000666529,75.12930000666529
topic,2,4,6,Pyrenna,signature dish,1,0.0,0,2,0.0,0.0,102.49560000374913,102.49560000374913,102.49560000374913
topic,2,4,7,Pyrenna,primary material,1,0.0,0,2,0.0,0.0,56.45049997838214,56.45049997838214,56.45049997838214
topic,2,4,8,Pyrenna,chief engineer,1,0.0,0,2,0.0,0.0,52.84600000595674,52.84600000595674,52.84600000595674
topic,2,4,9,Pyrenna,flagship product,1,0.0,0,2,0.0,0.0,52.668599993921816,52.668599993921816,52.668599993921816
topic,2,4,10,Pyrenna,annual revenue,1,0.0,0,2,0.0,0.0,39.356500026769936,39.356500026769936,39.356500026769936
topic,2,4,11,Pyrenna,mascot animal,1,0.0,1,2,0.0,0.0,40.310700016561896,40.310700016561896,40.310700016561896
topic,2,5,0,Pyrenna,signature dish,0,0.0,0,1,0.8015999919734895,51.45019997144118,73.13780003460124,73.93940002657473,124.58800000604242
topic,2,5,1,Bramwick,founding year,0,9.609216,0,2,0.7465999806299806,104.24399998737499,85.70410002721474,86.45070000784472,189.94810001458973
topic,2,5,2,Bramwick,annual revenue,1,9.474048,1,2,0.0,0.0,45.13380001299083,45.13380001299083,45.13380001299083
topic,2,5,3,Bramwick,corporate color,1,0.0,0,2,0.0,0.0,46.691900002770126,46.691900002770126,46.691900002770126
topic,2,5,4,Bramwick,signature dish,1,0.0,0,2,0.0,0.0,64.23600000562146,64.23600000562146,64.23600000562146
topic,2,5,5,Toskarel,signature dish,1,0.0,0,2,0.0,0.0,80.86640003602952,80.86640003602952,80.86640003602952
topic,2,5,6,Toskarel,signature dish,1,9.510912,0,2,0.0,0.0,44.986699998844415,44.986699998844415,44.986699998844415
topic,2,5,7,Quorvane,satellite name,0,0.0,1,2,0.8820000221021473,79.0262000518851,64.89640002837405,65.7784000504762,143.92260008025914
topic,2,5,8,Veltrax,headquarters city,0,9.437184,0,2,0.7725000032223761,54.63979998603463,59.00740000652149,59.77990000974387,113.64719999255612
topic,2,5,9,Pyrenna,mascot animal,1,9.510912,1,2,0.0,0.0,79.34900000691414,79.34900000691414,79.34900000691414
topic,2,5,10,Ilmeth,chief executive,0,9.609216,0,2,0.7504000095650554,73.4214999829419,73.69739998830482,74.44779999786988,147.11889997124672
topic,2,5,11,Toskarel,primary material,0,0.0,1,2,1.6766000189818442,106.0859999852255,89.98859999701381,91.66520001599565,196.0745999822393
topic,2,6,0,Pyrenna,employee count,0,0.0,0,1,0.8737000171095133,90.96790000330657,42.6865000044927,43.56020002160221,133.65440000779927
topic,2,6,1,Pyrenna,headquarters city,1,9.609216,0,2,0.0,0.0,77.52230000915006,77.52230000915006,77.52230000915006
topic,2,6,2,Pyrenna,mascot animal,1,0.0,0,2,0.0,0.0,53.08310000691563,53.08310000691563,53.08310000691563
topic,2,6,3,Seluun,corporate color,0,0.0,1,2,0.8216000278480351,64.22659999225289,51.098400028422475,51.92000005627051,115.32500002067536
topic,2,6,4,Bramwick,annual revenue,1,8.835072,0,2,0.0,0.0,61.69160001445562,61.69160001445562,61.69160001445562
topic,2,6,5,Bramwick,flagship product,1,9.474048,0,2,0.0,0.0,41.90680000465363,41.90680000465363,41.90680000465363
topic,2,6,6,Bramwick,archive codename,1,0.0,0,2,0.0,0.0,59.25240000942722,59.25240000942722,59.25240000942722
topic,2,6,7,Bramwick,lucky number,1,0.0,0,2,0.0,0.0,48.16410003695637,48.16410003695637,48.16410003695637
topic,2,6,8,Bramwick,annual revenue,1,0.0,0,2,0.0,0.0,48.73109998879954,48.73109998879954,48.73109998879954
topic,2,6,9,Bramwick,lucky number,1,0.0,0,2,0.0,0.0,61.473899986594915,61.473899986594915,61.473899986594915
topic,2,6,10,Bramwick,board chair,1,0.0,0,2,0.0,0.0,84.47220001835376,84.47220001835376,84.47220001835376
topic,2,6,11,Quorvane,founding year,0,0.0,1,2,0.944300030823797,54.11020002793521,86.16609999444336,87.11040002526715,140.27630002237856
topic,2,7,0,Toskarel,satellite name,0,0.0,0,1,0.8617999847047031,101.67720000026748,59.0438999934122,59.9056999781169,160.72109999367967
topic,2,7,1,Quorvane,archive codename,0,9.510912,0,2,0.8431000169366598,57.519800029695034,45.032499998342246,45.875600015278906,102.55230002803728
topic,2,7,2,Quorvane,flagship product,1,9.437184,1,2,0.0,0.0,61.17389997234568,61.17389997234568,61.17389997234568
topic,2,7,3,Veltrax,anthem composer,0,0.0,1,2,0.5310999695211649,63.764700025785714,39.324200013652444,39.85529998317361,103.08890003943816
topic,2,7,4,Veltrax,anthem composer,1,9.510912,0,2,0.0,0.0,45.81729997880757,45.81729997880757,45.81729997880757
topic,2,7,5,Veltrax,headquarters city,1,0.0,0,2,0.0,0.0,83.0462999874726,83.0462999874726,83.0462999874726
topic,2,7,6,Veltrax,corporate color,1,0.0,0,2,0.0,0.0,79.43990000057966,79.43990000057966,79.43990000057966
topic,2,7,7,Veltrax,anthem composer,1,0.0,0,2,0.0,0.0,64.41709998762235,64.41709998762235,64.41709998762235
topic,2,7,8,Veltrax,chief engineer,1,0.0,0,2,0.0,0.0,40.06400000071153,40.06400000071153,40.06400000071153
topic,2,7,9,Quorvane,research lab city,0,0.0,1,2,0.4893000004813075,65.72030001552776,46.52380000334233,47.01310000382364,112.24410001887009
topic,2,7,10,Quorvane,flagship product,1,9.437184,0,2,0.0,0.0,60.264900035690516,60.264900035690516,60.264900035690516
topic,2,7,11,Quorvane,board chair,1,0.0,1,2,0.0,0.0,56.912300002295524,56.912300002295524,56.912300002295524
topic,2,8,0,Ilmeth,satellite name,0,0.0,0,1,0.43109996477141976,47.73749999003485,79.38469998771325,79.81579995248467,127.1221999777481
topic,2,8,1,Ilmeth,flagship product,1,9.609216,0,2,0.0,0.0,45.22939998423681,45.22939998423681,45.22939998423681
topic,2,8,2,Ilmeth,archive codename,1,0.0,0,2,0.0,0.0,56.823299964889884,56.823299964889884,56.823299964889884
topic,2,8,3,Ilmeth,employee count,1,0.0,0,2,0.0,0.0,63.354199985042214,63.354199985042214,63.354199985042214
topic,2,8,4,Toskarel,flagship product,0,0.0,1,2,0.4678000113926828,55.34560000523925,65.07070001680404,65.53850002819672,120.41630002204329
topic,2,8,5,Quorvane,chief executive,0,9.510912,0,2,0.4979000077582896,54.48650004109368,45.02269998192787,45.52059998968616,99.50920002302155
topic,2,8,6,Quorvane,motto word,1,9.437184,1,2,0.0,0.0,43.492999975569546,43.492999975569546,43.492999975569546
topic,2,8,7,Quorvane,stock ticker,1,0.0,0,2,0.0,0.0,44.84490002505481,44.84490002505481,44.84490002505481
topic,2,8,8,Quorvane,primary material,1,0.0,0,2,0.0,0.0,103.26120001263916,103.26120001263916,103.26120001263916
topic,2,8,9,Quorvane,flagship product,1,0.0,0,2,0.0,0.0,70.49479999113828,70.49479999113828,70.49479999113828
topic,2,8,10,Quorvane,stock ticker,1,0.0,0,2,0.0,0.0,86.55510004609823,86.55510004609823,86.55510004609823
topic,2,8,11,Quorvane,headquarters city,1,0.0,1,2,0.0,0.0,62.077200040221214,62.077200040221214,62.077200040221214
topic,2,9,0,Veltrax,chief executive,0,0.0,0,1,0.4552999744191766,78.778000024613,61.60379998618737,62.059099960606545,140.38180001080036
topic,2,9,1,Veltrax,headquarters city,1,9.510912,0,2,0.0,0.0,47.46219998924062,47.46219998924062,47.46219998924062
topic,2,9,2,Veltrax,satellite name,1,0.0,0,2,0.0,0.0,62.779300031252205,62.779300031252205,62.779300031252205
topic,2,9,3,Veltrax,flagship product,1,0.0,0,2,0.0,0.0,91.90979995764792,91.90979995764792,91.90979995764792
topic,2,9,4,Veltrax,motto word,1,0.0,0,2,0.0,0.0,77.39370001945645,77.39370001945645,77.39370001945645
topic,2,9,5,Veltrax,flagship product,1,0.0,0,2,0.0,0.0,49.95479999342933,49.95479999342933,49.95479999342933
topic,2,9,6,Veltrax,annual revenue,1,0.0,0,2,0.0,0.0,61.820700007956475,61.820700007956475,61.820700007956475
topic,2,9,7,Quorvane,anthem composer,0,0.0,1,2,0.8685000357218087,59.56929997773841,64.67009999323636,65.53860002895817,124.23939997097477
topic,2,9,8,Quorvane,lucky number,1,9.437184,0,2,0.0,0.0,58.24480002047494,58.24480002047494,58.24480002047494
topic,2,9,9,Quorvane,mascot animal,1,0.0,0,2,0.0,0.0,67.2519999789074,67.2519999789074,67.2519999789074
topic,2,9,10,Seluun,founding year,1,0.0,0,2,0.0,0.0,85.13959997799248,85.13959997799248,85.13959997799248
topic,2,9,11,Seluun,primary material,1,8.835072,1,2,0.0,0.0,39.89829996135086,39.89829996135086,39.89829996135086
topic,2,10,0,Seluun,annual revenue,0,0.0,0,1,0.7865999941714108,69.1639999859035,50.43370003113523,51.22030002530664,119.59770001703873
topic,2,10,1,Seluun,chief executive,1,8.835072,0,2,0.0,0.0,75.51679998869076,75.51679998869076,75.51679998869076
topic,2,10,2,Seluun,chief engineer,1,0.0,0,2,0.0,0.0,86.33459999691695,86.33459999691695,86.33459999691695
topic,2,10,3,Seluun,flagship product,1,0.0,0,2,0.0,0.0,67.8003000211902,67.8003000211902,67.8003000211902
topic,2,10,4,Seluun,board chair,1,0.0,0,2,0.0,0.0,44.850300007965416,44.850300007965416,44.850300007965416
topic,2,10,5,Draskel,research lab city,0,0.0,1,2,0.8106000022962689,54.67280000448227,44.71390001708642,45.524500019382685,99.38670002156869
topic,2,10,6,Draskel,anthem composer,1,0.0,0,2,0.0,0.0,70.50949998665601,70.50949998665601,70.50949998665601
topic,2,10,7,Draskel,mascot animal,1,0.0,0,2,0.0,0.0,68.16099997377023,68.16099997377023,68.16099997377023
topic,2,10,8,Draskel,chief executive,1,0.0,0,2,0.0,0.0,62.26749997586012,62.26749997586012,62.26749997586012
topic,2,10,9,Seluun,founding river,1,0.0,0,2,0.0,0.0,39.522700011730194,39.522700011730194,39.522700011730194
topic,2,10,10,Seluun,satellite name,1,8.835072,0,2,0.0,0.0,67.94009997975081,67.94009997975081,67.94009997975081
topic,2,10,11,Bramwick,annual revenue,1,0.0,0,2,0.0,0.0,78.32200004486367,78.32200004486367,78.32200004486367
topic,2,11,0,Toskarel,corporate color,0,0.0,0,1,0.8272999548353255,54.322199954185635,83.22369999950752,84.05099995434284,137.54589995369315
topic,2,11,1,Toskarel,satellite name,1,9.510912,0,2,0.0,0.0,43.65830001188442,43.65830001188442,43.65830001188442
topic,2,11,2,Quorvane,motto word,0,0.0,1,2,0.8644000045023859,91.80539997760206,83.56860000640154,84.43300001090392,175.3739999840036
topic,2,11,3,Quorvane,anthem composer,1,9.437184,0,2,0.0,0.0,69.7027999558486,69.7027999558486,69.7027999558486
topic,2,11,4,Seluun,motto word,1,0.0,0,2,0.0,0.0,45.370300009381026,45.370300009381026,45.370300009381026
topic,2,11,5,Seluun,motto word,1,8.835072,0,2,0.0,0.0,50.274600042030215,50.274600042030215,50.274600042030215
topic,2,11,6,Seluun,stock ticker,1,0.0,0,2,0.0,0.0,57.467700040433556,57.467700040433556,57.467700040433556
topic,2,11,7,Seluun,chief executive,1,0.0,0,2,0.0,0.0,44.524400029331446,44.524400029331446,44.524400029331446
topic,2,11,8,Bramwick,founding year,1,0.0,0,2,0.0,0.0,67.34519999008626,67.34519999008626,67.34519999008626
topic,2,11,9,Bramwick,research lab city,1,9.474048,0,2,0.0,0.0,39.38859998015687,39.38859998015687,39.38859998015687
topic,2,11,10,Bramwick,employee count,1,0.0,0,2,0.0,0.0,40.45390000101179,40.45390000101179,40.45390000101179
topic,2,11,11,Bramwick,chief engineer,1,0.0,1,2,0.0,0.0,58.09850001242012,58.09850001242012,58.09850001242012
topic,2,12,0,Ilmeth,corporate color,0,0.0,0,1,0.7516000187024474,58.346500038169324,49.06599997775629,49.81759999645874,107.41250001592562
topic,2,12,1,Draskel,chief engineer,1,9.609216,0,2,0.0,0.0,80.99580003181472,80.99580003181472,80.99580003181472
topic,2,12,2,Draskel,signature dish,1,9.437184,0,2,0.0,0.0,49.1836000001058,49.1836000001058,49.1836000001058
topic,2,12,3,Pyrenna,employee count,0,0.0,1,2,2.561400004196912,78.8882999913767,45.74119998142123,48.302599985618144,124.62949997279793
topic,2,12,4,Draskel,anthem composer,1,0.0,0,2,0.0,0.0,71.37459999648854,71.37459999648854,71.37459999648854
topic,2,12,5,Veltrax,chief engineer,0,9.437184,0,2,1.2975999852642417,90.96719999797642,62.95150000369176,64.249099988956,153.91870000166818
topic,2,12,6,Pyrenna,corporate color,1,9.510912,1,2,0.0,0.0,43.906599981710315,43.906599981710315,43.906599981710315
topic,2,12,7,Pyrenna,anthem composer,1,9.609216,0,2,0.0,0.0,70.05839998601004,70.05839998601004,70.05839998601004
topic,2,12,8,Pyrenna,motto word,1,0.0,0,2,0.0,0.0,66.26380002126098,66.26380002126098,66.26380002126098
topic,2,12,9,Pyrenna,chief executive,1,0.0,0,2,0.0,0.0,39.47740001603961,39.47740001603961,39.47740001603961
topic,2,12,10,Ilmeth,archive codename,0,0.0,1,2,0.74380001751706,53.235900006257,83.29440001398325,84.03820003150031,136.53030002024025
topic,2,12,11,Ilmeth,anthem composer,1,9.609216,1,2,0.0,0.0,39.61629996774718,39.61629996774718,39.61629996774718
topic,2,13,0,Seluun,founding year,0,0.0,0,1,0.7936999900266528,65.84599998313934,59.80769998859614,60.601399978622794,125.65369997173548
topic,2,13,1,Seluun,chief engineer,1,8.835072,0,2,0.0,0.0,46.746700012590736,46.746700012590736,46.746700012590736
topic,2,13,2,Seluun,lucky number,1,0.0,0,2,0.0,0.0,41.12479998730123,41.12479998730123,41.12479998730123
topic,2,13,3,Seluun,archive codename,1,0.0,0,2,0.0,0.0,41.202700056601316,41.202700056601316,41.202700056601316
topic,2,13,4,Veltrax,headquarters city,0,0.0,1,2,1.0331000084988773,53.831800003536046,91.7959000216797,92.82900003017858,145.62770002521574
topic,2,13,5,Pyrenna,satellite name,1,9.510912,0,2,0.0,0.0,58.46119998022914,58.46119998022914,58.46119998022914
topic,2,13,6,Pyrenna,stock ticker,1,9.609216,0,2,0.0,0.0,41.78369999863207,41.78369999863207,41.78369999863207
topic,2,13,7,Pyrenna,annual revenue,1,0.0,0,2,0.0,0.0,40.041000000201166,40.041000000201166,40.041000000201166
topic,2,13,8,Pyrenna,corporate color,1,0.0,0,2,0.0,0.0,41.461999993771315,41.461999993771315,41.461999993771315
topic,2,13,9,Draskel,lucky number,1,0.0,0,2,0.0,0.0,58.934499975293875,58.934499975293875,58.934499975293875
topic,2,13,10,Draskel,signature dish,1,9.437184,0,2,0.0,0.0,43.03609998896718,43.03609998896718,43.03609998896718
topic,2,13,11,Draskel,founding river,1,0.0,1,2,0.0,0.0,75.88239997858182,75.88239997858182,75.88239997858182
topic,2,14,0,Draskel,chief engineer,0,0.0,0,1,0.5096000386402011,66.0564000136219,84.44230002351105,84.95190006215125,150.49870003713295
topic,2,14,1,Draskel,lucky number,1,9.437184,0,2,0.0,0.0,69.28659998811781,69.28659998811781,69.28659998811781
topic,2,14,2,Bramwick,chief engineer,0,0.0,1,2,0.4655999946407974,50.70630001137033,83.99300003657117,84.45860003121197,134.6993000479415
topic,2,14,3,Bramwick,stock ticker,1,9.474048,0,2,0.0,0.0,42.35200001858175,42.35200001858175,42.35200001858175
topic,2,14,4,Draskel,headquarters city,0,0.0,1,2,0.46469998778775334,46.92729999078438,46.39939998742193,46.86409997520968,93.3266999782063
topic,2,14,5,Toskarel,corporate color,0,9.437184,0,2,0.4270999925211072,82.35209999838844,41.448700008913875,41.87580000143498,123.80080000730231
topic,2,14,6,Toskarel,mascot animal,1,9.510912,1,2,0.0,0.0,41.892799956258386,41.892799956258386,41.892799956258386
topic,2,14,7,Toskarel,primary material,1,0.0,0,2,0.0,0.0,59.58439997630194,59.58439997630194,59.58439997630194
topic,2,14,8,Quorvane,corporate color,0,0.0,1,2,0.5298999603837729,90.8884999807924,78.34479998564348,78.87469994602725,169.23329996643588
topic,2,14,9,Veltrax,board chair,0,9.437184,0,2,0.43479999294504523,67.6077000098303,44.447199965361506,44.88199995830655,112.0548999751918
topic,2,14,10,Veltrax,flagship product,1,9.510912,1,2,0.0,0.0,88.44759996281937,88.44759996281937,88.44759996281937
topic,2,14,11,Quorvane,corporate color,0,0.0,1,2,0.5273999995552003,80.21550002740696,44.798600021749735,45.326000021304935,125.0141000491567
topic,2,15,0,Bramwick,mascot animal,0,0.0,0,1,0.4265000461600721,57.71929997717962,54.08879998140037,54.51530002756044,111.80809995857999
topic,2,15,1,Veltrax,lucky number,0,9.474048,0,2,0.7924000383354723,81.12260000780225,54.667700023856014,55.460100062191486,135.79030003165826
topic,2,15,2,Quorvane,annual revenue,0,9.510912,1,2,0.45769999269396067,66.60090002696961,53.02960000699386,53.48729999968782,119.63050003396347
topic,2,15,3,Quorvane,corporate color,1,9.437184,1,2,0.0,0.0,53.34400001447648,53.34400001447648,53.34400001447648
topic,2,15,4,Quorvane,headquarters city,1,0.0,0,2,0.0,0.0,49.92990003665909,49.92990003665909,49.92990003665909
topic,2,15,5,Quorvane,chief executive,1,0.0,0,2,0.0,0.0,44.75010000169277,44.75010000169277,44.75010000169277
topic,2,15,6,Seluun,stock ticker,1,0.0,0,2,0.0,0.0,69.63839998934418,69.63839998934418,69.63839998934418
topic,2,15,7,Bramwick,employee count,1,8.835072,0,2,0.0,0.0,84.23889998812228,84.23889998812228,84.23889998812228
topic,2,15,8,Quorvane,founding river,0,9.474048,0,2,0.4914000164717436,116.01060000248253,77.25019997451454,77.74159999098629,193.26079997699708
topic,2,15,9,Seluun,annual revenue,1,9.437184,1,2,0.0,0.0,65.16699999338016,65.16699999338016,65.16699999338016
topic,2,15,10,Bramwick,annual revenue,1,8.835072,0,2,0.0,0.0,69.55909996759146,69.55909996759146,69.55909996759146
topic,2,15,11,Bramwick,chief engineer,1,9.474048,1,2,0.0,0.0,71.67090004077181,71.67090004077181,71.67090004077181
topic,2,16,0,Seluun,mascot animal,0,0.0,0,1,0.5016999784857035,81.12659998005256,99.7322000330314,100.23390001151711,180.85880001308396
topic,2,16,1,Seluun,board chair,1,8.835072,0,2,0.0,0.0,46.83169996133074,46.83169996133074,46.83169996133074
topic,2,16,2,Seluun,flagship product,1,0.0,0,2,0.0,0.0,74.37320001190528,74.37320001190528,74.37320001190528
topic,2,16,3,Draskel,motto word,0,0.0,1,2,0.5085999728180468,75.88060002308339,76.25939999707043,76.76799996988848,152.14000002015382
topic,2,16,4,Draskel,anthem composer,1,0.0,0,2,0.0,0.0,64.00960002792999,64.00960002792999,64.00960002792999
topic,2,16,5,Draskel,mascot animal,1,0.0,0,2,0.0,0.0,39.730200020130724,39.730200020130724,39.730200020130724
topic,2,16,6,Draskel,satellite name,1,0.0,0,2,0.0,0.0,76.91539998631924,76.91539998631924,76.91539998631924
topic,2,16,7,Draskel,board chair,1,0.0,0,2,0.0,0.0,54.03299996396527,54.03299996396527,54.03299996396527
topic,2,16,8,Draskel,stock ticker,1,0.0,0,2,0.0,0.0,65.36810001125559,65.36810001125559,65.36810001125559
topic,2,16,9,Draskel,primary material,1,0.0,0,2,0.0,0.0,71.35390001349151,71.35390001349151,71.35390001349151
topic,2,16,10,Draskel,mascot animal,1,0.0,0,2,0.0,0.0,72.16440001502633,72.16440001502633,72.16440001502633
topic,2,16,11,Draskel,satellite name,1,0.0,0,2,0.0,0.0,58.70280001545325,58.70280001545325,58.70280001545325
topic,2,17,0,Ilmeth,anthem composer,0,0.0,0,1,0.824799994006753,55.58060004841536,60.853199975099415,61.67799996910617,116.43380002351478
topic,2,17,1,Ilmeth,archive codename,1,9.609216,0,2,0.0,0.0,59.4598000170663,59.4598000170663,59.4598000170663
topic,2,17,2,Draskel,satellite name,1,0.0,0,2,0.0,0.0,61.414800002239645,61.414800002239645,61.414800002239645
topic,2,17,3,Seluun,primary material,1,9.437184,0,2,0.0,0.0,39.21620000619441,39.21620000619441,39.21620000619441
topic,2,17,4,Bramwick,flagship product,1,8.835072,0,2,0.0,0.0,48.12809999566525,48.12809999566525,48.12809999566525
topic,2,17,5,Bramwick,founding year,1,9.474048,0,2,0.0,0.0,39.670900034252554,39.670900034252554,39.670900034252554
topic,2,17,6,Bramwick,employee count,1,0.0,0,2,0.0,0.0,43.00250002415851,43.00250002415851,43.00250002415851
topic,2,17,7,Bramwick,research lab city,1,0.0,0,2,0.0,0.0,46.43310001119971,46.43310001119971,46.43310001119971
topic,2,17,8,Bramwick,primary material,1,0.0,0,2,0.0,0.0,67.11860001087189,67.11860001087189,67.11860001087189
topic,2,17,9,Bramwick,research lab city,1,0.0,0,2,0.0,0.0,62.287500011734664,62.287500011734664,62.287500011734664
topic,2,17,10,Quorvane,founding year,0,0.0,1,2,0.8996000397019088,58.16040001809597,66.41959998523816,67.31920002494007,124.58000000333413
topic,2,17,11,Quorvane,founding river,1,9.437184,1,2,0.0,0.0,55.64479995518923,55.64479995518923,55.64479995518923
topic,2,18,0,Bramwick,chief engineer,0,0.0,0,1,0.7407999946735799,46.838900016155094,43.80619997391477,44.54699996858835,90.64509999006987
topic,2,18,1,Quorvane,flagship product,0,9.474048,0,2,0.8370999712496996,63.51840001298115,50.63509999308735,51.47219996433705,114.1535000060685
topic,2,18,2,Veltrax,annual revenue,0,9.437184,1,2,0.44540001545101404,117.13120003696531,40.286799950990826,40.73219996644184,157.41799998795614
topic,2,18,3,Veltrax,founding year,1,9.510912,1,2,0.0,0.0,40.56460002902895,40.56460002902895,40.56460002902895
topic,2,18,4,Draskel,founding river,0,0.0,1,2,0.4613000201061368,45.27489998145029,54.938499990385026,55.39980001049116,100.21339997183532
topic,2,18,5,Pyrenna,primary material,0,9.437184,0,2,0.4333000397309661,62.59589997353032,67.53689999459311,67.97020003432408,130.13279996812344
topic,2,18,6,Ilmeth,board chair,0,9.609216,1,2,0.42130000656470656,50.6609000149183,47.51979996217415,47.941099968738854,98.18069997709244
topic,2,18,7,Draskel,research lab city,1,0.0,0,2,0.0,0.0,87.82559999963269,87.82559999963269,87.82559999963269
topic,2,18,8,Draskel,annual revenue,1,9.437184,0,2,0.0,0.0,83.66389997536317,83.66389997536317,83.66389997536317
topic,2,18,9,Draskel,annual revenue,1,0.0,0,2,0.0,0.0,47.61030001100153,47.61030001100153,47.61030001100153
topic,2,18,10,Draskel,board chair,1,0.0,0,2,0.0,0.0,77.74989999597892,77.74989999597892,77.74989999597892
topic,2,18,11,Draskel,chief executive,1,0.0,1,2,0.0,0.0,76.3880999875255,76.3880999875255,76.3880999875255
topic,2,19,0,Draskel,primary material,0,0.0,0,1,0.5194999976083636,91.25520003726706,68.19020002149045,68.70970001909882,159.4454000587575
topic,2,19,1,Pyrenna,employee count,0,9.437184,0,2,0.42530003702268004,76.81120000779629,62.00029997853562,62.4256000155583,138.8114999863319
topic,2,19,2,Ilmeth,stock ticker,0,9.609216,1,2,0.4222000134177506,61.73519999720156,48.39710000669584,48.81930002011359,110.1323000038974
topic,2,19,3,Draskel,board chair,1,0.0,0,2,0.0,0.0,43.202799977734685,43.202799977734685,43.202799977734685
topic,2,19,4,Draskel,stock ticker,1,9.437184,0,2,0.0,0.0,47.204700007569045,47.204700007569045,47.204700007569045
topic,2,19,5,Pyrenna,anthem composer,0,0.0,1,2,0.48779998905956745,68.20939999306574,49.566300003789365,50.05409999284893,117.77569999685511
topic,2,19,6,Pyrenna,founding river,1,0.0,0,2,0.0,0.0,55.29079999541864,55.29079999541864,55.29079999541864
topic,2,19,7,Ilmeth,corporate color,0,0.0,0,2,0.43919996824115515,72.61859998106956,71.21790002565831,71.65709999389946,143.83650000672787
topic,2,19,8,Ilmeth,headquarters city,1,9.609216,0,2,0.0,0.0,50.81009998684749,50.81009998684749,50.81009998684749
topic,2,19,9,Ilmeth,flagship product,1,0.0,0,2,0.0,0.0,49.91549998521805,49.91549998521805,49.91549998521805
topic,2,19,10,Toskarel,chief executive,0,0.0,1,2,0.46880001900717616,78.08629999635741,62.205999973230064,62.67479999223724,140.29229996958748
topic,2,19,11,Toskarel,founding river,1,9.510912,1,2,0.0,0.0,70.5162999802269,70.5162999802269,70.5162999802269
topic,2,20,0,Ilmeth,chief executive,0,0.0,0,1,0.43160002678632736,61.380800034385175,51.96150002302602,52.39310004981235,113.3423000574112
topic,2,20,1,Ilmeth,stock ticker,1,9.609216,0,2,0.0,0.0,56.588899984490126,56.588899984490126,56.588899984490126
topic,2,20,2,Draskel,signature dish,1,0.0,0,2,0.0,0.0,46.22890002792701,46.22890002792701,46.22890002792701
topic,2,20,3,Draskel,chief engineer,1,9.437184,0,2,0.0,0.0,61.97660003090277,61.97660003090277,61.97660003090277
topic,2,20,4,Draskel,chief executive,1,0.0,0,2,0.0,0.0,40.55889998562634,40.55889998562634,40.55889998562634
topic,2,20,5,Pyrenna,founding river,0,0.0,1,2,0.4670000053010881,83.815100020729,53.38210001355037,53.84910001885146,137.19720003427938
topic,2,20,6,Pyrenna,headquarters city,1,0.0,0,2,0.0,0.0,52.89869999978691,52.89869999978691,52.89869999978691
topic,2,20,7,Pyrenna,anthem composer,1,0.0,0,2,0.0,0.0,72.26580003043637,72.26580003043637,72.26580003043637
topic,2,20,8,Pyrenna,board chair,1,0.0,0,2,0.0,0.0,64.24349994631484,64.24349994631484,64.24349994631484
topic,2,20,9,Ilmeth,anthem composer,0,0.0,0,2,0.749099999666214,57.337299978826195,74.34170000487939,75.0908000045456,131.67899998370558
topic,2,20,10,Ilmeth,lucky number,1,9.609216,0,2,0.0,0.0,59.99189999420196,59.99189999420196,59.99189999420196
topic,2,20,11,Toskarel,motto word,0,0.0,1,2,0.8123000152409077,75.45790000585839,62.66120000509545,63.47350002033636,138.11910001095384
topic,2,21,0,Draskel,founding year,0,0.0,0,1,0.8125999593175948,58.67860000580549,79.40550002967939,80.21809998899698,138.08410003548488
topic,2,21,1,Pyrenna,chief engineer,0,9.437184,0,2,0.8064000285230577,92.64560003066435,51.143000018782914,51.94940004730597,143.78860004944727
topic,2,21,2,Draskel,stock ticker,1,9.609216,1,2,0.0,0.0,53.688200016040355,53.688200016040355,53.688200016040355
topic,2,21,3,Draskel,corporate color,1,9.437184,0,2,0.0,0.0,42.78880002675578,42.78880002675578,42.78880002675578
topic,2,21,4,Pyrenna,satellite name,0,0.0,1,2,0.8533999789506197,82.4389000190422,95.03630001563579,95.88969999458641,177.47520003467798
topic,2,21,5,Ilmeth,board chair,0,0.0,0,2,0.810900004580617,80.65649995114654,55.642600054852664,56.45350005943328,136.2991000059992
topic,2,21,6,Seluun,signature dish,0,9.609216,0,2,0.8074000361375511,47.229700023308396,63.524299999699,64.33170003583655,110.75400002300739
topic,2,21,7,Seluun,employee count,1,8.835072,1,2,0.0,0.0,42.10900003090501,42.10900003090501,42.10900003090501
topic,2,21,8,Draskel,research lab city,0,0.0,1,2,0.8256000000983477,57.82429996179417,43.09270001249388,43.918300012592226,100.91699997428805
topic,2,21,9,Draskel,annual revenue,1,0.0,0,2,0.0,0.0,74.49169998290017,74.49169998290017,74.49169998290017
topic,2,21,10,Draskel,mascot animal,1,0.0,0,2,0.0,0.0,49.02049998054281,49.02049998054281,49.02049998054281
topic,2,21,11,Pyrenna,chief executive,0,0.0,0,2,0.4523000097833574,53.02049999590963,49.70169998705387,50.15399999683723,102.7221999829635
topic,2,22,0,Bramwick,chief engineer,0,0.0,0,1,0.41750003583729267,50.51650002133101,51.514499995391816,51.93200003122911,102.03100001672283
topic,2,22,1,Bramwick,flagship product,1,9.474048,0,2,0.0,0.0,47.65829996904358,47.65829996904358,47.65829996904358
topic,2,22,2,Veltrax,headquarters city,0,0.0,1,2,0.46360003761947155,58.657600020524114,87.50740002142265,87.97100005904213,146.16500004194677
topic,2,22,3,Pyrenna,mascot animal,1,9.510912,0,2,0.0,0.0,64.87779994495213,64.87779994495213,64.87779994495213
topic,2,22,4,Ilmeth,signature dish,0,9.609216,0,2,0.3942000330425799,91.26349998405203,81.32180001121014,81.71600004425272,172.58529999526218
topic,2,22,5,Toskarel,chief engineer,0,0.0,1,2,0.5085999728180468,97.3985999589786,60.613300011027604,61.12189998384565,158.0118999700062
topic,2,22,6,Quorvane,flagship product,0,9.510912,0,2,0.48859999515116215,68.90870002098382,67.11150001501665,67.60010001016781,136.02020003600046
topic,2,22,7,Seluun,flagship product,1,9.437184,1,2,0.0,0.0,51.46180000156164,51.46180000156164,51.46180000156164
topic,2,22,8,Seluun,motto word,1,8.835072,0,2,0.0,0.0,43.53409999748692,43.53409999748692,43.53409999748692
topic,2,22,9,Seluun,annual revenue,1,0.0,0,2,0.0,0.0,72.42520002182573,72.42520002182573,72.42520002182573
topic,2,22,10,Bramwick,motto word,1,0.0,0,2,0.0,0.0,68.85739997960627,68.85739997960627,68.85739997960627
topic,2,22,11,Quorvane,anthem composer,0,9.474048,1,2,0.48400001833215356,51.509899960365146,46.20490001980215,46.68890003813431,97.7147999801673
topic,2,23,0,Draskel,founding river,0,0.0,0,1,0.45460002729669213,49.43499999353662,51.26850004307926,51.72310007037595,100.70350003661588
topic,2,23,1,Pyrenna,lucky number,0,9.437184,0,2,0.4268999909982085,47.29570000199601,40.939200029242784,41.36610002024099,88.2349000312388
topic,2,23,2,Pyrenna,mascot animal,1,9.609216,1,2,0.0,0.0,68.82349995430559,68.82349995430559,68.82349995430559
topic,2,23,3,Veltrax,founding year,0,0.0,1,2,0.5056000081822276,77.80949998414144,63.668199989479035,64.17379999766126,141.47769997362047
topic,2,23,4,Quorvane,chief engineer,0,0.0,0,2,0.49760000547394156,71.40289997914806,48.85620001005009,49.35380001552403,120.25909998919815
topic,2,23,5,Veltrax,mascot animal,0,9.437184,0,2,0.4259999841451645,56.952199956867844,40.2963999658823,40.722399950027466,97.24859992275015
topic,2,23,6,Veltrax,employee count,1,9.510912,1,2,0.0,0.0,44.19340001186356,44.19340001186356,44.19340001186356
topic,2,23,7,Pyrenna,founding year,1,0.0,0,2,0.0,0.0,50.19919999176636,50.19919999176636,50.19919999176636
topic,2,23,8,Pyrenna,anthem composer,1,9.609216,0,2,0.0,0.0,42.11629997007549,42.11629997007549,42.11629997007549
topic,2,23,9,Pyrenna,annual revenue,1,0.0,0,2,0.0,0.0,79.68050002818927,79.68050002818927,79.68050002818927
topic,2,23,10,Pyrenna,chief executive,1,0.0,0,2,0.0,0.0,46.99170001549646,46.99170001549646,46.99170001549646
topic,2,23,11,Pyrenna,primary material,1,0.0,1,2,0.0,0.0,81.65159996133298,81.65159996133298,81.65159996133298
topic,2,24,0,Veltrax,signature dish,0,0.0,0,1,0.5041999975219369,55.71750004310161,47.39769996376708,47.90189996128902,103.11520000686869
topic,2,24,1,Pyrenna,stock ticker,1,9.510912,0,2,0.0,0.0,49.598699959460646,49.598699959460646,49.598699959460646
topic,2,24,2,Ilmeth,chief executive,0,9.609216,0,2,0.3994000144302845,89.21549998922274,107.44709998834878,107.84650000277907,196.66259997757152
topic,2,24,3,Ilmeth,lucky number,1,0.0,0,2,0.0,0.0,43.666700017638505,43.666700017638505,43.666700017638505
topic,2,24,4,Toskarel,mascot animal,0,0.0,1,2,0.4556999774649739,48.438299971167,54.84759999671951,55.30329997418448,103.28589996788651
topic,2,24,5,Quorvane,chief engineer,0,9.510912,0,2,0.5019000382162631,59.884299989789724,57.84949997905642,58.35140001727268,117.73379996884614
topic,2,24,6,Veltrax,motto word,0,9.437184,1,2,0.457499991171062,55.29180000303313,55.833499995060265,56.29099998623133,111.1252999980934
topic,2,24,7,Veltrax,satellite name,1,9.510912,1,2,0.0,0.0,105.9619999723509,105.9619999723509,105.9619999723509
topic,2,24,8,Ilmeth,research lab city,0,0.0,1,2,0.5096999811939895,94.29500001715496,66.34309998480603,66.85279996600002,160.638100001961
topic,2,24,9,Ilmeth,anthem composer,1,9.609216,0,2,0.0,0.0,61.52180000208318,61.52180000208318,61.52180000208318
topic,2,24,10,Draskel,research lab city,1,0.0,0,2,0.0,0.0,75.84050000878051,75.84050000878051,75.84050000878051
topic,2,24,11,Draskel,anthem composer,1,9.437184,1,2,0.0,0.0,69.53410001005977,69.53410001005977,69.53410001005977
topic,2,25,0,Bramwick,chief executive,0,0.0,0,1,0.4288000054657459,77.67939998302609,56.77520000608638,57.204000011552125,134.45459998911247
topic,2,25,1,Toskarel,stock ticker,1,9.474048,0,2,0.0,0.0,44.75800000363961,44.75800000363961,44.75800000363961
topic,2,25,2,Toskarel,flagship product,1,9.510912,0,2,0.0,0.0,56.057200010400265,56.057200010400265,56.057200010400265
topic,2,25,3,Toskarel,mascot animal,1,0.0,0,2,0.0,0.0,54.82999997911975,54.82999997911975,54.82999997911975
topic,2,25,4,Pyrenna,headquarters city,1,0.0,0,2,0.0,0.0,52.72729997523129,52.72729997523129,52.72729997523129
topic,2,25,5,Ilmeth,signature dish,0,9.609216,0,2,0.39299996569752693,46.28349997801706,41.001200035680085,41.39420000137761,87.28470001369715
topic,2,25,6,Ilmeth,chief engineer,1,0.0,0,2,0.0,0.0,65.34959998680279,65.34959998680279,65.34959998680279
topic,2,25,7,Ilmeth,anthem composer,1,0.0,0,2,0.0,0.0,98.1057999888435,98.1057999888435,98.1057999888435
topic,2,25,8,Ilmeth,employee count,1,0.0,0,2,0.0,0.0,71.38909999048337,71.38909999048337,71.38909999048337
topic,2,25,9,Toskarel,founding year,0,0.0,1,2,0.48619997687637806,77.41530000930652,64.30939998244867,64.79559995932505,141.7246999917552
topic,2,25,10,Quorvane,chief executive,0,9.510912,0,2,0.5236000288277864,49.02919998858124,49.10439997911453,49.62800000794232,98.13359996769577
topic,2,25,11,Quorvane,chief engineer,1,9.437184,2,2,0.0,0.0,40.5380999436602,40.5380999436602,40.5380999436602
topic,2,26,0,Veltrax,annual revenue,0,0.0,0,1,0.4702000296674669,80.13160002883524,92.44969999417663,92.9199000238441,172.58130002301186
topic,2,26,1,Veltrax,stock ticker,1,9.510912,0,2,0.0,0.0,74.2286000167951,74.2286000167951,74.2286000167951
topic,2,26,2,Veltrax,employee count,1,0.0,0,2,0.0,0.0,54.56719995709136,54.56719995709136,54.56719995709136
topic,2,26,3,Veltrax,annual revenue,1,0.0,0,2,0.0,0.0,46.77399998763576,46.77399998763576,46.77399998763576
topic,2,26,4,Quorvane,flagship product,0,0.0,1,2,0.522000016644597,50.10659998515621,53.24719997588545,53.76919999253005,103.35379996104166
topic,2,26,5,Quorvane,motto word,1,9.437184,0,2,0.0,0.0,69.4499000092037,69.4499000092037,69.4499000092037
topic,2,26,6,Quorvane,mascot animal,1,0.0,0,2,0.0,0.0,77.86640000995249,77.86640000995249,77.86640000995249
topic,2,26,7,Quorvane,chief engineer,1,0.0,0,2,0.0,0.0,29.551199986599386,29.551199986599386,29.551199986599386
topic,2,26,8,Quorvane,annual revenue,1,0.0,0,2,0.0,0.0,78.87950004078448,78.87950004078448,78.87950004078448
topic,2,26,9,Seluun,flagship product,1,0.0,0,2,0.0,0.0,77.76770001510158,77.76770001510158,77.76770001510158
topic,2,26,10,Seluun,founding river,1,8.835072,0,2,0.0,0.0,39.89789995830506,39.89789995830506,39.89789995830506
topic,2,26,11,Seluun,anthem composer,1,0.0,1,2,0.0,0.0,39.87999999662861,39.87999999662861,39.87999999662861
topic,2,27,0,Pyrenna,corporate color,0,0.0,0,1,0.47470000572502613,98.28350000316277,57.076600030995905,57.55130003672093,155.36010003415868
topic,2,27,1,Pyrenna,annual revenue,1,9.609216,0,2,0.0,0.0,60.38889999035746,60.38889999035746,60.38889999035746
topic,2,27,2,Pyrenna,flagship product,1,0.0,0,2,0.0,0.0,79.14660003734753,79.14660003734753,79.14660003734753
topic,2,27,3,Pyrenna,employee count,1,0.0,0,2,0.0,0.0,42.06770000746474,42.06770000746474,42.06770000746474
topic,2,27,4,Pyrenna,headquarters city,1,0.0,0,2,0.0,0.0,48.7186000100337,48.7186000100337,48.7186000100337
topic,2,27,5,Pyrenna,anthem composer,1,0.0,0,2,0.0,0.0,77.06599996890873,77.06599996890873,77.06599996890873
topic,2,27,6,Pyrenna,primary material,1,0.0,0,2,0.0,0.0,53.05950000183657,53.05950000183657,53.05950000183657
topic,2,27,7,Pyrenna,stock ticker,1,0.0,0,2,0.0,0.0,67.00829998590052,67.00829998590052,67.00829998590052
topic,2,27,8,Pyrenna,signature dish,1,0.0,0,2,0.0,0.0,55.73660001391545,55.73660001391545,55.73660001391545
topic,2,27,9,Pyrenna,signature dish,1,0.0,0,2,0.0,0.0,67.52700003562495,67.52700003562495,67.52700003562495
topic,2,27,10,Pyrenna,chief engineer,1,0.0,0,2,0.0,0.0,84.5227999961935,84.5227999961935,84.5227999961935
topic,2,27,11,Toskarel,chief engineer,0,0.0,1,2,0.8427000138908625,86.65379998274148,48.658300016541034,49.5010000304319,135.3120999992825
topic,2,28,0,Seluun,stock ticker,0,0.0,0,1,0.7892000139690936,73.44009994994849,60.04830001620576,60.83750003017485,133.48839996615425
topic,2,28,1,Seluun,research lab city,1,8.835072,0,2,0.0,0.0,85.38619999308139,85.38619999308139,85.38619999308139
topic,2,28,2,Bramwick,chief executive,1,0.0,0,2,0.0,0.0,54.20770001364872,54.20770001364872,54.20770001364872
topic,2,28,3,Veltrax,employee count,0,9.474048,0,2,1.0403000051155686,63.51649999851361,39.35490001458675,40.395200019702315,102.87140001310036
topic,2,28,4,Veltrax,lucky number,1,9.510912,1,2,0.0,0.0,40.77870002947748,40.77870002947748,40.77870002947748
topic,2,28,5,Veltrax,stock ticker,1,0.0,0,2,0.0,0.0,78.87700002174824,78.87700002174824,78.87700002174824
topic,2,28,6,Quorvane,research lab city,0,0.0,1,2,0.9484000038355589,116.368799994234,92.14040002552792,93.08880002936348,208.50920001976192
topic,2,28,7,Toskarel,annual revenue,0,9.437184,0,2,0.8129000198096037,77.63820001855493,45.716899971012026,46.52979999082163,123.35509998956695
topic,2,28,8,Toskarel,board chair,1,9.510912,1,2,0.0,0.0,77.00170000316575,77.00170000316575,77.00170000316575
topic,2,28,9,Ilmeth,founding year,0,0.0,1,2,0.7522000232711434,82.49110000906512,86.36199997272342,87.11419999599457,168.85309998178855
topic,2,28,10,Ilmeth,motto word,1,9.609216,0,2,0.0,0.0,85.37970000179484,85.37970000179484,85.37970000179484
topic,2,28,11,Ilmeth,flagship product,1,0.0,1,2,0.0,0.0,64.9814999778755,64.9814999778755,64.9814999778755
topic,2,29,0,Bramwick,board chair,0,0.0,0,1,0.8210000232793391,87.80400000978261,50.45060004340485,51.27160006668419,138.25460005318746
topic,2,29,1,Bramwick,flagship product,1,9.474048,0,2,0.0,0.0,51.12600000575185,51.12600000575185,51.12600000575185
topic,2,29,2,Pyrenna,flagship product,0,0.0,1,2,0.7893000147305429,51.747300021816045,95.95210000406951,96.74140001880005,147.69940002588555
topic,2,29,3,Pyrenna,chief executive,1,9.609216,0,2,0.0,0.0,75.75669995276257,75.75669995276257,75.75669995276257
topic,2,29,4,Draskel,chief executive,1,0.0,0,2,0.0,0.0,41.02830000920221,41.02830000920221,41.02830000920221
topic,2,29,5,Seluun,corporate color,1,9.437184,0,2,0.0,0.0,40.99919996224344,40.99919996224344,40.99919996224344
topic,2,29,6,Seluun,archive codename,1,8.835072,0,2,0.0,0.0,70.62780001433566,70.62780001433566,70.62780001433566
topic,2,29,7,Seluun,research lab city,1,0.0,0,2,0.0,0.0,68.23269999586046,68.23269999586046,68.23269999586046
topic,2,29,8,Seluun,primary material,1,0.0,0,2,0.0,0.0,84.06680001644418,84.06680001644418,84.06680001644418
topic,2,29,9,Seluun,mascot animal,1,0.0,0,2,0.0,0.0,94.77750002406538,94.77750002406538,94.77750002406538
topic,2,29,10,Seluun,motto word,1,0.0,0,2,0.0,0.0,64.51440003002062,64.51440003002062,64.51440003002062
topic,2,29,11,Seluun,research lab city,1,0.0,1,2,0.0,0.0,55.90779997874051,55.90779997874051,55.90779997874051
topic,2,30,0,Draskel,lucky number,0,0.0,0,1,0.8185000042431056,48.397400008980185,42.23180003464222,43.050300038885325,90.6292000436224
topic,2,30,1,Pyrenna,archive codename,0,9.437184,0,2,0.7828000234439969,70.26890001725405,88.44110002974048,89.22390005318448,158.71000004699454
topic,2,30,2,Pyrenna,anthem composer,1,9.609216,1,2,0.0,0.0,42.2394999768585,42.2394999768585,42.2394999768585
topic,2,30,3,Ilmeth,chief executive,0,0.0,1,2,0.7467000395990908,55.72750000283122,39.18829996837303,39.93500000797212,94.91579997120425
topic,2,30,4,Ilmeth,signature dish,1,9.609216,0,2,0.0,0.0,39.455599966458976,39.455599966458976,39.455599966458976
topic,2,30,5,Toskarel,headquarters city,0,0.0,1,2,0.825099996291101,72.59820000035688,77.94210000429302,78.76720000058413,150.5403000046499
topic,2,30,6,Toskarel,founding river,1,9.510912,0,2,0.0,0.0,52.46320000151172,52.46320000151172,52.46320000151172
topic,2,30,7,Toskarel,primary material,1,0.0,0,2,0.0,0.0,47.25140001391992,47.25140001391992,47.25140001391992
topic,2,30,8,Pyrenna,anthem composer,1,0.0,0,2,0.0,0.0,109.52130000805482,109.52130000805482,109.52130000805482
topic,2,30,9,Pyrenna,primary material,1,9.609216,0,2,0.0,0.0,64.71089995466173,64.71089995466173,64.71089995466173
topic,2,30,10,Pyrenna,chief engineer,1,0.0,0,2,0.0,0.0,45.139399997424334,45.139399997424334,45.139399997424334
topic,2,30,11,Pyrenna,signature dish,1,0.0,1,2,0.0,0.0,59.50069997925311,59.50069997925311,59.50069997925311
topic,2,31,0,Bramwick,board chair,0,0.0,0,1,0.4293000092729926,66.96989998454228,83.23090005433187,83.66020006360486,150.20080003887415
topic,2,31,1,Quorvane,founding river,0,9.474048,0,2,0.4935999750159681,90.8719000290148,91.00529999705032,91.49889997206628,181.8772000260651
topic,2,31,2,Quorvane,signature dish,1,9.437184,1,2,0.0,0.0,65.12779998593032,65.12779998593032,65.12779998593032
topic,2,31,3,Quorvane,employee count,1,0.0,0,2,0.0,0.0,64.82900003902614,64.82900003902614,64.82900003902614
topic,2,31,4,Quorvane,corporate color,1,0.0,0,2,0.0,0.0,69.17269999394193,69.17269999394193,69.17269999394193
topic,2,31,5,Quorvane,founding year,1,0.0,0,2,0.0,0.0,64.39910002518445,64.39910002518445,64.39910002518445
topic,2,31,6,Veltrax,research lab city,0,0.0,1,2,0.46039995504543185,52.97879996942356,64.07419999595731,64.53459995100275,117.05299996538088
topic,2,31,7,Veltrax,primary material,1,9.510912,0,2,0.0,0.0,86.3851000322029,86.3851000322029,86.3851000322029
topic,2,31,8,Veltrax,chief executive,1,0.0,0,2,0.0,0.0,75.56359999580309,75.56359999580309,75.56359999580309
topic,2,31,9,Veltrax,annual revenue,1,0.0,0,2,0.0,0.0,41.115299973171204,41.115299973171204,41.115299973171204
topic,2,31,10,Veltrax,stock ticker,1,0.0,0,2,0.0,0.0,42.92669997084886,42.92669997084886,42.92669997084886
topic,2,31,11,Quorvane,lucky number,0,0.0,1,2,0.493600033223629,48.17269998602569,44.05160003807396,44.545200071297586,92.22430002409965
topic,2,32,0,Seluun,flagship product,0,0.0,0,1,0.46770001063123345,47.46339999837801,50.632899976335466,51.1005999869667,98.09629997471347
topic,2,32,1,Seluun,employee count,1,8.835072,0,2,0.0,0.0,75.78660000581294,75.78660000581294,75.78660000581294
topic,2,32,2,Seluun,founding year,1,0.0,0,2,0.0,0.0,46.38010001508519,46.38010001508519,46.38010001508519
topic,2,32,3,Pyrenna,research lab city,0,0.0,1,2,0.4659000551328063,47.91349999140948,110.67680001724511,111.14270007237792,158.5903000086546
topic,2,32,4,Ilmeth,archive codename,0,9.609216,0,2,0.4420999903231859,84.55600001616403,85.53570002550259,85.97780001582578,170.09170004166663
topic,2,32,5,Ilmeth,signature dish,1,0.0,0,2,0.0,0.0,58.70990001130849,58.70990001130849,58.70990001130849
topic,2,32,6,Ilmeth,archive codename,1,0.0,0,2,0.0,0.0,40.72049999376759,40.72049999376759,40.72049999376759
topic,2,32,7,Toskarel,chief engineer,0,0.0,1,2,0.49399997806176543,63.85539995972067,67.20300001325086,67.69699999131262,131.05839997297153
topic,2,32,8,Quorvane,mascot animal,0,9.510912,0,2,0.45739999040961266,45.0944000040181,40.49549996852875,40.95289995893836,85.58989997254685
topic,2,32,9,Veltrax,annual revenue,0,9.437184,1,2,0.4267999902367592,45.2561000129208,40.5826999922283,41.00949998246506,85.8388000051491
topic,2,32,10,Pyrenna,chief executive,1,9.510912,1,2,0.0,0.0,40.83780001383275,40.83780001383275,40.83780001383275
topic,2,32,11,Pyrenna,employee count,1,9.609216,1,2,0.0,0.0,73.38660000823438,73.38660000823438,73.38660000823438
topic,2,33,0,Veltrax,flagship product,0,0.0,0,1,0.4570000455714762,50.268499995581806,69.52740001725033,69.9844000628218,119.79590001283213
topic,2,33,1,Veltrax,lucky number,1,9.510912,0,2,0.0,0.0,64.07649995526299,64.07649995526299,64.07649995526299
topic,2,33,2,Pyrenna,annual revenue,1,0.0,0,2,0.0,0.0,57.45920003391802,57.45920003391802,57.45920003391802
topic,2,33,3,Draskel,founding year,1,9.609216,0,2,0.0,0.0,52.60599998291582,52.60599998291582,52.60599998291582
topic,2,33,4,Draskel,board chair,1,9.437184,0,2,0.0,0.0,59.737299976404756,59.737299976404756,59.737299976404756
topic,2,33,5,Veltrax,anthem composer,0,0.0,1,2,0.5120999994687736,112.19359998358414,48.605000018142164,49.11710001761094,160.7986000017263
topic,2,33,6,Veltrax,archive codename,1,9.510912,0,2,0.0,0.0,66.11869996413589,66.11869996413589,66.11869996413589
topic,2,33,7,Veltrax,flagship product,1,0.0,0,2,0.0,0.0,79.57530004205182,79.57530004205182,79.57530004205182
topic,2,33,8,Quorvane,flagship product,0,0.0,1,2,0.5278000026009977,52.52619995735586,39.31440005544573,39.84220005804673,91.84060001280159
topic,2,33,9,Pyrenna,corporate color,0,9.437184,0,2,0.423500023316592,47.527500020805746,49.27220003446564,49.69570005778223,96.79970005527139
topic,2,33,10,Pyrenna,headquarters city,1,9.609216,1,2,0.0,0.0,58.647199999541044,58.647199999541044,58.647199999541044
topic,2,33,11,Draskel,annual revenue,1,0.0,0,2,0.0,0.0,49.78020000271499,49.78020000271499,49.78020000271499
topic,2,34,0,Seluun,primary material,0,0.0,0,1,0.5094999796710908,88.40959996450692,40.79190001357347,41.30139999324456,129.2014999780804
topic,2,34,1,Draskel,annual revenue,0,8.835072,0,2,0.42939995182678103,74.26989998202771,83.50629999767989,83.93569994950667,157.7761999797076
topic,2,34,2,Draskel,lucky number,1,9.437184,1,2,0.0,0.0,58.98249999154359,58.98249999154359,58.98249999154359
topic,2,34,3,Draskel,annual revenue,1,0.0,0,2,0.0,0.0,93.8431000104174,93.8431000104174,93.8431000104174
topic,2,34,4,Seluun,corporate color,1,0.0,0,2,0.0,0.0,60.90270000277087,60.90270000277087,60.90270000277087
topic,2,34,5,Seluun,archive codename,1,8.835072,0,2,0.0,0.0,49.03549997834489,49.03549997834489,49.03549997834489
topic,2,34,6,Draskel,lucky number,0,0.0,1,2,0.4732999950647354,45.61380000086501,61.38620001729578,61.85950001236051,107.00000001816079
topic,2,34,7,Seluun,board chair,1,0.0,0,2,0.0,0.0,40.32379999989644,40.32379999989644,40.32379999989644
topic,2,34,8,Seluun,lucky number,1,8.835072,0,2,0.0,0.0,39.46699999505654,39.46699999505654,39.46699999505654
topic,2,34,9,Seluun,research lab city,1,0.0,0,2,0.0,0.0,39.73200003383681,39.73200003383681,39.73200003383681
topic,2,34,10,Pyrenna,headquarters city,0,0.0,1,2,0.47939998330548406,73.35930003318936,54.30949997389689,54.788899957202375,127.66880000708625
topic,2,34,11,Pyrenna,founding river,1,9.609216,1,2,0.0,0.0,49.5867999852635,49.5867999852635,49.5867999852635
topic,2,35,0,Quorvane,motto word,0,0.0,0,1,0.5567999905906618,61.13809999078512,40.70080001838505,41.257600008975714,101.83890000917017
topic,2,35,1,Quorvane,stock ticker,1,9.437184,0,2,0.0,0.0,81.56280004186556,81.56280004186556,81.56280004186556
topic,2,35,2,Veltrax,employee count,0,0.0,1,2,0.485299970023334,55.49669999163598,53.14620002172887,53.63149999175221,108.64290001336485
topic,2,35,3,Veltrax,mascot animal,1,9.510912,0,2,0.0,0.0,71.37259998125955,71.37259998125955,71.37259998125955
topic,2,35,4,Veltrax,board chair,1,0.0,0,2,0.0,0.0,92.09069999633357,92.09069999633357,92.09069999633357
topic,2,35,5,Veltrax,anthem composer,1,0.0,0,2,0.0,0.0,58.37649997556582,58.37649997556582,58.37649997556582
topic,2,35,6,Pyrenna,archive codename,1,0.0,0,2,0.0,0.0,42.182100005447865,42.182100005447865,42.182100005447865
topic,2,35,7,Pyrenna,lucky number,1,9.609216,0,2,0.0,0.0,52.66059999121353,52.66059999121353,52.66059999121353
topic,2,35,8,Ilmeth,lucky number,0,0.0,1,2,0.41610002517700195,45.16520001925528,41.81959998095408,42.23570000613108,86.98480000020936
topic,2,35,9,Ilmeth,research lab city,1,9.609216,0,2,0.0,0.0,40.02219997346401,40.02219997346401,40.02219997346401
topic,2,35,10,Ilmeth,motto word,1,0.0,0,2,0.0,0.0,42.60220000287518,42.60220000287518,42.60220000287518
topic,2,35,11,Ilmeth,board chair,1,0.0,1,2,0.0,0.0,51.83399998350069,51.83399998350069,51.83399998350069
topic,2,36,0,Ilmeth,headquarters city,0,0.0,0,1,0.4341999883763492,61.968800029717386,47.98279999522492,48.41699998360127,109.95160002494231
topic,2,36,1,Ilmeth,signature dish,1,9.609216,0,2,0.0,0.0,39.82880001422018,39.82880001422018,39.82880001422018
topic,2,36,2,Draskel,chief engineer,1,0.0,0,2,0.0,0.0,53.19210002198815,53.19210002198815,53.19210002198815
topic,2,36,3,Pyrenna,chief engineer,0,9.437184,0,2,0.7704999879933894,45.52929999772459,40.771600033622235,41.542100021615624,86.30090003134683
topic,2,36,4,Pyrenna,employee count,1,9.609216,1,2,0.0,0.0,39.42099999403581,39.42099999403581,39.42099999403581
topic,2,36,5,Draskel,chief executive,1,0.0,0,2,0.0,0.0,58.544899977277964,58.544899977277964,58.544899977277964
topic,2,36,6,Seluun,satellite name,1,9.437184,0,2,0.0,0.0,83.42949999496341,83.42949999496341,83.42949999496341
topic,2,36,7,Seluun,flagship product,1,8.835072,0,2,0.0,0.0,55.1100000157021,55.1100000157021,55.1100000157021
topic,2,36,8,Seluun,mascot animal,1,0.0,0,2,0.0,0.0,43.44629996921867,43.44629996921867,43.44629996921867
topic,2,36,9,Seluun,primary material,1,0.0,0,2,0.0,0.0,61.314599995967,61.314599995967,61.314599995967
topic,2,36,10,Seluun,founding year,1,0.0,0,2,0.0,0.0,45.22780003026128,45.22780003026128,45.22780003026128
topic,2,36,11,Draskel,board chair,0,0.0,1,2,0.5047000013291836,49.3819999974221,53.43359999824315,53.93829999957234,102.81559999566525
topic,2,37,0,Draskel,stock ticker,0,0.0,0,1,0.5193999968469143,82.1340000256896,41.998100001364946,42.51749999821186,124.13210002705455
topic,2,37,1,Pyrenna,stock ticker,0,9.437184,0,2,0.42529997881501913,67.20889999996871,64.19760000426322,64.62289998307824,131.40650000423193
topic,2,37,2,Ilmeth,founding year,0,9.609216,1,2,0.3942999755963683,60.302099969703704,54.44189999252558,54.836199968121946,114.74399996222928
topic,2,37,3,Ilmeth,research lab city,1,0.0,0,2,0.0,0.0,78.49380001425743,78.49380001425743,78.49380001425743
topic,2,37,4,Ilmeth,stock ticker,1,0.0,0,2,0.0,0.0,66.99530000332743,66.99530000332743,66.99530000332743
topic,2,37,5,Draskel,satellite name,1,0.0,0,2,0.0,0.0,53.719300020020455,53.719300020020455,53.719300020020455
topic,2,37,6,Draskel,chief executive,1,9.437184,0,2,0.0,0.0,77.48209999408573,77.48209999408573,77.48209999408573
topic,2,37,7,Draskel,flagship product,1,0.0,0,2,0.0,0.0,82.28660002350807,82.28660002350807,82.28660002350807
topic,2,37,8,Draskel,motto word,1,0.0,0,2,0.0,0.0,80.34799998858944,80.34799998858944,80.34799998858944
topic,2,37,9,Draskel,headquarters city,1,0.0,0,2,0.0,0.0,85.60459996806458,85.60459996806458,85.60459996806458
topic,2,37,10,Draskel,chief executive,1,0.0,0,2,0.0,0.0,52.56989999907091,52.56989999907091,52.56989999907091
topic,2,37,11,Draskel,annual revenue,1,0.0,1,2,0.0,0.0,41.624899953603745,41.624899953603745,41.624899953603745
topic,2,38,0,Draskel,flagship product,0,0.0,0,1,0.4613000201061368,48.287599987816066,78.90039996709675,79.36169998720288,127.18799995491281
topic,2,38,1,Pyrenna,founding year,0,9.437184,0,2,0.46090001706033945,85.1861999835819,56.94709997624159,57.40799999330193,142.1332999598235
topic,2,38,2,Pyrenna,chief engineer,1,9.609216,1,2,0.0,0.0,73.12509999610484,73.12509999610484,73.12509999610484
topic,2,38,3,Quorvane,research lab city,0,0.0,1,2,0.9415000095032156,65.88489998830482,60.33659999957308,61.2781000090763,126.2214999878779
topic,2,38,4,Ilmeth,board chair,0,9.437184,0,2,0.7316999835893512,53.477900044526905,70.22709999000654,70.95879997359589,123.70500003453344
topic,2,38,5,Pyrenna,annual revenue,0,9.609216,1,2,0.7722000009380281,85.46660002321005,73.6952000297606,74.46740003069863,159.16180005297065
topic,2,38,6,Pyrenna,satellite name,1,0.0,0,2,0.0,0.0,84.12070001941174,84.12070001941174,84.12070001941174
topic,2,38,7,Ilmeth,satellite name,0,0.0,1,2,0.4827999509871006,47.6998999947682,52.27990000275895,52.76269995374605,99.97979999752715
topic,2,38,8,Ilmeth,annual revenue,1,9.609216,0,2,0.0,0.0,76.12949999747798,76.12949999747798,76.12949999747798
topic,2,38,9,Ilmeth,motto word,1,0.0,0,2,0.0,0.0,64.99749998329207,64.99749998329207,64.99749998329207
topic,2,38,10,Draskel,headquarters city,1,0.0,0,2,0.0,0.0,44.81589997885749,44.81589997885749,44.81589997885749
topic,2,38,11,Seluun,corporate color,1,9.437184,0,2,0.0,0.0,48.27670002123341,48.27670002123341,48.27670002123341
topic,2,39,0,Bramwick,stock ticker,0,0.0,0,1,0.4437000025063753,95.29359999578446,58.67150000995025,59.115200012456626,153.9651000057347
topic,2,39,1,Bramwick,stock ticker,1,9.474048,0,2,0.0,0.0,84.4422000227496,84.4422000227496,84.4422000227496
topic,2,39,2,Bramwick,signature dish,1,0.0,0,2,0.0,0.0,89.90759996231645,89.90759996231645,89.90759996231645
topic,2,39,3,Bramwick,employee count,1,0.0,0,2,0.0,0.0,81.3468000269495,81.3468000269495,81.3468000269495
topic,2,39,4,Bramwick,flagship product,1,0.0,0,2,0.0,0.0,59.286899981088936,59.286899981088936,59.286899981088936
topic,2,39,5,Toskarel,anthem composer,1,0.0,0,2,0.0,0.0,55.63309998251498,55.63309998251498,55.63309998251498
topic,2,39,6,Toskarel,anthem composer,1,9.510912,0,2,0.0,0.0,63.1524000200443,63.1524000200443,63.1524000200443
topic,2,39,7,Pyrenna,board chair,1,0.0,0,2,0.0,0.0,75.83669997984543,75.83669997984543,75.83669997984543
topic,2,39,8,Pyrenna,employee count,1,9.609216,0,2,0.0,0.0,59.49079996207729,59.49079996207729,59.49079996207729
topic,2,39,9,Pyrenna,satellite name,1,0.0,0,2,0.0,0.0,95.5932000069879,95.5932000069879,95.5932000069879
topic,2,39,10,Pyrenna,mascot animal,1,0.0,0,2,0.0,0.0,76.18279999587685,76.18279999587685,76.18279999587685
topic,2,39,11,Pyrenna,chief engineer,1,0.0,1,2,0.0,0.0,56.152099976316094,56.152099976316094,56.152099976316094
oracle,2,0,0,Ilmeth,satellite name,1,8.761344,0,1,0.0,0.0,47.07629996119067,47.07629996119067,47.07629996119067
oracle,2,0,1,Draskel,stock ticker,1,9.609216,0,1,0.0,0.0,72.49350001802668,72.49350001802668,72.49350001802668
oracle,2,0,2,Draskel,founding river,1,0.0,0,1,0.0,0.0,60.38540002191439,60.38540002191439,60.38540002191439
oracle,2,0,3,Draskel,annual revenue,1,0.0,0,1,0.0,0.0,82.33750000363216,82.33750000363216,82.33750000363216
oracle,2,0,4,Seluun,lucky number,1,9.437184,0,1,0.0,0.0,88.92170002218336,88.92170002218336,88.92170002218336
oracle,2,0,5,Seluun,annual revenue,1,0.0,0,1,0.0,0.0,50.514600006863475,50.514600006863475,50.514600006863475
oracle,2,0,6,Seluun,founding year,1,0.0,0,1,0.0,0.0,84.3431000248529,84.3431000248529,84.3431000248529
oracle,2,0,7,Draskel,motto word,1,9.609216,0,1,0.0,0.0,74.82599996728823,74.82599996728823,74.82599996728823
oracle,2,0,8,Draskel,flagship product,1,0.0,0,1,0.0,0.0,41.568699991330504,41.568699991330504,41.568699991330504
oracle,2,0,9,Veltrax,founding year,1,9.535488,0,1,0.0,0.0,49.412199994549155,49.412199994549155,49.412199994549155
oracle,2,0,10,Veltrax,anthem composer,1,0.0,0,1,0.0,0.0,45.85009999573231,45.85009999573231,45.85009999573231
oracle,2,0,11,Veltrax,annual revenue,1,0.0,0,1,0.0,0.0,66.67349999770522,66.67349999770522,66.67349999770522
oracle,2,1,0,Veltrax,signature dish,1,9.535488,0,1,0.0,0.0,76.50770002510399,76.50770002510399,76.50770002510399
oracle,2,1,1,Veltrax,founding river,1,0.0,0,1,0.0,0.0,80.86569997249171,80.86569997249171,80.86569997249171
oracle,2,1,2,Draskel,research lab city,1,9.609216,0,1,0.0,0.0,44.00499997427687,44.00499997427687,44.00499997427687
oracle,2,1,3,Draskel,motto word,1,0.0,0,1,0.0,0.0,42.380700004287064,42.380700004287064,42.380700004287064
oracle,2,1,4,Pyrenna,founding year,1,9.510912,0,1,0.0,0.0,43.80529996706173,43.80529996706173,43.80529996706173
oracle,2,1,5,Pyrenna,anthem composer,1,0.0,0,1,0.0,0.0,41.91579995676875,41.91579995676875,41.91579995676875
oracle,2,1,6,Quorvane,corporate color,1,10.309632,0,1,0.0,0.0,69.70320001710206,69.70320001710206,69.70320001710206
oracle,2,1,7,Veltrax,flagship product,1,9.535488,0,1,0.0,0.0,85.09959996445104,85.09959996445104,85.09959996445104
oracle,2,1,8,Quorvane,signature dish,1,10.309632,0,1,0.0,0.0,45.69080000510439,45.69080000510439,45.69080000510439
oracle,2,1,9,Seluun,primary material,1,9.437184,0,1,0.0,0.0,77.49060000060126,77.49060000060126,77.49060000060126
oracle,2,1,10,Seluun,lucky number,1,0.0,0,1,0.0,0.0,77.94009998906404,77.94009998906404,77.94009998906404
oracle,2,1,11,Draskel,satellite name,1,9.609216,0,1,0.0,0.0,53.12190001131967,53.12190001131967,53.12190001131967
oracle,2,2,0,Draskel,annual revenue,1,9.609216,0,1,0.0,0.0,46.833000029437244,46.833000029437244,46.833000029437244
oracle,2,2,1,Draskel,corporate color,1,0.0,0,1,0.0,0.0,53.665900020860136,53.665900020860136,53.665900020860136
oracle,2,2,2,Draskel,research lab city,1,0.0,0,1,0.0,0.0,97.73580002365634,97.73580002365634,97.73580002365634
oracle,2,2,3,Draskel,signature dish,1,0.0,0,1,0.0,0.0,89.73470004275441,89.73470004275441,89.73470004275441
oracle,2,2,4,Draskel,corporate color,1,0.0,0,1,0.0,0.0,48.363399982918054,48.363399982918054,48.363399982918054
oracle,2,2,5,Draskel,annual revenue,1,0.0,0,1,0.0,0.0,39.609899977222085,39.609899977222085,39.609899977222085
oracle,2,2,6,Draskel,founding year,1,0.0,0,1,0.0,0.0,42.27789997821674,42.27789997821674,42.27789997821674
oracle,2,2,7,Draskel,primary material,1,0.0,0,1,0.0,0.0,46.33720003766939,46.33720003766939,46.33720003766939
oracle,2,2,8,Pyrenna,corporate color,1,9.510912,0,1,0.0,0.0,78.50000000325963,78.50000000325963,78.50000000325963
oracle,2,2,9,Pyrenna,motto word,1,0.0,0,1,0.0,0.0,113.62369998823851,113.62369998823851,113.62369998823851
oracle,2,2,10,Draskel,anthem composer,1,9.609216,0,1,0.0,0.0,80.13800001936033,80.13800001936033,80.13800001936033
oracle,2,2,11,Draskel,annual revenue,1,0.0,0,1,0.0,0.0,74.22070001484826,74.22070001484826,74.22070001484826
oracle,2,3,0,Toskarel,founding river,1,9.474048,0,1,0.0,0.0,56.83040001895279,56.83040001895279,56.83040001895279
oracle,2,3,1,Veltrax,annual revenue,1,9.535488,0,1,0.0,0.0,42.40530001698062,42.40530001698062,42.40530001698062
oracle,2,3,2,Pyrenna,signature dish,1,9.510912,0,1,0.0,0.0,46.21970001608133,46.21970001608133,46.21970001608133
oracle,2,3,3,Draskel,archive codename,1,9.609216,0,1,0.0,0.0,43.32669998984784,43.32669998984784,43.32669998984784
oracle,2,3,4,Seluun,research lab city,1,9.437184,0,1,0.0,0.0,51.24240001896396,51.24240001896396,51.24240001896396
oracle,2,3,5,Seluun,mascot animal,1,0.0,0,1,0.0,0.0,62.74309998843819,62.74309998843819,62.74309998843819
oracle,2,3,6,Bramwick,lucky number,1,8.835072,0,1,0.0,0.0,56.865899998229,56.865899998229,56.865899998229
oracle,2,3,7,Quorvane,research lab city,1,10.309632,0,1,0.0,0.0,73.61659995513037,73.61659995513037,73.61659995513037
oracle,2,3,8,Quorvane,anthem composer,1,0.0,0,1,0.0,0.0,78.3981999848038,78.3981999848038,78.3981999848038
oracle,2,3,9,Veltrax,founding river,1,9.535488,0,1,0.0,0.0,76.90980000188574,76.90980000188574,76.90980000188574
oracle,2,3,10,Veltrax,motto word,1,0.0,0,1,0.0,0.0,57.467899983748794,57.467899983748794,57.467899983748794
oracle,2,3,11,Pyrenna,chief executive,1,9.510912,0,1,0.0,0.0,46.640100015792996,46.640100015792996,46.640100015792996
oracle,2,4,0,Veltrax,chief executive,1,9.535488,0,1,0.0,0.0,61.850199999753386,61.850199999753386,61.850199999753386
oracle,2,4,1,Veltrax,founding year,1,0.0,0,1,0.0,0.0,51.234800019301474,51.234800019301474,51.234800019301474
oracle,2,4,2,Veltrax,stock ticker,1,0.0,0,1,0.0,0.0,47.45259997434914,47.45259997434914,47.45259997434914
oracle,2,4,3,Veltrax,flagship product,1,0.0,0,1,0.0,0.0,80.30749997124076,80.30749997124076,80.30749997124076
oracle,2,4,4,Pyrenna,research lab city,1,9.510912,0,1,0.0,0.0,63.10170004144311,63.10170004144311,63.10170004144311
oracle,2,4,5,Pyrenna,corporate color,1,0.0,0,1,0.0,0.0,58.04729997180402,58.04729997180402,58.04729997180402
oracle,2,4,6,Pyrenna,signature dish,1,0.0,0,1,0.0,0.0,68.24320001760498,68.24320001760498,68.24320001760498
oracle,2,4,7,Pyrenna,primary material,1,0.0,0,1,0.0,0.0,54.74689998663962,54.74689998663962,54.74689998663962
oracle,2,4,8,Pyrenna,chief engineer,1,0.0,0,1,0.0,0.0,69.36650001443923,69.36650001443923,69.36650001443923
oracle,2,4,9,Pyrenna,flagship product,1,0.0,0,1,0.0,0.0,63.675699988380075,63.675699988380075,63.675699988380075
oracle,2,4,10,Pyrenna,annual revenue,1,0.0,0,1,0.0,0.0,53.28629998257384,53.28629998257384,53.28629998257384
oracle,2,4,11,Pyrenna,mascot animal,1,0.0,0,1,0.0,0.0,42.37580002518371,42.37580002518371,42.37580002518371
oracle,2,5,0,Pyrenna,signature dish,1,9.510912,0,1,0.0,0.0,39.22269999748096,39.22269999748096,39.22269999748096
oracle,2,5,1,Bramwick,founding year,1,8.835072,0,1,0.0,0.0,39.20950001338497,39.20950001338497,39.20950001338497
oracle,2,5,2,Bramwick,annual revenue,1,0.0,0,1,0.0,0.0,41.00610001478344,41.00610001478344,41.00610001478344
oracle,2,5,3,Bramwick,corporate color,1,0.0,0,1,0.0,0.0,45.38860003231093,45.38860003231093,45.38860003231093
oracle,2,5,4,Bramwick,signature dish,1,0.0,0,1,0.0,0.0,68.0856000399217,68.0856000399217,68.0856000399217
oracle,2,5,5,Toskarel,signature dish,1,9.474048,0,1,0.0,0.0,42.250200000125915,42.250200000125915,42.250200000125915
oracle,2,5,6,Toskarel,signature dish,1,0.0,0,1,0.0,0.0,41.26999998698011,41.26999998698011,41.26999998698011
oracle,2,5,7,Quorvane,satellite name,1,10.309632,0,1,0.0,0.0,72.82160001341254,72.82160001341254,72.82160001341254
oracle,2,5,8,Veltrax,headquarters city,1,9.535488,0,1,0.0,0.0,40.80359998624772,40.80359998624772,40.80359998624772
oracle,2,5,9,Pyrenna,mascot animal,1,9.510912,0,1,0.0,0.0,39.84590002801269,39.84590002801269,39.84590002801269
oracle,2,5,10,Ilmeth,chief executive,1,8.761344,0,1,0.0,0.0,40.97979998914525,40.97979998914525,40.97979998914525
oracle,2,5,11,Toskarel,primary material,1,9.474048,0,1,0.0,0.0,61.459299991838634,61.459299991838634,61.459299991838634
oracle,2,6,0,Pyrenna,employee count,1,9.510912,0,1,0.0,0.0,55.59290002565831,55.59290002565831,55.59290002565831
oracle,2,6,1,Pyrenna,headquarters city,1,0.0,0,1,0.0,0.0,67.09039997076616,67.09039997076616,67.09039997076616
oracle,2,6,2,Pyrenna,mascot animal,1,0.0,0,1,0.0,0.0,43.39309997158125,43.39309997158125,43.39309997158125
oracle,2,6,3,Seluun,corporate color,1,9.437184,0,1,0.0,0.0,61.38979998650029,61.38979998650029,61.38979998650029
oracle,2,6,4,Bramwick,annual revenue,1,8.835072,0,1,0.0,0.0,64.68880001921207,64.68880001921207,64.68880001921207
oracle,2,6,5,Bramwick,flagship product,1,0.0,0,1,0.0,0.0,55.44799997005612,55.44799997005612,55.44799997005612
oracle,2,6,6,Bramwick,archive codename,1,0.0,0,1,0.0,0.0,40.79170001205057,40.79170001205057,40.79170001205057
oracle,2,6,7,Bramwick,lucky number,1,0.0,0,1,0.0,0.0,64.63999999687076,64.63999999687076,64.63999999687076
oracle,2,6,8,Bramwick,annual revenue,1,0.0,0,1,0.0,0.0,67.62300000991672,67.62300000991672,67.62300000991672
oracle,2,6,9,Bramwick,lucky number,1,0.0,0,1,0.0,0.0,82.78410002822056,82.78410002822056,82.78410002822056
oracle,2,6,10,Bramwick,board chair,1,0.0,0,1,0.0,0.0,61.14870001329109,61.14870001329109,61.14870001329109
oracle,2,6,11,Quorvane,founding year,1,10.309632,0,1,0.0,0.0,59.64759999187663,59.64759999187663,59.64759999187663
oracle,2,7,0,Toskarel,satellite name,1,9.474048,0,1,0.0,0.0,45.705199998337775,45.705199998337775,45.705199998337775
oracle,2,7,1,Quorvane,archive codename,1,10.309632,0,1,0.0,0.0,43.783700035419315,43.783700035419315,43.783700035419315
oracle,2,7,2,Quorvane,flagship product,1,0.0,0,1,0.0,0.0,42.470799991860986,42.470799991860986,42.470799991860986
oracle,2,7,3,Veltrax,anthem composer,1,9.535488,0,1,0.0,0.0,50.83089997060597,50.83089997060597,50.83089997060597
oracle,2,7,4,Veltrax,anthem composer,1,0.0,0,1,0.0,0.0,42.53879998577759,42.53879998577759,42.53879998577759
oracle,2,7,5,Veltrax,headquarters city,1,0.0,0,1,0.0,0.0,66.21399999130517,66.21399999130517,66.21399999130517
oracle,2,7,6,Veltrax,corporate color,1,0.0,0,1,0.0,0.0,51.58619995927438,51.58619995927438,51.58619995927438
oracle,2,7,7,Veltrax,anthem composer,1,0.0,0,1,0.0,0.0,44.050299969967455,44.050299969967455,44.050299969967455
oracle,2,7,8,Veltrax,chief engineer,1,0.0,0,1,0.0,0.0,48.518700001295656,48.518700001295656,48.518700001295656
oracle,2,7,9,Quorvane,research lab city,1,10.309632,0,1,0.0,0.0,62.03750002896413,62.03750002896413,62.03750002896413
oracle,2,7,10,Quorvane,flagship product,1,0.0,0,1,0.0,0.0,70.04820002475753,70.04820002475753,70.04820002475753
oracle,2,7,11,Quorvane,board chair,1,0.0,0,1,0.0,0.0,65.68749999860302,65.68749999860302,65.68749999860302
oracle,2,8,0,Ilmeth,satellite name,1,8.761344,0,1,0.0,0.0,52.251000015530735,52.251000015530735,52.251000015530735
oracle,2,8,1,Ilmeth,flagship product,1,0.0,0,1,0.0,0.0,66.29310001153499,66.29310001153499,66.29310001153499
oracle,2,8,2,Ilmeth,archive codename,1,0.0,0,1,0.0,0.0,65.86109998170286,65.86109998170286,65.86109998170286
oracle,2,8,3,Ilmeth,employee count,1,0.0,0,1,0.0,0.0,52.20310000004247,52.20310000004247,52.20310000004247
oracle,2,8,4,Toskarel,flagship product,1,9.474048,0,1,0.0,0.0,63.809000013861805,63.809000013861805,63.809000013861805
oracle,2,8,5,Quorvane,chief executive,1,10.309632,0,1,0.0,0.0,47.10010002600029,47.10010002600029,47.10010002600029
oracle,2,8,6,Quorvane,motto word,1,0.0,0,1,0.0,0.0,39.439700020011514,39.439700020011514,39.439700020011514
oracle,2,8,7,Quorvane,stock ticker,1,0.0,0,1,0.0,0.0,73.51389998802915,73.51389998802915,73.51389998802915
oracle,2,8,8,Quorvane,primary material,1,0.0,0,1,0.0,0.0,44.06280000694096,44.06280000694096,44.06280000694096
oracle,2,8,9,Quorvane,flagship product,1,0.0,0,1,0.0,0.0,44.148000015411526,44.148000015411526,44.148000015411526
oracle,2,8,10,Quorvane,stock ticker,1,0.0,0,1,0.0,0.0,60.05989998811856,60.05989998811856,60.05989998811856
oracle,2,8,11,Quorvane,headquarters city,1,0.0,0,1,0.0,0.0,42.5558999995701,42.5558999995701,42.5558999995701
oracle,2,9,0,Veltrax,chief executive,1,9.535488,0,1,0.0,0.0,44.311199977528304,44.311199977528304,44.311199977528304
oracle,2,9,1,Veltrax,headquarters city,1,0.0,0,1,0.0,0.0,69.92590002482757,69.92590002482757,69.92590002482757
oracle,2,9,2,Veltrax,satellite name,1,0.0,0,1,0.0,0.0,38.904900022316724,38.904900022316724,38.904900022316724
oracle,2,9,3,Veltrax,flagship product,1,0.0,0,1,0.0,0.0,44.02690002461895,44.02690002461895,44.02690002461895
oracle,2,9,4,Veltrax,motto word,1,0.0,0,1,0.0,0.0,51.01789999753237,51.01789999753237,51.01789999753237
oracle,2,9,5,Veltrax,flagship product,1,0.0,0,1,0.0,0.0,71.45129999844357,71.45129999844357,71.45129999844357
oracle,2,9,6,Veltrax,annual revenue,1,0.0,0,1,0.0,0.0,87.95869996538386,87.95869996538386,87.95869996538386
oracle,2,9,7,Quorvane,anthem composer,1,10.309632,0,1,0.0,0.0,82.4006000184454,82.4006000184454,82.4006000184454
oracle,2,9,8,Quorvane,lucky number,1,0.0,0,1,0.0,0.0,62.33820004854351,62.33820004854351,62.33820004854351
oracle,2,9,9,Quorvane,mascot animal,1,0.0,0,1,0.0,0.0,76.66300004348159,76.66300004348159,76.66300004348159
oracle,2,9,10,Seluun,founding year,1,9.437184,0,1,0.0,0.0,42.83370001940057,42.83370001940057,42.83370001940057
oracle,2,9,11,Seluun,primary material,1,0.0,0,1,0.0,0.0,56.25520000467077,56.25520000467077,56.25520000467077
oracle,2,10,0,Seluun,annual revenue,1,9.437184,0,1,0.0,0.0,59.41049999091774,59.41049999091774,59.41049999091774
oracle,2,10,1,Seluun,chief executive,1,0.0,0,1,0.0,0.0,96.70069999992847,96.70069999992847,96.70069999992847
oracle,2,10,2,Seluun,chief engineer,1,0.0,0,1,0.0,0.0,74.37170000048354,74.37170000048354,74.37170000048354
oracle,2,10,3,Seluun,flagship product,1,0.0,0,1,0.0,0.0,53.01380000310019,53.01380000310019,53.01380000310019
oracle,2,10,4,Seluun,board chair,1,0.0,0,1,0.0,0.0,48.373800003901124,48.373800003901124,48.373800003901124
oracle,2,10,5,Draskel,research lab city,1,9.609216,0,1,0.0,0.0,52.71800002083182,52.71800002083182,52.71800002083182
oracle,2,10,6,Draskel,anthem composer,1,0.0,0,1,0.0,0.0,60.32359995879233,60.32359995879233,60.32359995879233
oracle,2,10,7,Draskel,mascot animal,1,0.0,0,1,0.0,0.0,57.95709998346865,57.95709998346865,57.95709998346865
oracle,2,10,8,Draskel,chief executive,1,0.0,0,1,0.0,0.0,117.28929996024817,117.28929996024817,117.28929996024817
oracle,2,10,9,Seluun,founding river,1,9.437184,0,1,0.0,0.0,58.48320003133267,58.48320003133267,58.48320003133267
oracle,2,10,10,Seluun,satellite name,1,0.0,0,1,0.0,0.0,41.156599996611476,41.156599996611476,41.156599996611476
oracle,2,10,11,Bramwick,annual revenue,1,8.835072,0,1,0.0,0.0,80.05170000251383,80.05170000251383,80.05170000251383
oracle,2,11,0,Toskarel,corporate color,1,9.474048,0,1,0.0,0.0,85.60240000952035,85.60240000952035,85.60240000952035
oracle,2,11,1,Toskarel,satellite name,1,0.0,0,1,0.0,0.0,46.42500000772998,46.42500000772998,46.42500000772998
oracle,2,11,2,Quorvane,motto word,1,10.309632,0,1,0.0,0.0,54.75990002742037,54.75990002742037,54.75990002742037
oracle,2,11,3,Quorvane,anthem composer,1,0.0,0,1,0.0,0.0,51.71209998661652,51.71209998661652,51.71209998661652
oracle,2,11,4,Seluun,motto word,1,9.437184,0,1,0.0,0.0,59.61290001869202,59.61290001869202,59.61290001869202
oracle,2,11,5,Seluun,motto word,1,0.0,0,1,0.0,0.0,55.93949998728931,55.93949998728931,55.93949998728931
oracle,2,11,6,Seluun,stock ticker,1,0.0,0,1,0.0,0.0,64.57339995540679,64.57339995540679,64.57339995540679
oracle,2,11,7,Seluun,chief executive,1,0.0,0,1,0.0,0.0,46.921700006350875,46.921700006350875,46.921700006350875
oracle,2,11,8,Bramwick,founding year,1,8.835072,0,1,0.0,0.0,59.58390003070235,59.58390003070235,59.58390003070235
oracle,2,11,9,Bramwick,research lab city,1,0.0,0,1,0.0,0.0,63.77419998170808,63.77419998170808,63.77419998170808
oracle,2,11,10,Bramwick,employee count,1,0.0,0,1,0.0,0.0,45.28570000547916,45.28570000547916,45.28570000547916
oracle,2,11,11,Bramwick,chief engineer,1,0.0,0,1,0.0,0.0,55.387599975802004,55.387599975802004,55.387599975802004
oracle,2,12,0,Ilmeth,corporate color,1,8.761344,0,1,0.0,0.0,54.16160001186654,54.16160001186654,54.16160001186654
oracle,2,12,1,Draskel,chief engineer,1,9.609216,0,1,0.0,0.0,69.643700029701,69.643700029701,69.643700029701
oracle,2,12,2,Draskel,signature dish,1,0.0,0,1,0.0,0.0,70.54509996669367,70.54509996669367,70.54509996669367
oracle,2,12,3,Pyrenna,employee count,1,9.510912,0,1,0.0,0.0,47.86589997820556,47.86589997820556,47.86589997820556
oracle,2,12,4,Draskel,anthem composer,1,9.609216,0,1,0.0,0.0,41.241200000513345,41.241200000513345,41.241200000513345
oracle,2,12,5,Veltrax,chief engineer,1,9.535488,0,1,0.0,0.0,55.42849999619648,55.42849999619648,55.42849999619648
oracle,2,12,6,Pyrenna,corporate color,1,9.510912,0,1,0.0,0.0,56.72769999364391,56.72769999364391,56.72769999364391
oracle,2,12,7,Pyrenna,anthem composer,1,0.0,0,1,0.0,0.0,84.26989999134094,84.26989999134094,84.26989999134094
oracle,2,12,8,Pyrenna,motto word,1,0.0,0,1,0.0,0.0,87.28759997757152,87.28759997757152,87.28759997757152
oracle,2,12,9,Pyrenna,chief executive,1,0.0,0,1,0.0,0.0,77.49390002572909,77.49390002572909,77.49390002572909
oracle,2,12,10,Ilmeth,archive codename,1,8.761344,0,1,0.0,0.0,59.630799980368465,59.630799980368465,59.630799980368465
oracle,2,12,11,Ilmeth,anthem composer,1,0.0,0,1,0.0,0.0,46.95350001566112,46.95350001566112,46.95350001566112
oracle,2,13,0,Seluun,founding year,1,9.437184,0,1,0.0,0.0,66.08880002750084,66.08880002750084,66.08880002750084
oracle,2,13,1,Seluun,chief engineer,1,0.0,0,1,0.0,0.0,84.0689999749884,84.0689999749884,84.0689999749884
oracle,2,13,2,Seluun,lucky number,1,0.0,0,1,0.0,0.0,54.56870002672076,54.56870002672076,54.56870002672076
oracle,2,13,3,Seluun,archive codename,1,0.0,0,1,0.0,0.0,78.64690001588315,78.64690001588315,78.64690001588315
oracle,2,13,4,Veltrax,headquarters city,1,9.535488,0,1,0.0,0.0,41.38890001922846,41.38890001922846,41.38890001922846
oracle,2,13,5,Pyrenna,satellite name,1,9.510912,0,1,0.0,0.0,72.17919995309785,72.17919995309785,72.17919995309785
oracle,2,13,6,Pyrenna,stock ticker,1,0.0,0,1,0.0,0.0,41.88469995278865,41.88469995278865,41.88469995278865
oracle,2,13,7,Pyrenna,annual revenue,1,0.0,0,1,0.0,0.0,55.29320001369342,55.29320001369342,55.29320001369342
oracle,2,13,8,Pyrenna,corporate color,1,0.0,0,1,0.0,0.0,58.70819999836385,58.70819999836385,58.70819999836385
oracle,2,13,9,Draskel,lucky number,1,9.609216,0,1,0.0,0.0,101.04270000010729,101.04270000010729,101.04270000010729
oracle,2,13,10,Draskel,signature dish,1,0.0,0,1,0.0,0.0,61.76339997909963,61.76339997909963,61.76339997909963
oracle,2,13,11,Draskel,founding river,1,0.0,0,1,0.0,0.0,68.72480001766235,68.72480001766235,68.72480001766235
oracle,2,14,0,Draskel,chief engineer,1,9.609216,0,1,0.0,0.0,44.66109996428713,44.66109996428713,44.66109996428713
oracle,2,14,1,Draskel,lucky number,1,0.0,0,1,0.0,0.0,39.91389996372163,39.91389996372163,39.91389996372163
oracle,2,14,2,Bramwick,chief engineer,1,8.835072,0,1,0.0,0.0,65.00960001721978,65.00960001721978,65.00960001721978
oracle,2,14,3,Bramwick,stock ticker,1,0.0,0,1,0.0,0.0,39.608400024008006,39.608400024008006,39.608400024008006
oracle,2,14,4,Draskel,headquarters city,1,9.609216,0,1,0.0,0.0,94.74079997744411,94.74079997744411,94.74079997744411
oracle,2,14,5,Toskarel,corporate color,1,9.474048,0,1,0.0,0.0,62.568699999246746,62.568699999246746,62.568699999246746
oracle,2,14,6,Toskarel,mascot animal,1,0.0,0,1,0.0,0.0,69.85899998107925,69.85899998107925,69.85899998107925
oracle,2,14,7,Toskarel,primary material,1,0.0,0,1,0.0,0.0,39.83300004620105,39.83300004620105,39.83300004620105
oracle,2,14,8,Quorvane,corporate color,1,10.309632,0,1,0.0,0.0,51.57740000868216,51.57740000868216,51.57740000868216
oracle,2,14,9,Veltrax,board chair,1,9.535488,0,1,0.0,0.0,39.87440001219511,39.87440001219511,39.87440001219511
oracle,2,14,10,Veltrax,flagship product,1,0.0,0,1,0.0,0.0,40.78659997321665,40.78659997321665,40.78659997321665
oracle,2,14,11,Quorvane,corporate color,1,10.309632,0,1,0.0,0.0,47.61460004374385,47.61460004374385,47.61460004374385
oracle,2,15,0,Bramwick,mascot animal,1,8.835072,0,1,0.0,0.0,101.32509999675676,101.32509999675676,101.32509999675676
oracle,2,15,1,Veltrax,lucky number,1,9.535488,0,1,0.0,0.0,73.57890001730993,73.57890001730993,73.57890001730993
oracle,2,15,2,Quorvane,annual revenue,1,10.309632,0,1,0.0,0.0,41.026199993211776,41.026199993211776,41.026199993211776
oracle,2,15,3,Quorvane,corporate color,1,0.0,0,1,0.0,0.0,66.8821000144817,66.8821000144817,66.8821000144817
oracle,2,15,4,Quorvane,headquarters city,1,0.0,0,1,0.0,0.0,59.41049999091774,59.41049999091774,59.41049999091774
oracle,2,15,5,Quorvane,chief executive,1,0.0,0,1,0.0,0.0,69.09900001483038,69.09900001483038,69.09900001483038
oracle,2,15,6,Seluun,stock ticker,1,9.437184,0,1,0.0,0.0,48.8607999868691,48.8607999868691,48.8607999868691
oracle,2,15,7,Bramwick,employee count,1,8.835072,0,1,0.0,0.0,101.73970001051202,101.73970001051202,101.73970001051202
oracle,2,15,8,Quorvane,founding river,1,10.309632,0,1,0.0,0.0,74.95829998515546,74.95829998515546,74.95829998515546
oracle,2,15,9,Seluun,annual revenue,1,9.437184,0,1,0.0,0.0,64.03040001168847,64.03040001168847,64.03040001168847
oracle,2,15,10,Bramwick,annual revenue,1,8.835072,0,1,0.0,0.0,40.08589999284595,40.08589999284595,40.08589999284595
oracle,2,15,11,Bramwick,chief engineer,1,0.0,0,1,0.0,0.0,44.17860001558438,44.17860001558438,44.17860001558438
oracle,2,16,0,Seluun,mascot animal,1,9.437184,0,1,0.0,0.0,43.733400001656264,43.733400001656264,43.733400001656264
oracle,2,16,1,Seluun,board chair,1,0.0,0,1,0.0,0.0,104.0882000233978,104.0882000233978,104.0882000233978
oracle,2,16,2,Seluun,flagship product,1,0.0,0,1,0.0,0.0,89.39720003399998,89.39720003399998,89.39720003399998
oracle,2,16,3,Draskel,motto word,1,9.609216,0,1,0.0,0.0,78.0117999529466,78.0117999529466,78.0117999529466
oracle,2,16,4,Draskel,anthem composer,1,0.0,0,1,0.0,0.0,55.50489999586716,55.50489999586716,55.50489999586716
oracle,2,16,5,Draskel,mascot animal,1,0.0,0,1,0.0,0.0,56.03149998933077,56.03149998933077,56.03149998933077
oracle,2,16,6,Draskel,satellite name,1,0.0,0,1,0.0,0.0,75.7910999818705,75.7910999818705,75.7910999818705
oracle,2,16,7,Draskel,board chair,1,0.0,0,1,0.0,0.0,57.83610005164519,57.83610005164519,57.83610005164519
oracle,2,16,8,Draskel,stock ticker,1,0.0,0,1,0.0,0.0,58.227900008205324,58.227900008205324,58.227900008205324
oracle,2,16,9,Draskel,primary material,1,0.0,0,1,0.0,0.0,78.72310001403093,78.72310001403093,78.72310001403093
oracle,2,16,10,Draskel,mascot animal,1,0.0,0,1,0.0,0.0,54.16739999782294,54.16739999782294,54.16739999782294
oracle,2,16,11,Draskel,satellite name,1,0.0,0,1,0.0,0.0,61.425099964253604,61.425099964253604,61.425099964253604
oracle,2,17,0,Ilmeth,anthem composer,1,8.761344,0,1,0.0,0.0,58.08830005116761,58.08830005116761,58.08830005116761
oracle,2,17,1,Ilmeth,archive codename,1,0.0,0,1,0.0,0.0,60.938899987377226,60.938899987377226,60.938899987377226
oracle,2,17,2,Draskel,satellite name,1,9.609216,0,1,0.0,0.0,38.99590001674369,38.99590001674369,38.99590001674369
oracle,2,17,3,Seluun,primary material,1,9.437184,0,1,0.0,0.0,39.00039999280125,39.00039999280125,39.00039999280125
oracle,2,17,4,Bramwick,flagship product,1,8.835072,0,1,0.0,0.0,38.72589999809861,38.72589999809861,38.72589999809861
oracle,2,17,5,Bramwick,founding year,1,0.0,0,1,0.0,0.0,54.22130000079051,54.22130000079051,54.22130000079051
oracle,2,17,6,Bramwick,employee count,1,0.0,0,1,0.0,0.0,44.94619998149574,44.94619998149574,44.94619998149574
oracle,2,17,7,Bramwick,research lab city,1,0.0,0,1,0.0,0.0,39.14589999476448,39.14589999476448,39.14589999476448
oracle,2,17,8,Bramwick,primary material,1,0.0,0,1,0.0,0.0,44.67959998873994,44.67959998873994,44.67959998873994
oracle,2,17,9,Bramwick,research lab city,1,0.0,0,1,0.0,0.0,74.21350001823157,74.21350001823157,74.21350001823157
oracle,2,17,10,Quorvane,founding year,1,10.309632,0,1,0.0,0.0,52.42790002375841,52.42790002375841,52.42790002375841
oracle,2,17,11,Quorvane,founding river,1,0.0,0,1,0.0,0.0,64.45180001901463,64.45180001901463,64.45180001901463
oracle,2,18,0,Bramwick,chief engineer,1,8.835072,0,1,0.0,0.0,77.9577000066638,77.9577000066638,77.9577000066638
oracle,2,18,1,Quorvane,flagship product,1,10.309632,0,1,0.0,0.0,89.65819998411462,89.65819998411462,89.65819998411462
oracle,2,18,2,Veltrax,annual revenue,1,9.535488,0,1,0.0,0.0,44.14309997810051,44.14309997810051,44.14309997810051
oracle,2,18,3,Veltrax,founding year,1,0.0,0,1,0.0,0.0,73.27160000568256,73.27160000568256,73.27160000568256
oracle,2,18,4,Draskel,founding river,1,9.609216,0,1,0.0,0.0,52.85729997558519,52.85729997558519,52.85729997558519
oracle,2,18,5,Pyrenna,primary material,1,9.510912,0,1,0.0,0.0,40.16929998761043,40.16929998761043,40.16929998761043
oracle,2,18,6,Ilmeth,board chair,1,8.761344,0,1,0.0,0.0,53.95289999432862,53.95289999432862,53.95289999432862
oracle,2,18,7,Draskel,research lab city,1,9.609216,0,1,0.0,0.0,56.42489995807409,56.42489995807409,56.42489995807409
oracle,2,18,8,Draskel,annual revenue,1,0.0,0,1,0.0,0.0,58.68180003017187,58.68180003017187,58.68180003017187
oracle,2,18,9,Draskel,annual revenue,1,0.0,0,1,0.0,0.0,93.07140001328662,93.07140001328662,93.07140001328662
oracle,2,18,10,Draskel,board chair,1,0.0,0,1,0.0,0.0,44.44060003152117,44.44060003152117,44.44060003152117
oracle,2,18,11,Draskel,chief executive,1,0.0,0,1,0.0,0.0,41.80090001318604,41.80090001318604,41.80090001318604
oracle,2,19,0,Draskel,primary material,1,9.609216,0,1,0.0,0.0,84.15040001273155,84.15040001273155,84.15040001273155
oracle,2,19,1,Pyrenna,employee count,1,9.510912,0,1,0.0,0.0,71.01180002791807,71.01180002791807,71.01180002791807
oracle,2,19,2,Ilmeth,stock ticker,1,8.761344,0,1,0.0,0.0,69.0110000432469,69.0110000432469,69.0110000432469
oracle,2,19,3,Draskel,board chair,1,9.609216,0,1,0.0,0.0,50.26759998872876,50.26759998872876,50.26759998872876
oracle,2,19,4,Draskel,stock ticker,1,0.0,0,1,0.0,0.0,49.11369999172166,49.11369999172166,49.11369999172166
oracle,2,19,5,Pyrenna,anthem composer,1,9.510912,0,1,0.0,0.0,61.44799996400252,61.44799996400252,61.44799996400252
oracle,2,19,6,Pyrenna,founding river,1,0.0,0,1,0.0,0.0,62.887399981264025,62.887399981264025,62.887399981264025
oracle,2,19,7,Ilmeth,corporate color,1,8.761344,0,1,0.0,0.0,56.785500026308,56.785500026308,56.785500026308
oracle,2,19,8,Ilmeth,headquarters city,1,0.0,0,1,0.0,0.0,46.59759998321533,46.59759998321533,46.59759998321533
oracle,2,19,9,Ilmeth,flagship product,1,0.0,0,1,0.0,0.0,45.926099992357194,45.926099992357194,45.926099992357194
oracle,2,19,10,Toskarel,chief executive,1,9.474048,0,1,0.0,0.0,43.91269996995106,43.91269996995106,43.91269996995106
oracle,2,19,11,Toskarel,founding river,1,0.0,0,1,0.0,0.0,52.557700022589415,52.557700022589415,52.557700022589415
oracle,2,20,0,Ilmeth,chief executive,1,8.761344,0,1,0.0,0.0,39.94550002971664,39.94550002971664,39.94550002971664
oracle,2,20,1,Ilmeth,stock ticker,1,0.0,0,1,0.0,0.0,65.81870000809431,65.81870000809431,65.81870000809431
oracle,2,20,2,Draskel,signature dish,1,9.609216,0,1,0.0,0.0,64.42459998652339,64.42459998652339,64.42459998652339
oracle,2,20,3,Draskel,chief engineer,1,0.0,0,1,0.0,0.0,46.11039999872446,46.11039999872446,46.11039999872446
oracle,2,20,4,Draskel,chief executive,1,0.0,0,1,0.0,0.0,48.15250000683591,48.15250000683591,48.15250000683591
oracle,2,20,5,Pyrenna,founding river,1,9.510912,0,1,0.0,0.0,55.81360001815483,55.81360001815483,55.81360001815483
oracle,2,20,6,Pyrenna,headquarters city,1,0.0,0,1,0.0,0.0,54.722099972423166,54.722099972423166,54.722099972423166
oracle,2,20,7,Pyrenna,anthem composer,1,0.0,0,1,0.0,0.0,45.054899994283915,45.054899994283915,45.054899994283915
oracle,2,20,8,Pyrenna,board chair,1,0.0,0,1,0.0,0.0,46.200299984775484,46.200299984775484,46.200299984775484
oracle,2,20,9,Ilmeth,anthem composer,1,8.761344,0,1,0.0,0.0,72.42770004086196,72.42770004086196,72.42770004086196
oracle,2,20,10,Ilmeth,lucky number,1,0.0,0,1,0.0,0.0,39.66990002663806,39.66990002663806,39.66990002663806
oracle,2,20,11,Toskarel,motto word,1,9.474048,0,1,0.0,0.0,40.12630000943318,40.12630000943318,40.12630000943318
oracle,2,21,0,Draskel,founding year,1,9.609216,0,1,0.0,0.0,40.69549997802824,40.69549997802824,40.69549997802824
oracle,2,21,1,Pyrenna,chief engineer,1,9.510912,0,1,0.0,0.0,64.90399996982887,64.90399996982887,64.90399996982887
oracle,2,21,2,Draskel,stock ticker,1,9.609216,0,1,0.0,0.0,39.74090004339814,39.74090004339814,39.74090004339814
oracle,2,21,3,Draskel,corporate color,1,0.0,0,1,0.0,0.0,38.275200000498444,38.275200000498444,38.275200000498444
oracle,2,21,4,Pyrenna,satellite name,1,9.510912,0,1,0.0,0.0,39.72369997063652,39.72369997063652,39.72369997063652
oracle,2,21,5,Ilmeth,board chair,1,8.761344,0,1,0.0,0.0,50.00509996898472,50.00509996898472,50.00509996898472
oracle,2,21,6,Seluun,signature dish,1,9.437184,0,1,0.0,0.0,50.09270005393773,50.09270005393773,50.09270005393773
oracle,2,21,7,Seluun,employee count,1,0.0,0,1,0.0,0.0,56.778699974529445,56.778699974529445,56.778699974529445
oracle,2,21,8,Draskel,research lab city,1,9.609216,0,1,0.0,0.0,60.06410002009943,60.06410002009943,60.06410002009943
oracle,2,21,9,Draskel,annual revenue,1,0.0,0,1,0.0,0.0,74.57120000617579,74.57120000617579,74.57120000617579
oracle,2,21,10,Draskel,mascot animal,1,0.0,0,1,0.0,0.0,48.619500012136996,48.619500012136996,48.619500012136996
oracle,2,21,11,Pyrenna,chief executive,1,9.510912,0,1,0.0,0.0,55.513700004667044,55.513700004667044,55.513700004667044
oracle,2,22,0,Bramwick,chief engineer,1,8.835072,0,1,0.0,0.0,50.244899990502745,50.244899990502745,50.244899990502745
oracle,2,22,1,Bramwick,flagship product,1,0.0,0,1,0.0,0.0,41.36819997802377,41.36819997802377,41.36819997802377
oracle,2,22,2,Veltrax,headquarters city,1,9.535488,0,1,0.0,0.0,41.267599968705326,41.267599968705326,41.267599968705326
oracle,2,22,3,Pyrenna,mascot animal,1,9.510912,0,1,0.0,0.0,45.62170000281185,45.62170000281185,45.62170000281185
oracle,2,22,4,Ilmeth,signature dish,1,8.761344,0,1,0.0,0.0,82.79670000774786,82.79670000774786,82.79670000774786
oracle,2,22,5,Toskarel,chief engineer,1,9.474048,0,1,0.0,0.0,71.79119996726513,71.79119996726513,71.79119996726513
oracle,2,22,6,Quorvane,flagship product,1,10.309632,0,1,0.0,0.0,61.668300011660904,61.668300011660904,61.668300011660904
oracle,2,22,7,Seluun,flagship product,1,9.437184,0,1,0.0,0.0,69.62329999078065,69.62329999078065,69.62329999078065
oracle,2,22,8,Seluun,motto word,1,0.0,0,1,0.0,0.0,59.44610002916306,59.44610002916306,59.44610002916306
oracle,2,22,9,Seluun,annual revenue,1,0.0,0,1,0.0,0.0,47.29550000047311,47.29550000047311,47.29550000047311
oracle,2,22,10,Bramwick,motto word,1,8.835072,0,1,0.0,0.0,54.94529998395592,54.94529998395592,54.94529998395592
oracle,2,22,11,Quorvane,anthem composer,1,10.309632,0,1,0.0,0.0,71.20690000010654,71.20690000010654,71.20690000010654
oracle,2,23,0,Draskel,founding river,1,9.609216,0,1,0.0,0.0,72.614100005012,72.614100005012,72.614100005012
oracle,2,23,1,Pyrenna,lucky number,1,9.510912,0,1,0.0,0.0,70.88140002451837,70.88140002451837,70.88140002451837
oracle,2,23,2,Pyrenna,mascot animal,1,0.0,0,1,0.0,0.0,59.884399990551174,59.884399990551174,59.884399990551174
oracle,2,23,3,Veltrax,founding year,1,9.535488,0,1,0.0,0.0,39.20759999891743,39.20759999891743,39.20759999891743
oracle,2,23,4,Quorvane,chief engineer,1,10.309632,0,1,0.0,0.0,43.68800000520423,43.68800000520423,43.68800000520423
oracle,2,23,5,Veltrax,mascot animal,1,9.535488,0,1,0.0,0.0,43.44310000305995,43.44310000305995,43.44310000305995
oracle,2,23,6,Veltrax,employee count,1,0.0,0,1,0.0,0.0,80.78859996749088,80.78859996749088,80.78859996749088
oracle,2,23,7,Pyrenna,founding year,1,9.510912,0,1,0.0,0.0,46.46119999233633,46.46119999233633,46.46119999233633
oracle,2,23,8,Pyrenna,anthem composer,1,0.0,0,1,0.0,0.0,46.007400029338896,46.007400029338896,46.007400029338896
oracle,2,23,9,Pyrenna,annual revenue,1,0.0,0,1,0.0,0.0,41.43740003928542,41.43740003928542,41.43740003928542
oracle,2,23,10,Pyrenna,chief executive,1,0.0,0,1,0.0,0.0,67.53280002158135,67.53280002158135,67.53280002158135
oracle,2,23,11,Pyrenna,primary material,1,0.0,0,1,0.0,0.0,58.662099996581674,58.662099996581674,58.662099996581674
oracle,2,24,0,Veltrax,signature dish,1,9.535488,0,1,0.0,0.0,56.540100020356476,56.540100020356476,56.540100020356476
oracle,2,24,1,Pyrenna,stock ticker,1,9.510912,0,1,0.0,0.0,38.920900027733296,38.920900027733296,38.920900027733296
oracle,2,24,2,Ilmeth,chief executive,1,8.761344,0,1,0.0,0.0,45.40399997495115,45.40399997495115,45.40399997495115
oracle,2,24,3,Ilmeth,lucky number,1,0.0,0,1,0.0,0.0,79.03690001694486,79.03690001694486,79.03690001694486
oracle,2,24,4,Toskarel,mascot animal,1,9.474048,0,1,0.0,0.0,39.85800000373274,39.85800000373274,39.85800000373274
oracle,2,24,5,Quorvane,chief engineer,1,10.309632,0,1,0.0,0.0,38.90260000480339,38.90260000480339,38.90260000480339
oracle,2,24,6,Veltrax,motto word,1,9.535488,0,1,0.0,0.0,41.85209999559447,41.85209999559447,41.85209999559447
oracle,2,24,7,Veltrax,satellite name,1,0.0,0,1,0.0,0.0,68.3943000040017,68.3943000040017,68.3943000040017
oracle,2,24,8,Ilmeth,research lab city,1,8.761344,0,1,0.0,0.0,38.59900002134964,38.59900002134964,38.59900002134964
oracle,2,24,9,Ilmeth,anthem composer,1,0.0,0,1,0.0,0.0,38.41979999560863,38.41979999560863,38.41979999560863
oracle,2,24,10,Draskel,research lab city,1,9.609216,0,1,0.0,0.0,43.98780001793057,43.98780001793057,43.98780001793057
oracle,2,24,11,Draskel,anthem composer,1,0.0,0,1,0.0,0.0,48.95720002241433,48.95720002241433,48.95720002241433
oracle,2,25,0,Bramwick,chief executive,1,8.835072,0,1,0.0,0.0,70.63410000409931,70.63410000409931,70.63410000409931
oracle,2,25,1,Toskarel,stock ticker,1,9.474048,0,1,0.0,0.0,43.60789997735992,43.60789997735992,43.60789997735992
oracle,2,25,2,Toskarel,flagship product,1,0.0,0,1,0.0,0.0,39.938699977938086,39.938699977938086,39.938699977938086
oracle,2,25,3,Toskarel,mascot animal,1,0.0,0,1,0.0,0.0,42.75719996076077,42.75719996076077,42.75719996076077
oracle,2,25,4,Pyrenna,headquarters city,1,9.510912,0,1,0.0,0.0,41.719600034412,41.719600034412,41.719600034412
oracle,2,25,5,Ilmeth,signature dish,1,8.761344,0,1,0.0,0.0,41.74540005624294,41.74540005624294,41.74540005624294
oracle,2,25,6,Ilmeth,chief engineer,1,0.0,0,1,0.0,0.0,106.8574000382796,106.8574000382796,106.8574000382796
oracle,2,25,7,Ilmeth,anthem composer,1,0.0,0,1,0.0,0.0,41.805799992289394,41.805799992289394,41.805799992289394
oracle,2,25,8,Ilmeth,employee count,1,0.0,0,1,0.0,0.0,61.45999999716878,61.45999999716878,61.45999999716878
oracle,2,25,9,Toskarel,founding year,1,9.474048,0,1,0.0,0.0,83.38430000003427,83.38430000003427,83.38430000003427
oracle,2,25,10,Quorvane,chief executive,1,10.309632,0,1,0.0,0.0,68.54049995308742,68.54049995308742,68.54049995308742
oracle,2,25,11,Quorvane,chief engineer,1,0.0,0,1,0.0,0.0,45.721800008323044,45.721800008323044,45.721800008323044
oracle,2,26,0,Veltrax,annual revenue,1,9.535488,0,1,0.0,0.0,73.39100004173815,73.39100004173815,73.39100004173815
oracle,2,26,1,Veltrax,stock ticker,1,0.0,0,1,0.0,0.0,55.05520000588149,55.05520000588149,55.05520000588149
oracle,2,26,2,Veltrax,employee count,1,0.0,0,1,0.0,0.0,57.64189996989444,57.64189996989444,57.64189996989444
oracle,2,26,3,Veltrax,annual revenue,1,0.0,0,1,0.0,0.0,100.46330001205206,100.46330001205206,100.46330001205206
oracle,2,26,4,Quorvane,flagship product,1,10.309632,0,1,0.0,0.0,74.13060002727434,74.13060002727434,74.13060002727434
oracle,2,26,5,Quorvane,motto word,1,0.0,0,1,0.0,0.0,69.15589998243377,69.15589998243377,69.15589998243377
oracle,2,26,6,Quorvane,mascot animal,1,0.0,0,1,0.0,0.0,48.84750000201166,48.84750000201166,48.84750000201166
oracle,2,26,7,Quorvane,chief engineer,1,0.0,0,1,0.0,0.0,46.694999968167394,46.694999968167394,46.694999968167394
oracle,2,26,8,Quorvane,annual revenue,1,0.0,0,1,0.0,0.0,56.937099958304316,56.937099958304316,56.937099958304316
oracle,2,26,9,Seluun,flagship product,1,9.437184,0,1,0.0,0.0,54.56800002139062,54.56800002139062,54.56800002139062
oracle,2,26,10,Seluun,founding river,1,0.0,0,1,0.0,0.0,53.64890000782907,53.64890000782907,53.64890000782907
oracle,2,26,11,Seluun,anthem composer,1,0.0,0,1,0.0,0.0,103.48320001503453,103.48320001503453,103.48320001503453
oracle,2,27,0,Pyrenna,corporate color,1,9.510912,0,1,0.0,0.0,50.42759998468682,50.42759998468682,50.42759998468682
oracle,2,27,1,Pyrenna,annual revenue,1,0.0,0,1,0.0,0.0,38.608299975749105,38.608299975749105,38.608299975749105
oracle,2,27,2,Pyrenna,flagship product,1,0.0,0,1,0.0,0.0,42.31889999937266,42.31889999937266,42.31889999937266
oracle,2,27,3,Pyrenna,employee count,1,0.0,0,1,0.0,0.0,38.820100016891956,38.820100016891956,38.820100016891956
oracle,2,27,4,Pyrenna,headquarters city,1,0.0,0,1,0.0,0.0,52.88470000959933,52.88470000959933,52.88470000959933
oracle,2,27,5,Pyrenna,anthem composer,1,0.0,0,1,0.0,0.0,60.11209997814149,60.11209997814149,60.11209997814149
oracle,2,27,6,Pyrenna,primary material,1,0.0,0,1,0.0,0.0,64.55869995988905,64.55869995988905,64.55869995988905
oracle,2,27,7,Pyrenna,stock ticker,1,0.0,0,1,0.0,0.0,83.87360000051558,83.87360000051558,83.87360000051558
oracle,2,27,8,Pyrenna,signature dish,1,0.0,0,1,0.0,0.0,44.991100032348186,44.991100032348186,44.991100032348186
oracle,2,27,9,Pyrenna,signature dish,1,0.0,0,1,0.0,0.0,41.55169997829944,41.55169997829944,41.55169997829944
oracle,2,27,10,Pyrenna,chief engineer,1,0.0,0,1,0.0,0.0,69.21359995612875,69.21359995612875,69.21359995612875
oracle,2,27,11,Toskarel,chief engineer,1,9.474048,0,1,0.0,0.0,63.51889995858073,63.51889995858073,63.51889995858073
oracle,2,28,0,Seluun,stock ticker,1,9.437184,0,1,0.0,0.0,52.930799953173846,52.930799953173846,52.930799953173846
oracle,2,28,1,Seluun,research lab city,1,0.0,0,1,0.0,0.0,67.52119999146089,67.52119999146089,67.52119999146089
oracle,2,28,2,Bramwick,chief executive,1,8.835072,0,1,0.0,0.0,44.690199953038245,44.690199953038245,44.690199953038245
oracle,2,28,3,Veltrax,employee count,1,9.535488,0,1,0.0,0.0,60.60490000527352,60.60490000527352,60.60490000527352
oracle,2,28,4,Veltrax,lucky number,1,0.0,0,1,0.0,0.0,60.029499989468604,60.029499989468604,60.029499989468604
oracle,2,28,5,Veltrax,stock ticker,1,0.0,0,1,0.0,0.0,68.52480000816286,68.52480000816286,68.52480000816286
oracle,2,28,6,Quorvane,research lab city,1,10.309632,0,1,0.0,0.0,44.88409997429699,44.88409997429699,44.88409997429699
oracle,2,28,7,Toskarel,annual revenue,1,9.474048,0,1,0.0,0.0,64.30730002466589,64.30730002466589,64.30730002466589
oracle,2,28,8,Toskarel,board chair,1,0.0,0,1,0.0,0.0,59.57699997816235,59.57699997816235,59.57699997816235
oracle,2,28,9,Ilmeth,founding year,1,8.761344,0,1,0.0,0.0,39.30440003750846,39.30440003750846,39.30440003750846
oracle,2,28,10,Ilmeth,motto word,1,0.0,0,1,0.0,0.0,49.49560004752129,49.49560004752129,49.49560004752129
oracle,2,28,11,Ilmeth,flagship product,1,0.0,0,1,0.0,0.0,73.84159998036921,73.84159998036921,73.84159998036921
oracle,2,29,0,Bramwick,board chair,1,8.835072,0,1,0.0,0.0,62.99459998263046,62.99459998263046,62.99459998263046
oracle,2,29,1,Bramwick,flagship product,1,0.0,0,1,0.0,0.0,45.54439999628812,45.54439999628812,45.54439999628812
oracle,2,29,2,Pyrenna,flagship product,1,9.510912,0,1,0.0,0.0,58.32579999696463,58.32579999696463,58.32579999696463
oracle,2,29,3,Pyrenna,chief executive,1,0.0,0,1,0.0,0.0,59.07200003275648,59.07200003275648,59.07200003275648
oracle,2,29,4,Draskel,chief executive,1,9.609216,0,1,0.0,0.0,39.78659998392686,39.78659998392686,39.78659998392686
oracle,2,29,5,Seluun,corporate color,1,9.437184,0,1,0.0,0.0,67.20980000682175,67.20980000682175,67.20980000682175
oracle,2,29,6,Seluun,archive codename,1,0.0,0,1,0.0,0.0,49.00800000177696,49.00800000177696,49.00800000177696
oracle,2,29,7,Seluun,research lab city,1,0.0,0,1,0.0,0.0,49.39330002525821,49.39330002525821,49.39330002525821
oracle,2,29,8,Seluun,primary material,1,0.0,0,1,0.0,0.0,53.514599974732846,53.514599974732846,53.514599974732846
oracle,2,29,9,Seluun,mascot animal,1,0.0,0,1,0.0,0.0,48.642000008840114,48.642000008840114,48.642000008840114
oracle,2,29,10,Seluun,motto word,1,0.0,0,1,0.0,0.0,45.82920001121238,45.82920001121238,45.82920001121238
oracle,2,29,11,Seluun,research lab city,1,0.0,0,1,0.0,0.0,39.16149999713525,39.16149999713525,39.16149999713525
oracle,2,30,0,Draskel,lucky number,1,9.609216,0,1,0.0,0.0,41.24360001878813,41.24360001878813,41.24360001878813
oracle,2,30,1,Pyrenna,archive codename,1,9.510912,0,1,0.0,0.0,40.50569998798892,40.50569998798892,40.50569998798892
oracle,2,30,2,Pyrenna,anthem composer,1,0.0,0,1,0.0,0.0,40.94149998854846,40.94149998854846,40.94149998854846
oracle,2,30,3,Ilmeth,chief executive,1,8.761344,0,1,0.0,0.0,42.80529997777194,42.80529997777194,42.80529997777194
oracle,2,30,4,Ilmeth,signature dish,1,0.0,0,1,0.0,0.0,52.363599999807775,52.363599999807775,52.363599999807775
oracle,2,30,5,Toskarel,headquarters city,1,9.474048,0,1,0.0,0.0,60.63939997693524,60.63939997693524,60.63939997693524
oracle,2,30,6,Toskarel,founding river,1,0.0,0,1,0.0,0.0,54.736999969463795,54.736999969463795,54.736999969463795
oracle,2,30,7,Toskarel,primary material,1,0.0,0,1,0.0,0.0,71.10990001820028,71.10990001820028,71.10990001820028
oracle,2,30,8,Pyrenna,anthem composer,1,9.510912,0,1,0.0,0.0,63.61480004852638,63.61480004852638,63.61480004852638
oracle,2,30,9,Pyrenna,primary material,1,0.0,0,1,0.0,0.0,55.359299993142486,55.359299993142486,55.359299993142486
oracle,2,30,10,Pyrenna,chief engineer,1,0.0,0,1,0.0,0.0,42.63500001979992,42.63500001979992,42.63500001979992
oracle,2,30,11,Pyrenna,signature dish,1,0.0,0,1,0.0,0.0,40.297299972735345,40.297299972735345,40.297299972735345
oracle,2,31,0,Bramwick,board chair,1,8.835072,0,1,0.0,0.0,53.51649998920038,53.51649998920038,53.51649998920038
oracle,2,31,1,Quorvane,founding river,1,10.309632,0,1,0.0,0.0,67.022499977611,67.022499977611,67.022499977611
oracle,2,31,2,Quorvane,signature dish,1,0.0,0,1,0.0,0.0,85.57070000097156,85.57070000097156,85.57070000097156
oracle,2,31,3,Quorvane,employee count,1,0.0,0,1,0.0,0.0,71.43459998769686,71.43459998769686,71.43459998769686
oracle,2,31,4,Quorvane,corporate color,1,0.0,0,1,0.0,0.0,72.36970000667498,72.36970000667498,72.36970000667498
oracle,2,31,5,Quorvane,founding year,1,0.0,0,1,0.0,0.0,43.47169998800382,43.47169998800382,43.47169998800382
oracle,2,31,6,Veltrax,research lab city,1,9.535488,0,1,0.0,0.0,68.74950003111735,68.74950003111735,68.74950003111735
oracle,2,31,7,Veltrax,primary material,1,0.0,0,1,0.0,0.0,96.31779999472201,96.31779999472201,96.31779999472201
oracle,2,31,8,Veltrax,chief executive,1,0.0,0,1,0.0,0.0,42.25400002906099,42.25400002906099,42.25400002906099
oracle,2,31,9,Veltrax,annual revenue,1,0.0,0,1,0.0,0.0,45.94889999134466,45.94889999134466,45.94889999134466
oracle,2,31,10,Veltrax,stock ticker,1,0.0,0,1,0.0,0.0,60.8862999943085,60.8862999943085,60.8862999943085
oracle,2,31,11,Quorvane,lucky number,1,10.309632,0,1,0.0,0.0,44.885999988764524,44.885999988764524,44.885999988764524
oracle,2,32,0,Seluun,flagship product,1,9.437184,0,1,0.0,0.0,48.52939996635541,48.52939996635541,48.52939996635541
oracle,2,32,1,Seluun,employee count,1,0.0,0,1,0.0,0.0,59.98109997017309,59.98109997017309,59.98109997017309
oracle,2,32,2,Seluun,founding year,1,0.0,0,1,0.0,0.0,80.78440005192533,80.78440005192533,80.78440005192533
oracle,2,32,3,Pyrenna,research lab city,1,9.510912,0,1,0.0,0.0,70.78020001063123,70.78020001063123,70.78020001063123
oracle,2,32,4,Ilmeth,archive codename,1,8.761344,0,1,0.0,0.0,87.44480001041666,87.44480001041666,87.44480001041666
oracle,2,32,5,Ilmeth,signature dish,1,0.0,0,1,0.0,0.0,48.04289998719469,48.04289998719469,48.04289998719469
oracle,2,32,6,Ilmeth,archive codename,1,0.0,0,1,0.0,0.0,40.3527999878861,40.3527999878861,40.3527999878861
oracle,2,32,7,Toskarel,chief engineer,1,9.474048,0,1,0.0,0.0,39.84460001811385,39.84460001811385,39.84460001811385
oracle,2,32,8,Quorvane,mascot animal,1,10.309632,0,1,0.0,0.0,58.061700023245066,58.061700023245066,58.061700023245066
oracle,2,32,9,Veltrax,annual revenue,1,9.535488,0,1,0.0,0.0,53.2299000187777,53.2299000187777,53.2299000187777
oracle,2,32,10,Pyrenna,chief executive,1,9.510912,0,1,0.0,0.0,52.770799957215786,52.770799957215786,52.770799957215786
oracle,2,32,11,Pyrenna,employee count,1,0.0,0,1,0.0,0.0,86.24769997550175,86.24769997550175,86.24769997550175
oracle,2,33,0,Veltrax,flagship product,1,9.535488,0,1,0.0,0.0,42.61359997326508,42.61359997326508,42.61359997326508
oracle,2,33,1,Veltrax,lucky number,1,0.0,0,1,0.0,0.0,52.29479999979958,52.29479999979958,52.29479999979958
oracle,2,33,2,Pyrenna,annual revenue,1,9.510912,0,1,0.0,0.0,58.73359995894134,58.73359995894134,58.73359995894134
oracle,2,33,3,Draskel,founding year,1,9.609216,0,1,0.0,0.0,55.83289999049157,55.83289999049157,55.83289999049157
oracle,2,33,4,Draskel,board chair,1,0.0,0,1,0.0,0.0,64.49729995802045,64.49729995802045,64.49729995802045
oracle,2,33,5,Veltrax,anthem composer,1,9.535488,0,1,0.0,0.0,43.15629997290671,43.15629997290671,43.15629997290671
oracle,2,33,6,Veltrax,archive codename,1,0.0,0,1,0.0,0.0,39.06690003350377,39.06690003350377,39.06690003350377
oracle,2,33,7,Veltrax,flagship product,1,0.0,0,1,0.0,0.0,54.51430001994595,54.51430001994595,54.51430001994595
oracle,2,33,8,Quorvane,flagship product,1,10.309632,0,1,0.0,0.0,76.08909998089075,76.08909998089075,76.08909998089075
oracle,2,33,9,Pyrenna,corporate color,1,9.510912,0,1,0.0,0.0,47.075799957383424,47.075799957383424,47.075799957383424
oracle,2,33,10,Pyrenna,headquarters city,1,0.0,0,1,0.0,0.0,38.54700003284961,38.54700003284961,38.54700003284961
oracle,2,33,11,Draskel,annual revenue,1,9.609216,0,1,0.0,0.0,38.53209997760132,38.53209997760132,38.53209997760132
oracle,2,34,0,Seluun,primary material,1,9.437184,0,1,0.0,0.0,41.32670001126826,41.32670001126826,41.32670001126826
oracle,2,34,1,Draskel,annual revenue,1,9.609216,0,1,0.0,0.0,46.62939999252558,46.62939999252558,46.62939999252558
oracle,2,34,2,Draskel,lucky number,1,0.0,0,1,0.0,0.0,39.27880001720041,39.27880001720041,39.27880001720041
oracle,2,34,3,Draskel,annual revenue,1,0.0,0,1,0.0,0.0,40.42520001530647,40.42520001530647,40.42520001530647
oracle,2,34,4,Seluun,corporate color,1,9.437184,0,1,0.0,0.0,43.20009995717555,43.20009995717555,43.20009995717555
oracle,2,34,5,Seluun,archive codename,1,0.0,0,1,0.0,0.0,65.52179995924234,65.52179995924234,65.52179995924234
oracle,2,34,6,Draskel,lucky number,1,9.609216,0,1,0.0,0.0,58.29190002987161,58.29190002987161,58.29190002987161
oracle,2,34,7,Seluun,board chair,1,9.437184,0,1,0.0,0.0,40.275300038047135,40.275300038047135,40.275300038047135
oracle,2,34,8,Seluun,lucky number,1,0.0,0,1,0.0,0.0,63.76930000260472,63.76930000260472,63.76930000260472
oracle,2,34,9,Seluun,research lab city,1,0.0,0,1,0.0,0.0,94.07519997330382,94.07519997330382,94.07519997330382
oracle,2,34,10,Pyrenna,headquarters city,1,9.510912,0,1,0.0,0.0,54.784699983429164,54.784699983429164,54.784699983429164
oracle,2,34,11,Pyrenna,founding river,1,0.0,0,1,0.0,0.0,60.06849999539554,60.06849999539554,60.06849999539554
oracle,2,35,0,Quorvane,motto word,1,10.309632,0,1,0.0,0.0,41.574599978048354,41.574599978048354,41.574599978048354
oracle,2,35,1,Quorvane,stock ticker,1,0.0,0,1,0.0,0.0,63.232799991965294,63.232799991965294,63.232799991965294
oracle,2,35,2,Veltrax,employee count,1,9.535488,0,1,0.0,0.0,42.70829999586567,42.70829999586567,42.70829999586567
oracle,2,35,3,Veltrax,mascot animal,1,0.0,0,1,0.0,0.0,39.917899994179606,39.917899994179606,39.917899994179606
oracle,2,35,4,Veltrax,board chair,1,0.0,0,1,0.0,0.0,56.89519998850301,56.89519998850301,56.89519998850301
oracle,2,35,5,Veltrax,anthem composer,1,0.0,0,1,0.0,0.0,69.17590001830831,69.17590001830831,69.17590001830831
oracle,2,35,6,Pyrenna,archive codename,1,9.510912,0,1,0.0,0.0,49.85950002446771,49.85950002446771,49.85950002446771
oracle,2,35,7,Pyrenna,lucky number,1,0.0,0,1,0.0,0.0,38.90010004397482,38.90010004397482,38.90010004397482
oracle,2,35,8,Ilmeth,lucky number,1,8.761344,0,1,0.0,0.0,45.475599996279925,45.475599996279925,45.475599996279925
oracle,2,35,9,Ilmeth,research lab city,1,0.0,0,1,0.0,0.0,79.08399996813387,79.08399996813387,79.08399996813387
oracle,2,35,10,Ilmeth,motto word,1,0.0,0,1,0.0,0.0,81.13359997514635,81.13359997514635,81.13359997514635
oracle,2,35,11,Ilmeth,board chair,1,0.0,0,1,0.0,0.0,72.05129996873438,72.05129996873438,72.05129996873438
oracle,2,36,0,Ilmeth,headquarters city,1,8.761344,0,1,0.0,0.0,53.55880002025515,53.55880002025515,53.55880002025515
oracle,2,36,1,Ilmeth,signature dish,1,0.0,0,1,0.0,0.0,73.67190002696589,73.67190002696589,73.67190002696589
oracle,2,36,2,Draskel,chief engineer,1,9.609216,0,1,0.0,0.0,41.79109999677166,41.79109999677166,41.79109999677166
oracle,2,36,3,Pyrenna,chief engineer,1,9.510912,0,1,0.0,0.0,73.15549999475479,73.15549999475479,73.15549999475479
oracle,2,36,4,Pyrenna,employee count,1,0.0,0,1,0.0,0.0,91.98130003642291,91.98130003642291,91.98130003642291
oracle,2,36,5,Draskel,chief executive,1,9.609216,0,1,0.0,0.0,75.6058000260964,75.6058000260964,75.6058000260964
oracle,2,36,6,Seluun,satellite name,1,9.437184,0,1,0.0,0.0,73.88280000304803,73.88280000304803,73.88280000304803
oracle,2,36,7,Seluun,flagship product,1,0.0,0,1,0.0,0.0,62.57569999434054,62.57569999434054,62.57569999434054
oracle,2,36,8,Seluun,mascot animal,1,0.0,0,1,0.0,0.0,43.82919997442514,43.82919997442514,43.82919997442514
oracle,2,36,9,Seluun,primary material,1,0.0,0,1,0.0,0.0,40.7950000371784,40.7950000371784,40.7950000371784
oracle,2,36,10,Seluun,founding year,1,0.0,0,1,0.0,0.0,39.32879999047145,39.32879999047145,39.32879999047145
oracle,2,36,11,Draskel,board chair,1,9.609216,0,1,0.0,0.0,81.90449996618554,81.90449996618554,81.90449996618554
oracle,2,37,0,Draskel,stock ticker,1,9.609216,0,1,0.0,0.0,60.565699997823685,60.565699997823685,60.565699997823685
oracle,2,37,1,Pyrenna,stock ticker,1,9.510912,0,1,0.0,0.0,40.921100007835776,40.921100007835776,40.921100007835776
oracle,2,37,2,Ilmeth,founding year,1,8.761344,0,1,0.0,0.0,58.12369997147471,58.12369997147471,58.12369997147471
oracle,2,37,3,Ilmeth,research lab city,1,0.0,0,1,0.0,0.0,47.17019997769967,47.17019997769967,47.17019997769967
oracle,2,37,4,Ilmeth,stock ticker,1,0.0,0,1,0.0,0.0,49.26900001009926,49.26900001009926,49.26900001009926
oracle,2,37,5,Draskel,satellite name,1,9.609216,0,1,0.0,0.0,44.70759996911511,44.70759996911511,44.70759996911511
oracle,2,37,6,Draskel,chief executive,1,0.0,0,1,0.0,0.0,45.578000019304454,45.578000019304454,45.578000019304454
oracle,2,37,7,Draskel,flagship product,1,0.0,0,1,0.0,0.0,41.48670000722632,41.48670000722632,41.48670000722632
oracle,2,37,8,Draskel,motto word,1,0.0,0,1,0.0,0.0,82.97480002511293,82.97480002511293,82.97480002511293
oracle,2,37,9,Draskel,headquarters city,1,0.0,0,1,0.0,0.0,47.419299953617156,47.419299953617156,47.419299953617156
oracle,2,37,10,Draskel,chief executive,1,0.0,0,1,0.0,0.0,40.214600041508675,40.214600041508675,40.214600041508675
oracle,2,37,11,Draskel,annual revenue,1,0.0,0,1,0.0,0.0,38.54969999520108,38.54969999520108,38.54969999520108
oracle,2,38,0,Draskel,flagship product,1,9.609216,0,1,0.0,0.0,42.74249996524304,42.74249996524304,42.74249996524304
oracle,2,38,1,Pyrenna,founding year,1,9.510912,0,1,0.0,0.0,67.55460001295432,67.55460001295432,67.55460001295432
oracle,2,38,2,Pyrenna,chief engineer,1,0.0,0,1,0.0,0.0,60.719700006302446,60.719700006302446,60.719700006302446
oracle,2,38,3,Quorvane,research lab city,1,10.309632,0,1,0.0,0.0,40.95559997949749,40.95559997949749,40.95559997949749
oracle,2,38,4,Ilmeth,board chair,1,8.761344,0,1,0.0,0.0,40.11440003523603,40.11440003523603,40.11440003523603
oracle,2,38,5,Pyrenna,annual revenue,1,9.510912,0,1,0.0,0.0,45.45269999653101,45.45269999653101,45.45269999653101
oracle,2,38,6,Pyrenna,satellite name,1,0.0,0,1,0.0,0.0,60.370099963620305,60.370099963620305,60.370099963620305
oracle,2,38,7,Ilmeth,satellite name,1,8.761344,0,1,0.0,0.0,40.57419998571277,40.57419998571277,40.57419998571277
oracle,2,38,8,Ilmeth,annual revenue,1,0.0,0,1,0.0,0.0,42.3830000218004,42.3830000218004,42.3830000218004
oracle,2,38,9,Ilmeth,motto word,1,0.0,0,1,0.0,0.0,67.24689999828115,67.24689999828115,67.24689999828115
oracle,2,38,10,Draskel,headquarters city,1,9.609216,0,1,0.0,0.0,50.34809996141121,50.34809996141121,50.34809996141121
oracle,2,38,11,Seluun,corporate color,1,9.437184,0,1,0.0,0.0,79.70980001846328,79.70980001846328,79.70980001846328
oracle,2,39,0,Bramwick,stock ticker,1,8.835072,0,1,0.0,0.0,65.77019998803735,65.77019998803735,65.77019998803735
oracle,2,39,1,Bramwick,stock ticker,1,0.0,0,1,0.0,0.0,40.13540002051741,40.13540002051741,40.13540002051741
oracle,2,39,2,Bramwick,signature dish,1,0.0,0,1,0.0,0.0,76.30029995925725,76.30029995925725,76.30029995925725
oracle,2,39,3,Bramwick,employee count,1,0.0,0,1,0.0,0.0,52.47589998180047,52.47589998180047,52.47589998180047
oracle,2,39,4,Bramwick,flagship product,1,0.0,0,1,0.0,0.0,42.21210000105202,42.21210000105202,42.21210000105202
oracle,2,39,5,Toskarel,anthem composer,1,9.474048,0,1,0.0,0.0,53.0989000108093,53.0989000108093,53.0989000108093
oracle,2,39,6,Toskarel,anthem composer,1,0.0,0,1,0.0,0.0,47.33170004328713,47.33170004328713,47.33170004328713
oracle,2,39,7,Pyrenna,board chair,1,9.510912,0,1,0.0,0.0,67.72270001238212,67.72270001238212,67.72270001238212
oracle,2,39,8,Pyrenna,employee count,1,0.0,0,1,0.0,0.0,64.9573999689892,64.9573999689892,64.9573999689892
oracle,2,39,9,Pyrenna,satellite name,1,0.0,0,1,0.0,0.0,106.89320001984015,106.89320001984015,106.89320001984015
oracle,2,39,10,Pyrenna,mascot animal,1,0.0,0,1,0.0,0.0,70.35880000330508,70.35880000330508,70.35880000330508
oracle,2,39,11,Pyrenna,chief engineer,1,0.0,0,1,0.0,0.0,67.10689997998998,67.10689997998998,67.10689997998998
reactive-lru,3,0,0,Ilmeth,satellite name,0,0.0,0,1,0.7680999697186053,64.66370000271127,69.80610004393384,70.57420001365244,134.4698000466451
reactive-lru,3,0,1,Draskel,stock ticker,0,0.0,0,2,0.8101999992504716,67.26910005090758,41.0725999972783,41.882799996528774,108.34170004818588
reactive-lru,3,0,2,Draskel,founding river,1,0.0,0,2,0.0,0.0,54.903300013393164,54.903300013393164,54.903300013393164
reactive-lru,3,0,3,Draskel,annual revenue,1,0.0,0,2,0.0,0.0,48.20359998848289,48.20359998848289,48.20359998848289
reactive-lru,3,0,4,Seluun,lucky number,0,0.0,0,3,0.8019999950192869,90.57310002390295,48.761799989733845,49.56379998475313,139.3349000136368
reactive-lru,3,0,5,Seluun,annual revenue,1,0.0,0,3,0.0,0.0,60.18549995496869,60.18549995496869,60.18549995496869
reactive-lru,3,0,6,Seluun,founding year,1,0.0,0,3,0.0,0.0,67.04960000934079,67.04960000934079,67.04960000934079
reactive-lru,3,0,7,Draskel,motto word,1,0.0,0,3,0.0,0.0,55.61510002007708,55.61510002007708,55.61510002007708
reactive-lru,3,0,8,Draskel,flagship product,1,0.0,0,3,0.0,0.0,94.68069998547435,94.68069998547435,94.68069998547435
reactive-lru,3,0,9,Veltrax,founding year,0,0.0,0,3,1.2875000247731805,90.67160001723096,65.9252000041306,67.21270002890378,156.59680002136156
reactive-lru,3,0,10,Veltrax,anthem composer,1,0.0,0,3,0.0,0.0,44.800200033932924,44.800200033932924,44.800200033932924
reactive-lru,3,0,11,Veltrax,annual revenue,1,0.0,0,3,0.0,0.0,39.14130001794547,39.14130001794547,39.14130001794547
reactive-lru,3,1,0,Veltrax,signature dish,0,0.0,0,1,0.7978000212460756,51.43250001128763,49.841900006867945,50.63970002811402,101.27440001815557
reactive-lru,3,1,1,Veltrax,founding river,1,0.0,0,1,0.0,0.0,60.333299974445254,60.333299974445254,60.333299974445254
reactive-lru,3,1,2,Draskel,research lab city,0,0.0,0,2,0.8265000069513917,48.320400004740804,70.27270004618913,71.09920005314052,118.59310005092993
reactive-lru,3,1,3,Draskel,motto word,1,0.0,0,2,0.0,0.0,74.20890004141256,74.20890004141256,74.20890004141256
reactive-lru,3,1,4,Pyrenna,founding year,0,0.0,0,3,0.8015000494197011,56.32450000848621,54.519199999049306,55.32070004846901,110.84370000753552
reactive-lru,3,1,5,Pyrenna,anthem composer,1,0.0,0,3,0.0,0.0,41.80690000066534,41.80690000066534,41.80690000066534
reactive-lru,3,1,6,Quorvane,corporate color,0,0.0,0,3,0.8595999679528177,67.76549998903647,52.30669997399673,53.166299941949546,120.0721999630332
reactive-lru,3,1,7,Veltrax,flagship product,0,0.0,0,3,0.4548000288195908,119.66680001933128,63.23640001937747,63.69120004819706,182.90320003870875
reactive-lru,3,1,8,Quorvane,signature dish,1,0.0,0,3,0.0,0.0,54.58270001690835,54.58270001690835,54.58270001690835
reactive-lru,3,1,9,Seluun,primary material,0,0.0,0,3,0.4552999744191766,48.886400007177144,41.110999998636544,41.56629997305572,89.99740000581369
reactive-lru,3,1,10,Seluun,lucky number,1,0.0,0,3,0.0,0.0,41.825200023595244,41.825200023595244,41.825200023595244
reactive-lru,3,1,11,Draskel,satellite name,0,0.0,0,3,0.4647999885492027,48.15059999236837,48.432699986733496,48.8974999752827,96.58329997910187
reactive-lru,3,2,0,Draskel,annual revenue,0,0.0,0,1,0.47640001866966486,51.40870000468567,71.57379999989644,72.0502000185661,122.9825000045821
reactive-lru,3,2,1,Draskel,corporate color,1,0.0,0,1,0.0,0.0,43.636800022795796,43.636800022795796,43.636800022795796
reactive-lru,3,2,2,Draskel,research lab city,1,0.0,0,1,0.0,0.0,40.09349999250844,40.09349999250844,40.09349999250844
reactive-lru,3,2,3,Draskel,signature dish,1,0.0,0,1,0.0,0.0,40.74839997338131,40.74839997338131,40.74839997338131
reactive-lru,3,2,4,Draskel,corporate color,1,0.0,0,1,0.0,0.0,44.45659997873008,44.45659997873008,44.45659997873008
reactive-lru,3,2,5,Draskel,annual revenue,1,0.0,0,1,0.0,0.0,41.25140001997352,41.25140001997352,41.25140001997352
reactive-lru,3,2,6,Draskel,founding year,1,0.0,0,1,0.0,0.0,40.58079997776076,40.58079997776076,40.58079997776076
reactive-lru,3,2,7,Draskel,primary material,1,0.0,0,1,0.0,0.0,45.1382000464946,45.1382000464946,45.1382000464946
reactive-lru,3,2,8,Pyrenna,corporate color,0,0.0,0,2,0.4566999850794673,67.52540002344176,56.82110000634566,57.27779999142513,124.34650002978742
reactive-lru,3,2,9,Pyrenna,motto word,1,0.0,0,2,0.0,0.0,44.66160002630204,44.66160002630204,44.66160002630204
reactive-lru,3,2,10,Draskel,anthem composer,1,0.0,0,2,0.0,0.0,107.2524999617599,107.2524999617599,107.2524999617599
reactive-lru,3,2,11,Draskel,annual revenue,1,0.0,0,2,0.0,0.0,49.841900006867945,49.841900006867945,49.841900006867945
reactive-lru,3,3,0,Toskarel,founding river,0,0.0,0,1,0.4602000117301941,52.92319995351136,50.91699998592958,51.37719999765977,103.84019993944094
reactive-lru,3,3,1,Veltrax,annual revenue,0,0.0,0,2,0.4552999744191766,67.51070002792403,41.27610003342852,41.7314000078477,108.78680006135255
reactive-lru,3,3,2,Pyrenna,signature dish,0,0.0,0,3,0.45679998584091663,97.08320000208914,53.60429995926097,54.06109994510189,150.6874999613501
reactive-lru,3,3,3,Draskel,archive codename,0,0.0,0,3,0.458099995739758,56.837900017853826,45.109500002581626,45.567599998321384,101.94740002043545
reactive-lru,3,3,4,Seluun,research lab city,0,0.0,0,3,0.44299999717622995,45.33739999169484,45.705199998337775,46.148199995514005,91.04259999003261
reactive-lru,3,3,5,Seluun,mascot animal,1,0.0,0,3,0.0,0.0,51.67000001529232,51.67000001529232,51.67000001529232
reactive-lru,3,3,6,Bramwick,lucky number,0,0.0,0,3,0.42100000428035855,47.78309998800978,95.03299999050796,95.45399999478832,142.81609997851774
reactive-lru,3,3,7,Quorvane,research lab city,0,0.0,0,3,0.5011000321246684,49.527700000908226,55.268900003284216,55.770000035408884,104.79660000419244
reactive-lru,3,3,8,Quorvane,anthem composer,1,0.0,0,3,0.0,0.0,50.3135000471957,50.3135000471957,50.3135000471957
reactive-lru,3,3,9,Veltrax,founding river,0,0.0,0,3,0.4703000304289162,49.33429998345673,47.65930003486574,48.12960006529465,96.99360001832247
reactive-lru,3,3,10,Veltrax,motto word,1,0.0,0,3,0.0,0.0,40.69709999021143,40.69709999021143,40.69709999021143
reactive-lru,3,3,11,Pyrenna,chief executive,0,0.0,0,3,0.48349995631724596,65.42940001236275,85.06039995700121,85.54389991331846,150.48979996936396
reactive-lru,3,4,0,Veltrax,chief executive,0,0.0,0,1,0.519599998369813,82.3882999829948,57.7589999884367,58.27859998680651,140.1472999714315
reactive-lru,3,4,1,Veltrax,founding year,1,0.0,0,1,0.0,0.0,46.54259997187182,46.54259997187182,46.54259997187182
reactive-lru,3,4,2,Veltrax,stock ticker,1,0.0,0,1,0.0,0.0,50.74059998150915,50.74059998150915,50.74059998150915
reactive-lru,3,4,3,Veltrax,flagship product,1,0.0,0,1,0.0,0.0,41.25850001582876,41.25850001582876,41.25850001582876
reactive-lru,3,4,4,Pyrenna,research lab city,0,0.0,0,2,0.45789999421685934,50.19559996435419,56.43270001746714,56.890600011684,106.62829998182133
reactive-lru,3,4,5,Pyrenna,corporate color,1,0.0,0,2,0.0,0.0,53.151900006923825,53.151900006923825,53.151900006923825
reactive-lru,3,4,6,Pyrenna,signature dish,1,0.0,0,2,0.0,0.0,63.58720001298934,63.58720001298934,63.58720001298934
reactive-lru,3,4,7,Pyrenna,primary material,1,0.0,0,2,0.0,0.0,40.73849995620549,40.73849995620549,40.73849995620549
reactive-lru,3,4,8,Pyrenna,chief engineer,1,0.0,0,2,0.0,0.0,50.906999967992306,50.906999967992306,50.906999967992306
reactive-lru,3,4,9,Pyrenna,flagship product,1,0.0,0,2,0.0,0.0,50.84899999201298,50.84899999201298,50.84899999201298
reactive-lru,3,4,10,Pyrenna,annual revenue,1,0.0,0,2,0.0,0.0,42.73970000213012,42.73970000213012,42.73970000213012
reactive-lru,3,4,11,Pyrenna,mascot animal,1,0.0,0,2,0.0,0.0,45.115499990060925,45.115499990060925,45.115499990060925
reactive-lru,3,5,0,Pyrenna,signature dish,0,0.0,0,1,0.4681000136770308,92.30599994771183,82.81849999912083,83.28660001279786,175.12449994683266
reactive-lru,3,5,1,Bramwick,founding year,0,0.0,0,2,0.4270999925211072,67.28250003652647,40.7075000111945,41.134600003715605,107.99000004772097
reactive-lru,3,5,2,Bramwick,annual revenue,1,0.0,0,2,0.0,0.0,39.72359996987507,39.72359996987507,39.72359996987507
reactive-lru,3,5,3,Bramwick,corporate color,1,0.0,0,2,0.0,0.0,40.7318000216037,40.7318000216037,40.7318000216037
reactive-lru,3,5,4,Bramwick,signature dish,1,0.0,0,2,0.0,0.0,46.831199957523495,46.831199957523495,46.831199957523495
reactive-lru,3,5,5,Toskarel,signature dish,0,0.0,0,3,0.45929994666948915,63.50310001289472,40.42259999550879,40.88189994217828,103.92570000840351
reactive-lru,3,5,6,Toskarel,signature dish,1,0.0,0,3,0.0,0.0,47.514200035948306,47.514200035948306,47.514200035948306
reactive-lru,3,5,7,Quorvane,satellite name,0,0.0,0,3,0.48399996012449265,47.084599966183305,79.35799995902926,79.84199991915375,126.44259992521256
reactive-lru,3,5,8,Veltrax,headquarters city,0,0.0,0,3,0.457499991171062,61.27430003834888,42.687400011345744,43.144900002516806,103.96170004969463
reactive-lru,3,5,9,Pyrenna,mascot animal,0,0.0,0,3,0.45330001739785075,59.072199976071715,45.075499976519495,45.528799993917346,104.14769995259121
reactive-lru,3,5,10,Ilmeth,chief executive,0,0.0,0,3,0.4194999928586185,45.79930001636967,46.317300002556294,46.73679999541491,92.11660001892596
reactive-lru,3,5,11,Toskarel,primary material,0,0.0,0,3,0.4523000097833574,52.338600042276084,51.630300004035234,52.08260001381859,103.96890004631132
reactive-lru,3,6,0,Pyrenna,employee count,0,0.0,0,1,0.47930004075169563,97.02430001925677,78.10129999415949,78.58060003491119,175.12560001341626
reactive-lru,3,6,1,Pyrenna,headquarters city,1,0.0,0,1,0.0,0.0,68.90539999585599,68.90539999585599,68.90539999585599
reactive-lru,3,6,2,Pyrenna,mascot animal,1,0.0,0,1,0.0,0.0,62.63509998098016,62.63509998098016,62.63509998098016
reactive-lru,3,6,3,Seluun,corporate color,0,0.0,0,2,0.4491000436246395,45.08060001535341,40.603899979032576,41.053000022657216,85.68449999438599
reactive-lru,3,6,4,Bramwick,annual revenue,0,0.0,0,3,0.421099946834147,50.305499986279756,41.4390999940224,41.860199940856546,91.74459998030216
reactive-lru,3,6,5,Bramwick,flagship product,1,0.0,0,3,0.0,0.0,82.76360004674643,82.76360004674643,82.76360004674643
reactive-lru,3,6,6,Bramwick,archive codename,1,0.0,0,3,0.0,0.0,78.75040004728362,78.75040004728362,78.75040004728362
reactive-lru,3,6,7,Bramwick,lucky number,1,0.0,0,3,0.0,0.0,67.00879998970777,67.00879998970777,67.00879998970777
reactive-lru,3,6,8,Bramwick,annual revenue,1,0.0,0,3,0.0,0.0,71.10280002234504,71.10280002234504,71.10280002234504
reactive-lru,3,6,9,Bramwick,lucky number,1,0.0,0,3,0.0,0.0,54.93939999723807,54.93939999723807,54.93939999723807
reactive-lru,3,6,10,Bramwick,board chair,1,0.0,0,3,0.0,0.0,43.71280001942068,43.71280001942068,43.71280001942068
reactive-lru,3,6,11,Quorvane,founding year,0,0.0,0,3,0.4889999981969595,55.90409995056689,76.36499998625368,76.85399998445064,132.26909993682057
reactive-lru,3,7,0,Toskarel,satellite name,0,0.0,0,1,0.4602000117301941,46.610400022473186,43.77829999430105,44.238500006031245,90.38870001677424
reactive-lru,3,7,1,Quorvane,archive codename,0,0.0,0,2,2.1575999562628567,74.65620001312345,48.5134000191465,50.67099997540936,123.16960003226995
reactive-lru,3,7,2,Quorvane,flagship product,1,0.0,0,2,0.0,0.0,50.56569998851046,50.56569998851046,50.56569998851046
reactive-lru,3,7,3,Veltrax,anthem composer,0,0.0,0,3,0.46449998626485467,47.59999999077991,46.97089997353032,47.43539995979518,94.57089996431023
reactive-lru,3,7,4,Veltrax,anthem composer,1,0.0,0,3,0.0,0.0,81.12520002759993,81.12520002759993,81.12520002759993
reactive-lru,3,7,5,Veltrax,headquarters city,1,0.0,0,3,0.0,0.0,56.28339998656884,56.28339998656884,56.28339998656884
reactive-lru,3,7,6,Veltrax,corporate color,1,0.0,0,3,0.0,0.0,60.10110001079738,60.10110001079738,60.10110001079738
reactive-lru,3,7,7,Veltrax,anthem composer,1,0.0,0,3,0.0,0.0,45.40779994567856,45.40779994567856,45.40779994567856
reactive-lru,3,7,8,Veltrax,chief engineer,1,0.0,0,3,0.0,0.0,48.833000008016825,48.833000008016825,48.833000008016825
reactive-lru,3,7,9,Quorvane,research lab city,1,0.0,0,3,0.0,0.0,41.197999962605536,41.197999962605536,41.197999962605536
reactive-lru,3,7,10,Quorvane,flagship product,1,0.0,0,3,0.0,0.0,57.05100001068786,57.05100001068786,57.05100001068786
reactive-lru,3,7,11,Quorvane,board chair,1,0.0,0,3,0.0,0.0,50.02640001475811,50.02640001475811,50.02640001475811
reactive-lru,3,8,0,Ilmeth,satellite name,0,0.0,0,1,0.42699999175965786,63.11819999245927,71.66660000802949,72.09359999978915,134.78480000048876
reactive-lru,3,8,1,Ilmeth,flagship product,1,0.0,0,1,0.0,0.0,39.7889000014402,39.7889000014402,39.7889000014402
reactive-lru,3,8,2,Ilmeth,archive codename,1,0.0,0,1,0.0,0.0,40.086900000460446,40.086900000460446,40.086900000460446
reactive-lru,3,8,3,Ilmeth,employee count,1,0.0,0,1,0.0,0.0,40.41210003197193,40.41210003197193,40.41210003197193
reactive-lru,3,8,4,Toskarel,flagship product,0,0.0,0,2,0.4786999779753387,51.014100026804954,43.0344000342302,43.51310001220554,94.04850006103516
reactive-lru,3,8,5,Quorvane,chief executive,0,0.0,0,3,0.4944999818690121,49.804800015408546,69.22180001856759,69.7163000004366,119.02660003397614
reactive-lru,3,8,6,Quorvane,motto word,1,0.0,0,3,0.0,0.0,51.82560003595427,51.82560003595427,51.82560003595427
reactive-lru,3,8,7,Quorvane,stock ticker,1,0.0,0,3,0.0,0.0,63.51340003311634,63.51340003311634,63.51340003311634
reactive-lru,3,8,8,Quorvane,primary material,1,0.0,0,3,0.0,0.0,41.502100008074194,41.502100008074194,41.502100008074194
reactive-lru,3,8,9,Quorvane,flagship product,1,0.0,0,3,0.0,0.0,43.367300007957965,43.367300007957965,43.367300007957965
reactive-lru,3,8,10,Quorvane,stock ticker,1,0.0,0,3,0.0,0.0,42.910699965432286,42.910699965432286,42.910699965432286
reactive-lru,3,8,11,Quorvane,headquarters city,1,0.0,0,3,0.0,0.0,48.11360000167042,48.11360000167042,48.11360000167042
reactive-lru,3,9,0,Veltrax,chief executive,0,0.0,0,1,0.4599000094458461,52.365000010468066,45.33610004000366,45.7960000494495,97.70110005047172
reactive-lru,3,9,1,Veltrax,headquarters city,1,0.0,0,1,0.0,0.0,47.5330000044778,47.5330000044778,47.5330000044778
reactive-lru,3,9,2,Veltrax,satellite name,1,0.0,0,1,0.0,0.0,59.282600006554276,59.282600006554276,59.282600006554276
reactive-lru,3,9,3,Veltrax,flagship product,1,0.0,0,1,0.0,0.0,55.98549998831004,55.98549998831004,55.98549998831004
reactive-lru,3,9,4,Veltrax,motto word,1,0.0,0,1,0.0,0.0,61.98729999596253,61.98729999596253,61.98729999596253
reactive-lru,3,9,5,Veltrax,flagship product,1,0.0,0,1,0.0,0.0,41.65800003102049,41.65800003102049,41.65800003102049
reactive-lru,3,9,6,Veltrax,annual revenue,1,0.0,0,1,0.0,0.0,44.5045999949798,44.5045999949798,44.5045999949798
reactive-lru,3,9,7,Quorvane,anthem composer,0,0.0,0,2,0.48370001604780555,74.38280002679676,75.4200000083074,75.9037000243552,149.80280003510416
reactive-lru,3,9,8,Quorvane,lucky number,1,0.0,0,2,0.0,0.0,44.54410000471398,44.54410000471398,44.54410000471398
reactive-lru,3,9,9,Quorvane,mascot animal,1,0.0,0,2,0.0,0.0,43.22839999804273,43.22839999804273,43.22839999804273
reactive-lru,3,9,10,Seluun,founding year,0,0.0,0,3,0.4637999809347093,76.88060001237318,53.227500000502914,53.69129998143762,130.1081000128761
reactive-lru,3,9,11,Seluun,primary material,1,0.0,0,3,0.0,0.0,43.31659997114912,43.31659997114912,43.31659997114912
reactive-lru,3,10,0,Seluun,annual revenue,0,0.0,0,1,0.5119999987073243,78.39040004182607,49.0212999866344,49.53329998534173,127.41170002846047
reactive-lru,3,10,1,Seluun,chief executive,1,0.0,0,1,0.0,0.0,44.62780000176281,44.62780000176281,44.62780000176281
reactive-lru,3,10,2,Seluun,chief engineer,1,0.0,0,1,0.0,0.0,64.72789996769279,64.72789996769279,64.72789996769279
reactive-lru,3,10,3,Seluun,flagship product,1,0.0,0,1,0.0,0.0,57.340500003192574,57.340500003192574,57.340500003192574
reactive-lru,3,10,4,Seluun,board chair,1,0.0,0,1,0.0,0.0,45.03810004098341,45.03810004098341,45.03810004098341
reactive-lru,3,10,5,Draskel,research lab city,0,0.0,0,2,0.46249997103586793,81.95079996949062,78.57479999074712,79.03729996178299,160.52559996023774
reactive-lru,3,10,6,Draskel,anthem composer,1,0.0,0,2,0.0,0.0,47.24570002872497,47.24570002872497,47.24570002872497
reactive-lru,3,10,7,Draskel,mascot animal,1,0.0,0,2,0.0,0.0,42.837200046051294,42.837200046051294,42.837200046051294
reactive-lru,3,10,8,Draskel,chief executive,1,0.0,0,2,0.0,0.0,55.32179999863729,55.32179999863729,55.32179999863729
reactive-lru,3,10,9,Seluun,founding river,1,0.0,0,2,0.0,0.0,51.17569997673854,51.17569997673854,51.17569997673854
reactive-lru,3,10,10,Seluun,satellite name,1,0.0,0,2,0.0,0.0,65.11560000944883,65.11560000944883,65.11560000944883
reactive-lru,3,10,11,Bramwick,annual revenue,0,0.0,0,3,0.742900010664016,51.71440000412986,64.35150001198053,65.09440002264455,116.06590001611039
reactive-lru,3,11,0,Toskarel,corporate color,0,0.0,0,1,0.8013999904505908,55.359600053634495,40.352999989409,41.15439997985959,95.7126000430435
reactive-lru,3,11,1,Toskarel,satellite name,1,0.0,0,1,0.0,0.0,44.91140000754967,44.91140000754967,44.91140000754967
reactive-lru,3,11,2,Quorvane,motto word,0,0.0,0,2,0.859399966429919,48.19199995836243,49.376599956303835,50.235999922733754,97.56859991466627
reactive-lru,3,11,3,Quorvane,anthem composer,1,0.0,0,2,0.0,0.0,45.05830002017319,45.05830002017319,45.05830002017319
reactive-lru,3,11,4,Seluun,motto word,0,0.0,0,3,0.45419996604323387,62.27799999760464,47.29389998828992,47.748099954333156,109.57189998589456
reactive-lru,3,11,5,Seluun,motto word,1,0.0,0,3,0.0,0.0,83.152900042478,83.152900042478,83.152900042478
reactive-lru,3,11,6,Seluun,stock ticker,1,0.0,0,3,0.0,0.0,60.066299978643656,60.066299978643656,60.066299978643656
reactive-lru,3,11,7,Seluun,chief executive,1,0.0,0,3,0.0,0.0,64.50089998543262,64.50089998543262,64.50089998543262
reactive-lru,3,11,8,Bramwick,founding year,0,0.0,0,3,0.477299967315048,60.41269999695942,40.350799972657114,40.82809993997216,100.76349996961653
reactive-lru,3,11,9,Bramwick,research lab city,1,0.0,0,3,0.0,0.0,43.3927999692969,43.3927999692969,43.3927999692969
reactive-lru,3,11,10,Bramwick,employee count,1,0.0,0,3,0.0,0.0,42.641200008802116,42.641200008802116,42.641200008802116
reactive-lru,3,11,11,Bramwick,chief engineer,1,0.0,0,3,0.0,0.0,73.40349996229634,73.40349996229634,73.40349996229634
reactive-lru,3,12,0,Ilmeth,corporate color,0,0.0,0,1,0.464299984741956,77.72599998861551,76.926099951379,77.39039993612096,154.6520999399945
reactive-lru,3,12,1,Draskel,chief engineer,0,0.0,0,2,0.4727000487037003,46.3535999879241,49.19819999486208,49.67090004356578,95.55179998278618
reactive-lru,3,12,2,Draskel,signature dish,1,0.0,0,2,0.0,0.0,91.72510000644252,91.72510000644252,91.72510000644252
reactive-lru,3,12,3,Pyrenna,employee count,0,0.0,0,3,0.49870001384988427,79.7082000062801,67.2402000054717,67.73890001932159,146.9484000117518
reactive-lru,3,12,4,Draskel,anthem composer,1,0.0,0,3,0.0,0.0,89.21760000521317,89.21760000521317,89.21760000521317
reactive-lru,3,12,5,Veltrax,chief engineer,0,0.0,0,3,0.45779999345541,52.403700014110655,48.306799959391356,48.764599952846766,100.71049997350201
reactive-lru,3,12,6,Pyrenna,corporate color,1,0.0,0,3,0.0,0.0,52.39540000911802,52.39540000911802,52.39540000911802
reactive-lru,3,12,7,Pyrenna,anthem composer,1,0.0,0,3,0.0,0.0,64.41809999523684,64.41809999523684,64.41809999523684
reactive-lru,3,12,8,Pyrenna,motto word,1,0.0,0,3,0.0,0.0,45.57580000255257,45.57580000255257,45.57580000255257
reactive-lru,3,12,9,Pyrenna,chief executive,1,0.0,0,3,0.0,0.0,63.79599997308105,63.79599997308105,63.79599997308105
reactive-lru,3,12,10,Ilmeth,archive codename,0,0.0,0,3,0.4354999982751906,72.3652999731712,85.31470003072172,85.75020002899691,157.68000000389293
reactive-lru,3,12,11,Ilmeth,anthem composer,1,0.0,0,3,0.0,0.0,77.88799999980256,77.88799999980256,77.88799999980256
reactive-lru,3,13,0,Seluun,founding year,0,0.0,0,1,0.8573999512009323,82.15070003643632,63.46049997955561,64.31789993075654,145.61120001599193
reactive-lru,3,13,1,Seluun,chief engineer,1,0.0,0,1,0.0,0.0,52.37440002383664,52.37440002383664,52.37440002383664
reactive-lru,3,13,2,Seluun,lucky number,1,0.0,0,1,0.0,0.0,57.28910001926124,57.28910001926124,57.28910001926124
reactive-lru,3,13,3,Seluun,archive codename,1,0.0,0,1,0.0,0.0,51.86739994678646,51.86739994678646,51.86739994678646
reactive-lru,3,13,4,Veltrax,headquarters city,0,0.0,0,2,0.8060999680310488,47.53719997825101,74.18500003404915,74.9911000020802,121.72220001230016
reactive-lru,3,13,5,Pyrenna,satellite name,0,0.0,0,3,0.8347000111825764,79.11190000595525,77.10719999158755,77.94190000277013,156.2190999975428
reactive-lru,3,13,6,Pyrenna,stock ticker,1,0.0,0,3,0.0,0.0,52.48839996056631,52.48839996056631,52.48839996056631
reactive-lru,3,13,7,Pyrenna,annual revenue,1,0.0,0,3,0.0,0.0,102.35300002386793,102.35300002386793,102.35300002386793
reactive-lru,3,13,8,Pyrenna,corporate color,1,0.0,0,3,0.0,0.0,62.63160001253709,62.63160001253709,62.63160001253709
reactive-lru,3,13,9,Draskel,lucky number,0,0.0,0,3,0.8195999544113874,61.6495999856852,61.721500009298325,62.54109996370971,123.37109999498352
reactive-lru,3,13,10,Draskel,signature dish,1,0.0,0,3,0.0,0.0,63.87779995566234,63.87779995566234,63.87779995566234
reactive-lru,3,13,11,Draskel,founding river,1,0.0,0,3,0.0,0.0,53.00549999810755,53.00549999810755,53.00549999810755
reactive-lru,3,14,0,Draskel,chief engineer,0,0.0,0,1,0.8657999569550157,55.01320003531873,46.93920002318919,47.8049999801442,101.95240005850792
reactive-lru,3,14,1,Draskel,lucky number,1,0.0,0,1,0.0,0.0,46.09459999483079,46.09459999483079,46.09459999483079
reactive-lru,3,14,2,Bramwick,chief engineer,0,0.0,0,2,0.7534000324085355,69.16989997262135,65.78950001858175,66.54290005099028,134.9593999912031
reactive-lru,3,14,3,Bramwick,stock ticker,1,0.0,0,2,0.0,0.0,47.10359999444336,47.10359999444336,47.10359999444336
reactive-lru,3,14,4,Draskel,headquarters city,1,0.0,0,2,0.0,0.0,52.45149997062981,52.45149997062981,52.45149997062981
reactive-lru,3,14,5,Toskarel,corporate color,0,0.0,0,3,0.8597999694757164,87.39099995000288,56.300299998838454,57.16009996831417,143.69129994884133
reactive-lru,3,14,6,Toskarel,mascot animal,1,0.0,0,3,0.0,0.0,50.535399990621954,50.535399990621954,50.535399990621954
reactive-lru,3,14,7,Toskarel,primary material,1,0.0,0,3,0.0,0.0,49.63419999694452,49.63419999694452,49.63419999694452
reactive-lru,3,14,8,Quorvane,corporate color,0,0.0,0,3,0.8612999808974564,63.65550000919029,40.31780001241714,41.179099993314594,103.97330002160743
reactive-lru,3,14,9,Veltrax,board chair,0,0.0,0,3,0.7971999584697187,47.837399994023144,63.08829999761656,63.88549995608628,110.9256999916397
reactive-lru,3,14,10,Veltrax,flagship product,1,0.0,0,3,0.0,0.0,62.51519999932498,62.51519999932498,62.51519999932498
reactive-lru,3,14,11,Quorvane,corporate color,1,0.0,0,3,0.0,0.0,41.61049996037036,41.61049996037036,41.61049996037036
reactive-lru,3,15,0,Bramwick,mascot animal,0,0.0,0,1,0.4564000410027802,78.13620002707466,50.89280003448948,51.34920007549226,129.02900006156415
reactive-lru,3,15,1,Veltrax,lucky number,0,0.0,0,2,0.457499991171062,60.42540003545582,72.61580001795664,73.0733000091277,133.04120005341247
reactive-lru,3,15,2,Quorvane,annual revenue,0,0.0,0,3,0.5347999976947904,70.38900000043213,71.82400004239753,72.35880004009232,142.21300004282966
reactive-lru,3,15,3,Quorvane,corporate color,1,0.0,0,3,0.0,0.0,63.91669996082783,63.91669996082783,63.91669996082783
reactive-lru,3,15,4,Quorvane,headquarters city,1,0.0,0,3,0.0,0.0,75.55509998928756,75.55509998928756,75.55509998928756
reactive-lru,3,15,5,Quorvane,chief executive,1,0.0,0,3,0.0,0.0,89.47509998688474,89.47509998688474,89.47509998688474
reactive-lru,3,15,6,Seluun,stock ticker,0,0.0,0,3,0.47740002628415823,75.57190000079572,40.167099970858544,40.6444999971427,115.73899997165427
reactive-lru,3,15,7,Bramwick,employee count,0,0.0,0,3,0.42559998109936714,67.98359996173531,77.11240003118291,77.53800001228228,145.09599999291822
reactive-lru,3,15,8,Quorvane,founding river,1,0.0,0,3,0.0,0.0,69.93150000926107,69.93150000926107,69.93150000926107
reactive-lru,3,15,9,Seluun,annual revenue,1,0.0,0,3,0.0,0.0,49.72680000355467,49.72680000355467,49.72680000355467
reactive-lru,3,15,10,Bramwick,annual revenue,1,0.0,0,3,0.0,0.0,40.32959998585284,40.32959998585284,40.32959998585284
reactive-lru,3,15,11,Bramwick,chief engineer,1,0.0,0,3,0.0,0.0,39.242600032594055,39.242600032594055,39.242600032594055
reactive-lru,3,16,0,Seluun,mascot animal,0,0.0,0,1,0.4453000146895647,73.2852999935858,39.44500000216067,39.89030001685023,112.73029999574646
reactive-lru,3,16,1,Seluun,board chair,1,0.0,0,1,0.0,0.0,48.80089999642223,48.80089999642223,48.80089999642223
reactive-lru,3,16,2,Seluun,flagship product,1,0.0,0,1,0.0,0.0,49.08960004104301,49.08960004104301,49.08960004104301
reactive-lru,3,16,3,Draskel,motto word,0,0.0,0,2,0.506600015796721,48.89249999541789,47.55239997757599,48.05899999337271,96.44489997299388
reactive-lru,3,16,4,Draskel,anthem composer,1,0.0,0,2,0.0,0.0,86.55190002173185,86.55190002173185,86.55190002173185
reactive-lru,3,16,5,Draskel,mascot animal,1,0.0,0,2,0.0,0.0,63.606100040487945,63.606100040487945,63.606100040487945
reactive-lru,3,16,6,Draskel,satellite name,1,0.0,0,2,0.0,0.0,90.08440002799034,90.08440002799034,90.08440002799034
reactive-lru,3,16,7,Draskel,board chair,1,0.0,0,2,0.0,0.0,64.81469998834655,64.81469998834655,64.81469998834655
reactive-lru,3,16,8,Draskel,stock ticker,1,0.0,0,2,0.0,0.0,78.37579998886213,78.37579998886213,78.37579998886213
reactive-lru,3,16,9,Draskel,primary material,1,0.0,0,2,0.0,0.0,63.67070000851527,63.67070000851527,63.67070000851527
reactive-lru,3,16,10,Draskel,mascot animal,1,0.0,0,2,0.0,0.0,59.0630000224337,59.0630000224337,59.0630000224337
reactive-lru,3,16,11,Draskel,satellite name,1,0.0,0,2,0.0,0.0,75.37510001566261,75.37510001566261,75.37510001566261
reactive-lru,3,17,0,Ilmeth,anthem composer,0,0.0,0,1,0.7433000137098134,52.24920000182465,75.77609998406842,76.51939999777824,128.02529998589307
reactive-lru,3,17,1,Ilmeth,archive codename,1,0.0,0,1,0.0,0.0,59.03419997775927,59.03419997775927,59.03419997775927
reactive-lru,3,17,2,Draskel,satellite name,0,0.0,0,2,0.8019999950192869,54.09040005179122,56.10860005253926,56.910600047558546,110.19900010433048
reactive-lru,3,17,3,Seluun,primary material,0,0.0,0,3,0.8389000431634486,83.85939995059744,84.78510001441464,85.62400005757809,168.64449996501207
reactive-lru,3,17,4,Bramwick,flagship product,0,0.0,0,3,0.8009999874047935,106.15770000731573,40.88980000233278,41.69079998973757,147.0475000096485
reactive-lru,3,17,5,Bramwick,founding year,1,0.0,0,3,0.0,0.0,76.70689997030422,76.70689997030422,76.70689997030422
reactive-lru,3,17,6,Bramwick,employee count,1,0.0,0,3,0.0,0.0,41.96680005406961,41.96680005406961,41.96680005406961
reactive-lru,3,17,7,Bramwick,research lab city,1,0.0,0,3,0.0,0.0,82.19970000209287,82.19970000209287,82.19970000209287
reactive-lru,3,17,8,Bramwick,primary material,1,0.0,0,3,0.0,0.0,58.829399989917874,58.829399989917874,58.829399989917874
reactive-lru,3,17,9,Bramwick,research lab city,1,0.0,0,3,0.0,0.0,44.794199988245964,44.794199988245964,44.794199988245964
reactive-lru,3,17,10,Quorvane,founding year,0,0.0,0,3,0.8617000421509147,47.93010000139475,67.91580002754927,68.77750006970018,115.84590002894402
reactive-lru,3,17,11,Quorvane,founding river,1,0.0,0,3,0.0,0.0,74.68799996422604,74.68799996422604,74.68799996422604
reactive-lru,3,18,0,Bramwick,chief engineer,0,0.0,0,1,0.7809000089764595,59.693199989851564,45.272699964698404,46.053599973674864,104.96589995454997
reactive-lru,3,18,1,Quorvane,flagship product,0,0.0,0,2,0.8509000181220472,48.64509997423738,55.375600000843406,56.22650001896545,104.02069997508079
reactive-lru,3,18,2,Veltrax,annual revenue,0,0.0,0,3,0.44890004210174084,50.428699993062764,44.31939998175949,44.76830002386123,94.74809997482225
reactive-lru,3,18,3,Veltrax,founding year,1,0.0,0,3,0.0,0.0,60.75150001561269,60.75150001561269,60.75150001561269
reactive-lru,3,18,4,Draskel,founding river,0,0.0,0,3,0.46490004751831293,47.102499986067414,76.39410003321245,76.85900008073077,123.49660001927987
reactive-lru,3,18,5,Pyrenna,primary material,0,0.0,0,3,0.49399997806176543,72.0077000441961,41.77370003890246,42.26770001696423,113.78140008309856
reactive-lru,3,18,6,Ilmeth,board chair,0,0.0,0,3,0.41640002746134996,54.95890002930537,63.093299977481365,63.509700004942715,118.05220000678673
reactive-lru,3,18,7,Draskel,research lab city,1,0.0,0,3,0.0,0.0,48.99710003519431,48.99710003519431,48.99710003519431
reactive-lru,3,18,8,Draskel,annual revenue,1,0.0,0,3,0.0,0.0,110.50230002729222,110.50230002729222,110.50230002729222
reactive-lru,3,18,9,Draskel,annual revenue,1,0.0,0,3,0.0,0.0,81.34570001857355,81.34570001857355,81.34570001857355
reactive-lru,3,18,10,Draskel,board chair,1,0.0,0,3,0.0,0.0,67.03859998378903,67.03859998378903,67.03859998378903
reactive-lru,3,18,11,Draskel,chief executive,1,0.0,0,3,0.0,0.0,43.56749996077269,43.56749996077269,43.56749996077269
reactive-lru,3,19,0,Draskel,primary material,0,0.0,0,1,0.4593999474309385,47.32060001697391,41.66729998541996,42.1266999328509,88.98790000239387
reactive-lru,3,19,1,Pyrenna,employee count,0,0.0,0,2,0.5099999834783375,44.76659995270893,53.17359999753535,53.683599981013685,97.94019995024428
reactive-lru,3,19,2,Ilmeth,stock ticker,0,0.0,0,3,0.4463000223040581,46.58339999150485,45.872799993958324,46.31910001626238,92.45619998546317
reactive-lru,3,19,3,Draskel,board chair,1,0.0,0,3,0.0,0.0,49.523099965881556,49.523099965881556,49.523099965881556
reactive-lru,3,19,4,Draskel,stock ticker,1,0.0,0,3,0.0,0.0,41.122599970549345,41.122599970549345,41.122599970549345
reactive-lru,3,19,5,Pyrenna,anthem composer,1,0.0,0,3,0.0,0.0,44.672600051853806,44.672600051853806,44.672600051853806
reactive-lru,3,19,6,Pyrenna,founding river,1,0.0,0,3,0.0,0.0,42.13720001280308,42.13720001280308,42.13720001280308
reactive-lru,3,19,7,Ilmeth,corporate color,1,0.0,0,3,0.0,0.0,70.23700000718236,70.23700000718236,70.23700000718236
reactive-lru,3,19,8,Ilmeth,headquarters city,1,0.0,0,3,0.0,0.0,40.56200000923127,40.56200000923127,40.56200000923127
reactive-lru,3,19,9,Ilmeth,flagship product,1,0.0,0,3,0.0,0.0,41.90890002064407,41.90890002064407,41.90890002064407
reactive-lru,3,19,10,Toskarel,chief executive,0,0.0,0,3,0.4532000166364014,58.100700029172,81.14479994401336,81.59799996064976,139.24549997318536
reactive-lru,3,19,11,Toskarel,founding river,1,0.0,0,3,0.0,0.0,40.20059999311343,40.20059999311343,40.20059999311343
reactive-lru,3,20,0,Ilmeth,chief executive,0,0.0,0,1,0.42290001874789596,70.01220004167408,66.87830004375428,67.30120006250218,136.89050008542836
reactive-lru,3,20,1,Ilmeth,stock ticker,1,0.0,0,1,0.0,0.0,40.086799999699,40.086799999699,40.086799999699
reactive-lru,3,20,2,Draskel,signature dish,0,0.0,0,2,0.46330003533512354,70.92440000269562,86.97149995714426,87.43479999247938,157.89589995983988
reactive-lru,3,20,3,Draskel,chief engineer,1,0.0,0,2,0.0,0.0,67.03950004884973,67.03950004884973,67.03950004884973
reactive-lru,3,20,4,Draskel,chief executive,1,0.0,0,2,0.0,0.0,81.19639998767525,81.19639998767525,81.19639998767525
reactive-lru,3,20,5,Pyrenna,founding river,0,0.0,0,3,0.5000999663025141,81.96720003616065,54.90269995061681,55.40279991691932,136.86989998677745
reactive-lru,3,20,6,Pyrenna,headquarters city,1,0.0,0,3,0.0,0.0,43.72660000808537,43.72660000808537,43.72660000808537
reactive-lru,3,20,7,Pyrenna,anthem composer,1,0.0,0,3,0.0,0.0,46.93030001362786,46.93030001362786,46.93030001362786
reactive-lru,3,20,8,Pyrenna,board chair,1,0.0,0,3,0.0,0.0,90.15830000862479,90.15830000862479,90.15830000862479
reactive-lru,3,20,9,Ilmeth,anthem composer,1,0.0,0,3,0.0,0.0,74.87529999343678,74.87529999343678,74.87529999343678
reactive-lru,3,20,10,Ilmeth,lucky number,1,0.0,0,3,0.0,0.0,61.26580003183335,61.26580003183335,61.26580003183335
reactive-lru,3,20,11,Toskarel,motto word,0,0.0,0,3,0.4827000084333122,73.38570000138134,43.873799964785576,44.35649997321889,117.25949996616691
reactive-lru,3,21,0,Draskel,founding year,0,0.0,0,1,0.4521000082604587,61.01550004677847,73.575799993705,74.02790000196546,134.59130004048347
reactive-lru,3,21,1,Pyrenna,chief engineer,0,0.0,0,2,0.5006000283174217,85.0609999615699,89.9904000107199,90.49100003903732,175.0513999722898
reactive-lru,3,21,2,Draskel,stock ticker,1,0.0,0,2,0.0,0.0,57.13339999783784,57.13339999783784,57.13339999783784
reactive-lru,3,21,3,Draskel,corporate color,1,0.0,0,2,0.0,0.0,64.39870002213866,64.39870002213866,64.39870002213866
reactive-lru,3,21,4,Pyrenna,satellite name,1,0.0,0,2,0.0,0.0,62.853099952917546,62.853099952917546,62.853099952917546
reactive-lru,3,21,5,Ilmeth,board chair,0,0.0,0,3,0.4341000458225608,69.39319998491555,60.638299968559295,61.072400014381856,130.03149995347485
reactive-lru,3,21,6,Seluun,signature dish,0,0.0,0,3,0.4846000229008496,91.25920000951737,40.291299985256046,40.775900008156896,131.55049999477342
reactive-lru,3,21,7,Seluun,employee count,1,0.0,0,3,0.0,0.0,49.821100023109466,49.821100023109466,49.821100023109466
reactive-lru,3,21,8,Draskel,research lab city,0,0.0,0,3,0.5002000252716243,45.07900000317022,43.89399994397536,44.39419996924698,88.97299994714558
reactive-lru,3,21,9,Draskel,annual revenue,1,0.0,0,3,0.0,0.0,44.90320000331849,44.90320000331849,44.90320000331849
reactive-lru,3,21,10,Draskel,mascot animal,1,0.0,0,3,0.0,0.0,62.91049998253584,62.91049998253584,62.91049998253584
reactive-lru,3,21,11,Pyrenna,chief executive,0,0.0,0,3,0.46149996342137456,55.904499953612685,50.960700027644634,51.42219999106601,106.86519998125732
reactive-lru,3,22,0,Bramwick,chief engineer,0,0.0,0,1,0.47580001410096884,78.75080005032942,53.51299996254966,53.988799976650625,132.26380001287907
reactive-lru,3,22,1,Bramwick,flagship product,1,0.0,0,1,0.0,0.0,48.30030002631247,48.30030002631247,48.30030002631247
reactive-lru,3,22,2,Veltrax,headquarters city,0,0.0,0,2,0.45870000030845404,73.92170000821352,76.11910003470257,76.57780003501102,150.0408000429161
reactive-lru,3,22,3,Pyrenna,mascot animal,0,0.0,0,3,0.451600004453212,50.261299998965114,60.85690000327304,61.30850000772625,111.11820000223815
reactive-lru,3,22,4,Ilmeth,signature dish,0,0.0,0,3,0.4319999716244638,93.60790002392605,73.01880000159144,73.45079997321591,166.6267000255175
reactive-lru,3,22,5,Toskarel,chief engineer,0,0.0,0,3,0.47930004075169563,51.268599985633045,50.67530000815168,51.154600048903376,101.94389999378473
reactive-lru,3,22,6,Quorvane,flagship product,0,0.0,0,3,0.49669999862089753,84.83259996864945,57.11320001864806,57.609900017268956,141.9457999872975
reactive-lru,3,22,7,Seluun,flagship product,0,0.0,0,3,0.45250001130625606,46.02030001115054,60.38760003866628,60.840100049972534,106.40790004981682
reactive-lru,3,22,8,Seluun,motto word,1,0.0,0,3,0.0,0.0,62.32780002756044,62.32780002756044,62.32780002756044
reactive-lru,3,22,9,Seluun,annual revenue,1,0.0,0,3,0.0,0.0,46.006000018678606,46.006000018678606,46.006000018678606
reactive-lru,3,22,10,Bramwick,motto word,0,0.0,0,3,0.43219997314736247,71.82519999332726,55.060099984984845,55.49229995813221,126.8852999783121
reactive-lru,3,22,11,Quorvane,anthem composer,1,0.0,0,3,0.0,0.0,39.687099982984364,39.687099982984364,39.687099982984364
reactive-lru,3,23,0,Draskel,founding river,0,0.0,0,1,0.4619000246748328,44.14200002793223,62.982200004626065,63.4441000293009,107.12420003255829
reactive-lru,3,23,1,Pyrenna,lucky number,0,0.0,0,2,0.5827999557368457,66.70269998721778,107.81169997062534,108.39449992636219,174.51439995784312
reactive-lru,3,23,2,Pyrenna,mascot animal,1,0.0,0,2,0.0,0.0,82.0359000354074,82.0359000354074,82.0359000354074
reactive-lru,3,23,3,Veltrax,founding year,0,0.0,0,3,0.49860001308843493,79.35359998373315,66.11819996032864,66.61679997341707,145.4717999440618
reactive-lru,3,23,4,Quorvane,chief engineer,0,0.0,0,3,0.5502999993041158,87.91419997578487,79.79839999461547,80.34869999391958,167.71259997040033
reactive-lru,3,23,5,Veltrax,mascot animal,1,0.0,0,3,0.0,0.0,88.81530002690852,88.81530002690852,88.81530002690852
reactive-lru,3,23,6,Veltrax,employee count,1,0.0,0,3,0.0,0.0,60.09959999937564,60.09959999937564,60.09959999937564
reactive-lru,3,23,7,Pyrenna,founding year,1,0.0,0,3,0.0,0.0,49.354399961885065,49.354399961885065,49.354399961885065
reactive-lru,3,23,8,Pyrenna,anthem composer,1,0.0,0,3,0.0,0.0,44.27760001271963,44.27760001271963,44.27760001271963
reactive-lru,3,23,9,Pyrenna,annual revenue,1,0.0,0,3,0.0,0.0,68.12010001158342,68.12010001158342,68.12010001158342
reactive-lru,3,23,10,Pyrenna,chief executive,1,0.0,0,3,0.0,0.0,40.783200005535036,40.783200005535036,40.783200005535036
reactive-lru,3,23,11,Pyrenna,primary material,1,0.0,0,3,0.0,0.0,41.70130001148209,41.70130001148209,41.70130001148209
reactive-lru,3,24,0,Veltrax,signature dish,0,0.0,0,1,0.4631999763660133,49.26240001805127,88.0913000437431,88.55450002010912,137.35370006179437
reactive-lru,3,24,1,Pyrenna,stock ticker,0,0.0,0,2,0.504799943882972,56.127100018784404,80.6192000163719,81.12399996025488,136.7463000351563
reactive-lru,3,24,2,Ilmeth,chief executive,0,0.0,0,3,0.43620000360533595,81.36009995359927,71.53220003237948,71.96840003598481,152.89229998597875
reactive-lru,3,24,3,Ilmeth,lucky number,1,0.0,0,3,0.0,0.0,65.48819999443367,65.48819999443367,65.48819999443367
reactive-lru,3,24,4,Toskarel,mascot animal,0,0.0,0,3,0.5254999850876629,52.19079996459186,59.272599988617,59.798099973704666,111.46339995320886
reactive-lru,3,24,5,Quorvane,chief engineer,0,0.0,0,3,0.48379995860159397,79.5333000132814,50.819600000977516,51.30339995957911,130.35290001425892
reactive-lru,3,24,6,Veltrax,motto word,0,0.0,0,3,0.47589995665475726,46.35670001152903,60.19270000979304,60.6685999664478,106.54940002132207
reactive-lru,3,24,7,Veltrax,satellite name,1,0.0,0,3,0.0,0.0,46.74359998898581,46.74359998898581,46.74359998898581
reactive-lru,3,24,8,Ilmeth,research lab city,0,0.0,0,3,0.421699951402843,45.78549996949732,58.65230003837496,59.0739999897778,104.43780000787228
reactive-lru,3,24,9,Ilmeth,anthem composer,1,0.0,0,3,0.0,0.0,61.23310001567006,61.23310001567006,61.23310001567006
reactive-lru,3,24,10,Draskel,research lab city,0,0.0,0,3,0.49700000090524554,86.37499995529652,74.07719996990636,74.5741999708116,160.45219992520288
reactive-lru,3,24,11,Draskel,anthem composer,1,0.0,0,3,0.0,0.0,67.10679997922853,67.10679997922853,67.10679997922853
reactive-lru,3,25,0,Bramwick,chief executive,0,0.0,0,1,0.4681000136770308,65.22240000776947,40.01360002439469,40.48170003807172,105.23600003216416
reactive-lru,3,25,1,Toskarel,stock ticker,0,0.0,0,2,0.45170000521466136,48.35969995474443,40.912399999797344,41.364100005012006,89.27209995454177
reactive-lru,3,25,2,Toskarel,flagship product,1,0.0,0,2,0.0,0.0,63.982199993915856,63.982199993915856,63.982199993915856
reactive-lru,3,25,3,Toskarel,mascot animal,1,0.0,0,2,0.0,0.0,39.768599963281304,39.768599963281304,39.768599963281304
reactive-lru,3,25,4,Pyrenna,headquarters city,0,0.0,0,3,0.4634999786503613,72.18650000868365,40.83499999251217,41.29849997116253,113.02150000119582
reactive-lru,3,25,5,Ilmeth,signature dish,0,0.0,0,3,0.41820004116743803,56.02929997257888,56.37039995053783,56.78859999170527,112.39969992311671
reactive-lru,3,25,6,Ilmeth,chief engineer,1,0.0,0,3,0.0,0.0,67.76379997609183,67.76379997609183,67.76379997609183
reactive-lru,3,25,7,Ilmeth,anthem composer,1,0.0,0,3,0.0,0.0,72.79060001019388,72.79060001019388,72.79060001019388
reactive-lru,3,25,8,Ilmeth,employee count,1,0.0,0,3,0.0,0.0,63.40709998039529,63.40709998039529,63.40709998039529
reactive-lru,3,25,9,Toskarel,founding year,1,0.0,0,3,0.0,0.0,91.86049998970702,91.86049998970702,91.86049998970702
reactive-lru,3,25,10,Quorvane,chief executive,0,0.0,0,3,0.539699976798147,90.49959998810664,65.6271000043489,66.16679998114705,156.12669999245554
reactive-lru,3,25,11,Quorvane,chief engineer,1,0.0,0,3,0.0,0.0,44.28969998843968,44.28969998843968,44.28969998843968
reactive-lru,3,26,0,Veltrax,annual revenue,0,0.0,0,1,0.4597000079229474,48.293700034264475,89.14140000706539,89.60110001498833,137.43510004132986
reactive-lru,3,26,1,Veltrax,stock ticker,1,0.0,0,1,0.0,0.0,75.66759997280315,75.66759997280315,75.66759997280315
reactive-lru,3,26,2,Veltrax,employee count,1,0.0,0,1,0.0,0.0,75.51360002253205,75.51360002253205,75.51360002253205
reactive-lru,3,26,3,Veltrax,annual revenue,1,0.0,0,1,0.0,0.0,40.51620000973344,40.51620000973344,40.51620000973344
reactive-lru,3,26,4,Quorvane,flagship product,0,0.0,0,2,0.4854000289924443,49.08419999992475,46.78490001242608,47.27030004141852,95.86910001235083
reactive-lru,3,26,5,Quorvane,motto word,1,0.0,0,2,0.0,0.0,42.98280004877597,42.98280004877597,42.98280004877597
reactive-lru,3,26,6,Quorvane,mascot animal,1,0.0,0,2,0.0,0.0,60.36229996243492,60.36229996243492,60.36229996243492
reactive-lru,3,26,7,Quorvane,chief engineer,1,0.0,0,2,0.0,0.0,51.24469997826964,51.24469997826964,51.24469997826964
reactive-lru,3,26,8,Quorvane,annual revenue,1,0.0,0,2,0.0,0.0,95.57750000385568,95.57750000385568,95.57750000385568
reactive-lru,3,26,9,Seluun,flagship product,0,0.0,0,3,0.840499997138977,76.41640002839267,42.85490000620484,43.69540000334382,119.27130003459752
reactive-lru,3,26,10,Seluun,founding river,1,0.0,0,3,0.0,0.0,45.12070002965629,45.12070002965629,45.12070002965629
reactive-lru,3,26,11,Seluun,anthem composer,1,0.0,0,3,0.0,0.0,74.5442999759689,74.5442999759689,74.5442999759689
reactive-lru,3,27,0,Pyrenna,corporate color,0,0.0,0,1,0.8358000195585191,50.53800001041964,40.259100031107664,41.09490005066618,90.7971000415273
reactive-lru,3,27,1,Pyrenna,annual revenue,1,0.0,0,1,0.0,0.0,40.413099981378764,40.413099981378764,40.413099981378764
reactive-lru,3,27,2,Pyrenna,flagship product,1,0.0,0,1,0.0,0.0,57.21080000512302,57.21080000512302,57.21080000512302
reactive-lru,3,27,3,Pyrenna,employee count,1,0.0,0,1,0.0,0.0,40.14549998100847,40.14549998100847,40.14549998100847
reactive-lru,3,27,4,Pyrenna,headquarters city,1,0.0,0,1,0.0,0.0,51.940000033937395,51.940000033937395,51.940000033937395
reactive-lru,3,27,5,Pyrenna,anthem composer,1,0.0,0,1,0.0,0.0,71.305499994196,71.305499994196,71.305499994196
reactive-lru,3,27,6,Pyrenna,primary material,1,0.0,0,1,0.0,0.0,40.49099999247119,40.49099999247119,40.49099999247119
reactive-lru,3,27,7,Pyrenna,stock ticker,1,0.0,0,1,0.0,0.0,62.84359999699518,62.84359999699518,62.84359999699518
reactive-lru,3,27,8,Pyrenna,signature dish,1,0.0,0,1,0.0,0.0,82.07750000292435,82.07750000292435,82.07750000292435
reactive-lru,3,27,9,Pyrenna,signature dish,1,0.0,0,1,0.0,0.0,58.30119998427108,58.30119998427108,58.30119998427108
reactive-lru,3,27,10,Pyrenna,chief engineer,1,0.0,0,1,0.0,0.0,99.57969997776672,99.57969997776672,99.57969997776672
reactive-lru,3,27,11,Toskarel,chief engineer,0,0.0,0,2,0.8336000028066337,79.74900002591312,58.55289997998625,59.386499982792884,138.30190000589937
reactive-lru,3,28,0,Seluun,stock ticker,0,0.0,0,1,0.825700000859797,76.84459997108206,42.60200000135228,43.42770000221208,119.44659997243434
reactive-lru,3,28,1,Seluun,research lab city,1,0.0,0,1,0.0,0.0,50.935200008098036,50.935200008098036,50.935200008098036
reactive-lru,3,28,2,Bramwick,chief executive,0,0.0,0,2,0.5073000211268663,107.63340000994503,39.73379998933524,40.241100010462105,147.36719999928027
reactive-lru,3,28,3,Veltrax,employee count,0,0.0,0,3,0.4469000268727541,47.11670003598556,42.78119996888563,43.228099995758384,89.89790000487119
reactive-lru,3,28,4,Veltrax,lucky number,1,0.0,0,3,0.0,0.0,66.50199997238815,66.50199997238815,66.50199997238815
reactive-lru,3,28,5,Veltrax,stock ticker,1,0.0,0,3,0.0,0.0,42.99490002449602,42.99490002449602,42.99490002449602
reactive-lru,3,28,6,Quorvane,research lab city,0,0.0,0,3,0.5225999630056322,59.6955000073649,46.24350002268329,46.766099985688925,105.93900003004819
reactive-lru,3,28,7,Toskarel,annual revenue,0,0.0,0,3,0.45779999345541,78.10770004289225,64.30620001628995,64.76400000974536,142.4139000591822
reactive-lru,3,28,8,Toskarel,board chair,1,0.0,0,3,0.0,0.0,68.95260000601411,68.95260000601411,68.95260000601411
reactive-lru,3,28,9,Ilmeth,founding year,0,0.0,0,3,0.4366000066511333,65.82439999328926,73.54320003651083,73.97980004316196,139.3676000298001
reactive-lru,3,28,10,Ilmeth,motto word,1,0.0,0,3,0.0,0.0,42.39210003288463,42.39210003288463,42.39210003288463
reactive-lru,3,28,11,Ilmeth,flagship product,1,0.0,0,3,0.0,0.0,45.95540004083887,45.95540004083887,45.95540004083887
reactive-lru,3,29,0,Bramwick,board chair,0,0.0,0,1,0.4455000162124634,62.67199997091666,105.18759995466098,105.63309997087345,167.85959992557764
reactive-lru,3,29,1,Bramwick,flagship product,1,0.0,0,1,0.0,0.0,42.25810000207275,42.25810000207275,42.25810000207275
reactive-lru,3,29,2,Pyrenna,flagship product,0,0.0,0,2,0.45110000064596534,47.25030000554398,48.5818000161089,49.032900016754866,95.83210002165288
reactive-lru,3,29,3,Pyrenna,chief executive,1,0.0,0,2,0.0,0.0,53.08870004955679,53.08870004955679,53.08870004955679
reactive-lru,3,29,4,Draskel,chief executive,0,0.0,0,3,0.46690000453963876,54.52479998348281,46.85229994356632,47.31919994810596,101.37709992704913
reactive-lru,3,29,5,Seluun,corporate color,0,0.0,0,3,0.471399980597198,68.89119994593784,90.24950000457466,90.72089998517185,159.1406999505125
reactive-lru,3,29,6,Seluun,archive codename,1,0.0,0,3,0.0,0.0,64.00640000356361,64.00640000356361,64.00640000356361
reactive-lru,3,29,7,Seluun,research lab city,1,0.0,0,3,0.0,0.0,60.68329996196553,60.68329996196553,60.68329996196553
reactive-lru,3,29,8,Seluun,primary material,1,0.0,0,3,0.0,0.0,58.362699986901134,58.362699986901134,58.362699986901134
reactive-lru,3,29,9,Seluun,mascot animal,1,0.0,0,3,0.0,0.0,53.61050000647083,53.61050000647083,53.61050000647083
reactive-lru,3,29,10,Seluun,motto word,1,0.0,0,3,0.0,0.0,39.81780004687607,39.81780004687607,39.81780004687607
reactive-lru,3,29,11,Seluun,research lab city,1,0.0,0,3,0.0,0.0,44.12210005102679,44.12210005102679,44.12210005102679
reactive-lru,3,30,0,Draskel,lucky number,0,0.0,0,1,0.45789999421685934,75.29660000000149,71.1126999813132,71.57059997553006,146.4092999813147
reactive-lru,3,30,1,Pyrenna,archive codename,0,0.0,0,2,0.45190000673756003,74.54320002580062,44.30549999233335,44.75739999907091,118.84870001813397
reactive-lru,3,30,2,Pyrenna,anthem composer,1,0.0,0,2,0.0,0.0,42.61740000220016,42.61740000220016,42.61740000220016
reactive-lru,3,30,3,Ilmeth,chief executive,0,0.0,0,3,0.4237999673932791,56.50989996502176,39.59289996419102,40.0166999315843,96.10279992921278
reactive-lru,3,30,4,Ilmeth,signature dish,1,0.0,0,3,0.0,0.0,40.22889997577295,40.22889997577295,40.22889997577295
reactive-lru,3,30,5,Toskarel,headquarters city,0,0.0,0,3,0.4469000268727541,64.45740000344813,84.26209999015555,84.7090000170283,148.71949999360368
reactive-lru,3,30,6,Toskarel,founding river,1,0.0,0,3,0.0,0.0,61.097799974959344,61.097799974959344,61.097799974959344
reactive-lru,3,30,7,Toskarel,primary material,1,0.0,0,3,0.0,0.0,39.76000001421198,39.76000001421198,39.76000001421198
reactive-lru,3,30,8,Pyrenna,anthem composer,1,0.0,0,3,0.0,0.0,43.96670003188774,43.96670003188774,43.96670003188774
reactive-lru,3,30,9,Pyrenna,primary material,1,0.0,0,3,0.0,0.0,39.681100053712726,39.681100053712726,39.681100053712726
reactive-lru,3,30,10,Pyrenna,chief engineer,1,0.0,0,3,0.0,0.0,45.36809999262914,45.36809999262914,45.36809999262914
reactive-lru,3,30,11,Pyrenna,signature dish,1,0.0,0,3,0.0,0.0,40.33940000226721,40.33940000226721,40.33940000226721
reactive-lru,3,31,0,Bramwick,board chair,0,0.0,0,1,0.4228000179864466,46.887700038496405,48.13690000446513,48.55970002245158,95.02460004296154
reactive-lru,3,31,1,Quorvane,founding river,0,0.0,0,2,0.4982000100426376,78.91120004933327,73.8425999879837,74.34079999802634,152.75380003731698
reactive-lru,3,31,2,Quorvane,signature dish,1,0.0,0,2,0.0,0.0,50.604999996721745,50.604999996721745,50.604999996721745
reactive-lru,3,31,3,Quorvane,employee count,1,0.0,0,2,0.0,0.0,68.26400000136346,68.26400000136346,68.26400000136346
reactive-lru,3,31,4,Quorvane,corporate color,1,0.0,0,2,0.0,0.0,67.70309997955337,67.70309997955337,67.70309997955337
reactive-lru,3,31,5,Quorvane,founding year,1,0.0,0,2,0.0,0.0,56.983200018294156,56.983200018294156,56.983200018294156
reactive-lru,3,31,6,Veltrax,research lab city,0,0.0,0,3,0.4613999626599252,48.12419996596873,59.39459998626262,59.855999948922545,107.51879995223135
reactive-lru,3,31,7,Veltrax,primary material,1,0.0,0,3,0.0,0.0,76.67779998155311,76.67779998155311,76.67779998155311
reactive-lru,3,31,8,Veltrax,chief executive,1,0.0,0,3,0.0,0.0,83.00830004736781,83.00830004736781,83.00830004736781
reactive-lru,3,31,9,Veltrax,annual revenue,1,0.0,0,3,0.0,0.0,42.940500017721206,42.940500017721206,42.940500017721206
reactive-lru,3,31,10,Veltrax,stock ticker,1,0.0,0,3,0.0,0.0,42.438499978743494,42.438499978743494,42.438499978743494
reactive-lru,3,31,11,Quorvane,lucky number,1,0.0,0,3,0.0,0.0,40.00589996576309,40.00589996576309,40.00589996576309
reactive-lru,3,32,0,Seluun,flagship product,0,0.0,0,1,0.4776000278070569,48.85129997273907,39.80769996996969,40.28529999777675,88.65899994270876
reactive-lru,3,32,1,Seluun,employee count,1,0.0,0,1,0.0,0.0,39.90530001465231,39.90530001465231,39.90530001465231
reactive-lru,3,32,2,Seluun,founding year,1,0.0,0,1,0.0,0.0,57.24869994446635,57.24869994446635,57.24869994446635
reactive-lru,3,32,3,Pyrenna,research lab city,0,0.0,0,2,0.4594000056385994,55.1471000071615,40.00659997109324,40.46599997673184,95.15369997825474
reactive-lru,3,32,4,Ilmeth,archive codename,0,0.0,0,3,0.4219000111334026,46.37460003141314,40.56890000356361,40.990800014697015,86.94350003497675
reactive-lru,3,32,5,Ilmeth,signature dish,1,0.0,0,3,0.0,0.0,50.759200006723404,50.759200006723404,50.759200006723404
reactive-lru,3,32,6,Ilmeth,archive codename,1,0.0,0,3,0.0,0.0,46.34149995399639,46.34149995399639,46.34149995399639
reactive-lru,3,32,7,Toskarel,chief engineer,0,0.0,0,3,0.4626999725587666,67.33500002883375,49.52389997197315,49.98659994453192,116.8589000008069
reactive-lru,3,32,8,Quorvane,mascot animal,0,0.0,0,3,0.48940000124275684,46.57990002306178,41.54250002466142,42.03190002590418,88.1224000477232
reactive-lru,3,32,9,Veltrax,annual revenue,0,0.0,0,3,0.45540003338828683,78.2545999973081,74.26250004209578,74.71790007548407,152.51710003940389
reactive-lru,3,32,10,Pyrenna,chief executive,0,0.0,0,3,0.49649999709799886,87.15199999278411,48.1848000199534,48.6813000170514,135.3368000127375
reactive-lru,3,32,11,Pyrenna,employee count,1,0.0,0,3,0.0,0.0,39.19880004832521,39.19880004832521,39.19880004832521
reactive-lru,3,33,0,Veltrax,flagship product,0,0.0,0,1,0.4466999671421945,65.45270001515746,50.01570004969835,50.46240001684055,115.46840006485581
reactive-lru,3,33,1,Veltrax,lucky number,1,0.0,0,1,0.0,0.0,84.49519996065646,84.49519996065646,84.49519996065646
reactive-lru,3,33,2,Pyrenna,annual revenue,0,0.0,0,2,0.49780000699684024,61.66770000709221,47.95899998862296,48.456799995619804,109.62669999571517
reactive-lru,3,33,3,Draskel,founding year,0,0.0,0,3,0.4656999954022467,58.07800003094599,84.96770000783727,85.43340000323951,143.04570003878325
reactive-lru,3,33,4,Draskel,board chair,1,0.0,0,3,0.0,0.0,68.40699998429045,68.40699998429045,68.40699998429045
reactive-lru,3,33,5,Veltrax,anthem composer,1,0.0,0,3,0.0,0.0,62.62870004866272,62.62870004866272,62.62870004866272
reactive-lru,3,33,6,Veltrax,archive codename,1,0.0,0,3,0.0,0.0,91.50219999719411,91.50219999719411,91.50219999719411
reactive-lru,3,33,7,Veltrax,flagship product,1,0.0,0,3,0.0,0.0,71.76739996066317,71.76739996066317,71.76739996066317
reactive-lru,3,33,8,Quorvane,flagship product,0,0.0,0,3,0.5156000261195004,68.14500002656132,43.076800007838756,43.592400033958256,111.22180003440008
reactive-lru,3,33,9,Pyrenna,corporate color,0,0.0,0,3,0.46609999844804406,52.67580004874617,46.03620001580566,46.502300014253706,98.71200006455183
reactive-lru,3,33,10,Pyrenna,headquarters city,1,0.0,0,3,0.0,0.0,65.12009998550639,65.12009998550639,65.12009998550639
reactive-lru,3,33,11,Draskel,annual revenue,0,0.0,0,3,0.46499999007210135,71.6779999784194,61.52799999108538,61.99299998115748,133.20599996950477
reactive-lru,3,34,0,Seluun,primary material,0,0.0,0,1,0.4889999981969595,69.36419999692589,63.08330001775175,63.57230001594871,132.44750001467764
reactive-lru,3,34,1,Draskel,annual revenue,0,0.0,0,2,0.4621999687515199,58.33379999967292,45.411899976897985,45.874099945649505,103.7456999765709
reactive-lru,3,34,2,Draskel,lucky number,1,0.0,0,2,0.0,0.0,76.74330001464114,76.74330001464114,76.74330001464114
reactive-lru,3,34,3,Draskel,annual revenue,1,0.0,0,2,0.0,0.0,49.17699994985014,49.17699994985014,49.17699994985014
reactive-lru,3,34,4,Seluun,corporate color,1,0.0,0,2,0.0,0.0,49.05150004196912,49.05150004196912,49.05150004196912
reactive-lru,3,34,5,Seluun,archive codename,1,0.0,0,2,0.0,0.0,86.12100000027567,86.12100000027567,86.12100000027567
reactive-lru,3,34,6,Draskel,lucky number,1,0.0,0,2,0.0,0.0,79.26989998668432,79.26989998668432,79.26989998668432
reactive-lru,3,34,7,Seluun,board chair,1,0.0,0,2,0.0,0.0,79.32710001477972,79.32710001477972,79.32710001477972
reactive-lru,3,34,8,Seluun,lucky number,1,0.0,0,2,0.0,0.0,40.97680002450943,40.97680002450943,40.97680002450943
reactive-lru,3,34,9,Seluun,research lab city,1,0.0,0,2,0.0,0.0,52.6279000332579,52.6279000332579,52.6279000332579
reactive-lru,3,34,10,Pyrenna,headquarters city,0,0.0,0,3,0.458399998024106,54.209799971431494,47.74870001710951,48.20710001513362,101.958499988541
reactive-lru,3,34,11,Pyrenna,founding river,1,0.0,0,3,0.0,0.0,41.06450005201623,41.06450005201623,41.06450005201623
reactive-lru,3,35,0,Quorvane,motto word,0,0.0,0,1,0.4838999593630433,71.58359995810315,73.25909996870905,73.7429999280721,144.8426999268122
reactive-lru,3,35,1,Quorvane,stock ticker,1,0.0,0,1,0.0,0.0,45.506700000260025,45.506700000260025,45.506700000260025
reactive-lru,3,35,2,Veltrax,employee count,0,0.0,0,2,0.4631999763660133,45.77229998540133,42.8482000133954,43.31139998976141,88.62049999879673
reactive-lru,3,35,3,Veltrax,mascot animal,1,0.0,0,2,0.0,0.0,49.40260003786534,49.40260003786534,49.40260003786534
reactive-lru,3,35,4,Veltrax,board chair,1,0.0,0,2,0.0,0.0,51.60910001723096,51.60910001723096,51.60910001723096
reactive-lru,3,35,5,Veltrax,anthem composer,1,0.0,0,2,0.0,0.0,46.969200018793344,46.969200018793344,46.969200018793344
reactive-lru,3,35,6,Pyrenna,archive codename,0,0.0,0,3,0.4640000406652689,46.93609999958426,55.92600000090897,56.39000004157424,102.86210000049323
reactive-lru,3,35,7,Pyrenna,lucky number,1,0.0,0,3,0.0,0.0,48.51839999901131,48.51839999901131,48.51839999901131
reactive-lru,3,35,8,Ilmeth,lucky number,0,0.0,0,3,0.4191999905742705,64.41190000623465,58.92899999162182,59.34819998219609,123.34089999785647
reactive-lru,3,35,9,Ilmeth,research lab city,1,0.0,0,3,0.0,0.0,53.78360004397109,53.78360004397109,53.78360004397109
reactive-lru,3,35,10,Ilmeth,motto word,1,0.0,0,3,0.0,0.0,59.275200008414686,59.275200008414686,59.275200008414686
reactive-lru,3,35,11,Ilmeth,board chair,1,0.0,0,3,0.0,0.0,75.64389996696264,75.64389996696264,75.64389996696264
reactive-lru,3,36,0,Ilmeth,headquarters city,0,0.0,0,1,0.47500000800937414,98.36890001315624,71.26749999588355,71.74250000389293,169.6364000090398
reactive-lru,3,36,1,Ilmeth,signature dish,1,0.0,0,1,0.0,0.0,56.322299991734326,56.322299991734326,56.322299991734326
reactive-lru,3,36,2,Draskel,chief engineer,0,0.0,0,2,0.47690002247691154,70.94150001648813,46.598499990068376,47.07540001254529,117.54000000655651
reactive-lru,3,36,3,Pyrenna,chief engineer,0,0.0,0,3,0.7931999862194061,57.98959999810904,68.71110002975911,69.50430001597852,126.70070002786815
reactive-lru,3,36,4,Pyrenna,employee count,1,0.0,0,3,0.0,0.0,60.15889998525381,60.15889998525381,60.15889998525381
reactive-lru,3,36,5,Draskel,chief executive,1,0.0,0,3,0.0,0.0,59.73510001786053,59.73510001786053,59.73510001786053
reactive-lru,3,36,6,Seluun,satellite name,0,0.0,0,3,0.4482000367715955,78.10600002994761,65.47129998216406,65.91950001893565,143.57730001211166
reactive-lru,3,36,7,Seluun,flagship product,1,0.0,0,3,0.0,0.0,48.121799947693944,48.121799947693944,48.121799947693944
reactive-lru,3,36,8,Seluun,mascot animal,1,0.0,0,3,0.0,0.0,49.98049995629117,49.98049995629117,49.98049995629117
reactive-lru,3,36,9,Seluun,primary material,1,0.0,0,3,0.0,0.0,67.18050001654774,67.18050001654774,67.18050001654774
reactive-lru,3,36,10,Seluun,founding year,1,0.0,0,3,0.0,0.0,53.15389996394515,53.15389996394515,53.15389996394515
reactive-lru,3,36,11,Draskel,board chair,1,0.0,0,3,0.0,0.0,56.96019995957613,56.96019995957613,56.96019995957613
reactive-lru,3,37,0,Draskel,stock ticker,0,0.0,0,1,0.5058000097051263,58.83439996978268,55.59720000019297,56.103000009898096,114.43159996997565
reactive-lru,3,37,1,Pyrenna,stock ticker,0,0.0,0,2,0.45140000293031335,48.349799995776266,71.70720002613962,72.15860002906993,120.05700002191588
reactive-lru,3,37,2,Ilmeth,founding year,0,0.0,0,3,0.4178000381216407,59.57410001428798,51.19779997039586,51.615600008517504,110.77189998468384
reactive-lru,3,37,3,Ilmeth,research lab city,1,0.0,0,3,0.0,0.0,51.21030000736937,51.21030000736937,51.21030000736937
reactive-lru,3,37,4,Ilmeth,stock ticker,1,0.0,0,3,0.0,0.0,40.37180001614615,40.37180001614615,40.37180001614615
reactive-lru,3,37,5,Draskel,satellite name,1,0.0,0,3,0.0,0.0,82.81190000707284,82.81190000707284,82.81190000707284
reactive-lru,3,37,6,Draskel,chief executive,1,0.0,0,3,0.0,0.0,53.53049997938797,53.53049997938797,53.53049997938797
reactive-lru,3,37,7,Draskel,flagship product,1,0.0,0,3,0.0,0.0,68.7498000334017,68.7498000334017,68.7498000334017
reactive-lru,3,37,8,Draskel,motto word,1,0.0,0,3,0.0,0.0,45.31050001969561,45.31050001969561,45.31050001969561
reactive-lru,3,37,9,Draskel,headquarters city,1,0.0,0,3,0.0,0.0,43.55030000442639,43.55030000442639,43.55030000442639
reactive-lru,3,37,10,Draskel,chief executive,1,0.0,0,3,0.0,0.0,76.19110000086948,76.19110000086948,76.19110000086948
reactive-lru,3,37,11,Draskel,annual revenue,1,0.0,0,3,0.0,0.0,60.525900044012815,60.525900044012815,60.525900044012815
reactive-lru,3,38,0,Draskel,flagship product,0,0.0,0,1,0.45900000259280205,66.27960002515465,52.14230000274256,52.60130000533536,118.42190002789721
reactive-lru,3,38,1,Pyrenna,founding year,0,0.0,0,2,0.463999982457608,83.28399999300018,39.87879998749122,40.34279996994883,123.1627999804914
reactive-lru,3,38,2,Pyrenna,chief engineer,1,0.0,0,2,0.0,0.0,44.854800042230636,44.854800042230636,44.854800042230636
reactive-lru,3,38,3,Quorvane,research lab city,0,0.0,0,3,0.5005999701097608,73.40150000527501,40.313699981197715,40.814299951307476,113.71519998647273
reactive-lru,3,38,4,Ilmeth,board chair,0,0.0,0,3,0.41550002060830593,44.55819999566302,44.23589998623356,44.65140000684187,88.79409998189658
reactive-lru,3,38,5,Pyrenna,annual revenue,1,0.0,0,3,0.0,0.0,49.79369998909533,49.79369998909533,49.79369998909533
reactive-lru,3,38,6,Pyrenna,satellite name,1,0.0,0,3,0.0,0.0,58.93679999280721,58.93679999280721,58.93679999280721
reactive-lru,3,38,7,Ilmeth,satellite name,1,0.0,0,3,0.0,0.0,58.76230000285432,58.76230000285432,58.76230000285432
reactive-lru,3,38,8,Ilmeth,annual revenue,1,0.0,0,3,0.0,0.0,40.95599998254329,40.95599998254329,40.95599998254329
reactive-lru,3,38,9,Ilmeth,motto word,1,0.0,0,3,0.0,0.0,52.85129998810589,52.85129998810589,52.85129998810589
reactive-lru,3,38,10,Draskel,headquarters city,0,0.0,0,3,0.46230002772063017,45.528799993917346,73.48520000232384,73.94750003004447,119.01399999624118
reactive-lru,3,38,11,Seluun,corporate color,0,0.0,0,3,0.4735999973490834,88.43329997034743,72.64150003902614,73.11510003637522,161.07480000937358
reactive-lru,3,39,0,Bramwick,stock ticker,0,0.0,0,1,0.4259999841451645,46.52259999420494,50.25160004151985,50.677600025665015,96.77420003572479
reactive-lru,3,39,1,Bramwick,stock ticker,1,0.0,0,1,0.0,0.0,39.70710001885891,39.70710001885891,39.70710001885891
reactive-lru,3,39,2,Bramwick,signature dish,1,0.0,0,1,0.0,0.0,40.405600040685385,40.405600040685385,40.405600040685385
reactive-lru,3,39,3,Bramwick,employee count,1,0.0,0,1,0.0,0.0,41.46859998581931,41.46859998581931,41.46859998581931
reactive-lru,3,39,4,Bramwick,flagship product,1,0.0,0,1,0.0,0.0,51.978199975565076,51.978199975565076,51.978199975565076
reactive-lru,3,39,5,Toskarel,anthem composer,0,0.0,0,2,0.4903000080958009,63.00389999523759,51.09030002495274,51.58060003304854,114.09420002019033
reactive-lru,3,39,6,Toskarel,anthem composer,1,0.0,0,2,0.0,0.0,76.35809999192134,76.35809999192134,76.35809999192134
reactive-lru,3,39,7,Pyrenna,board chair,0,0.0,0,3,0.4802999901585281,70.03810000605881,47.87020001094788,48.35050000110641,117.9083000170067
reactive-lru,3,39,8,Pyrenna,employee count,1,0.0,0,3,0.0,0.0,39.90959998918697,39.90959998918697,39.90959998918697
reactive-lru,3,39,9,Pyrenna,satellite name,1,0.0,0,3,0.0,0.0,66.83730002259836,66.83730002259836,66.83730002259836
reactive-lru,3,39,10,Pyrenna,mascot animal,1,0.0,0,3,0.0,0.0,54.11129997810349,54.11129997810349,54.11129997810349
reactive-lru,3,39,11,Pyrenna,chief engineer,1,0.0,0,3,0.0,0.0,58.413100021425635,58.413100021425635,58.413100021425635
topic,3,0,0,Ilmeth,satellite name,0,0.0,0,1,0.47889997949823737,93.88429997488856,61.27590005053207,61.75480003003031,155.16020002542064
topic,3,0,1,Draskel,stock ticker,1,19.083264,0,3,0.0,0.0,57.79350001830608,57.79350001830608,57.79350001830608
topic,3,0,2,Draskel,founding river,1,18.948096,1,3,0.0,0.0,47.21570003312081,47.21570003312081,47.21570003312081
topic,3,0,3,Draskel,annual revenue,1,0.0,0,3,0.0,0.0,56.97989999316633,56.97989999316633,56.97989999316633
topic,3,0,4,Seluun,lucky number,1,0.0,0,3,0.0,0.0,39.63040001690388,39.63040001690388,39.63040001690388
topic,3,0,5,Seluun,annual revenue,1,8.835072,1,3,0.0,0.0,45.3043999732472,45.3043999732472,45.3043999732472
topic,3,0,6,Seluun,founding year,1,0.0,0,3,0.0,0.0,45.13290000613779,45.13290000613779,45.13290000613779
topic,3,0,7,Draskel,motto word,1,0.0,0,3,0.0,0.0,53.58840001281351,53.58840001281351,53.58840001281351
topic,3,0,8,Draskel,flagship product,1,9.510912,1,3,0.0,0.0,62.6365999924019,62.6365999924019,62.6365999924019
topic,3,0,9,Veltrax,founding year,0,0.0,0,3,0.8163999882526696,75.21249999990687,51.671700028236955,52.488100016489625,126.88420002814382
topic,3,0,10,Veltrax,anthem composer,1,10.309632,0,3,0.0,0.0,87.4770000227727,87.4770000227727,87.4770000227727
topic,3,0,11,Veltrax,annual revenue,1,0.0,2,3,0.0,0.0,84.25379998516291,84.25379998516291,84.25379998516291
topic,3,1,0,Veltrax,signature dish,0,0.0,0,1,0.8246000506915152,74.28100000834092,56.66830000700429,57.492900057695806,130.94930001534522
topic,3,1,1,Veltrax,founding river,1,19.820544,0,3,0.0,0.0,46.2054000236094,46.2054000236094,46.2054000236094
topic,3,1,2,Draskel,research lab city,0,0.0,1,3,0.8004999835975468,50.019900023471564,47.66159999417141,48.46209997776896,97.68150001764297
topic,3,1,3,Draskel,motto word,1,18.948096,1,3,0.0,0.0,39.786299981642514,39.786299981642514,39.786299981642514
topic,3,1,4,Pyrenna,founding year,1,0.0,0,3,0.0,0.0,42.059100000187755,42.059100000187755,42.059100000187755
topic,3,1,5,Pyrenna,anthem composer,1,8.761344,1,3,0.0,0.0,51.670400018338114,51.670400018338114,51.670400018338114
topic,3,1,6,Quorvane,corporate color,0,0.0,0,3,0.8833000320009887,69.95530001586303,44.355600024573505,45.238900056574494,114.31090004043654
topic,3,1,7,Veltrax,flagship product,1,18.972672,1,3,0.0,0.0,50.19109998829663,50.19109998829663,50.19109998829663
topic,3,1,8,Quorvane,signature dish,1,9.510912,1,3,0.0,0.0,45.82480003591627,45.82480003591627,45.82480003591627
topic,3,1,9,Seluun,primary material,1,9.437184,1,3,0.0,0.0,41.08330002054572,41.08330002054572,41.08330002054572
topic,3,1,10,Seluun,lucky number,1,18.444288,0,3,0.0,0.0,52.55359999136999,52.55359999136999,52.55359999136999
topic,3,1,11,Draskel,satellite name,1,0.0,1,3,0.0,0.0,49.11189997801557,49.11189997801557,49.11189997801557
topic,3,2,0,Draskel,annual revenue,0,0.0,0,1,0.833400001283735,49.84229995170608,59.524099982809275,60.35749998409301,109.36639993451536
topic,3,2,1,Draskel,corporate color,1,18.948096,0,3,0.0,0.0,41.73559998162091,41.73559998162091,41.73559998162091
topic,3,2,2,Draskel,research lab city,1,0.0,0,3,0.0,0.0,76.49780000792816,76.49780000792816,76.49780000792816
topic,3,2,3,Draskel,signature dish,1,0.0,0,3,0.0,0.0,58.989499986637384,58.989499986637384,58.989499986637384
topic,3,2,4,Draskel,corporate color,1,0.0,0,3,0.0,0.0,63.58989997534081,63.58989997534081,63.58989997534081
topic,3,2,5,Draskel,annual revenue,1,0.0,0,3,0.0,0.0,56.92740000085905,56.92740000085905,56.92740000085905
topic,3,2,6,Draskel,founding year,1,0.0,0,3,0.0,0.0,46.046099974773824,46.046099974773824,46.046099974773824
topic,3,2,7,Draskel,primary material,1,0.0,0,3,0.0,0.0,55.28900003992021,55.28900003992021,55.28900003992021
topic,3,2,8,Pyrenna,corporate color,1,0.0,0,3,0.0,0.0,42.018999985884875,42.018999985884875,42.018999985884875
topic,3,2,9,Pyrenna,motto word,1,8.761344,1,3,0.0,0.0,43.00030000740662,43.00030000740662,43.00030000740662
topic,3,2,10,Draskel,anthem composer,1,0.0,0,3,0.0,0.0,58.64600004861131,58.64600004861131,58.64600004861131
topic,3,2,11,Draskel,annual revenue,1,9.437184,2,3,0.0,0.0,63.89280001167208,63.89280001167208,63.89280001167208
topic,3,3,0,Toskarel,founding river,0,0.0,0,1,0.5815000040456653,71.46710000233725,61.31449999520555,61.89599999925122,132.7815999975428
topic,3,3,1,Veltrax,annual revenue,0,19.820544,0,3,0.45680004404857755,74.48999996995553,54.91380003513768,55.37060007918626,129.40380000509322
topic,3,3,2,Pyrenna,signature dish,1,0.0,0,3,0.0,0.0,65.54440001491457,65.54440001491457,65.54440001491457
topic,3,3,3,Draskel,archive codename,1,18.37056,1,3,0.0,0.0,39.69830001005903,39.69830001005903,39.69830001005903
topic,3,3,4,Seluun,research lab city,1,9.437184,1,3,0.0,0.0,51.373799971770495,51.373799971770495,51.373799971770495
topic,3,3,5,Seluun,mascot animal,1,8.835072,0,3,0.0,0.0,39.1677999868989,39.1677999868989,39.1677999868989
topic,3,3,6,Bramwick,lucky number,1,0.0,0,3,0.0,0.0,49.03950000880286,49.03950000880286,49.03950000880286
topic,3,3,7,Quorvane,research lab city,1,19.78368,0,3,0.0,0.0,75.45140001457185,75.45140001457185,75.45140001457185
topic,3,3,8,Quorvane,anthem composer,1,18.972672,1,3,0.0,0.0,47.42590000387281,47.42590000387281,47.42590000387281
topic,3,3,9,Veltrax,founding river,1,0.0,0,3,0.0,0.0,57.879900035914034,57.879900035914034,57.879900035914034
topic,3,3,10,Veltrax,motto word,1,9.510912,1,3,0.0,0.0,40.14090000418946,40.14090000418946,40.14090000418946
topic,3,3,11,Pyrenna,chief executive,1,0.0,0,3,0.0,0.0,41.57060000579804,41.57060000579804,41.57060000579804
topic,3,4,0,Veltrax,chief executive,0,0.0,0,1,0.4760000156238675,60.401399969123304,45.07049999665469,45.54650001227856,105.471899965778
topic,3,4,1,Veltrax,founding year,1,19.820544,0,3,0.0,0.0,74.31140000699088,74.31140000699088,74.31140000699088
topic,3,4,2,Veltrax,stock ticker,1,0.0,0,3,0.0,0.0,82.11790001951158,82.11790001951158,82.11790001951158
topic,3,4,3,Veltrax,flagship product,1,0.0,0,3,0.0,0.0,52.80379997566342,52.80379997566342,52.80379997566342
topic,3,4,4,Pyrenna,research lab city,1,0.0,0,3,0.0,0.0,83.13029998680577,83.13029998680577,83.13029998680577
topic,3,4,5,Pyrenna,corporate color,1,18.37056,1,3,0.0,0.0,51.70810001436621,51.70810001436621,51.70810001436621
topic,3,4,6,Pyrenna,signature dish,1,0.0,0,3,0.0,0.0,62.17400002060458,62.17400002060458,62.17400002060458
topic,3,4,7,Pyrenna,primary material,1,0.0,0,3,0.0,0.0,57.691399997565895,57.691399997565895,57.691399997565895
topic,3,4,8,Pyrenna,chief engineer,1,0.0,0,3,0.0,0.0,53.82199998712167,53.82199998712167,53.82199998712167
topic,3,4,9,Pyrenna,flagship product,1,0.0,0,3,0.0,0.0,46.644499991089106,46.644499991089106,46.644499991089106
topic,3,4,10,Pyrenna,annual revenue,1,0.0,0,3,0.0,0.0,54.61509997257963,54.61509997257963,54.61509997257963
topic,3,4,11,Pyrenna,mascot animal,1,0.0,2,3,0.0,0.0,45.46749999281019,45.46749999281019,45.46749999281019
topic,3,5,0,Pyrenna,signature dish,0,0.0,0,1,0.8025999995879829,50.95380003331229,50.70449999766424,51.507099997252226,101.65830003097653
topic,3,5,1,Bramwick,founding year,0,18.37056,0,3,0.754999986384064,63.881700043566525,42.25409997161478,43.00909995799884,106.1358000151813
topic,3,5,2,Bramwick,annual revenue,1,19.78368,2,3,0.0,0.0,40.93790001934394,40.93790001934394,40.93790001934394
topic,3,5,3,Bramwick,corporate color,1,0.0,0,3,0.0,0.0,40.69389996584505,40.69389996584505,40.69389996584505
topic,3,5,4,Bramwick,signature dish,1,0.0,0,3,0.0,0.0,67.66620004782453,67.66620004782453,67.66620004782453
topic,3,5,5,Toskarel,signature dish,1,0.0,0,3,0.0,0.0,50.14000000664964,50.14000000664964,50.14000000664964
topic,3,5,6,Toskarel,signature dish,1,9.510912,0,3,0.0,0.0,45.462200010661036,45.462200010661036,45.462200010661036
topic,3,5,7,Quorvane,satellite name,1,0.0,0,3,0.0,0.0,42.183500016108155,42.183500016108155,42.183500016108155
topic,3,5,8,Veltrax,headquarters city,1,18.972672,1,3,0.0,0.0,86.45140001317486,86.45140001317486,86.45140001317486
topic,3,5,9,Pyrenna,mascot animal,1,9.510912,1,3,0.0,0.0,63.66630003321916,63.66630003321916,63.66630003321916
topic,3,5,10,Ilmeth,chief executive,1,18.37056,0,3,0.0,0.0,49.95549999875948,49.95549999875948,49.95549999875948
topic,3,5,11,Toskarel,primary material,1,9.474048,1,3,0.0,0.0,64.66830003773794,64.66830003773794,64.66830003773794
topic,3,6,0,Pyrenna,employee count,0,0.0,0,1,0.47930004075169563,69.49439999880269,81.60089998273179,82.08020002348348,151.09529998153448
topic,3,6,1,Pyrenna,headquarters city,1,18.37056,0,3,0.0,0.0,71.26499997684732,71.26499997684732,71.26499997684732
topic,3,6,2,Pyrenna,mascot animal,1,0.0,0,3,0.0,0.0,65.21519995294511,65.21519995294511,65.21519995294511
topic,3,6,3,Seluun,corporate color,0,0.0,1,3,0.49050000961869955,79.1857999865897,40.011300006881356,40.501800016500056,119.19709999347106
topic,3,6,4,Bramwick,annual revenue,1,18.444288,1,3,0.0,0.0,45.66320002777502,45.66320002777502,45.66320002777502
topic,3,6,5,Bramwick,flagship product,1,19.78368,1,3,0.0,0.0,51.11339996801689,51.11339996801689,51.11339996801689
topic,3,6,6,Bramwick,archive codename,1,0.0,0,3,0.0,0.0,61.314099992159754,61.314099992159754,61.314099992159754
topic,3,6,7,Bramwick,lucky number,1,0.0,0,3,0.0,0.0,66.71839999035001,66.71839999035001,66.71839999035001
topic,3,6,8,Bramwick,annual revenue,1,0.0,0,3,0.0,0.0,46.83639999711886,46.83639999711886,46.83639999711886
topic,3,6,9,Bramwick,lucky number,1,0.0,0,3,0.0,0.0,56.835099996533245,56.835099996533245,56.835099996533245
topic,3,6,10,Bramwick,board chair,1,0.0,0,3,0.0,0.0,47.764799965079874,47.764799965079874,47.764799965079874
topic,3,6,11,Quorvane,founding year,1,0.0,1,3,0.0,0.0,60.79909997060895,60.79909997060895,60.79909997060895
topic,3,7,0,Toskarel,satellite name,0,0.0,0,1,0.505700008943677,52.393199992366135,73.37729999562725,73.88300000457093,125.77049998799339
topic,3,7,1,Quorvane,archive codename,1,19.820544,0,3,0.0,0.0,68.63660004455596,68.63660004455596,68.63660004455596
topic,3,7,2,Quorvane,flagship product,1,18.972672,1,3,0.0,0.0,72.8938999818638,72.8938999818638,72.8938999818638
topic,3,7,3,Veltrax,anthem composer,1,0.0,0,3,0.0,0.0,40.326900023501366,40.326900023501366,40.326900023501366
topic,3,7,4,Veltrax,anthem composer,1,9.510912,1,3,0.0,0.0,41.52189998421818,41.52189998421818,41.52189998421818
topic,3,7,5,Veltrax,headquarters city,1,0.0,0,3,0.0,0.0,38.93470001639798,38.93470001639798,38.93470001639798
topic,3,7,6,Veltrax,corporate color,1,0.0,0,3,0.0,0.0,39.85259996261448,39.85259996261448,39.85259996261448
topic,3,7,7,Veltrax,anthem composer,1,0.0,0,3,0.0,0.0,68.19329998688772,68.19329998688772,68.19329998688772
topic,3,7,8,Veltrax,chief engineer,1,0.0,0,3,0.0,0.0,54.544400016311556,54.544400016311556,54.544400016311556
topic,3,7,9,Quorvane,research lab city,1,0.0,0,3,0.0,0.0,41.867199994158,41.867199994158,41.867199994158
topic,3,7,10,Quorvane,flagship product,1,9.437184,1,3,0.0,0.0,74.68279998283833,74.68279998283833,74.68279998283833
topic,3,7,11,Quorvane,board chair,1,0.0,1,3,0.0,0.0,49.40109996823594,49.40109996823594,49.40109996823594
topic,3,8,0,Ilmeth,satellite name,0,0.0,0,1,0.7335999980568886,50.65170000307262,60.984999989159405,61.718599987216294,111.63669999223202
topic,3,8,1,Ilmeth,flagship product,1,19.083264,0,3,0.0,0.0,69.44629998179153,69.44629998179153,69.44629998179153
topic,3,8,2,Ilmeth,archive codename,1,0.0,0,3,0.0,0.0,48.188499989919364,48.188499989919364,48.188499989919364
topic,3,8,3,Ilmeth,employee count,1,0.0,0,3,0.0,0.0,79.4358000275679,79.4358000275679,79.4358000275679
topic,3,8,4,Toskarel,flagship product,1,0.0,0,3,0.0,0.0,98.83260005153716,98.83260005153716,98.83260005153716
topic,3,8,5,Quorvane,chief executive,1,19.820544,1,3,0.0,0.0,42.59510000701994,42.59510000701994,42.59510000701994
topic,3,8,6,Quorvane,motto word,1,18.972672,1,3,0.0,0.0,61.050300020724535,61.050300020724535,61.050300020724535
topic,3,8,7,Quorvane,stock ticker,1,0.0,0,3,0.0,0.0,81.26700000138953,81.26700000138953,81.26700000138953
topic,3,8,8,Quorvane,primary material,1,0.0,0,3,0.0,0.0,66.07990001793951,66.07990001793951,66.07990001793951
topic,3,8,9,Quorvane,flagship product,1,0.0,0,3,0.0,0.0,41.24180000508204,41.24180000508204,41.24180000508204
topic,3,8,10,Quorvane,stock ticker,1,0.0,0,3,0.0,0.0,79.70549998572096,79.70549998572096,79.70549998572096
topic,3,8,11,Quorvane,headquarters city,1,0.0,2,3,0.0,0.0,82.73099997313693,82.73099997313693,82.73099997313693
topic,3,9,0,Veltrax,chief executive,0,0.0,0,1,0.8480999968014657,68.49850004073232,54.13809994934127,54.98619994614273,122.63659999007359
topic,3,9,1,Veltrax,headquarters city,1,19.820544,0,3,0.0,0.0,53.110399981960654,53.110399981960654,53.110399981960654
topic,3,9,2,Veltrax,satellite name,1,0.0,0,3,0.0,0.0,81.84719999553636,81.84719999553636,81.84719999553636
topic,3,9,3,Veltrax,flagship product,1,0.0,0,3,0.0,0.0,39.8570999968797,39.8570999968797,39.8570999968797
topic,3,9,4,Veltrax,motto word,1,0.0,0,3,0.0,0.0,61.42540002474561,61.42540002474561,61.42540002474561
topic,3,9,5,Veltrax,flagship product,1,0.0,0,3,0.0,0.0,80.65349998651072,80.65349998651072,80.65349998651072
topic,3,9,6,Veltrax,annual revenue,1,0.0,0,3,0.0,0.0,74.04810003936291,74.04810003936291,74.04810003936291
topic,3,9,7,Quorvane,anthem composer,1,0.0,0,3,0.0,0.0,46.451999980490655,46.451999980490655,46.451999980490655
topic,3,9,8,Quorvane,lucky number,1,9.437184,1,3,0.0,0.0,55.52880000323057,55.52880000323057,55.52880000323057
topic,3,9,9,Quorvane,mascot animal,1,0.0,0,3,0.0,0.0,42.568599979858845,42.568599979858845,42.568599979858845
topic,3,9,10,Seluun,founding year,1,0.0,0,3,0.0,0.0,48.61340002389625,48.61340002389625,48.61340002389625
topic,3,9,11,Seluun,primary material,1,18.444288,2,3,0.0,0.0,79.4084999943152,79.4084999943152,79.4084999943152
topic,3,10,0,Seluun,annual revenue,0,0.0,0,1,0.8483999990858138,96.0097000352107,56.274999980814755,57.12339997990057,152.28470001602545
topic,3,10,1,Seluun,chief executive,1,18.444288,0,3,0.0,0.0,39.86399999121204,39.86399999121204,39.86399999121204
topic,3,10,2,Seluun,chief engineer,1,0.0,0,3,0.0,0.0,41.67889995733276,41.67889995733276,41.67889995733276
topic,3,10,3,Seluun,flagship product,1,0.0,0,3,0.0,0.0,49.96120004216209,49.96120004216209,49.96120004216209
topic,3,10,4,Seluun,board chair,1,0.0,0,3,0.0,0.0,40.682499995455146,40.682499995455146,40.682499995455146
topic,3,10,5,Draskel,research lab city,1,0.0,0,3,0.0,0.0,47.00100002810359,47.00100002810359,47.00100002810359
topic,3,10,6,Draskel,anthem composer,1,9.510912,1,3,0.0,0.0,41.84620000887662,41.84620000887662,41.84620000887662
topic,3,10,7,Draskel,mascot animal,1,0.0,0,3,0.0,0.0,82.52239995636046,82.52239995636046,82.52239995636046
topic,3,10,8,Draskel,chief executive,1,0.0,0,3,0.0,0.0,83.80540000507608,83.80540000507608,83.80540000507608
topic,3,10,9,Seluun,founding river,1,0.0,0,3,0.0,0.0,58.8757999939844,58.8757999939844,58.8757999939844
topic,3,10,10,Seluun,satellite name,1,8.835072,1,3,0.0,0.0,48.440399987157434,48.440399987157434,48.440399987157434
topic,3,10,11,Bramwick,annual revenue,1,0.0,0,3,0.0,0.0,41.919899987988174,41.919899987988174,41.919899987988174
topic,3,11,0,Toskarel,corporate color,0,0.0,0,1,0.8191000088118017,62.69709998741746,83.61550001427531,84.43460002308711,146.31260000169277
topic,3,11,1,Toskarel,satellite name,1,19.820544,0,3,0.0,0.0,90.49370000138879,90.49370000138879,90.49370000138879
topic,3,11,2,Quorvane,motto word,1,0.0,0,3,0.0,0.0,81.62730000913143,81.62730000913143,81.62730000913143
topic,3,11,3,Quorvane,anthem composer,1,18.972672,1,3,0.0,0.0,61.93500000517815,61.93500000517815,61.93500000517815
topic,3,11,4,Seluun,motto word,1,0.0,0,3,0.0,0.0,40.49380001379177,40.49380001379177,40.49380001379177
topic,3,11,5,Seluun,motto word,1,18.444288,1,3,0.0,0.0,42.24659997271374,42.24659997271374,42.24659997271374
topic,3,11,6,Seluun,stock ticker,1,0.0,0,3,0.0,0.0,40.02509999554604,40.02509999554604,40.02509999554604
topic,3,11,7,Seluun,chief executive,1,0.0,0,3,0.0,0.0,53.20869997376576,53.20869997376576,53.20869997376576
topic,3,11,8,Bramwick,founding year,1,0.0,0,3,0.0,0.0,49.7732000076212,49.7732000076212,49.7732000076212
topic,3,11,9,Bramwick,research lab city,1,19.78368,1,3,0.0,0.0,67.84380000317469,67.84380000317469,67.84380000317469
topic,3,11,10,Bramwick,employee count,1,0.0,0,3,0.0,0.0,81.62870001979172,81.62870001979172,81.62870001979172
topic,3,11,11,Bramwick,chief engineer,1,0.0,2,3,0.0,0.0,80.25529998121783,80.25529998121783,80.25529998121783
topic,3,12,0,Ilmeth,corporate color,0,0.0,0,1,0.7688999758102,62.814800010528415,60.35629997495562,61.12519995076582,123.17109998548403
topic,3,12,1,Draskel,chief engineer,1,19.083264,0,3,0.0,0.0,55.77839998295531,55.77839998295531,55.77839998295531
topic,3,12,2,Draskel,signature dish,1,18.948096,1,3,0.0,0.0,60.407400014810264,60.407400014810264,60.407400014810264
topic,3,12,3,Pyrenna,employee count,1,0.0,0,3,0.0,0.0,96.55339998425916,96.55339998425916,96.55339998425916
topic,3,12,4,Draskel,anthem composer,1,8.761344,1,3,0.0,0.0,40.26219999650493,40.26219999650493,40.26219999650493
topic,3,12,5,Veltrax,chief engineer,0,9.437184,1,3,0.7754000253044069,48.462299979291856,40.265000017825514,41.04040004312992,88.72729999711737
topic,3,12,6,Pyrenna,corporate color,1,19.820544,1,3,0.0,0.0,55.005500034894794,55.005500034894794,55.005500034894794
topic,3,12,7,Pyrenna,anthem composer,1,18.37056,1,3,0.0,0.0,58.313799963798374,58.313799963798374,58.313799963798374
topic,3,12,8,Pyrenna,motto word,1,0.0,0,3,0.0,0.0,65.17889996757731,65.17889996757731,65.17889996757731
topic,3,12,9,Pyrenna,chief executive,1,0.0,0,3,0.0,0.0,40.471600019373,40.471600019373,40.471600019373
topic,3,12,10,Ilmeth,archive codename,1,0.0,0,3,0.0,0.0,68.22570000076666,68.22570000076666,68.22570000076666
topic,3,12,11,Ilmeth,anthem composer,1,9.474048,2,3,0.0,0.0,76.8763999803923,76.8763999803923,76.8763999803923
topic,3,13,0,Seluun,founding year,0,0.0,0,1,0.5027000443078578,80.42280003428459,53.6388999898918,54.141600034199655,134.0617000241764
topic,3,13,1,Seluun,chief engineer,1,18.444288,0,3,0.0,0.0,42.24350000731647,42.24350000731647,42.24350000731647
topic,3,13,2,Seluun,lucky number,1,0.0,0,3,0.0,0.0,44.04229996725917,44.04229996725917,44.04229996725917
topic,3,13,3,Seluun,archive codename,1,0.0,0,3,0.0,0.0,48.19070000667125,48.19070000667125,48.19070000667125
topic,3,13,4,Veltrax,headquarters city,0,0.0,1,3,0.4504999960772693,61.72400002833456,61.52619997737929,61.97669997345656,123.25020000571385
topic,3,13,5,Pyrenna,satellite name,1,19.820544,1,3,0.0,0.0,47.947100014425814,47.947100014425814,47.947100014425814
topic,3,13,6,Pyrenna,stock ticker,1,18.37056,1,3,0.0,0.0,59.408699977211654,59.408699977211654,59.408699977211654
topic,3,13,7,Pyrenna,annual revenue,1,0.0,0,3,0.0,0.0,95.5433999770321,95.5433999770321,95.5433999770321
topic,3,13,8,Pyrenna,corporate color,1,0.0,0,3,0.0,0.0,50.46090000541881,50.46090000541881,50.46090000541881
topic,3,13,9,Draskel,lucky number,1,0.0,0,3,0.0,0.0,43.580400000792,43.580400000792,43.580400000792
topic,3,13,10,Draskel,signature dish,1,9.437184,1,3,0.0,0.0,70.35120000364259,70.35120000364259,70.35120000364259
topic,3,13,11,Draskel,founding river,1,0.0,1,3,0.0,0.0,42.24959999555722,42.24959999555722,42.24959999555722
topic,3,14,0,Draskel,chief engineer,0,0.0,0,1,0.4831000114791095,87.30389998527244,57.40460002562031,57.88770003709942,144.70850001089275
topic,3,14,1,Draskel,lucky number,1,18.948096,0,3,0.0,0.0,63.75729996943846,63.75729996943846,63.75729996943846
topic,3,14,2,Bramwick,chief engineer,0,0.0,1,3,0.4276999970898032,70.85199997527525,40.506099991034716,40.93379998812452,111.35809996630996
topic,3,14,3,Bramwick,stock ticker,1,19.78368,1,3,0.0,0.0,65.25119999423623,65.25119999423623,65.25119999423623
topic,3,14,4,Draskel,headquarters city,0,0.0,1,3,0.4602000117301941,68.22310003917664,73.55410000309348,74.01430001482368,141.77720004227012
topic,3,14,5,Toskarel,corporate color,0,18.948096,1,3,0.4556000349111855,88.00339995650575,63.901000015903264,64.35660005081445,151.904399972409
topic,3,14,6,Toskarel,mascot animal,1,10.309632,1,3,0.0,0.0,47.464100003708154,47.464100003708154,47.464100003708154
topic,3,14,7,Toskarel,primary material,1,0.0,0,3,0.0,0.0,43.68020000401884,43.68020000401884,43.68020000401884
topic,3,14,8,Quorvane,corporate color,1,0.0,0,3,0.0,0.0,46.85460001928732,46.85460001928732,46.85460001928732
topic,3,14,9,Veltrax,board chair,1,18.972672,1,3,0.0,0.0,67.89140001637861,67.89140001637861,67.89140001637861
topic,3,14,10,Veltrax,flagship product,1,9.510912,1,3,0.0,0.0,54.81629999121651,54.81629999121651,54.81629999121651
topic,3,14,11,Quorvane,corporate color,1,0.0,1,3,0.0,0.0,51.70210002688691,51.70210002688691,51.70210002688691
topic,3,15,0,Bramwick,mascot animal,0,0.0,0,1,0.7727000047452748,67.18680000631139,52.0614999695681,52.83419997431338,119.24829997587949
topic,3,15,1,Veltrax,lucky number,0,19.78368,0,3,0.769799982663244,56.93469999823719,58.67399997077882,59.44379995344207,115.60869996901602
topic,3,15,2,Quorvane,annual revenue,1,9.510912,1,3,0.0,0.0,65.18149998737499,65.18149998737499,65.18149998737499
topic,3,15,3,Quorvane,corporate color,1,9.437184,1,3,0.0,0.0,73.15330003621057,73.15330003621057,73.15330003621057
topic,3,15,4,Quorvane,headquarters city,1,0.0,0,3,0.0,0.0,73.07260000379756,73.07260000379756,73.07260000379756
topic,3,15,5,Quorvane,chief executive,1,0.0,0,3,0.0,0.0,71.66409998899326,71.66409998899326,71.66409998899326
topic,3,15,6,Seluun,stock ticker,1,0.0,0,3,0.0,0.0,76.96930004749447,76.96930004749447,76.96930004749447
topic,3,15,7,Bramwick,employee count,1,18.444288,0,3,0.0,0.0,47.14189999504015,47.14189999504015,47.14189999504015
topic,3,15,8,Quorvane,founding river,1,19.78368,1,3,0.0,0.0,49.27359998691827,49.27359998691827,49.27359998691827
topic,3,15,9,Seluun,annual revenue,1,18.972672,1,3,0.0,0.0,43.24550001183525,43.24550001183525,43.24550001183525
topic,3,15,10,Bramwick,annual revenue,1,18.444288,1,3,0.0,0.0,80.64820000436157,80.64820000436157,80.64820000436157
topic,3,15,11,Bramwick,chief engineer,1,19.78368,3,3,0.0,0.0,85.69410000927746,85.69410000927746,85.69410000927746
topic,3,16,0,Seluun,mascot animal,0,0.0,0,1,0.8325999951921403,77.43100001243874,43.37710002437234,44.20970001956448,120.80810003681108
topic,3,16,1,Seluun,board chair,1,18.444288,0,3,0.0,0.0,41.13269998924807,41.13269998924807,41.13269998924807
topic,3,16,2,Seluun,flagship product,1,0.0,0,3,0.0,0.0,42.24079998675734,42.24079998675734,42.24079998675734
topic,3,16,3,Draskel,motto word,1,0.0,0,3,0.0,0.0,54.581800010055304,54.581800010055304,54.581800010055304
topic,3,16,4,Draskel,anthem composer,1,9.510912,1,3,0.0,0.0,50.96100002992898,50.96100002992898,50.96100002992898
topic,3,16,5,Draskel,mascot animal,1,0.0,0,3,0.0,0.0,55.1582999760285,55.1582999760285,55.1582999760285
topic,3,16,6,Draskel,satellite name,1,0.0,0,3,0.0,0.0,84.96199996443465,84.96199996443465,84.96199996443465
topic,3,16,7,Draskel,board chair,1,0.0,0,3,0.0,0.0,44.79469999205321,44.79469999205321,44.79469999205321
topic,3,16,8,Draskel,stock ticker,1,0.0,0,3,0.0,0.0,46.59649997483939,46.59649997483939,46.59649997483939
topic,3,16,9,Draskel,primary material,1,0.0,0,3,0.0,0.0,49.82369998469949,49.82369998469949,49.82369998469949
topic,3,16,10,Draskel,mascot animal,1,0.0,0,3,0.0,0.0,43.281499994918704,43.281499994918704,43.281499994918704
topic,3,16,11,Draskel,satellite name,1,0.0,1,3,0.0,0.0,40.3272999683395,40.3272999683395,40.3272999683395
topic,3,17,0,Ilmeth,anthem composer,0,0.0,0,1,0.770699989516288,48.53880003793165,41.056000045500696,41.826700035016984,89.59480008343235
topic,3,17,1,Ilmeth,archive codename,1,19.083264,0,3,0.0,0.0,68.71859997045249,68.71859997045249,68.71859997045249
topic,3,17,2,Draskel,satellite name,1,0.0,0,3,0.0,0.0,57.287000003270805,57.287000003270805,57.287000003270805
topic,3,17,3,Seluun,primary material,1,18.948096,1,3,0.0,0.0,39.85480003757402,39.85480003757402,39.85480003757402
topic,3,17,4,Bramwick,flagship product,1,8.835072,1,3,0.0,0.0,42.63179999543354,42.63179999543354,42.63179999543354
topic,3,17,5,Bramwick,founding year,1,19.78368,0,3,0.0,0.0,38.781599956564605,38.781599956564605,38.781599956564605
topic,3,17,6,Bramwick,employee count,1,0.0,0,3,0.0,0.0,44.921299966517836,44.921299966517836,44.921299966517836
topic,3,17,7,Bramwick,research lab city,1,0.0,0,3,0.0,0.0,43.28810004517436,43.28810004517436,43.28810004517436
topic,3,17,8,Bramwick,primary material,1,0.0,0,3,0.0,0.0,39.03449996141717,39.03449996141717,39.03449996141717
topic,3,17,9,Bramwick,research lab city,1,0.0,0,3,0.0,0.0,39.0313999960199,39.0313999960199,39.0313999960199
topic,3,17,10,Quorvane,founding year,1,0.0,0,3,0.0,0.0,40.56049999780953,40.56049999780953,40.56049999780953
topic,3,17,11,Quorvane,founding river,1,18.972672,3,3,0.0,0.0,44.49070000555366,44.49070000555366,44.49070000555366
topic,3,18,0,Bramwick,chief engineer,0,0.0,0,1,0.7392000406980515,94.65440001804382,39.73550000227988,40.47470004297793,134.3899000203237
topic,3,18,1,Quorvane,flagship product,1,19.78368,0,3,0.0,0.0,39.701599976979196,39.701599976979196,39.701599976979196
topic,3,18,2,Veltrax,annual revenue,1,18.972672,1,3,0.0,0.0,40.36949999863282,40.36949999863282,40.36949999863282
topic,3,18,3,Veltrax,founding year,1,9.510912,1,3,0.0,0.0,43.72949997195974,43.72949997195974,43.72949997195974
topic,3,18,4,Draskel,founding river,0,0.0,0,3,0.8339000050909817,62.26600002264604,39.873600006103516,40.7075000111945,102.13960002874956
topic,3,18,5,Pyrenna,primary material,1,9.437184,0,3,0.0,0.0,38.732799992430955,38.732799992430955,38.732799992430955
topic,3,18,6,Ilmeth,board chair,1,8.761344,1,3,0.0,0.0,66.36329996399581,66.36329996399581,66.36329996399581
topic,3,18,7,Draskel,research lab city,1,9.474048,0,3,0.0,0.0,77.33110000845045,77.33110000845045,77.33110000845045
topic,3,18,8,Draskel,annual revenue,1,18.948096,1,3,0.0,0.0,61.32530001923442,61.32530001923442,61.32530001923442
topic,3,18,9,Draskel,annual revenue,1,0.0,0,3,0.0,0.0,42.07790002692491,42.07790002692491,42.07790002692491
topic,3,18,10,Draskel,board chair,1,0.0,0,3,0.0,0.0,41.66139999870211,41.66139999870211,41.66139999870211
topic,3,18,11,Draskel,chief executive,1,0.0,2,3,0.0,0.0,61.1662000301294,61.1662000301294,61.1662000301294
topic,3,19,0,Draskel,primary material,0,0.0,0,1,0.8146999753080308,77.08229997660965,40.192099986597896,41.00679996190593,117.27439996320754
topic,3,19,1,Pyrenna,employee count,1,18.948096,0,3,0.0,0.0,39.832199981901795,39.832199981901795,39.832199981901795
topic,3,19,2,Ilmeth,stock ticker,1,8.761344,1,3,0.0,0.0,66.25269999494776,66.25269999494776,66.25269999494776
topic,3,19,3,Draskel,board chair,1,9.474048,0,3,0.0,0.0,73.63110000733286,73.63110000733286,73.63110000733286
topic,3,19,4,Draskel,stock ticker,1,18.948096,1,3,0.0,0.0,39.1737999743782,39.1737999743782,39.1737999743782
topic,3,19,5,Pyrenna,anthem composer,1,0.0,0,3,0.0,0.0,40.229500038549304,40.229500038549304,40.229500038549304
topic,3,19,6,Pyrenna,founding river,1,8.761344,1,3,0.0,0.0,43.139000015798956,43.139000015798956,43.139000015798956
topic,3,19,7,Ilmeth,corporate color,1,0.0,0,3,0.0,0.0,51.959100004751235,51.959100004751235,51.959100004751235
topic,3,19,8,Ilmeth,headquarters city,1,9.474048,0,3,0.0,0.0,61.74919998738915,61.74919998738915,61.74919998738915
topic,3,19,9,Ilmeth,flagship product,1,0.0,0,3,0.0,0.0,43.76500000944361,43.76500000944361,43.76500000944361
topic,3,19,10,Toskarel,chief executive,1,0.0,0,3,0.0,0.0,43.577800039201975,43.577800039201975,43.577800039201975
topic,3,19,11,Toskarel,founding river,1,19.820544,2,3,0.0,0.0,46.42460000468418,46.42460000468418,46.42460000468418
topic,3,20,0,Ilmeth,chief executive,0,0.0,0,1,0.8800000068731606,60.690100013744086,59.91010001162067,60.79010001849383,120.60020002536476
topic,3,20,1,Ilmeth,stock ticker,1,19.083264,0,3,0.0,0.0,39.28009996889159,39.28009996889159,39.28009996889159
topic,3,20,2,Draskel,signature dish,1,0.0,0,3,0.0,0.0,46.601700014434755,46.601700014434755,46.601700014434755
topic,3,20,3,Draskel,chief engineer,1,18.948096,1,3,0.0,0.0,39.885299978777766,39.885299978777766,39.885299978777766
topic,3,20,4,Draskel,chief executive,1,0.0,0,3,0.0,0.0,44.319799984805286,44.319799984805286,44.319799984805286
topic,3,20,5,Pyrenna,founding river,1,0.0,0,3,0.0,0.0,40.09029996814206,40.09029996814206,40.09029996814206
topic,3,20,6,Pyrenna,headquarters city,1,8.761344,1,3,0.0,0.0,77.72659999318421,77.72659999318421,77.72659999318421
topic,3,20,7,Pyrenna,anthem composer,1,0.0,0,3,0.0,0.0,99.84039998380467,99.84039998380467,99.84039998380467
topic,3,20,8,Pyrenna,board chair,1,0.0,0,3,0.0,0.0,77.04279996687546,77.04279996687546,77.04279996687546
topic,3,20,9,Ilmeth,anthem composer,1,0.0,0,3,0.0,0.0,84.69579997472465,84.69579997472465,84.69579997472465
topic,3,20,10,Ilmeth,lucky number,1,9.474048,0,3,0.0,0.0,40.582200046628714,40.582200046628714,40.582200046628714
topic,3,20,11,Toskarel,motto word,1,0.0,0,3,0.0,0.0,43.36200002580881,43.36200002580881,43.36200002580881
topic,3,21,0,Draskel,founding year,0,0.0,0,1,0.8032000041566789,74.95620002737269,75.07329998770729,75.87649999186397,150.02950001507998
topic,3,21,1,Pyrenna,chief engineer,1,18.948096,0,3,0.0,0.0,91.70640003867447,91.70640003867447,91.70640003867447
topic,3,21,2,Draskel,stock ticker,1,8.761344,1,3,0.0,0.0,60.59269997058436,60.59269997058436,60.59269997058436
topic,3,21,3,Draskel,corporate color,1,9.437184,1,3,0.0,0.0,38.73939998447895,38.73939998447895,38.73939998447895
topic,3,21,4,Pyrenna,satellite name,1,0.0,0,3,0.0,0.0,44.28329999791458,44.28329999791458,44.28329999791458
topic,3,21,5,Ilmeth,board chair,1,8.761344,1,3,0.0,0.0,48.60660003032535,48.60660003032535,48.60660003032535
topic,3,21,6,Seluun,signature dish,0,9.474048,0,3,0.77039998723194,70.33309998223558,40.377700002864,41.14809999009594,110.71079998509958
topic,3,21,7,Seluun,employee count,1,18.444288,1,3,0.0,0.0,40.72160000214353,40.72160000214353,40.72160000214353
topic,3,21,8,Draskel,research lab city,1,0.0,0,3,0.0,0.0,62.91079998482019,62.91079998482019,62.91079998482019
topic,3,21,9,Draskel,annual revenue,1,9.510912,1,3,0.0,0.0,70.61570003861561,70.61570003861561,70.61570003861561
topic,3,21,10,Draskel,mascot animal,1,0.0,0,3,0.0,0.0,78.61289998982102,78.61289998982102,78.61289998982102
topic,3,21,11,Pyrenna,chief executive,1,0.0,0,3,0.0,0.0,42.57370001869276,42.57370001869276,42.57370001869276
topic,3,22,0,Bramwick,chief engineer,0,0.0,0,1,0.7493000011891127,47.902600024826825,59.58570004440844,60.33500004559755,107.48830006923527
topic,3,22,1,Bramwick,flagship product,1,19.78368,0,3,0.0,0.0,83.59210001071915,83.59210001071915,83.59210001071915
topic,3,22,2,Veltrax,headquarters city,0,0.0,1,3,0.8442000253126025,109.72639999818057,84.28930002264678,85.13350004795939,194.01570002082735
topic,3,22,3,Pyrenna,mascot animal,1,9.510912,0,3,0.0,0.0,45.236899983137846,45.236899983137846,45.236899983137846
topic,3,22,4,Ilmeth,signature dish,1,18.37056,1,3,0.0,0.0,38.93079998670146,38.93079998670146,38.93079998670146
topic,3,22,5,Toskarel,chief engineer,1,9.474048,0,3,0.0,0.0,39.940199989359826,39.940199989359826,39.940199989359826
topic,3,22,6,Quorvane,flagship product,1,19.820544,1,3,0.0,0.0,56.25379999401048,56.25379999401048,56.25379999401048
topic,3,22,7,Seluun,flagship product,1,18.972672,1,3,0.0,0.0,57.168599974829704,57.168599974829704,57.168599974829704
topic,3,22,8,Seluun,motto word,1,18.444288,1,3,0.0,0.0,75.45519998529926,75.45519998529926,75.45519998529926
topic,3,22,9,Seluun,annual revenue,1,0.0,0,3,0.0,0.0,44.10480003571138,44.10480003571138,44.10480003571138
topic,3,22,10,Bramwick,motto word,1,0.0,0,3,0.0,0.0,54.4831000152044,54.4831000152044,54.4831000152044
topic,3,22,11,Quorvane,anthem composer,1,19.78368,2,3,0.0,0.0,55.5321000283584,55.5321000283584,55.5321000283584
topic,3,23,0,Draskel,founding river,0,0.0,0,1,0.8734000148251653,55.68459996720776,56.27300002379343,57.146400038618594,111.95759999100119
topic,3,23,1,Pyrenna,lucky number,1,18.948096,0,3,0.0,0.0,86.55070001259446,86.55070001259446,86.55070001259446
topic,3,23,2,Pyrenna,mascot animal,1,8.761344,1,3,0.0,0.0,51.36589996982366,51.36589996982366,51.36589996982366
topic,3,23,3,Veltrax,founding year,0,0.0,0,3,0.8688999805599451,105.63840001123026,42.888700030744076,43.75760001130402,148.52710004197434
topic,3,23,4,Quorvane,chief engineer,1,10.309632,1,3,0.0,0.0,39.3235000083223,39.3235000083223,39.3235000083223
topic,3,23,5,Veltrax,mascot animal,1,9.437184,0,3,0.0,0.0,46.60959995817393,46.60959995817393,46.60959995817393
topic,3,23,6,Veltrax,employee count,1,9.510912,1,3,0.0,0.0,56.033400003798306,56.033400003798306,56.033400003798306
topic,3,23,7,Pyrenna,founding year,1,0.0,0,3,0.0,0.0,47.792900004424155,47.792900004424155,47.792900004424155
topic,3,23,8,Pyrenna,anthem composer,1,18.37056,0,3,0.0,0.0,60.65800000214949,60.65800000214949,60.65800000214949
topic,3,23,9,Pyrenna,annual revenue,1,0.0,0,3,0.0,0.0,51.768200006335974,51.768200006335974,51.768200006335974
topic,3,23,10,Pyrenna,chief executive,1,0.0,0,3,0.0,0.0,56.63290002848953,56.63290002848953,56.63290002848953
topic,3,23,11,Pyrenna,primary material,1,0.0,2,3,0.0,0.0,81.55509998323396,81.55509998323396,81.55509998323396
topic,3,24,0,Veltrax,signature dish,0,0.0,0,1,0.8658000151626766,76.11880003241822,49.24259998369962,50.108399998862296,125.36140001611784
topic,3,24,1,Pyrenna,stock ticker,1,19.820544,0,3,0.0,0.0,44.472899986431,44.472899986431,44.472899986431
topic,3,24,2,Ilmeth,chief executive,1,18.37056,1,3,0.0,0.0,71.47269998677075,71.47269998677075,71.47269998677075
topic,3,24,3,Ilmeth,lucky number,1,9.474048,0,3,0.0,0.0,51.7524000024423,51.7524000024423,51.7524000024423
topic,3,24,4,Toskarel,mascot animal,1,0.0,0,3,0.0,0.0,73.66260001435876,73.66260001435876,73.66260001435876
topic,3,24,5,Quorvane,chief engineer,1,19.820544,1,3,0.0,0.0,57.104700012132525,57.104700012132525,57.104700012132525
topic,3,24,6,Veltrax,motto word,1,18.972672,1,3,0.0,0.0,41.9230000115931,41.9230000115931,41.9230000115931
topic,3,24,7,Veltrax,satellite name,1,9.510912,1,3,0.0,0.0,43.82560000522062,43.82560000522062,43.82560000522062
topic,3,24,8,Ilmeth,research lab city,0,0.0,0,3,0.74819999281317,59.91370003903285,63.831100007519126,64.5793000003323,123.74480004655197
topic,3,24,9,Ilmeth,anthem composer,1,19.083264,1,3,0.0,0.0,81.02049998706207,81.02049998706207,81.02049998706207
topic,3,24,10,Draskel,research lab city,1,0.0,0,3,0.0,0.0,42.57869999855757,42.57869999855757,42.57869999855757
topic,3,24,11,Draskel,anthem composer,1,18.948096,3,3,0.0,0.0,40.2170000015758,40.2170000015758,40.2170000015758
topic,3,25,0,Bramwick,chief executive,0,0.0,0,1,0.7354000117629766,72.50090001616627,81.73269999679178,82.46810000855476,154.23360001295805
topic,3,25,1,Toskarel,stock ticker,1,19.78368,0,3,0.0,0.0,82.45899999747053,82.45899999747053,82.45899999747053
topic,3,25,2,Toskarel,flagship product,1,9.510912,0,3,0.0,0.0,53.419900010339916,53.419900010339916,53.419900010339916
topic,3,25,3,Toskarel,mascot animal,1,0.0,0,3,0.0,0.0,46.02870001690462,46.02870001690462,46.02870001690462
topic,3,25,4,Pyrenna,headquarters city,1,0.0,0,3,0.0,0.0,81.74750005127862,81.74750005127862,81.74750005127862
topic,3,25,5,Ilmeth,signature dish,1,18.37056,1,3,0.0,0.0,71.28349994309247,71.28349994309247,71.28349994309247
topic,3,25,6,Ilmeth,chief engineer,1,9.474048,0,3,0.0,0.0,40.36879999330267,40.36879999330267,40.36879999330267
topic,3,25,7,Ilmeth,anthem composer,1,0.0,0,3,0.0,0.0,40.22450000047684,40.22450000047684,40.22450000047684
topic,3,25,8,Ilmeth,employee count,1,0.0,0,3,0.0,0.0,44.4493000395596,44.4493000395596,44.4493000395596
topic,3,25,9,Toskarel,founding year,1,0.0,0,3,0.0,0.0,52.05619998741895,52.05619998741895,52.05619998741895
topic,3,25,10,Quorvane,chief executive,1,19.820544,1,3,0.0,0.0,40.223400050308555,40.223400050308555,40.223400050308555
topic,3,25,11,Quorvane,chief engineer,1,18.972672,3,3,0.0,0.0,38.719700009096414,38.719700009096414,38.719700009096414
topic,3,26,0,Veltrax,annual revenue,0,0.0,0,1,0.7889000116847456,53.853899997193366,72.86080002086237,73.64970003254712,126.71470001805574
topic,3,26,1,Veltrax,stock ticker,1,19.820544,0,3,0.0,0.0,46.65700002806261,46.65700002806261,46.65700002806261
topic,3,26,2,Veltrax,employee count,1,0.0,0,3,0.0,0.0,79.61919996887445,79.61919996887445,79.61919996887445
topic,3,26,3,Veltrax,annual revenue,1,0.0,0,3,0.0,0.0,50.73730001458898,50.73730001458898,50.73730001458898
topic,3,26,4,Quorvane,flagship product,1,0.0,0,3,0.0,0.0,72.15820002602413,72.15820002602413,72.15820002602413
topic,3,26,5,Quorvane,motto word,1,9.437184,1,3,0.0,0.0,70.67900005495176,70.67900005495176,70.67900005495176
topic,3,26,6,Quorvane,mascot animal,1,0.0,0,3,0.0,0.0,57.80919996323064,57.80919996323064,57.80919996323064
topic,3,26,7,Quorvane,chief engineer,1,0.0,0,3,0.0,0.0,78.4055000403896,78.4055000403896,78.4055000403896
topic,3,26,8,Quorvane,annual revenue,1,0.0,0,3,0.0,0.0,46.813699998892844,46.813699998892844,46.813699998892844
topic,3,26,9,Seluun,flagship product,1,0.0,0,3,0.0,0.0,54.54240000108257,54.54240000108257,54.54240000108257
topic,3,26,10,Seluun,founding river,1,18.444288,0,3,0.0,0.0,49.0222999942489,49.0222999942489,49.0222999942489
topic,3,26,11,Seluun,anthem composer,1,0.0,2,3,0.0,0.0,93.95039995433763,93.95039995433763,93.95039995433763
topic,3,27,0,Pyrenna,corporate color,0,0.0,0,1,0.4879999905824661,78.32670002244413,46.43919999944046,46.92719999002293,124.76590002188459
topic,3,27,1,Pyrenna,annual revenue,1,18.37056,0,3,0.0,0.0,50.76589999953285,50.76589999953285,50.76589999953285
topic,3,27,2,Pyrenna,flagship product,1,0.0,0,3,0.0,0.0,77.12169998558238,77.12169998558238,77.12169998558238
topic,3,27,3,Pyrenna,employee count,1,0.0,0,3,0.0,0.0,53.98219998460263,53.98219998460263,53.98219998460263
topic,3,27,4,Pyrenna,headquarters city,1,0.0,0,3,0.0,0.0,43.2767000165768,43.2767000165768,43.2767000165768
topic,3,27,5,Pyrenna,anthem composer,1,0.0,0,3,0.0,0.0,49.42290001781657,49.42290001781657,49.42290001781657
topic,3,27,6,Pyrenna,primary material,1,0.0,0,3,0.0,0.0,57.12800001492724,57.12800001492724,57.12800001492724
topic,3,27,7,Pyrenna,stock ticker,1,0.0,0,3,0.0,0.0,55.6120999972336,55.6120999972336,55.6120999972336
topic,3,27,8,Pyrenna,signature dish,1,0.0,0,3,0.0,0.0,59.64400002267212,59.64400002267212,59.64400002267212
topic,3,27,9,Pyrenna,signature dish,1,0.0,0,3,0.0,0.0,49.96669996762648,49.96669996762648,49.96669996762648
topic,3,27,10,Pyrenna,chief engineer,1,0.0,0,3,0.0,0.0,69.33969998499379,69.33969998499379,69.33969998499379
topic,3,27,11,Toskarel,chief engineer,0,0.0,2,3,0.480900052934885,94.93019996443763,46.19929997716099,46.680200030095875,141.12949994159862
topic,3,28,0,Seluun,stock ticker,0,0.0,0,1,0.4714000388048589,85.86810005363077,46.94549995474517,47.41689999355003,132.81360000837594
topic,3,28,1,Seluun,research lab city,1,18.444288,0,3,0.0,0.0,44.93799997726455,44.93799997726455,44.93799997726455
topic,3,28,2,Bramwick,chief executive,1,0.0,0,3,0.0,0.0,39.843900012783706,39.843900012783706,39.843900012783706
topic,3,28,3,Veltrax,employee count,0,19.78368,1,3,0.770999991800636,59.58430003374815,47.18589998083189,47.95689997263253,106.77020001458004
topic,3,28,4,Veltrax,lucky number,1,9.510912,1,3,0.0,0.0,45.75679998379201,45.75679998379201,45.75679998379201
topic,3,28,5,Veltrax,stock ticker,1,0.0,0,3,0.0,0.0,52.45590000413358,52.45590000413358,52.45590000413358
topic,3,28,6,Quorvane,research lab city,1,0.0,0,3,0.0,0.0,43.48809999646619,43.48809999646619,43.48809999646619
topic,3,28,7,Toskarel,annual revenue,0,9.437184,1,3,0.7980999653227627,82.52060000086203,70.91339997714385,71.71149994246662,153.4339999780059
topic,3,28,8,Toskarel,board chair,1,9.510912,1,3,0.0,0.0,63.67289996705949,63.67289996705949,63.67289996705949
topic,3,28,9,Ilmeth,founding year,0,0.0,0,3,0.7656000088900328,96.45760001149029,79.01899999706075,79.78460000595078,175.47660000855103
topic,3,28,10,Ilmeth,motto word,1,9.609216,1,3,0.0,0.0,42.44049999397248,42.44049999397248,42.44049999397248
topic,3,28,11,Ilmeth,flagship product,1,0.0,1,3,0.0,0.0,60.74129999615252,60.74129999615252,60.74129999615252
topic,3,29,0,Bramwick,board chair,0,0.0,0,1,0.76149997767061,45.82249996019527,66.89359998563305,67.65509996330366,112.71609994582832
topic,3,29,1,Bramwick,flagship product,1,19.78368,0,3,0.0,0.0,52.393199992366135,52.393199992366135,52.393199992366135
topic,3,29,2,Pyrenna,flagship product,0,0.0,1,3,0.8085999870672822,48.548499995376915,73.47659999504685,74.28519998211414,122.02509999042377
topic,3,29,3,Pyrenna,chief executive,1,18.37056,1,3,0.0,0.0,54.69459999585524,54.69459999585524,54.69459999585524
topic,3,29,4,Draskel,chief executive,1,0.0,0,3,0.0,0.0,60.35149999661371,60.35149999661371,60.35149999661371
topic,3,29,5,Seluun,corporate color,1,9.437184,1,3,0.0,0.0,54.32280001696199,54.32280001696199,54.32280001696199
topic,3,29,6,Seluun,archive codename,1,8.835072,0,3,0.0,0.0,39.21970003284514,39.21970003284514,39.21970003284514
topic,3,29,7,Seluun,research lab city,1,0.0,0,3,0.0,0.0,43.28510002233088,43.28510002233088,43.28510002233088
topic,3,29,8,Seluun,primary material,1,0.0,0,3,0.0,0.0,49.04359998181462,49.04359998181462,49.04359998181462
topic,3,29,9,Seluun,mascot animal,1,0.0,0,3,0.0,0.0,41.12619999796152,41.12619999796152,41.12619999796152
topic,3,29,10,Seluun,motto word,1,0.0,0,3,0.0,0.0,39.73089996725321,39.73089996725321,39.73089996725321
topic,3,29,11,Seluun,research lab city,1,0.0,1,3,0.0,0.0,80.56020003277808,80.56020003277808,80.56020003277808
topic,3,30,0,Draskel,lucky number,0,0.0,0,1,0.4922999651171267,56.2581000267528,53.93090000143275,54.42319996654987,110.18900002818555
topic,3,30,1,Pyrenna,archive codename,1,18.948096,0,3,0.0,0.0,73.69599997764453,73.69599997764453,73.69599997764453
topic,3,30,2,Pyrenna,anthem composer,1,8.761344,1,3,0.0,0.0,71.0456000524573,71.0456000524573,71.0456000524573
topic,3,30,3,Ilmeth,chief executive,1,0.0,0,3,0.0,0.0,59.43010002374649,59.43010002374649,59.43010002374649
topic,3,30,4,Ilmeth,signature dish,1,9.474048,0,3,0.0,0.0,44.88790000323206,44.88790000323206,44.88790000323206
topic,3,30,5,Toskarel,headquarters city,1,0.0,0,3,0.0,0.0,62.25509999785572,62.25509999785572,62.25509999785572
topic,3,30,6,Toskarel,founding river,1,19.820544,0,3,0.0,0.0,62.18790001003072,62.18790001003072,62.18790001003072
topic,3,30,7,Toskarel,primary material,1,0.0,0,3,0.0,0.0,58.30649996642023,58.30649996642023,58.30649996642023
topic,3,30,8,Pyrenna,anthem composer,1,0.0,0,3,0.0,0.0,48.296599998138845,48.296599998138845,48.296599998138845
topic,3,30,9,Pyrenna,primary material,1,18.37056,1,3,0.0,0.0,64.92989999242127,64.92989999242127,64.92989999242127
topic,3,30,10,Pyrenna,chief engineer,1,0.0,0,3,0.0,0.0,49.42180000944063,49.42180000944063,49.42180000944063
topic,3,30,11,Pyrenna,signature dish,1,0.0,2,3,0.0,0.0,47.31669998727739,47.31669998727739,47.31669998727739
topic,3,31,0,Bramwick,board chair,0,0.0,0,1,0.42320002103224397,55.21349998889491,54.11899997852743,54.54219999955967,109.33249996742234
topic,3,31,1,Quorvane,founding river,1,19.78368,0,3,0.0,0.0,46.85390001395717,46.85390001395717,46.85390001395717
topic,3,31,2,Quorvane,signature dish,1,18.972672,1,3,0.0,0.0,63.23050003265962,63.23050003265962,63.23050003265962
topic,3,31,3,Quorvane,employee count,1,0.0,0,3,0.0,0.0,64.7037000162527,64.7037000162527,64.7037000162527
topic,3,31,4,Quorvane,corporate color,1,0.0,0,3,0.0,0.0,46.518600021954626,46.518600021954626,46.518600021954626
topic,3,31,5,Quorvane,founding year,1,0.0,0,3,0.0,0.0,47.693400003481656,47.693400003481656,47.693400003481656
topic,3,31,6,Veltrax,research lab city,1,0.0,0,3,0.0,0.0,44.85410003690049,44.85410003690049,44.85410003690049
topic,3,31,7,Veltrax,primary material,1,9.510912,1,3,0.0,0.0,57.581799977924675,57.581799977924675,57.581799977924675
topic,3,31,8,Veltrax,chief executive,1,0.0,0,3,0.0,0.0,53.41809999663383,53.41809999663383,53.41809999663383
topic,3,31,9,Veltrax,annual revenue,1,0.0,0,3,0.0,0.0,49.90429995814338,49.90429995814338,49.90429995814338
topic,3,31,10,Veltrax,stock ticker,1,0.0,0,3,0.0,0.0,52.67150001600385,52.67150001600385,52.67150001600385
topic,3,31,11,Quorvane,lucky number,1,0.0,1,3,0.0,0.0,25.5163999972865,25.5163999972865,25.5163999972865
topic,3,32,0,Seluun,flagship product,0,0.0,0,1,0.8482999983243644,42.89270000299439,21.964100014884025,22.81240001320839,64.85680001787841
topic,3,32,1,Seluun,employee count,1,18.444288,0,3,0.0,0.0,27.91649999562651,27.91649999562651,27.91649999562651
topic,3,32,2,Seluun,founding year,1,0.0,0,3,0.0,0.0,19.501800008583814,19.501800008583814,19.501800008583814
topic,3,32,3,Pyrenna,research lab city,0,0.0,1,3,0.5261999904178083,41.0221999627538,18.781099992338568,19.307299982756376,59.80329995509237
topic,3,32,4,Ilmeth,archive codename,1,8.761344,0,3,0.0,0.0,20.765200024470687,20.765200024470687,20.765200024470687
topic,3,32,5,Ilmeth,signature dish,1,9.474048,0,3,0.0,0.0,20.16329998150468,20.16329998150468,20.16329998150468
topic,3,32,6,Ilmeth,archive codename,1,0.0,0,3,0.0,0.0,19.058700010646135,19.058700010646135,19.058700010646135
topic,3,32,7,Toskarel,chief engineer,1,0.0,0,3,0.0,0.0,18.668699951376766,18.668699951376766,18.668699951376766
topic,3,32,8,Quorvane,mascot animal,1,19.820544,1,3,0.0,0.0,19.178599992301315,19.178599992301315,19.178599992301315
topic,3,32,9,Veltrax,annual revenue,1,18.972672,1,3,0.0,0.0,20.187699992675334,20.187699992675334,20.187699992675334
topic,3,32,10,Pyrenna,chief executive,1,9.510912,1,3,0.0,0.0,19.33490001829341,19.33490001829341,19.33490001829341
topic,3,32,11,Pyrenna,employee count,1,18.37056,2,3,0.0,0.0,19.366700027603656,19.366700027603656,19.366700027603656
topic,3,33,0,Veltrax,flagship product,0,0.0,0,1,0.43479999294504523,27.80089998850599,20.79160005087033,21.226400043815374,48.59250003937632
topic,3,33,1,Veltrax,lucky number,1,19.820544,0,3,0.0,0.0,19.237999978940934,19.237999978940934,19.237999978940934
topic,3,33,2,Pyrenna,annual revenue,1,0.0,0,3,0.0,0.0,18.598900001961738,18.598900001961738,18.598900001961738
topic,3,33,3,Draskel,founding year,1,18.37056,1,3,0.0,0.0,19.2547999904491,19.2547999904491,19.2547999904491
topic,3,33,4,Draskel,board chair,1,9.437184,1,3,0.0,0.0,23.10109999962151,23.10109999962151,23.10109999962151
topic,3,33,5,Veltrax,anthem composer,0,0.0,0,3,0.4459000192582607,23.82590004708618,20.19579999614507,20.64170001540333,44.02170004323125
topic,3,33,6,Veltrax,archive codename,1,19.820544,1,3,0.0,0.0,19.721199991181493,19.721199991181493,19.721199991181493
topic,3,33,7,Veltrax,flagship product,1,0.0,0,3,0.0,0.0,19.790799997281283,19.790799997281283,19.790799997281283
topic,3,33,8,Quorvane,flagship product,1,0.0,0,3,0.0,0.0,20.97970002796501,20.97970002796501,20.97970002796501
topic,3,33,9,Pyrenna,corporate color,0,9.437184,1,3,0.4116999916732311,22.80789997894317,19.5233000558801,19.93500004755333,42.33120003482327
topic,3,33,10,Pyrenna,headquarters city,1,18.37056,1,3,0.0,0.0,20.187199988868088,20.187199988868088,20.187199988868088
topic,3,33,11,Draskel,annual revenue,1,0.0,1,3,0.0,0.0,19.70369997434318,19.70369997434318,19.70369997434318
topic,3,34,0,Seluun,primary material,0,0.0,0,1,0.42860000394284725,22.3143000039272,20.67860000533983,21.10720000928268,42.99290000926703
topic,3,34,1,Draskel,annual revenue,1,18.444288,0,3,0.0,0.0,20.302099990658462,20.302099990658462,20.302099990658462
topic,3,34,2,Draskel,lucky number,1,9.510912,1,3,0.0,0.0,20.00179997412488,20.00179997412488,20.00179997412488
topic,3,34,3,Draskel,annual revenue,1,0.0,0,3,0.0,0.0,19.97040002606809,19.97040002606809,19.97040002606809
topic,3,34,4,Seluun,corporate color,1,0.0,0,3,0.0,0.0,20.354599982965738,20.354599982965738,20.354599982965738
topic,3,34,5,Seluun,archive codename,1,8.835072,1,3,0.0,0.0,19.85629997216165,19.85629997216165,19.85629997216165
topic,3,34,6,Draskel,lucky number,1,0.0,0,3,0.0,0.0,20.08020004723221,20.08020004723221,20.08020004723221
topic,3,34,7,Seluun,board chair,1,9.510912,1,3,0.0,0.0,19.752100051846355,19.752100051846355,19.752100051846355
topic,3,34,8,Seluun,lucky number,1,8.835072,1,3,0.0,0.0,19.576100050471723,19.576100050471723,19.576100050471723
topic,3,34,9,Seluun,research lab city,1,0.0,0,3,0.0,0.0,24.239399994257838,24.239399994257838,24.239399994257838
topic,3,34,10,Pyrenna,headquarters city,0,0.0,0,3,0.4474000306800008,22.67430000938475,20.4088999889791,20.856300019659102,43.08319999836385
topic,3,34,11,Pyrenna,founding river,1,18.37056,3,3,0.0,0.0,20.852599991485476,20.852599991485476,20.852599991485476
topic,3,35,0,Quorvane,motto word,0,0.0,0,1,0.47019997145980597,23.63440004410222,20.387399999890476,20.857599971350282,44.0218000439927
topic,3,35,1,Quorvane,stock ticker,1,18.972672,0,3,0.0,0.0,19.685000006575137,19.685000006575137,19.685000006575137
topic,3,35,2,Veltrax,employee count,1,0.0,0,3,0.0,0.0,20.50990000134334,20.50990000134334,20.50990000134334
topic,3,35,3,Veltrax,mascot animal,1,9.510912,1,3,0.0,0.0,20.90560004580766,20.90560004580766,20.90560004580766
topic,3,35,4,Veltrax,board chair,1,0.0,0,3,0.0,0.0,20.26389999082312,20.26389999082312,20.26389999082312
topic,3,35,5,Veltrax,anthem composer,1,0.0,0,3,0.0,0.0,20.148100040387362,20.148100040387362,20.148100040387362
topic,3,35,6,Pyrenna,archive codename,1,0.0,0,3,0.0,0.0,19.623100000899285,19.623100000899285,19.623100000899285
topic,3,35,7,Pyrenna,lucky number,1,18.37056,0,3,0.0,0.0,19.937300006859004,19.937300006859004,19.937300006859004
topic,3,35,8,Ilmeth,lucky number,1,0.0,0,3,0.0,0.0,19.850899989251047,19.850899989251047,19.850899989251047
topic,3,35,9,Ilmeth,research lab city,1,9.474048,0,3,0.0,0.0,20.124100032262504,20.124100032262504,20.124100032262504
topic,3,35,10,Ilmeth,motto word,1,0.0,0,3,0.0,0.0,21.59460005350411,21.59460005350411,21.59460005350411
topic,3,35,11,Ilmeth,board chair,1,0.0,2,3,0.0,0.0,20.181799947749823,20.181799947749823,20.181799947749823
topic,3,36,0,Ilmeth,headquarters city,0,0.0,0,1,0.4138000076636672,23.222299991175532,19.88179999170825,20.295599999371916,43.10409998288378
topic,3,36,1,Ilmeth,signature dish,1,19.083264,0,3,0.0,0.0,21.305800008121878,21.305800008121878,21.305800008121878
topic,3,36,2,Draskel,chief engineer,1,0.0,0,3,0.0,0.0,21.470800042152405,21.470800042152405,21.470800042152405
topic,3,36,3,Pyrenna,chief engineer,1,18.948096,1,3,0.0,0.0,24.762699962593615,24.762699962593615,24.762699962593615
topic,3,36,4,Pyrenna,employee count,1,8.761344,1,3,0.0,0.0,19.74979997612536,19.74979997612536,19.74979997612536
topic,3,36,5,Draskel,chief executive,1,0.0,0,3,0.0,0.0,20.113600010517985,20.113600010517985,20.113600010517985
topic,3,36,6,Seluun,satellite name,1,9.437184,1,3,0.0,0.0,21.17959997849539,21.17959997849539,21.17959997849539
topic,3,36,7,Seluun,flagship product,1,8.835072,0,3,0.0,0.0,19.67139996122569,19.67139996122569,19.67139996122569
topic,3,36,8,Seluun,mascot animal,1,0.0,0,3,0.0,0.0,19.827700045425445,19.827700045425445,19.827700045425445
topic,3,36,9,Seluun,primary material,1,0.0,0,3,0.0,0.0,20.989100041333586,20.989100041333586,20.989100041333586
topic,3,36,10,Seluun,founding year,1,0.0,0,3,0.0,0.0,21.3472000323236,21.3472000323236,21.3472000323236
topic,3,36,11,Draskel,board chair,1,0.0,1,3,0.0,0.0,20.574199967086315,20.574199967086315,20.574199967086315
topic,3,37,0,Draskel,stock ticker,0,0.0,0,1,0.45190000673756003,22.337800008244812,19.993199966847897,20.445099973585457,42.33099997509271
topic,3,37,1,Pyrenna,stock ticker,1,18.948096,0,3,0.0,0.0,19.351999973878264,19.351999973878264,19.351999973878264
topic,3,37,2,Ilmeth,founding year,1,8.761344,1,3,0.0,0.0,21.562199981417507,21.562199981417507,21.562199981417507
topic,3,37,3,Ilmeth,research lab city,1,9.474048,0,3,0.0,0.0,20.36879997467622,20.36879997467622,20.36879997467622
topic,3,37,4,Ilmeth,stock ticker,1,0.0,0,3,0.0,0.0,20.477999991271645,20.477999991271645,20.477999991271645
topic,3,37,5,Draskel,satellite name,1,0.0,0,3,0.0,0.0,19.55989998532459,19.55989998532459,19.55989998532459
topic,3,37,6,Draskel,chief executive,1,18.948096,1,3,0.0,0.0,20.472999953199178,20.472999953199178,20.472999953199178
topic,3,37,7,Draskel,flagship product,1,0.0,0,3,0.0,0.0,20.130900025833398,20.130900025833398,20.130900025833398
topic,3,37,8,Draskel,motto word,1,0.0,0,3,0.0,0.0,19.401300000026822,19.401300000026822,19.401300000026822
topic,3,37,9,Draskel,headquarters city,1,0.0,0,3,0.0,0.0,19.455700006801635,19.455700006801635,19.455700006801635
topic,3,37,10,Draskel,chief executive,1,0.0,0,3,0.0,0.0,19.584699999541044,19.584699999541044,19.584699999541044
topic,3,37,11,Draskel,annual revenue,1,0.0,2,3,0.0,0.0,19.01490002637729,19.01490002637729,19.01490002637729
topic,3,38,0,Draskel,flagship product,0,0.0,0,1,0.47369999811053276,27.26599999004975,19.42379999672994,19.897499994840473,46.68979998677969
topic,3,38,1,Pyrenna,founding year,1,18.948096,0,3,0.0,0.0,19.68890003627166,19.68890003627166,19.68890003627166
topic,3,38,2,Pyrenna,chief engineer,1,8.761344,1,3,0.0,0.0,20.498600031714886,20.498600031714886,20.498600031714886
topic,3,38,3,Quorvane,research lab city,0,0.0,0,3,0.4841999616473913,23.811599996406585,19.776000001002103,20.260199962649494,43.58759999740869
topic,3,38,4,Ilmeth,board chair,0,18.972672,1,3,0.37940003676339984,22.574400005396456,19.85469995997846,20.23409999674186,42.42909996537492
topic,3,38,5,Pyrenna,annual revenue,0,19.083264,2,3,0.41039998177438974,24.734600039664656,19.528299977537245,19.938699959311634,44.2629000172019
topic,3,38,6,Pyrenna,satellite name,1,8.761344,1,3,0.0,0.0,20.2978000161238,20.2978000161238,20.2978000161238
topic,3,38,7,Ilmeth,satellite name,1,0.0,0,3,0.0,0.0,19.563800015021116,19.563800015021116,19.563800015021116
topic,3,38,8,Ilmeth,annual revenue,1,9.474048,0,3,0.0,0.0,19.1441000206396,19.1441000206396,19.1441000206396
topic,3,38,9,Ilmeth,motto word,1,0.0,0,3,0.0,0.0,19.464300014078617,19.464300014078617,19.464300014078617
topic,3,38,10,Draskel,headquarters city,1,0.0,0,3,0.0,0.0,18.99849995970726,18.99849995970726,18.99849995970726
topic,3,38,11,Seluun,corporate color,1,18.948096,2,3,0.0,0.0,19.744699995499104,19.744699995499104,19.744699995499104
topic,3,39,0,Bramwick,stock ticker,0,0.0,0,1,0.4050999996252358,23.80909997737035,19.20450001489371,19.609600014518946,43.01359999226406
topic,3,39,1,Bramwick,stock ticker,1,19.78368,0,3,0.0,0.0,20.12599998852238,20.12599998852238,20.12599998852238
topic,3,39,2,Bramwick,signature dish,1,0.0,0,3,0.0,0.0,19.249899953138083,19.249899953138083,19.249899953138083
topic,3,39,3,Bramwick,employee count,1,0.0,0,3,0.0,0.0,20.172499993350357,20.172499993350357,20.172499993350357
topic,3,39,4,Bramwick,flagship product,1,0.0,0,3,0.0,0.0,20.012299995869398,20.012299995869398,20.012299995869398
topic,3,39,5,Toskarel,anthem composer,1,0.0,0,3,0.0,0.0,20.076399960089475,20.076399960089475,20.076399960089475
topic,3,39,6,Toskarel,anthem composer,1,9.510912,0,3,0.0,0.0,20.97240003058687,20.97240003058687,20.97240003058687
topic,3,39,7,Pyrenna,board chair,1,0.0,0,3,0.0,0.0,19.864699977915734,19.864699977915734,19.864699977915734
topic,3,39,8,Pyrenna,employee count,1,18.37056,1,3,0.0,0.0,19.97650001430884,19.97650001430884,19.97650001430884
topic,3,39,9,Pyrenna,satellite name,1,0.0,0,3,0.0,0.0,19.390799978282303,19.390799978282303,19.390799978282303
topic,3,39,10,Pyrenna,mascot animal,1,0.0,0,3,0.0,0.0,19.603900029323995,19.603900029323995,19.603900029323995
topic,3,39,11,Pyrenna,chief engineer,1,0.0,2,3,0.0,0.0,20.37619997281581,20.37619997281581,20.37619997281581
oracle,3,0,0,Ilmeth,satellite name,1,8.761344,0,1,0.0,0.0,19.639100006315857,19.639100006315857,19.639100006315857
oracle,3,0,1,Draskel,stock ticker,1,9.609216,0,1,0.0,0.0,20.51579998806119,20.51579998806119,20.51579998806119
oracle,3,0,2,Draskel,founding river,1,0.0,0,1,0.0,0.0,20.74819995323196,20.74819995323196,20.74819995323196
oracle,3,0,3,Draskel,annual revenue,1,0.0,0,1,0.0,0.0,20.52469999762252,20.52469999762252,20.52469999762252
oracle,3,0,4,Seluun,lucky number,1,9.437184,0,1,0.0,0.0,21.553099970333278,21.553099970333278,21.553099970333278
oracle,3,0,5,Seluun,annual revenue,1,0.0,0,1,0.0,0.0,20.866700040642172,20.866700040642172,20.866700040642172
oracle,3,0,6,Seluun,founding year,1,0.0,0,1,0.0,0.0,19.190700026229024,19.190700026229024,19.190700026229024
oracle,3,0,7,Draskel,motto word,1,9.609216,0,1,0.0,0.0,25.551099970471114,25.551099970471114,25.551099970471114
oracle,3,0,8,Draskel,flagship product,1,0.0,0,1,0.0,0.0,26.93980000913143,26.93980000913143,26.93980000913143
oracle,3,0,9,Veltrax,founding year,1,9.535488,0,1,0.0,0.0,19.941999984439462,19.941999984439462,19.941999984439462
oracle,3,0,10,Veltrax,anthem composer,1,0.0,0,1,0.0,0.0,25.285500043537468,25.285500043537468,25.285500043537468
oracle,3,0,11,Veltrax,annual revenue,1,0.0,0,1,0.0,0.0,22.615600028075278,22.615600028075278,22.615600028075278
oracle,3,1,0,Veltrax,signature dish,1,9.535488,0,1,0.0,0.0,22.854699986055493,22.854699986055493,22.854699986055493
oracle,3,1,1,Veltrax,founding river,1,0.0,0,1,0.0,0.0,23.805600008927286,23.805600008927286,23.805600008927286
oracle,3,1,2,Draskel,research lab city,1,9.609216,0,1,0.0,0.0,28.03200000198558,28.03200000198558,28.03200000198558
oracle,3,1,3,Draskel,motto word,1,0.0,0,1,0.0,0.0,26.508600043598562,26.508600043598562,26.508600043598562
oracle,3,1,4,Pyrenna,founding year,1,9.510912,0,1,0.0,0.0,36.34989995043725,36.34989995043725,36.34989995043725
oracle,3,1,5,Pyrenna,anthem composer,1,0.0,0,1,0.0,0.0,33.36920001311228,33.36920001311228,33.36920001311228
oracle,3,1,6,Quorvane,corporate color,1,10.309632,0,1,0.0,0.0,24.64660000987351,24.64660000987351,24.64660000987351
oracle,3,1,7,Veltrax,flagship product,1,9.535488,0,1,0.0,0.0,30.701299954671413,30.701299954671413,30.701299954671413
oracle,3,1,8,Quorvane,signature dish,1,10.309632,0,1,0.0,0.0,26.839800004381686,26.839800004381686,26.839800004381686
oracle,3,1,9,Seluun,primary material,1,9.437184,0,1,0.0,0.0,23.048099945299327,23.048099945299327,23.048099945299327
oracle,3,1,10,Seluun,lucky number,1,0.0,0,1,0.0,0.0,30.311900016386062,30.311900016386062,30.311900016386062
oracle,3,1,11,Draskel,satellite name,1,9.609216,0,1,0.0,0.0,24.632600019685924,24.632600019685924,24.632600019685924
oracle,3,2,0,Draskel,annual revenue,1,9.609216,0,1,0.0,0.0,32.94360003201291,32.94360003201291,32.94360003201291
oracle,3,2,1,Draskel,corporate color,1,0.0,0,1,0.0,0.0,35.316299996338785,35.316299996338785,35.316299996338785
oracle,3,2,2,Draskel,research lab city,1,0.0,0,1,0.0,0.0,26.595400006044656,26.595400006044656,26.595400006044656
oracle,3,2,3,Draskel,signature dish,1,0.0,0,1,0.0,0.0,23.575600003823638,23.575600003823638,23.575600003823638
oracle,3,2,4,Draskel,corporate color,1,0.0,0,1,0.0,0.0,23.316299950238317,23.316299950238317,23.316299950238317
oracle,3,2,5,Draskel,annual revenue,1,0.0,0,1,0.0,0.0,25.752299989107996,25.752299989107996,25.752299989107996
oracle,3,2,6,Draskel,founding year,1,0.0,0,1,0.0,0.0,31.93019999889657,31.93019999889657,31.93019999889657
oracle,3,2,7,Draskel,primary material,1,0.0,0,1,0.0,0.0,31.695700017735362,31.695700017735362,31.695700017735362
oracle,3,2,8,Pyrenna,corporate color,1,9.510912,0,1,0.0,0.0,35.26770003372803,35.26770003372803,35.26770003372803
oracle,3,2,9,Pyrenna,motto word,1,0.0,0,1,0.0,0.0,30.068499967455864,30.068499967455864,30.068499967455864
oracle,3,2,10,Draskel,anthem composer,1,9.609216,0,1,0.0,0.0,18.935900006908923,18.935900006908923,18.935900006908923
oracle,3,2,11,Draskel,annual revenue,1,0.0,0,1,0.0,0.0,21.27259998815134,21.27259998815134,21.27259998815134
oracle,3,3,0,Toskarel,founding river,1,9.474048,0,1,0.0,0.0,27.27899997262284,27.27899997262284,27.27899997262284
oracle,3,3,1,Veltrax,annual revenue,1,9.535488,0,1,0.0,0.0,25.192800036165863,25.192800036165863,25.192800036165863
oracle,3,3,2,Pyrenna,signature dish,1,9.510912,0,1,0.0,0.0,27.38149999640882,27.38149999640882,27.38149999640882
oracle,3,3,3,Draskel,archive codename,1,9.609216,0,1,0.0,0.0,28.34159997291863,28.34159997291863,28.34159997291863
oracle,3,3,4,Seluun,research lab city,1,9.437184,0,1,0.0,0.0,21.589600015431643,21.589600015431643,21.589600015431643
oracle,3,3,5,Seluun,mascot animal,1,0.0,0,1,0.0,0.0,31.5417000092566,31.5417000092566,31.5417000092566
oracle,3,3,6,Bramwick,lucky number,1,8.835072,0,1,0.0,0.0,24.25379998749122,24.25379998749122,24.25379998749122
oracle,3,3,7,Quorvane,research lab city,1,10.309632,0,1,0.0,0.0,22.383500006981194,22.383500006981194,22.383500006981194
oracle,3,3,8,Quorvane,anthem composer,1,0.0,0,1,0.0,0.0,23.253299994394183,23.253299994394183,23.253299994394183
oracle,3,3,9,Veltrax,founding river,1,9.535488,0,1,0.0,0.0,27.871099999174476,27.871099999174476,27.871099999174476
oracle,3,3,10,Veltrax,motto word,1,0.0,0,1,0.0,0.0,22.39459997508675,22.39459997508675,22.39459997508675
oracle,3,3,11,Pyrenna,chief executive,1,9.510912,0,1,0.0,0.0,23.066399968229234,23.066399968229234,23.066399968229234
oracle,3,4,0,Veltrax,chief executive,1,9.535488,0,1,0.0,0.0,27.823999989777803,27.823999989777803,27.823999989777803
oracle,3,4,1,Veltrax,founding year,1,0.0,0,1,0.0,0.0,31.86799999093637,31.86799999093637,31.86799999093637
oracle,3,4,2,Veltrax,stock ticker,1,0.0,0,1,0.0,0.0,20.094600040465593,20.094600040465593,20.094600040465593
oracle,3,4,3,Veltrax,flagship product,1,0.0,0,1,0.0,0.0,19.97359999222681,19.97359999222681,19.97359999222681
oracle,3,4,4,Pyrenna,research lab city,1,9.510912,0,1,0.0,0.0,23.69410003302619,23.69410003302619,23.69410003302619
oracle,3,4,5,Pyrenna,corporate color,1,0.0,0,1,0.0,0.0,22.824999992735684,22.824999992735684,22.824999992735684
oracle,3,4,6,Pyrenna,signature dish,1,0.0,0,1,0.0,0.0,31.695499958004802,31.695499958004802,31.695499958004802
oracle,3,4,7,Pyrenna,primary material,1,0.0,0,1,0.0,0.0,28.67650002008304,28.67650002008304,28.67650002008304
oracle,3,4,8,Pyrenna,chief engineer,1,0.0,0,1,0.0,0.0,48.73999999836087,48.73999999836087,48.73999999836087
oracle,3,4,9,Pyrenna,flagship product,1,0.0,0,1,0.0,0.0,55.77949999133125,55.77949999133125,55.77949999133125
oracle,3,4,10,Pyrenna,annual revenue,1,0.0,0,1,0.0,0.0,90.74449999025092,90.74449999025092,90.74449999025092
oracle,3,4,11,Pyrenna,mascot animal,1,0.0,0,1,0.0,0.0,85.84770001471043,85.84770001471043,85.84770001471043
oracle,3,5,0,Pyrenna,signature dish,1,9.510912,0,1,0.0,0.0,85.90219996403903,85.90219996403903,85.90219996403903
oracle,3,5,1,Bramwick,founding year,1,8.835072,0,1,0.0,0.0,56.17189995246008,56.17189995246008,56.17189995246008
oracle,3,5,2,Bramwick,annual revenue,1,0.0,0,1,0.0,0.0,50.95419997815043,50.95419997815043,50.95419997815043
oracle,3,5,3,Bramwick,corporate color,1,0.0,0,1,0.0,0.0,49.57319999812171,49.57319999812171,49.57319999812171
oracle,3,5,4,Bramwick,signature dish,1,0.0,0,1,0.0,0.0,46.12539999652654,46.12539999652654,46.12539999652654
oracle,3,5,5,Toskarel,signature dish,1,9.474048,0,1,0.0,0.0,66.14989996887743,66.14989996887743,66.14989996887743
oracle,3,5,6,Toskarel,signature dish,1,0.0,0,1,0.0,0.0,43.59959997236729,43.59959997236729,43.59959997236729
oracle,3,5,7,Quorvane,satellite name,1,10.309632,0,1,0.0,0.0,76.84940000763163,76.84940000763163,76.84940000763163
oracle,3,5,8,Veltrax,headquarters city,1,9.535488,0,1,0.0,0.0,78.74040002934635,78.74040002934635,78.74040002934635
oracle,3,5,9,Pyrenna,mascot animal,1,9.510912,0,1,0.0,0.0,66.82940002065152,66.82940002065152,66.82940002065152
oracle,3,5,10,Ilmeth,chief executive,1,8.761344,0,1,0.0,0.0,87.94709999347106,87.94709999347106,87.94709999347106
oracle,3,5,11,Toskarel,primary material,1,9.474048,0,1,0.0,0.0,66.38230005046353,66.38230005046353,66.38230005046353
oracle,3,6,0,Pyrenna,employee count,1,9.510912,0,1,0.0,0.0,60.929999977815896,60.929999977815896,60.929999977815896
oracle,3,6,1,Pyrenna,headquarters city,1,0.0,0,1,0.0,0.0,47.090400010347366,47.090400010347366,47.090400010347366
oracle,3,6,2,Pyrenna,mascot animal,1,0.0,0,1,0.0,0.0,78.79830000456423,78.79830000456423,78.79830000456423
oracle,3,6,3,Seluun,corporate color,1,9.437184,0,1,0.0,0.0,55.60889997286722,55.60889997286722,55.60889997286722
oracle,3,6,4,Bramwick,annual revenue,1,8.835072,0,1,0.0,0.0,52.9120999854058,52.9120999854058,52.9120999854058
oracle,3,6,5,Bramwick,flagship product,1,0.0,0,1,0.0,0.0,69.68269997742027,69.68269997742027,69.68269997742027
oracle,3,6,6,Bramwick,archive codename,1,0.0,0,1,0.0,0.0,57.70090001169592,57.70090001169592,57.70090001169592
oracle,3,6,7,Bramwick,lucky number,1,0.0,0,1,0.0,0.0,54.8854999942705,54.8854999942705,54.8854999942705
oracle,3,6,8,Bramwick,annual revenue,1,0.0,0,1,0.0,0.0,43.862299993634224,43.862299993634224,43.862299993634224
oracle,3,6,9,Bramwick,lucky number,1,0.0,0,1,0.0,0.0,38.94530003890395,38.94530003890395,38.94530003890395
oracle,3,6,10,Bramwick,board chair,1,0.0,0,1,0.0,0.0,89.97030003229156,89.97030003229156,89.97030003229156
oracle,3,6,11,Quorvane,founding year,1,10.309632,0,1,0.0,0.0,49.47359999641776,49.47359999641776,49.47359999641776
oracle,3,7,0,Toskarel,satellite name,1,9.474048,0,1,0.0,0.0,65.06679998710752,65.06679998710752,65.06679998710752
oracle,3,7,1,Quorvane,archive codename,1,10.309632,0,1,0.0,0.0,40.290200035087764,40.290200035087764,40.290200035087764
oracle,3,7,2,Quorvane,flagship product,1,0.0,0,1,0.0,0.0,74.54120001057163,74.54120001057163,74.54120001057163
oracle,3,7,3,Veltrax,anthem composer,1,9.535488,0,1,0.0,0.0,71.62449997849762,71.62449997849762,71.62449997849762
oracle,3,7,4,Veltrax,anthem composer,1,0.0,0,1,0.0,0.0,121.17219995707273,121.17219995707273,121.17219995707273
oracle,3,7,5,Veltrax,headquarters city,1,0.0,0,1,0.0,0.0,68.54760000715032,68.54760000715032,68.54760000715032
oracle,3,7,6,Veltrax,corporate color,1,0.0,0,1,0.0,0.0,57.011199998669326,57.011199998669326,57.011199998669326
oracle,3,7,7,Veltrax,anthem composer,1,0.0,0,1,0.0,0.0,88.02439999999478,88.02439999999478,88.02439999999478
oracle,3,7,8,Veltrax,chief engineer,1,0.0,0,1,0.0,0.0,51.80700001074001,51.80700001074001,51.80700001074001
oracle,3,7,9,Quorvane,research lab city,1,10.309632,0,1,0.0,0.0,58.48160001914948,58.48160001914948,58.48160001914948
oracle,3,7,10,Quorvane,flagship product,1,0.0,0,1,0.0,0.0,65.4243000317365,65.4243000317365,65.4243000317365
oracle,3,7,11,Quorvane,board chair,1,0.0,0,1,0.0,0.0,60.59020000975579,60.59020000975579,60.59020000975579
oracle,3,8,0,Ilmeth,satellite name,1,8.761344,0,1,0.0,0.0,91.35060000699013,91.35060000699013,91.35060000699013
oracle,3,8,1,Ilmeth,flagship product,1,0.0,0,1,0.0,0.0,66.29849999444559,66.29849999444559,66.29849999444559
oracle,3,8,2,Ilmeth,archive codename,1,0.0,0,1,0.0,0.0,48.55930001940578,48.55930001940578,48.55930001940578
oracle,3,8,3,Ilmeth,employee count,1,0.0,0,1,0.0,0.0,104.23110000556335,104.23110000556335,104.23110000556335
oracle,3,8,4,Toskarel,flagship product,1,9.474048,0,1,0.0,0.0,25.701999955344945,25.701999955344945,25.701999955344945
oracle,3,8,5,Quorvane,chief executive,1,10.309632,0,1,0.0,0.0,20.190500013995916,20.190500013995916,20.190500013995916
oracle,3,8,6,Quorvane,motto word,1,0.0,0,1,0.0,0.0,21.96780004305765,21.96780004305765,21.96780004305765
oracle,3,8,7,Quorvane,stock ticker,1,0.0,0,1,0.0,0.0,19.40910000121221,19.40910000121221,19.40910000121221
oracle,3,8,8,Quorvane,primary material,1,0.0,0,1,0.0,0.0,20.13220003573224,20.13220003573224,20.13220003573224
oracle,3,8,9,Quorvane,flagship product,1,0.0,0,1,0.0,0.0,20.233599992934614,20.233599992934614,20.233599992934614
oracle,3,8,10,Quorvane,stock ticker,1,0.0,0,1,0.0,0.0,20.305100013501942,20.305100013501942,20.305100013501942
oracle,3,8,11,Quorvane,headquarters city,1,0.0,0,1,0.0,0.0,19.445600046310574,19.445600046310574,19.445600046310574
oracle,3,9,0,Veltrax,chief executive,1,9.535488,0,1,0.0,0.0,18.96930002840236,18.96930002840236,18.96930002840236
oracle,3,9,1,Veltrax,headquarters city,1,0.0,0,1,0.0,0.0,20.57530003366992,20.57530003366992,20.57530003366992
oracle,3,9,2,Veltrax,satellite name,1,0.0,0,1,0.0,0.0,18.830500019248575,18.830500019248575,18.830500019248575
oracle,3,9,3,Veltrax,flagship product,1,0.0,0,1,0.0,0.0,21.23120002215728,21.23120002215728,21.23120002215728
oracle,3,9,4,Veltrax,motto word,1,0.0,0,1,0.0,0.0,22.293299960438162,22.293299960438162,22.293299960438162
oracle,3,9,5,Veltrax,flagship product,1,0.0,0,1,0.0,0.0,22.027400031220168,22.027400031220168,22.027400031220168
oracle,3,9,6,Veltrax,annual revenue,1,0.0,0,1,0.0,0.0,21.764100005384535,21.764100005384535,21.764100005384535
oracle,3,9,7,Quorvane,anthem composer,1,10.309632,0,1,0.0,0.0,19.283699977677315,19.283699977677315,19.283699977677315
oracle,3,9,8,Quorvane,lucky number,1,0.0,0,1,0.0,0.0,20.679300010669976,20.679300010669976,20.679300010669976
oracle,3,9,9,Quorvane,mascot animal,1,0.0,0,1,0.0,0.0,20.016900030896068,20.016900030896068,20.016900030896068
oracle,3,9,10,Seluun,founding year,1,9.437184,0,1,0.0,0.0,21.35259995702654,21.35259995702654,21.35259995702654
oracle,3,9,11,Seluun,primary material,1,0.0,0,1,0.0,0.0,22.370200022123754,22.370200022123754,22.370200022123754
oracle,3,10,0,Seluun,annual revenue,1,9.437184,0,1,0.0,0.0,21.951899980194867,21.951899980194867,21.951899980194867
oracle,3,10,1,Seluun,chief executive,1,0.0,0,1,0.0,0.0,20.257299998775125,20.257299998775125,20.257299998775125
oracle,3,10,2,Seluun,chief engineer,1,0.0,0,1,0.0,0.0,21.14409999921918,21.14409999921918,21.14409999921918
oracle,3,10,3,Seluun,flagship product,1,0.0,0,1,0.0,0.0,22.04349997919053,22.04349997919053,22.04349997919053
oracle,3,10,4,Seluun,board chair,1,0.0,0,1,0.0,0.0,19.604899978730828,19.604899978730828,19.604899978730828
oracle,3,10,5,Draskel,research lab city,1,9.609216,0,1,0.0,0.0,19.608200003858656,19.608200003858656,19.608200003858656
oracle,3,10,6,Draskel,anthem composer,1,0.0,0,1,0.0,0.0,20.1480999821797,20.1480999821797,20.1480999821797
oracle,3,10,7,Draskel,mascot animal,1,0.0,0,1,0.0,0.0,19.9612999567762,19.9612999567762,19.9612999567762
oracle,3,10,8,Draskel,chief executive,1,0.0,0,1,0.0,0.0,19.32190003572032,19.32190003572032,19.32190003572032
oracle,3,10,9,Seluun,founding river,1,9.437184,0,1,0.0,0.0,19.39440000569448,19.39440000569448,19.39440000569448
oracle,3,10,10,Seluun,satellite name,1,0.0,0,1,0.0,0.0,20.1674000127241,20.1674000127241,20.1674000127241
oracle,3,10,11,Bramwick,annual revenue,1,8.835072,0,1,0.0,0.0,22.767600021325052,22.767600021325052,22.767600021325052
oracle,3,11,0,Toskarel,corporate color,1,9.474048,0,1,0.0,0.0,20.643799973186105,20.643799973186105,20.643799973186105
oracle,3,11,1,Toskarel,satellite name,1,0.0,0,1,0.0,0.0,20.307599974330515,20.307599974330515,20.307599974330515
oracle,3,11,2,Quorvane,motto word,1,10.309632,0,1,0.0,0.0,21.241100039333105,21.241100039333105,21.241100039333105
oracle,3,11,3,Quorvane,anthem composer,1,0.0,0,1,0.0,0.0,20.695600018370897,20.695600018370897,20.695600018370897
oracle,3,11,4,Seluun,motto word,1,9.437184,0,1,0.0,0.0,21.036999998614192,21.036999998614192,21.036999998614192
oracle,3,11,5,Seluun,motto word,1,0.0,0,1,0.0,0.0,19.6828999905847,19.6828999905847,19.6828999905847
oracle,3,11,6,Seluun,stock ticker,1,0.0,0,1,0.0,0.0,19.5778000052087,19.5778000052087,19.5778000052087
oracle,3,11,7,Seluun,chief executive,1,0.0,0,1,0.0,0.0,21.90390002215281,21.90390002215281,21.90390002215281
oracle,3,11,8,Bramwick,founding year,1,8.835072,0,1,0.0,0.0,20.503100007772446,20.503100007772446,20.503100007772446
oracle,3,11,9,Bramwick,research lab city,1,0.0,0,1,0.0,0.0,21.028099989052862,21.028099989052862,21.028099989052862
oracle,3,11,10,Bramwick,employee count,1,0.0,0,1,0.0,0.0,21.33240003604442,21.33240003604442,21.33240003604442
oracle,3,11,11,Bramwick,chief engineer,1,0.0,0,1,0.0,0.0,20.497000019531697,20.497000019531697,20.497000019531697
oracle,3,12,0,Ilmeth,corporate color,1,8.761344,0,1,0.0,0.0,22.020399977918714,22.020399977918714,22.020399977918714
oracle,3,12,1,Draskel,chief engineer,1,9.609216,0,1,0.0,0.0,20.93659999081865,20.93659999081865,20.93659999081865
oracle,3,12,2,Draskel,signature dish,1,0.0,0,1,0.0,0.0,20.349400001578033,20.349400001578033,20.349400001578033
oracle,3,12,3,Pyrenna,employee count,1,9.510912,0,1,0.0,0.0,23.255600011907518,23.255600011907518,23.255600011907518
oracle,3,12,4,Draskel,anthem composer,1,9.609216,0,1,0.0,0.0,23.023599991574883,23.023599991574883,23.023599991574883
oracle,3,12,5,Veltrax,chief engineer,1,9.535488,0,1,0.0,0.0,21.90839999821037,21.90839999821037,21.90839999821037
oracle,3,12,6,Pyrenna,corporate color,1,9.510912,0,1,0.0,0.0,19.626100023742765,19.626100023742765,19.626100023742765
oracle,3,12,7,Pyrenna,anthem composer,1,0.0,0,1,0.0,0.0,20.135500002652407,20.135500002652407,20.135500002652407
oracle,3,12,8,Pyrenna,motto word,1,0.0,0,1,0.0,0.0,21.067399997264147,21.067399997264147,21.067399997264147
oracle,3,12,9,Pyrenna,chief executive,1,0.0,0,1,0.0,0.0,21.08169998973608,21.08169998973608,21.08169998973608
oracle,3,12,10,Ilmeth,archive codename,1,8.761344,0,1,0.0,0.0,19.497700035572052,19.497700035572052,19.497700035572052
oracle,3,12,11,Ilmeth,anthem composer,1,0.0,0,1,0.0,0.0,20.48639999702573,20.48639999702573,20.48639999702573
oracle,3,13,0,Seluun,founding year,1,9.437184,0,1,0.0,0.0,20.48750000540167,20.48750000540167,20.48750000540167
oracle,3,13,1,Seluun,chief engineer,1,0.0,0,1,0.0,0.0,19.888500042725354,19.888500042725354,19.888500042725354
oracle,3,13,2,Seluun,lucky number,1,0.0,0,1,0.0,0.0,20.89489996433258,20.89489996433258,20.89489996433258
oracle,3,13,3,Seluun,archive codename,1,0.0,0,1,0.0,0.0,19.545699993614107,19.545699993614107,19.545699993614107
oracle,3,13,4,Veltrax,headquarters city,1,9.535488,0,1,0.0,0.0,21.699099976103753,21.699099976103753,21.699099976103753
oracle,3,13,5,Pyrenna,satellite name,1,9.510912,0,1,0.0,0.0,21.711899957153946,21.711899957153946,21.711899957153946
oracle,3,13,6,Pyrenna,stock ticker,1,0.0,0,1,0.0,0.0,19.94230004493147,19.94230004493147,19.94230004493147
oracle,3,13,7,Pyrenna,annual revenue,1,0.0,0,1,0.0,0.0,20.16770001500845,20.16770001500845,20.16770001500845
oracle,3,13,8,Pyrenna,corporate color,1,0.0,0,1,0.0,0.0,21.470400039106607,21.470400039106607,21.470400039106607
oracle,3,13,9,Draskel,lucky number,1,9.609216,0,1,0.0,0.0,21.301899978425354,21.301899978425354,21.301899978425354
oracle,3,13,10,Draskel,signature dish,1,0.0,0,1,0.0,0.0,21.38089999789372,21.38089999789372,21.38089999789372
oracle,3,13,11,Draskel,founding river,1,0.0,0,1,0.0,0.0,20.181300002150238,20.181300002150238,20.181300002150238
oracle,3,14,0,Draskel,chief engineer,1,9.609216,0,1,0.0,0.0,19.41179996356368,19.41179996356368,19.41179996356368
oracle,3,14,1,Draskel,lucky number,1,0.0,0,1,0.0,0.0,23.7529999576509,23.7529999576509,23.7529999576509
oracle,3,14,2,Bramwick,chief engineer,1,8.835072,0,1,0.0,0.0,20.376000029500574,20.376000029500574,20.376000029500574
oracle,3,14,3,Bramwick,stock ticker,1,0.0,0,1,0.0,0.0,19.54700000351295,19.54700000351295,19.54700000351295
oracle,3,14,4,Draskel,headquarters city,1,9.609216,0,1,0.0,0.0,19.935899996198714,19.935899996198714,19.935899996198714
oracle,3,14,5,Toskarel,corporate color,1,9.474048,0,1,0.0,0.0,20.660300040617585,20.660300040617585,20.660300040617585
oracle,3,14,6,Toskarel,mascot animal,1,0.0,0,1,0.0,0.0,19.568300049286336,19.568300049286336,19.568300049286336
oracle,3,14,7,Toskarel,primary material,1,0.0,0,1,0.0,0.0,19.412699970416725,19.412699970416725,19.412699970416725
oracle,3,14,8,Quorvane,corporate color,1,10.309632,0,1,0.0,0.0,19.335999968461692,19.335999968461692,19.335999968461692
oracle,3,14,9,Veltrax,board chair,1,9.535488,0,1,0.0,0.0,19.367999979294837,19.367999979294837,19.367999979294837
oracle,3,14,10,Veltrax,flagship product,1,0.0,0,1,0.0,0.0,19.449999963399023,19.449999963399023,19.449999963399023
oracle,3,14,11,Quorvane,corporate color,1,10.309632,0,1,0.0,0.0,19.404799968469888,19.404799968469888,19.404799968469888
oracle,3,15,0,Bramwick,mascot animal,1,8.835072,0,1,0.0,0.0,19.614100048784167,19.614100048784167,19.614100048784167
oracle,3,15,1,Veltrax,lucky number,1,9.535488,0,1,0.0,0.0,19.500299997162074,19.500299997162074,19.500299997162074
oracle,3,15,2,Quorvane,annual revenue,1,10.309632,0,1,0.0,0.0,19.792000006418675,19.792000006418675,19.792000006418675
oracle,3,15,3,Quorvane,corporate color,1,0.0,0,1,0.0,0.0,19.62989999447018,19.62989999447018,19.62989999447018
oracle,3,15,4,Quorvane,headquarters city,1,0.0,0,1,0.0,0.0,19.59149999311194,19.59149999311194,19.59149999311194
oracle,3,15,5,Quorvane,chief executive,1,0.0,0,1,0.0,0.0,19.335300021339208,19.335300021339208,19.335300021339208
oracle,3,15,6,Seluun,stock ticker,1,9.437184,0,1,0.0,0.0,19.509100005961955,19.509100005961955,19.509100005961955
oracle,3,15,7,Bramwick,employee count,1,8.835072,0,1,0.0,0.0,19.864799978677183,19.864799978677183,19.864799978677183
oracle,3,15,8,Quorvane,founding river,1,10.309632,0,1,0.0,0.0,19.636499986518174,19.636499986518174,19.636499986518174
oracle,3,15,9,Seluun,annual revenue,1,9.437184,0,1,0.0,0.0,19.96869995491579,19.96869995491579,19.96869995491579
oracle,3,15,10,Bramwick,annual revenue,1,8.835072,0,1,0.0,0.0,19.544499984476715,19.544499984476715,19.544499984476715
oracle,3,15,11,Bramwick,chief engineer,1,0.0,0,1,0.0,0.0,20.029000006616116,20.029000006616116,20.029000006616116
oracle,3,16,0,Seluun,mascot animal,1,9.437184,0,1,0.0,0.0,23.644100001547486,23.644100001547486,23.644100001547486
oracle,3,16,1,Seluun,board chair,1,0.0,0,1,0.0,0.0,19.640499958768487,19.640499958768487,19.640499958768487
oracle,3,16,2,Seluun,flagship product,1,0.0,0,1,0.0,0.0,21.880700020119548,21.880700020119548,21.880700020119548
oracle,3,16,3,Draskel,motto word,1,9.609216,0,1,0.0,0.0,19.13940004305914,19.13940004305914,19.13940004305914
oracle,3,16,4,Draskel,anthem composer,1,0.0,0,1,0.0,0.0,18.71999999275431,18.71999999275431,18.71999999275431
oracle,3,16,5,Draskel,mascot animal,1,0.0,0,1,0.0,0.0,19.551700039301068,19.551700039301068,19.551700039301068
oracle,3,16,6,Draskel,satellite name,1,0.0,0,1,0.0,0.0,20.398100023157895,20.398100023157895,20.398100023157895
oracle,3,16,7,Draskel,board chair,1,0.0,0,1,0.0,0.0,20.215499971527606,20.215499971527606,20.215499971527606
oracle,3,16,8,Draskel,stock ticker,1,0.0,0,1,0.0,0.0,19.880599982570857,19.880599982570857,19.880599982570857
oracle,3,16,9,Draskel,primary material,1,0.0,0,1,0.0,0.0,19.188900012522936,19.188900012522936,19.188900012522936
oracle,3,16,10,Draskel,mascot animal,1,0.0,0,1,0.0,0.0,19.571500015445054,19.571500015445054,19.571500015445054
oracle,3,16,11,Draskel,satellite name,1,0.0,0,1,0.0,0.0,19.242700014729053,19.242700014729053,19.242700014729053
oracle,3,17,0,Ilmeth,anthem composer,1,8.761344,0,1,0.0,0.0,20.53499995963648,20.53499995963648,20.53499995963648
oracle,3,17,1,Ilmeth,archive codename,1,0.0,0,1,0.0,0.0,21.64310001535341,21.64310001535341,21.64310001535341
oracle,3,17,2,Draskel,satellite name,1,9.609216,0,1,0.0,0.0,19.484099990222603,19.484099990222603,19.484099990222603
oracle,3,17,3,Seluun,primary material,1,9.437184,0,1,0.0,0.0,30.51529999356717,30.51529999356717,30.51529999356717
oracle,3,17,4,Bramwick,flagship product,1,8.835072,0,1,0.0,0.0,21.739199990406632,21.739199990406632,21.739199990406632
oracle,3,17,5,Bramwick,founding year,1,0.0,0,1,0.0,0.0,18.70199997210875,18.70199997210875,18.70199997210875
oracle,3,17,6,Bramwick,employee count,1,0.0,0,1,0.0,0.0,18.676000006962568,18.676000006962568,18.676000006962568
oracle,3,17,7,Bramwick,research lab city,1,0.0,0,1,0.0,0.0,19.14960000431165,19.14960000431165,19.14960000431165
oracle,3,17,8,Bramwick,primary material,1,0.0,0,1,0.0,0.0,19.755000015720725,19.755000015720725,19.755000015720725
oracle,3,17,9,Bramwick,research lab city,1,0.0,0,1,0.0,0.0,19.088300003204495,19.088300003204495,19.088300003204495
oracle,3,17,10,Quorvane,founding year,1,10.309632,0,1,0.0,0.0,20.78969997819513,20.78969997819513,20.78969997819513
oracle,3,17,11,Quorvane,founding river,1,0.0,0,1,0.0,0.0,23.53830001084134,23.53830001084134,23.53830001084134
oracle,3,18,0,Bramwick,chief engineer,1,8.835072,0,1,0.0,0.0,19.745700003113598,19.745700003113598,19.745700003113598
oracle,3,18,1,Quorvane,flagship product,1,10.309632,0,1,0.0,0.0,18.75099999597296,18.75099999597296,18.75099999597296
oracle,3,18,2,Veltrax,annual revenue,1,9.535488,0,1,0.0,0.0,19.925700034946203,19.925700034946203,19.925700034946203
oracle,3,18,3,Veltrax,founding year,1,0.0,0,1,0.0,0.0,18.824899976607412,18.824899976607412,18.824899976607412
oracle,3,18,4,Draskel,founding river,1,9.609216,0,1,0.0,0.0,19.23890004400164,19.23890004400164,19.23890004400164
oracle,3,18,5,Pyrenna,primary material,1,9.510912,0,1,0.0,0.0,19.024499983061105,19.024499983061105,19.024499983061105
oracle,3,18,6,Ilmeth,board chair,1,8.761344,0,1,0.0,0.0,20.68139996845275,20.68139996845275,20.68139996845275
oracle,3,18,7,Draskel,research lab city,1,9.609216,0,1,0.0,0.0,19.252300029620528,19.252300029620528,19.252300029620528
oracle,3,18,8,Draskel,annual revenue,1,0.0,0,1,0.0,0.0,19.350699963979423,19.350699963979423,19.350699963979423
oracle,3,18,9,Draskel,annual revenue,1,0.0,0,1,0.0,0.0,21.218399982899427,21.218399982899427,21.218399982899427
oracle,3,18,10,Draskel,board chair,1,0.0,0,1,0.0,0.0,21.02270000614226,21.02270000614226,21.02270000614226
oracle,3,18,11,Draskel,chief executive,1,0.0,0,1,0.0,0.0,20.162099972367287,20.162099972367287,20.162099972367287
oracle,3,19,0,Draskel,primary material,1,9.609216,0,1,0.0,0.0,19.71130003221333,19.71130003221333,19.71130003221333
oracle,3,19,1,Pyrenna,employee count,1,9.510912,0,1,0.0,0.0,20.4342000070028,20.4342000070028,20.4342000070028
oracle,3,19,2,Ilmeth,stock ticker,1,8.761344,0,1,0.0,0.0,20.781400031410158,20.781400031410158,20.781400031410158
oracle,3,19,3,Draskel,board chair,1,9.609216,0,1,0.0,0.0,19.584800000302494,19.584800000302494,19.584800000302494
oracle,3,19,4,Draskel,stock ticker,1,0.0,0,1,0.0,0.0,19.77940002689138,19.77940002689138,19.77940002689138
oracle,3,19,5,Pyrenna,anthem composer,1,9.510912,0,1,0.0,0.0,20.453300036024302,20.453300036024302,20.453300036024302
oracle,3,19,6,Pyrenna,founding river,1,0.0,0,1,0.0,0.0,20.3099999926053,20.3099999926053,20.3099999926053
oracle,3,19,7,Ilmeth,corporate color,1,8.761344,0,1,0.0,0.0,20.773899974301457,20.773899974301457,20.773899974301457
oracle,3,19,8,Ilmeth,headquarters city,1,0.0,0,1,0.0,0.0,20.655700005590916,20.655700005590916,20.655700005590916
oracle,3,19,9,Ilmeth,flagship product,1,0.0,0,1,0.0,0.0,20.08340001339093,20.08340001339093,20.08340001339093
oracle,3,19,10,Toskarel,chief executive,1,9.474048,0,1,0.0,0.0,22.02840003883466,22.02840003883466,22.02840003883466
oracle,3,19,11,Toskarel,founding river,1,0.0,0,1,0.0,0.0,20.992100005969405,20.992100005969405,20.992100005969405
oracle,3,20,0,Ilmeth,chief executive,1,8.761344,0,1,0.0,0.0,20.45959996758029,20.45959996758029,20.45959996758029
oracle,3,20,1,Ilmeth,stock ticker,1,0.0,0,1,0.0,0.0,20.448299997951835,20.448299997951835,20.448299997951835
oracle,3,20,2,Draskel,signature dish,1,9.609216,0,1,0.0,0.0,19.55430000089109,19.55430000089109,19.55430000089109
oracle,3,20,3,Draskel,chief engineer,1,0.0,0,1,0.0,0.0,21.423499973025173,21.423499973025173,21.423499973025173
oracle,3,20,4,Draskel,chief executive,1,0.0,0,1,0.0,0.0,19.720599986612797,19.720599986612797,19.720599986612797
oracle,3,20,5,Pyrenna,founding river,1,9.510912,0,1,0.0,0.0,19.346099987160414,19.346099987160414,19.346099987160414
oracle,3,20,6,Pyrenna,headquarters city,1,0.0,0,1,0.0,0.0,19.19409999391064,19.19409999391064,19.19409999391064
oracle,3,20,7,Pyrenna,anthem composer,1,0.0,0,1,0.0,0.0,19.353599986061454,19.353599986061454,19.353599986061454
oracle,3,20,8,Pyrenna,board chair,1,0.0,0,1,0.0,0.0,19.95129999704659,19.95129999704659,19.95129999704659
oracle,3,20,9,Ilmeth,anthem composer,1,8.761344,0,1,0.0,0.0,19.50230001239106,19.50230001239106,19.50230001239106
oracle,3,20,10,Ilmeth,lucky number,1,0.0,0,1,0.0,0.0,19.702699966728687,19.702699966728687,19.702699966728687
oracle,3,20,11,Toskarel,motto word,1,9.474048,0,1,0.0,0.0,20.787600020412356,20.787600020412356,20.787600020412356
oracle,3,21,0,Draskel,founding year,1,9.609216,0,1,0.0,0.0,20.199399965349585,20.199399965349585,20.199399965349585
oracle,3,21,1,Pyrenna,chief engineer,1,9.510912,0,1,0.0,0.0,20.083600014913827,20.083600014913827,20.083600014913827
oracle,3,21,2,Draskel,stock ticker,1,9.609216,0,1,0.0,0.0,20.260099961888045,20.260099961888045,20.260099961888045
oracle,3,21,3,Draskel,corporate color,1,0.0,0,1,0.0,0.0,20.247100037522614,20.247100037522614,20.247100037522614
oracle,3,21,4,Pyrenna,satellite name,1,9.510912,0,1,0.0,0.0,20.1871000463143,20.1871000463143,20.1871000463143
oracle,3,21,5,Ilmeth,board chair,1,8.761344,0,1,0.0,0.0,19.061399972997606,19.061399972997606,19.061399972997606
oracle,3,21,6,Seluun,signature dish,1,9.437184,0,1,0.0,0.0,22.23010000307113,22.23010000307113,22.23010000307113
oracle,3,21,7,Seluun,employee count,1,0.0,0,1,0.0,0.0,20.692499994765967,20.692499994765967,20.692499994765967
oracle,3,21,8,Draskel,research lab city,1,9.609216,0,1,0.0,0.0,19.34549998259172,19.34549998259172,19.34549998259172
oracle,3,21,9,Draskel,annual revenue,1,0.0,0,1,0.0,0.0,19.5409000152722,19.5409000152722,19.5409000152722
oracle,3,21,10,Draskel,mascot animal,1,0.0,0,1,0.0,0.0,22.491500014439225,22.491500014439225,22.491500014439225
oracle,3,21,11,Pyrenna,chief executive,1,9.510912,0,1,0.0,0.0,19.48479999555275,19.48479999555275,19.48479999555275
oracle,3,22,0,Bramwick,chief engineer,1,8.835072,0,1,0.0,0.0,19.439600000623614,19.439600000623614,19.439600000623614
oracle,3,22,1,Bramwick,flagship product,1,0.0,0,1,0.0,0.0,19.397700030822307,19.397700030822307,19.397700030822307
oracle,3,22,2,Veltrax,headquarters city,1,9.535488,0,1,0.0,0.0,20.905699988361448,20.905699988361448,20.905699988361448
oracle,3,22,3,Pyrenna,mascot animal,1,9.510912,0,1,0.0,0.0,19.33209999697283,19.33209999697283,19.33209999697283
oracle,3,22,4,Ilmeth,signature dish,1,8.761344,0,1,0.0,0.0,20.43730003060773,20.43730003060773,20.43730003060773
oracle,3,22,5,Toskarel,chief engineer,1,9.474048,0,1,0.0,0.0,19.29949998157099,19.29949998157099,19.29949998157099
oracle,3,22,6,Quorvane,flagship product,1,10.309632,0,1,0.0,0.0,21.617399994283915,21.617399994283915,21.617399994283915
oracle,3,22,7,Seluun,flagship product,1,9.437184,0,1,0.0,0.0,20.91560000553727,20.91560000553727,20.91560000553727
oracle,3,22,8,Seluun,motto word,1,0.0,0,1,0.0,0.0,19.192100036889315,19.192100036889315,19.192100036889315
oracle,3,22,9,Seluun,annual revenue,1,0.0,0,1,0.0,0.0,20.350600010715425,20.350600010715425,20.350600010715425
oracle,3,22,10,Bramwick,motto word,1,8.835072,0,1,0.0,0.0,19.492299994453788,19.492299994453788,19.492299994453788
oracle,3,22,11,Quorvane,anthem composer,1,10.309632,0,1,0.0,0.0,19.570200005546212,19.570200005546212,19.570200005546212
oracle,3,23,0,Draskel,founding river,1,9.609216,0,1,0.0,0.0,19.50389996636659,19.50389996636659,19.50389996636659
oracle,3,23,1,Pyrenna,lucky number,1,9.510912,0,1,0.0,0.0,19.124099984765053,19.124099984765053,19.124099984765053
oracle,3,23,2,Pyrenna,mascot animal,1,0.0,0,1,0.0,0.0,21.985100000165403,21.985100000165403,21.985100000165403
oracle,3,23,3,Veltrax,founding year,1,9.535488,0,1,0.0,0.0,20.16469999216497,20.16469999216497,20.16469999216497
oracle,3,23,4,Quorvane,chief engineer,1,10.309632,0,1,0.0,0.0,20.796500029973686,20.796500029973686,20.796500029973686
oracle,3,23,5,Veltrax,mascot animal,1,9.535488,0,1,0.0,0.0,21.190200001001358,21.190200001001358,21.190200001001358
oracle,3,23,6,Veltrax,employee count,1,0.0,0,1,0.0,0.0,19.135500013362616,19.135500013362616,19.135500013362616
oracle,3,23,7,Pyrenna,founding year,1,9.510912,0,1,0.0,0.0,18.74669996323064,18.74669996323064,18.74669996323064
oracle,3,23,8,Pyrenna,anthem composer,1,0.0,0,1,0.0,0.0,19.641999970190227,19.641999970190227,19.641999970190227
oracle,3,23,9,Pyrenna,annual revenue,1,0.0,0,1,0.0,0.0,19.362699997145683,19.362699997145683,19.362699997145683
oracle,3,23,10,Pyrenna,chief executive,1,0.0,0,1,0.0,0.0,19.58080002805218,19.58080002805218,19.58080002805218
oracle,3,23,11,Pyrenna,primary material,1,0.0,0,1,0.0,0.0,19.29059997200966,19.29059997200966,19.29059997200966
oracle,3,24,0,Veltrax,signature dish,1,9.535488,0,1,0.0,0.0,20.644200034439564,20.644200034439564,20.644200034439564
oracle,3,24,1,Pyrenna,stock ticker,1,9.510912,0,1,0.0,0.0,19.782800052780658,19.782800052780658,19.782800052780658
oracle,3,24,2,Ilmeth,chief executive,1,8.761344,0,1,0.0,0.0,20.3975000185892,20.3975000185892,20.3975000185892
oracle,3,24,3,Ilmeth,lucky number,1,0.0,0,1,0.0,0.0,19.21060000313446,19.21060000313446,19.21060000313446
oracle,3,24,4,Toskarel,mascot animal,1,9.474048,0,1,0.0,0.0,19.614499993622303,19.614499993622303,19.614499993622303
oracle,3,24,5,Quorvane,chief engineer,1,10.309632,0,1,0.0,0.0,20.882599987089634,20.882599987089634,20.882599987089634
oracle,3,24,6,Veltrax,motto word,1,9.535488,0,1,0.0,0.0,21.294400037731975,21.294400037731975,21.294400037731975
oracle,3,24,7,Veltrax,satellite name,1,0.0,0,1,0.0,0.0,19.86240001861006,19.86240001861006,19.86240001861006
oracle,3,24,8,Ilmeth,research lab city,1,8.761344,0,1,0.0,0.0,19.55430000089109,19.55430000089109,19.55430000089109
oracle,3,24,9,Ilmeth,anthem composer,1,0.0,0,1,0.0,0.0,19.79420002317056,19.79420002317056,19.79420002317056
oracle,3,24,10,Draskel,research lab city,1,9.609216,0,1,0.0,0.0,19.37789999647066,19.37789999647066,19.37789999647066
oracle,3,24,11,Draskel,anthem composer,1,0.0,0,1,0.0,0.0,20.854200003668666,20.854200003668666,20.854200003668666
oracle,3,25,0,Bramwick,chief executive,1,8.835072,0,1,0.0,0.0,19.768400001339614,19.768400001339614,19.768400001339614
oracle,3,25,1,Toskarel,stock ticker,1,9.474048,0,1,0.0,0.0,19.80180002283305,19.80180002283305,19.80180002283305
oracle,3,25,2,Toskarel,flagship product,1,0.0,0,1,0.0,0.0,20.289599953684956,20.289599953684956,20.289599953684956
oracle,3,25,3,Toskarel,mascot animal,1,0.0,0,1,0.0,0.0,19.88609996624291,19.88609996624291,19.88609996624291
oracle,3,25,4,Pyrenna,headquarters city,1,9.510912,0,1,0.0,0.0,21.346199966501445,21.346199966501445,21.346199966501445
oracle,3,25,5,Ilmeth,signature dish,1,8.761344,0,1,0.0,0.0,19.77049995912239,19.77049995912239,19.77049995912239
oracle,3,25,6,Ilmeth,chief engineer,1,0.0,0,1,0.0,0.0,21.109199966304004,21.109199966304004,21.109199966304004
oracle,3,25,7,Ilmeth,anthem composer,1,0.0,0,1,0.0,0.0,21.16490004118532,21.16490004118532,21.16490004118532
oracle,3,25,8,Ilmeth,employee count,1,0.0,0,1,0.0,0.0,21.06250001816079,21.06250001816079,21.06250001816079
oracle,3,25,9,Toskarel,founding year,1,9.474048,0,1,0.0,0.0,21.178699971642345,21.178699971642345,21.178699971642345
oracle,3,25,10,Quorvane,chief executive,1,10.309632,0,1,0.0,0.0,19.248700002208352,19.248700002208352,19.248700002208352
oracle,3,25,11,Quorvane,chief engineer,1,0.0,0,1,0.0,0.0,19.59879999049008,19.59879999049008,19.59879999049008
oracle,3,26,0,Veltrax,annual revenue,1,9.535488,0,1,0.0,0.0,20.323799981269985,20.323799981269985,20.323799981269985
oracle,3,26,1,Veltrax,stock ticker,1,0.0,0,1,0.0,0.0,21.33499999763444,21.33499999763444,21.33499999763444
oracle,3,26,2,Veltrax,employee count,1,0.0,0,1,0.0,0.0,20.172399992588907,20.172399992588907,20.172399992588907
oracle,3,26,3,Veltrax,annual revenue,1,0.0,0,1,0.0,0.0,19.625599961727858,19.625599961727858,19.625599961727858
oracle,3,26,4,Quorvane,flagship product,1,10.309632,0,1,0.0,0.0,19.426100014243275,19.426100014243275,19.426100014243275
oracle,3,26,5,Quorvane,motto word,1,0.0,0,1,0.0,0.0,20.083799958229065,20.083799958229065,20.083799958229065
oracle,3,26,6,Quorvane,mascot animal,1,0.0,0,1,0.0,0.0,20.034899993333966,20.034899993333966,20.034899993333966
oracle,3,26,7,Quorvane,chief engineer,1,0.0,0,1,0.0,0.0,21.233699982985854,21.233699982985854,21.233699982985854
oracle,3,26,8,Quorvane,annual revenue,1,0.0,0,1,0.0,0.0,19.872999982908368,19.872999982908368,19.872999982908368
oracle,3,26,9,Seluun,flagship product,1,9.437184,0,1,0.0,0.0,19.760600000154227,19.760600000154227,19.760600000154227
oracle,3,26,10,Seluun,founding river,1,0.0,0,1,0.0,0.0,21.05819998541847,21.05819998541847,21.05819998541847
oracle,3,26,11,Seluun,anthem composer,1,0.0,0,1,0.0,0.0,19.69919999828562,19.69919999828562,19.69919999828562
oracle,3,27,0,Pyrenna,corporate color,1,9.510912,0,1,0.0,0.0,19.689499982632697,19.689499982632697,19.689499982632697
oracle,3,27,1,Pyrenna,annual revenue,1,0.0,0,1,0.0,0.0,20.20610001636669,20.20610001636669,20.20610001636669
oracle,3,27,2,Pyrenna,flagship product,1,0.0,0,1,0.0,0.0,21.30269998451695,21.30269998451695,21.30269998451695
oracle,3,27,3,Pyrenna,employee count,1,0.0,0,1,0.0,0.0,21.828100027050823,21.828100027050823,21.828100027050823
oracle,3,27,4,Pyrenna,headquarters city,1,0.0,0,1,0.0,0.0,20.239300036337227,20.239300036337227,20.239300036337227
oracle,3,27,5,Pyrenna,anthem composer,1,0.0,0,1,0.0,0.0,25.22870001848787,25.22870001848787,25.22870001848787
oracle,3,27,6,Pyrenna,primary material,1,0.0,0,1,0.0,0.0,19.605499983299524,19.605499983299524,19.605499983299524
oracle,3,27,7,Pyrenna,stock ticker,1,0.0,0,1,0.0,0.0,19.169299979694188,19.169299979694188,19.169299979694188
oracle,3,27,8,Pyrenna,signature dish,1,0.0,0,1,0.0,0.0,20.23299998836592,20.23299998836592,20.23299998836592
oracle,3,27,9,Pyrenna,signature dish,1,0.0,0,1,0.0,0.0,20.291100023314357,20.291100023314357,20.291100023314357
oracle,3,27,10,Pyrenna,chief engineer,1,0.0,0,1,0.0,0.0,19.76890000514686,19.76890000514686,19.76890000514686
oracle,3,27,11,Toskarel,chief engineer,1,9.474048,0,1,0.0,0.0,19.82690003933385,19.82690003933385,19.82690003933385
oracle,3,28,0,Seluun,stock ticker,1,9.437184,0,1,0.0,0.0,20.06999996956438,20.06999996956438,20.06999996956438
oracle,3,28,1,Seluun,research lab city,1,0.0,0,1,0.0,0.0,19.36159998876974,19.36159998876974,19.36159998876974
oracle,3,28,2,Bramwick,chief executive,1,8.835072,0,1,0.0,0.0,19.375699979718775,19.375699979718775,19.375699979718775
oracle,3,28,3,Veltrax,employee count,1,9.535488,0,1,0.0,0.0,19.546299998182803,19.546299998182803,19.546299998182803
oracle,3,28,4,Veltrax,lucky number,1,0.0,0,1,0.0,0.0,20.228899957146496,20.228899957146496,20.228899957146496
oracle,3,28,5,Veltrax,stock ticker,1,0.0,0,1,0.0,0.0,19.747500016819686,19.747500016819686,19.747500016819686
oracle,3,28,6,Quorvane,research lab city,1,10.309632,0,1,0.0,0.0,20.24340000934899,20.24340000934899,20.24340000934899
oracle,3,28,7,Toskarel,annual revenue,1,9.474048,0,1,0.0,0.0,20.393599988892674,20.393599988892674,20.393599988892674
oracle,3,28,8,Toskarel,board chair,1,0.0,0,1,0.0,0.0,19.721899996511638,19.721899996511638,19.721899996511638
oracle,3,28,9,Ilmeth,founding year,1,8.761344,0,1,0.0,0.0,20.469299983233213,20.469299983233213,20.469299983233213
oracle,3,28,10,Ilmeth,motto word,1,0.0,0,1,0.0,0.0,19.678400014527142,19.678400014527142,19.678400014527142
oracle,3,28,11,Ilmeth,flagship product,1,0.0,0,1,0.0,0.0,19.615700002759695,19.615700002759695,19.615700002759695
oracle,3,29,0,Bramwick,board chair,1,8.835072,0,1,0.0,0.0,19.542000023648143,19.542000023648143,19.542000023648143
oracle,3,29,1,Bramwick,flagship product,1,0.0,0,1,0.0,0.0,24.634199973661453,24.634199973661453,24.634199973661453
oracle,3,29,2,Pyrenna,flagship product,1,9.510912,0,1,0.0,0.0,20.41210001334548,20.41210001334548,20.41210001334548
oracle,3,29,3,Pyrenna,chief executive,1,0.0,0,1,0.0,0.0,19.530199992004782,19.530199992004782,19.530199992004782
oracle,3,29,4,Draskel,chief executive,1,9.609216,0,1,0.0,0.0,21.69510000385344,21.69510000385344,21.69510000385344
oracle,3,29,5,Seluun,corporate color,1,9.437184,0,1,0.0,0.0,21.8728999607265,21.8728999607265,21.8728999607265
oracle,3,29,6,Seluun,archive codename,1,0.0,0,1,0.0,0.0,20.755300007294863,20.755300007294863,20.755300007294863
oracle,3,29,7,Seluun,research lab city,1,0.0,0,1,0.0,0.0,20.414000027813017,20.414000027813017,20.414000027813017
oracle,3,29,8,Seluun,primary material,1,0.0,0,1,0.0,0.0,20.672300015576184,20.672300015576184,20.672300015576184
oracle,3,29,9,Seluun,mascot animal,1,0.0,0,1,0.0,0.0,19.676500000059605,19.676500000059605,19.676500000059605
oracle,3,29,10,Seluun,motto word,1,0.0,0,1,0.0,0.0,19.655700016301125,19.655700016301125,19.655700016301125
oracle,3,29,11,Seluun,research lab city,1,0.0,0,1,0.0,0.0,20.930200000293553,20.930200000293553,20.930200000293553
oracle,3,30,0,Draskel,lucky number,1,9.609216,0,1,0.0,0.0,20.058699999935925,20.058699999935925,20.058699999935925
oracle,3,30,1,Pyrenna,archive codename,1,9.510912,0,1,0.0,0.0,21.980000019539148,21.980000019539148,21.980000019539148
oracle,3,30,2,Pyrenna,anthem composer,1,0.0,0,1,0.0,0.0,19.599599996581674,19.599599996581674,19.599599996581674
oracle,3,30,3,Ilmeth,chief executive,1,8.761344,0,1,0.0,0.0,19.6655000327155,19.6655000327155,19.6655000327155
oracle,3,30,4,Ilmeth,signature dish,1,0.0,0,1,0.0,0.0,19.57060000859201,19.57060000859201,19.57060000859201
oracle,3,30,5,Toskarel,headquarters city,1,9.474048,0,1,0.0,0.0,19.994999980553985,19.994999980553985,19.994999980553985
oracle,3,30,6,Toskarel,founding river,1,0.0,0,1,0.0,0.0,20.209599984809756,20.209599984809756,20.209599984809756
oracle,3,30,7,Toskarel,primary material,1,0.0,0,1,0.0,0.0,20.766700035892427,20.766700035892427,20.766700035892427
oracle,3,30,8,Pyrenna,anthem composer,1,9.510912,0,1,0.0,0.0,20.703100017271936,20.703100017271936,20.703100017271936
oracle,3,30,9,Pyrenna,primary material,1,0.0,0,1,0.0,0.0,20.198000012896955,20.198000012896955,20.198000012896955
oracle,3,30,10,Pyrenna,chief engineer,1,0.0,0,1,0.0,0.0,20.25489998050034,20.25489998050034,20.25489998050034
oracle,3,30,11,Pyrenna,signature dish,1,0.0,0,1,0.0,0.0,21.66379999835044,21.66379999835044,21.66379999835044
oracle,3,31,0,Bramwick,board chair,1,8.835072,0,1,0.0,0.0,20.39269998203963,20.39269998203963,20.39269998203963
oracle,3,31,1,Quorvane,founding river,1,10.309632,0,1,0.0,0.0,20.469499984756112,20.469499984756112,20.469499984756112
oracle,3,31,2,Quorvane,signature dish,1,0.0,0,1,0.0,0.0,19.265700015239418,19.265700015239418,19.265700015239418
oracle,3,31,3,Quorvane,employee count,1,0.0,0,1,0.0,0.0,19.766799989156425,19.766799989156425,19.766799989156425
oracle,3,31,4,Quorvane,corporate color,1,0.0,0,1,0.0,0.0,19.50699998997152,19.50699998997152,19.50699998997152
oracle,3,31,5,Quorvane,founding year,1,0.0,0,1,0.0,0.0,19.042200001422316,19.042200001422316,19.042200001422316
oracle,3,31,6,Veltrax,research lab city,1,9.535488,0,1,0.0,0.0,19.553199992515147,19.553199992515147,19.553199992515147
oracle,3,31,7,Veltrax,primary material,1,0.0,0,1,0.0,0.0,19.600999949034303,19.600999949034303,19.600999949034303
oracle,3,31,8,Veltrax,chief executive,1,0.0,0,1,0.0,0.0,19.20320000499487,19.20320000499487,19.20320000499487
oracle,3,31,9,Veltrax,annual revenue,1,0.0,0,1,0.0,0.0,19.763900025282055,19.763900025282055,19.763900025282055
oracle,3,31,10,Veltrax,stock ticker,1,0.0,0,1,0.0,0.0,19.860400003381073,19.860400003381073,19.860400003381073
oracle,3,31,11,Quorvane,lucky number,1,10.309632,0,1,0.0,0.0,19.079300051089376,19.079300051089376,19.079300051089376
oracle,3,32,0,Seluun,flagship product,1,9.437184,0,1,0.0,0.0,19.57949995994568,19.57949995994568,19.57949995994568
oracle,3,32,1,Seluun,employee count,1,0.0,0,1,0.0,0.0,19.497300032526255,19.497300032526255,19.497300032526255
oracle,3,32,2,Seluun,founding year,1,0.0,0,1,0.0,0.0,21.138400014024228,21.138400014024228,21.138400014024228
oracle,3,32,3,Pyrenna,research lab city,1,9.510912,0,1,0.0,0.0,19.2683000350371,19.2683000350371,19.2683000350371
oracle,3,32,4,Ilmeth,archive codename,1,8.761344,0,1,0.0,0.0,19.055199983995408,19.055199983995408,19.055199983995408
oracle,3,32,5,Ilmeth,signature dish,1,0.0,0,1,0.0,0.0,19.175799970980734,19.175799970980734,19.175799970980734
oracle,3,32,6,Ilmeth,archive codename,1,0.0,0,1,0.0,0.0,18.861099961213768,18.861099961213768,18.861099961213768
oracle,3,32,7,Toskarel,chief engineer,1,9.474048,0,1,0.0,0.0,19.52010003151372,19.52010003151372,19.52010003151372
oracle,3,32,8,Quorvane,mascot animal,1,10.309632,0,1,0.0,0.0,22.69979997072369,22.69979997072369,22.69979997072369
oracle,3,32,9,Veltrax,annual revenue,1,9.535488,0,1,0.0,0.0,19.969999964814633,19.969999964814633,19.969999964814633
oracle,3,32,10,Pyrenna,chief executive,1,9.510912,0,1,0.0,0.0,20.03130002412945,20.03130002412945,20.03130002412945
oracle,3,32,11,Pyrenna,employee count,1,0.0,0,1,0.0,0.0,19.413799978792667,19.413799978792667,19.413799978792667
oracle,3,33,0,Veltrax,flagship product,1,9.535488,0,1,0.0,0.0,19.608500006143004,19.608500006143004,19.608500006143004
oracle,3,33,1,Veltrax,lucky number,1,0.0,0,1,0.0,0.0,20.782099978532642,20.782099978532642,20.782099978532642
oracle,3,33,2,Pyrenna,annual revenue,1,9.510912,0,1,0.0,0.0,22.75740000186488,22.75740000186488,22.75740000186488
oracle,3,33,3,Draskel,founding year,1,9.609216,0,1,0.0,0.0,21.891299984417856,21.891299984417856,21.891299984417856
oracle,3,33,4,Draskel,board chair,1,0.0,0,1,0.0,0.0,19.87409999128431,19.87409999128431,19.87409999128431
oracle,3,33,5,Veltrax,anthem composer,1,9.535488,0,1,0.0,0.0,21.472099993843585,21.472099993843585,21.472099993843585
oracle,3,33,6,Veltrax,archive codename,1,0.0,0,1,0.0,0.0,21.651400020346045,21.651400020346045,21.651400020346045
oracle,3,33,7,Veltrax,flagship product,1,0.0,0,1,0.0,0.0,20.278199983295053,20.278199983295053,20.278199983295053
oracle,3,33,8,Quorvane,flagship product,1,10.309632,0,1,0.0,0.0,19.475099979899824,19.475099979899824,19.475099979899824
oracle,3,33,9,Pyrenna,corporate color,1,9.510912,0,1,0.0,0.0,19.249600009061396,19.249600009061396,19.249600009061396
oracle,3,33,10,Pyrenna,headquarters city,1,0.0,0,1,0.0,0.0,20.077700028195977,20.077700028195977,20.077700028195977
oracle,3,33,11,Draskel,annual revenue,1,9.609216,0,1,0.0,0.0,20.848499960266054,20.848499960266054,20.848499960266054
oracle,3,34,0,Seluun,primary material,1,9.437184,0,1,0.0,0.0,21.89059997908771,21.89059997908771,21.89059997908771
oracle,3,34,1,Draskel,annual revenue,1,9.609216,0,1,0.0,0.0,21.062699961476028,21.062699961476028,21.062699961476028
oracle,3,34,2,Draskel,lucky number,1,0.0,0,1,0.0,0.0,19.670399953611195,19.670399953611195,19.670399953611195
oracle,3,34,3,Draskel,annual revenue,1,0.0,0,1,0.0,0.0,20.918100024573505,20.918100024573505,20.918100024573505
oracle,3,34,4,Seluun,corporate color,1,9.437184,0,1,0.0,0.0,21.33039996260777,21.33039996260777,21.33039996260777
oracle,3,34,5,Seluun,archive codename,1,0.0,0,1,0.0,0.0,21.28049999009818,21.28049999009818,21.28049999009818
oracle,3,34,6,Draskel,lucky number,1,9.609216,0,1,0.0,0.0,19.29799997014925,19.29799997014925,19.29799997014925
oracle,3,34,7,Seluun,board chair,1,9.437184,0,1,0.0,0.0,19.536200037691742,19.536200037691742,19.536200037691742
oracle,3,34,8,Seluun,lucky number,1,0.0,0,1,0.0,0.0,19.77179996902123,19.77179996902123,19.77179996902123
oracle,3,34,9,Seluun,research lab city,1,0.0,0,1,0.0,0.0,19.29510000627488,19.29510000627488,19.29510000627488
oracle,3,34,10,Pyrenna,headquarters city,1,9.510912,0,1,0.0,0.0,19.59859998896718,19.59859998896718,19.59859998896718
oracle,3,34,11,Pyrenna,founding river,1,0.0,0,1,0.0,0.0,21.70869999099523,21.70869999099523,21.70869999099523
oracle,3,35,0,Quorvane,motto word,1,10.309632,0,1,0.0,0.0,23.44939997419715,23.44939997419715,23.44939997419715
oracle,3,35,1,Quorvane,stock ticker,1,0.0,0,1,0.0,0.0,20.307299972046167,20.307299972046167,20.307299972046167
oracle,3,35,2,Veltrax,employee count,1,9.535488,0,1,0.0,0.0,19.812399987131357,19.812399987131357,19.812399987131357
oracle,3,35,3,Veltrax,mascot animal,1,0.0,0,1,0.0,0.0,19.600900006480515,19.600900006480515,19.600900006480515
oracle,3,35,4,Veltrax,board chair,1,0.0,0,1,0.0,0.0,21.304900001268834,21.304900001268834,21.304900001268834
oracle,3,35,5,Veltrax,anthem composer,1,0.0,0,1,0.0,0.0,20.05339995957911,20.05339995957911,20.05339995957911
oracle,3,35,6,Pyrenna,archive codename,1,9.510912,0,1,0.0,0.0,21.06840000487864,21.06840000487864,21.06840000487864
oracle,3,35,7,Pyrenna,lucky number,1,0.0,0,1,0.0,0.0,19.75559996208176,19.75559996208176,19.75559996208176
oracle,3,35,8,Ilmeth,lucky number,1,8.761344,0,1,0.0,0.0,20.33939998364076,20.33939998364076,20.33939998364076
oracle,3,35,9,Ilmeth,research lab city,1,0.0,0,1,0.0,0.0,20.119699998758733,20.119699998758733,20.119699998758733
oracle,3,35,10,Ilmeth,motto word,1,0.0,0,1,0.0,0.0,19.642200029920787,19.642200029920787,19.642200029920787
oracle,3,35,11,Ilmeth,board chair,1,0.0,0,1,0.0,0.0,19.478300004266202,19.478300004266202,19.478300004266202
oracle,3,36,0,Ilmeth,headquarters city,1,8.761344,0,1,0.0,0.0,20.112099999096245,20.112099999096245,20.112099999096245
oracle,3,36,1,Ilmeth,signature dish,1,0.0,0,1,0.0,0.0,20.141899993177503,20.141899993177503,20.141899993177503
oracle,3,36,2,Draskel,chief engineer,1,9.609216,0,1,0.0,0.0,19.220099959056824,19.220099959056824,19.220099959056824
oracle,3,36,3,Pyrenna,chief engineer,1,9.510912,0,1,0.0,0.0,20.584700047038496,20.584700047038496,20.584700047038496
oracle,3,36,4,Pyrenna,employee count,1,0.0,0,1,0.0,0.0,19.2356999614276,19.2356999614276,19.2356999614276
oracle,3,36,5,Draskel,chief executive,1,9.609216,0,1,0.0,0.0,18.96600000327453,18.96600000327453,18.96600000327453
oracle,3,36,6,Seluun,satellite name,1,9.437184,0,1,0.0,0.0,19.13779997266829,19.13779997266829,19.13779997266829
oracle,3,36,7,Seluun,flagship product,1,0.0,0,1,0.0,0.0,19.04899999499321,19.04899999499321,19.04899999499321
oracle,3,36,8,Seluun,mascot animal,1,0.0,0,1,0.0,0.0,18.73630000045523,18.73630000045523,18.73630000045523
oracle,3,36,9,Seluun,primary material,1,0.0,0,1,0.0,0.0,18.982000008691102,18.982000008691102,18.982000008691102
oracle,3,36,10,Seluun,founding year,1,0.0,0,1,0.0,0.0,19.246999989263713,19.246999989263713,19.246999989263713
oracle,3,36,11,Draskel,board chair,1,9.609216,0,1,0.0,0.0,19.31439997861162,19.31439997861162,19.31439997861162
oracle,3,37,0,Draskel,stock ticker,1,9.609216,0,1,0.0,0.0,19.261799985542893,19.261799985542893,19.261799985542893
oracle,3,37,1,Pyrenna,stock ticker,1,9.510912,0,1,0.0,0.0,19.882799999322742,19.882799999322742,19.882799999322742
oracle,3,37,2,Ilmeth,founding year,1,8.761344,0,1,0.0,0.0,20.917899964842945,20.917899964842945,20.917899964842945
oracle,3,37,3,Ilmeth,research lab city,1,0.0,0,1,0.0,0.0,20.54389996919781,20.54389996919781,20.54389996919781
oracle,3,37,4,Ilmeth,stock ticker,1,0.0,0,1,0.0,0.0,19.864500034600496,19.864500034600496,19.864500034600496
oracle,3,37,5,Draskel,satellite name,1,9.609216,0,1,0.0,0.0,20.362499984912574,20.362499984912574,20.362499984912574
oracle,3,37,6,Draskel,chief executive,1,0.0,0,1,0.0,0.0,19.58380005089566,19.58380005089566,19.58380005089566
oracle,3,37,7,Draskel,flagship product,1,0.0,0,1,0.0,0.0,19.393900001887232,19.393900001887232,19.393900001887232
oracle,3,37,8,Draskel,motto word,1,0.0,0,1,0.0,0.0,20.13059996534139,20.13059996534139,20.13059996534139
oracle,3,37,9,Draskel,headquarters city,1,0.0,0,1,0.0,0.0,20.004299993161112,20.004299993161112,20.004299993161112
oracle,3,37,10,Draskel,chief executive,1,0.0,0,1,0.0,0.0,19.27550003165379,19.27550003165379,19.27550003165379
oracle,3,37,11,Draskel,annual revenue,1,0.0,0,1,0.0,0.0,20.160899963229895,20.160899963229895,20.160899963229895
oracle,3,38,0,Draskel,flagship product,1,9.609216,0,1,0.0,0.0,21.184999961405993,21.184999961405993,21.184999961405993
oracle,3,38,1,Pyrenna,founding year,1,9.510912,0,1,0.0,0.0,20.316099980846047,20.316099980846047,20.316099980846047
oracle,3,38,2,Pyrenna,chief engineer,1,0.0,0,1,0.0,0.0,20.05220000864938,20.05220000864938,20.05220000864938
oracle,3,38,3,Quorvane,research lab city,1,10.309632,0,1,0.0,0.0,19.569700001738966,19.569700001738966,19.569700001738966
oracle,3,38,4,Ilmeth,board chair,1,8.761344,0,1,0.0,0.0,19.341600011102855,19.341600011102855,19.341600011102855
oracle,3,38,5,Pyrenna,annual revenue,1,9.510912,0,1,0.0,0.0,19.691299996338785,19.691299996338785,19.691299996338785
oracle,3,38,6,Pyrenna,satellite name,1,0.0,0,1,0.0,0.0,19.42670001881197,19.42670001881197,19.42670001881197
oracle,3,38,7,Ilmeth,satellite name,1,8.761344,0,1,0.0,0.0,20.82989999325946,20.82989999325946,20.82989999325946
oracle,3,38,8,Ilmeth,annual revenue,1,0.0,0,1,0.0,0.0,19.91289999568835,19.91289999568835,19.91289999568835
oracle,3,38,9,Ilmeth,motto word,1,0.0,0,1,0.0,0.0,20.776100049261004,20.776100049261004,20.776100049261004
oracle,3,38,10,Draskel,headquarters city,1,9.609216,0,1,0.0,0.0,19.96449998114258,19.96449998114258,19.96449998114258
oracle,3,38,11,Seluun,corporate color,1,9.437184,0,1,0.0,0.0,21.106300002429634,21.106300002429634,21.106300002429634
oracle,3,39,0,Bramwick,stock ticker,1,8.835072,0,1,0.0,0.0,19.751899992115796,19.751899992115796,19.751899992115796
oracle,3,39,1,Bramwick,stock ticker,1,0.0,0,1,0.0,0.0,19.0681999665685,19.0681999665685,19.0681999665685
oracle,3,39,2,Bramwick,signature dish,1,0.0,0,1,0.0,0.0,19.440800009761006,19.440800009761006,19.440800009761006
oracle,3,39,3,Bramwick,employee count,1,0.0,0,1,0.0,0.0,19.791699945926666,19.791699945926666,19.791699945926666
oracle,3,39,4,Bramwick,flagship product,1,0.0,0,1,0.0,0.0,19.561900000553578,19.561900000553578,19.561900000553578
oracle,3,39,5,Toskarel,anthem composer,1,9.474048,0,1,0.0,0.0,19.72620002925396,19.72620002925396,19.72620002925396
oracle,3,39,6,Toskarel,anthem composer,1,0.0,0,1,0.0,0.0,19.760600000154227,19.760600000154227,19.760600000154227
oracle,3,39,7,Pyrenna,board chair,1,9.510912,0,1,0.0,0.0,20.16490005189553,20.16490005189553,20.16490005189553
oracle,3,39,8,Pyrenna,employee count,1,0.0,0,1,0.0,0.0,19.86699999542907,19.86699999542907,19.86699999542907
oracle,3,39,9,Pyrenna,satellite name,1,0.0,0,1,0.0,0.0,19.350799964740872,19.350799964740872,19.350799964740872
oracle,3,39,10,Pyrenna,mascot animal,1,0.0,0,1,0.0,0.0,22.277699958067387,22.277699958067387,22.277699958067387
oracle,3,39,11,Pyrenna,chief engineer,1,0.0,0,1,0.0,0.0,20.47859999584034,20.47859999584034,20.47859999584034
all-resident,8,0,0,Ilmeth,satellite name,1,75.472896,0,8,0.0,0.0,20.279599993955344,20.279599993955344,20.279599993955344
all-resident,8,0,1,Draskel,stock ticker,1,0.0,0,8,0.0,0.0,19.632100011222064,19.632100011222064,19.632100011222064
all-resident,8,0,2,Draskel,founding river,1,0.0,0,8,0.0,0.0,19.413799978792667,19.413799978792667,19.413799978792667
all-resident,8,0,3,Draskel,annual revenue,1,0.0,0,8,0.0,0.0,19.32569994824007,19.32569994824007,19.32569994824007
all-resident,8,0,4,Seluun,lucky number,1,0.0,0,8,0.0,0.0,19.560899992939085,19.560899992939085,19.560899992939085
all-resident,8,0,5,Seluun,annual revenue,1,0.0,0,8,0.0,0.0,21.68900001561269,21.68900001561269,21.68900001561269
all-resident,8,0,6,Seluun,founding year,1,0.0,0,8,0.0,0.0,20.194999990053475,20.194999990053475,20.194999990053475
all-resident,8,0,7,Draskel,motto word,1,0.0,0,8,0.0,0.0,19.93800001218915,19.93800001218915,19.93800001218915
all-resident,8,0,8,Draskel,flagship product,1,0.0,0,8,0.0,0.0,19.925199972931296,19.925199972931296,19.925199972931296
all-resident,8,0,9,Veltrax,founding year,1,0.0,0,8,0.0,0.0,19.932599971070886,19.932599971070886,19.932599971070886
all-resident,8,0,10,Veltrax,anthem composer,1,0.0,0,8,0.0,0.0,20.160799962468445,20.160799962468445,20.160799962468445
all-resident,8,0,11,Veltrax,annual revenue,1,0.0,4,8,0.0,0.0,19.357700017280877,19.357700017280877,19.357700017280877
all-resident,8,1,0,Veltrax,signature dish,1,75.472896,0,8,0.0,0.0,19.64190002763644,19.64190002763644,19.64190002763644
all-resident,8,1,1,Veltrax,founding river,1,0.0,0,8,0.0,0.0,23.191799991764128,23.191799991764128,23.191799991764128
all-resident,8,1,2,Draskel,research lab city,1,0.0,0,8,0.0,0.0,20.22390003548935,20.22390003548935,20.22390003548935
all-resident,8,1,3,Draskel,motto word,1,0.0,0,8,0.0,0.0,20.840999961365014,20.840999961365014,20.840999961365014
all-resident,8,1,4,Pyrenna,founding year,1,0.0,0,8,0.0,0.0,20.547599997371435,20.547599997371435,20.547599997371435
all-resident,8,1,5,Pyrenna,anthem composer,1,0.0,0,8,0.0,0.0,19.889799994416535,19.889799994416535,19.889799994416535
all-resident,8,1,6,Quorvane,corporate color,1,0.0,0,8,0.0,0.0,23.39009998831898,23.39009998831898,23.39009998831898
all-resident,8,1,7,Veltrax,flagship product,1,0.0,0,8,0.0,0.0,19.772899977397174,19.772899977397174,19.772899977397174
all-resident,8,1,8,Quorvane,signature dish,1,0.0,0,8,0.0,0.0,19.81500000692904,19.81500000692904,19.81500000692904
all-resident,8,1,9,Seluun,primary material,1,0.0,0,8,0.0,0.0,20.968299999367446,20.968299999367446,20.968299999367446
all-resident,8,1,10,Seluun,lucky number,1,0.0,0,8,0.0,0.0,19.537000043783337,19.537000043783337,19.537000043783337
all-resident,8,1,11,Draskel,satellite name,1,0.0,3,8,0.0,0.0,19.325300003401935,19.325300003401935,19.325300003401935
all-resident,8,2,0,Draskel,annual revenue,1,75.472896,0,8,0.0,0.0,21.71880000969395,21.71880000969395,21.71880000969395
all-resident,8,2,1,Draskel,corporate color,1,0.0,0,8,0.0,0.0,19.880899984855205,19.880899984855205,19.880899984855205
all-resident,8,2,2,Draskel,research lab city,1,0.0,0,8,0.0,0.0,20.122099958825856,20.122099958825856,20.122099958825856
all-resident,8,2,3,Draskel,signature dish,1,0.0,0,8,0.0,0.0,19.89769999636337,19.89769999636337,19.89769999636337
all-resident,8,2,4,Draskel,corporate color,1,0.0,0,8,0.0,0.0,20.036799949593842,20.036799949593842,20.036799949593842
all-resident,8,2,5,Draskel,annual revenue,1,0.0,0,8,0.0,0.0,20.467700029257685,20.467700029257685,20.467700029257685
all-resident,8,2,6,Draskel,founding year,1,0.0,0,8,0.0,0.0,20.896899979561567,20.896899979561567,20.896899979561567
all-resident,8,2,7,Draskel,primary material,1,0.0,0,8,0.0,0.0,20.641100010834634,20.641100010834634,20.641100010834634
all-resident,8,2,8,Pyrenna,corporate color,1,0.0,0,8,0.0,0.0,19.828699994832277,19.828699994832277,19.828699994832277
all-resident,8,2,9,Pyrenna,motto word,1,0.0,0,8,0.0,0.0,20.94100002432242,20.94100002432242,20.94100002432242
all-resident,8,2,10,Draskel,anthem composer,1,0.0,0,8,0.0,0.0,19.912099989596754,19.912099989596754,19.912099989596754
all-resident,8,2,11,Draskel,annual revenue,1,0.0,6,8,0.0,0.0,19.156499998643994,19.156499998643994,19.156499998643994
all-resident,8,3,0,Toskarel,founding river,1,75.472896,0,8,0.0,0.0,20.146300026681274,20.146300026681274,20.146300026681274
all-resident,8,3,1,Veltrax,annual revenue,1,0.0,0,8,0.0,0.0,20.892400003504008,20.892400003504008,20.892400003504008
all-resident,8,3,2,Pyrenna,signature dish,1,0.0,0,8,0.0,0.0,21.56459999969229,21.56459999969229,21.56459999969229
all-resident,8,3,3,Draskel,archive codename,1,0.0,0,8,0.0,0.0,20.985900016967207,20.985900016967207,20.985900016967207
all-resident,8,3,4,Seluun,research lab city,1,0.0,0,8,0.0,0.0,19.62680002907291,19.62680002907291,19.62680002907291
all-resident,8,3,5,Seluun,mascot animal,1,0.0,0,8,0.0,0.0,19.323799991980195,19.323799991980195,19.323799991980195
all-resident,8,3,6,Bramwick,lucky number,1,0.0,0,8,0.0,0.0,19.55120003549382,19.55120003549382,19.55120003549382
all-resident,8,3,7,Quorvane,research lab city,1,0.0,0,8,0.0,0.0,19.163799996022135,19.163799996022135,19.163799996022135
all-resident,8,3,8,Quorvane,anthem composer,1,0.0,0,8,0.0,0.0,19.482399977277964,19.482399977277964,19.482399977277964
all-resident,8,3,9,Veltrax,founding river,1,0.0,0,8,0.0,0.0,19.64289997704327,19.64289997704327,19.64289997704327
all-resident,8,3,10,Veltrax,motto word,1,0.0,0,8,0.0,0.0,20.258900010958314,20.258900010958314,20.258900010958314
all-resident,8,3,11,Pyrenna,chief executive,1,0.0,1,8,0.0,0.0,19.549999968148768,19.549999968148768,19.549999968148768
all-resident,8,4,0,Veltrax,chief executive,1,75.472896,0,8,0.0,0.0,19.399300043005496,19.399300043005496,19.399300043005496
all-resident,8,4,1,Veltrax,founding year,1,0.0,0,8,0.0,0.0,20.240599988028407,20.240599988028407,20.240599988028407
all-resident,8,4,2,Veltrax,stock ticker,1,0.0,0,8,0.0,0.0,19.574400037527084,19.574400037527084,19.574400037527084
all-resident,8,4,3,Veltrax,flagship product,1,0.0,0,8,0.0,0.0,19.407099985983223,19.407099985983223,19.407099985983223
all-resident,8,4,4,Pyrenna,research lab city,1,0.0,0,8,0.0,0.0,19.364100007805973,19.364100007805973,19.364100007805973
all-resident,8,4,5,Pyrenna,corporate color,1,0.0,0,8,0.0,0.0,20.833600021433085,20.833600021433085,20.833600021433085
all-resident,8,4,6,Pyrenna,signature dish,1,0.0,0,8,0.0,0.0,21.5885000070557,21.5885000070557,21.5885000070557
all-resident,8,4,7,Pyrenna,primary material,1,0.0,0,8,0.0,0.0,20.07149998098612,20.07149998098612,20.07149998098612
all-resident,8,4,8,Pyrenna,chief engineer,1,0.0,0,8,0.0,0.0,20.181800005957484,20.181800005957484,20.181800005957484
all-resident,8,4,9,Pyrenna,flagship product,1,0.0,0,8,0.0,0.0,20.12460003606975,20.12460003606975,20.12460003606975
all-resident,8,4,10,Pyrenna,annual revenue,1,0.0,0,8,0.0,0.0,20.25200001662597,20.25200001662597,20.25200001662597
all-resident,8,4,11,Pyrenna,mascot animal,1,0.0,6,8,0.0,0.0,19.635999982710928,19.635999982710928,19.635999982710928
all-resident,8,5,0,Pyrenna,signature dish,1,75.472896,0,8,0.0,0.0,19.649600028060377,19.649600028060377,19.649600028060377
all-resident,8,5,1,Bramwick,founding year,1,0.0,0,8,0.0,0.0,19.10360000329092,19.10360000329092,19.10360000329092
all-resident,8,5,2,Bramwick,annual revenue,1,0.0,0,8,0.0,0.0,23.17210001638159,23.17210001638159,23.17210001638159
all-resident,8,5,3,Bramwick,corporate color,1,0.0,0,8,0.0,0.0,19.19120003003627,19.19120003003627,19.19120003003627
all-resident,8,5,4,Bramwick,signature dish,1,0.0,0,8,0.0,0.0,19.77820001775399,19.77820001775399,19.77820001775399
all-resident,8,5,5,Toskarel,signature dish,1,0.0,0,8,0.0,0.0,19.466399971861392,19.466399971861392,19.466399971861392
all-resident,8,5,6,Toskarel,signature dish,1,0.0,0,8,0.0,0.0,21.030300005804747,21.030300005804747,21.030300005804747
all-resident,8,5,7,Quorvane,satellite name,1,0.0,0,8,0.0,0.0,21.156599977985024,21.156599977985024,21.156599977985024
all-resident,8,5,8,Veltrax,headquarters city,1,0.0,0,8,0.0,0.0,19.643600040581077,19.643600040581077,19.643600040581077
all-resident,8,5,9,Pyrenna,mascot animal,1,0.0,0,8,0.0,0.0,22.88370003225282,22.88370003225282,22.88370003225282
all-resident,8,5,10,Ilmeth,chief executive,1,0.0,0,8,0.0,0.0,21.577800041995943,21.577800041995943,21.577800041995943
all-resident,8,5,11,Toskarel,primary material,1,0.0,2,8,0.0,0.0,23.733499983791262,23.733499983791262,23.733499983791262
all-resident,8,6,0,Pyrenna,employee count,1,75.472896,0,8,0.0,0.0,21.408299973700196,21.408299973700196,21.408299973700196
all-resident,8,6,1,Pyrenna,headquarters city,1,0.0,0,8,0.0,0.0,19.934599986299872,19.934599986299872,19.934599986299872
all-resident,8,6,2,Pyrenna,mascot animal,1,0.0,0,8,0.0,0.0,19.60599998710677,19.60599998710677,19.60599998710677
all-resident,8,6,3,Seluun,corporate color,1,0.0,0,8,0.0,0.0,20.211499999277294,20.211499999277294,20.211499999277294
all-resident,8,6,4,Bramwick,annual revenue,1,0.0,0,8,0.0,0.0,19.538299995474517,19.538299995474517,19.538299995474517
all-resident,8,6,5,Bramwick,flagship product,1,0.0,0,8,0.0,0.0,19.264800008386374,19.264800008386374,19.264800008386374
all-resident,8,6,6,Bramwick,archive codename,1,0.0,0,8,0.0,0.0,19.939699966926128,19.939699966926128,19.939699966926128
all-resident,8,6,7,Bramwick,lucky number,1,0.0,0,8,0.0,0.0,21.76460000919178,21.76460000919178,21.76460000919178
all-resident,8,6,8,Bramwick,annual revenue,1,0.0,0,8,0.0,0.0,19.84940003603697,19.84940003603697,19.84940003603697
all-resident,8,6,9,Bramwick,lucky number,1,0.0,0,8,0.0,0.0,21.452800021506846,21.452800021506846,21.452800021506846
all-resident,8,6,10,Bramwick,board chair,1,0.0,0,8,0.0,0.0,20.301299984566867,20.301299984566867,20.301299984566867
all-resident,8,6,11,Quorvane,founding year,1,0.0,4,8,0.0,0.0,20.133300044108182,20.133300044108182,20.133300044108182
all-resident,8,7,0,Toskarel,satellite name,1,75.472896,0,8,0.0,0.0,21.00479998625815,21.00479998625815,21.00479998625815
all-resident,8,7,1,Quorvane,archive codename,1,0.0,0,8,0.0,0.0,20.228800014592707,20.228800014592707,20.228800014592707
all-resident,8,7,2,Quorvane,flagship product,1,0.0,0,8,0.0,0.0,19.89970001159236,19.89970001159236,19.89970001159236
all-resident,8,7,3,Veltrax,anthem composer,1,0.0,0,8,0.0,0.0,20.150199998170137,20.150199998170137,20.150199998170137
all-resident,8,7,4,Veltrax,anthem composer,1,0.0,0,8,0.0,0.0,19.346399989444762,19.346399989444762,19.346399989444762
all-resident,8,7,5,Veltrax,headquarters city,1,0.0,0,8,0.0,0.0,19.3291999748908,19.3291999748908,19.3291999748908
all-resident,8,7,6,Veltrax,corporate color,1,0.0,0,8,0.0,0.0,19.522399990819395,19.522399990819395,19.522399990819395
all-resident,8,7,7,Veltrax,anthem composer,1,0.0,0,8,0.0,0.0,20.31569997780025,20.31569997780025,20.31569997780025
all-resident,8,7,8,Veltrax,chief engineer,1,0.0,0,8,0.0,0.0,20.01799998106435,20.01799998106435,20.01799998106435
all-resident,8,7,9,Quorvane,research lab city,1,0.0,0,8,0.0,0.0,19.61359998676926,19.61359998676926,19.61359998676926
all-resident,8,7,10,Quorvane,flagship product,1,0.0,0,8,0.0,0.0,22.020900039933622,22.020900039933622,22.020900039933622
all-resident,8,7,11,Quorvane,board chair,1,0.0,5,8,0.0,0.0,19.97189997928217,19.97189997928217,19.97189997928217
all-resident,8,8,0,Ilmeth,satellite name,1,75.472896,0,8,0.0,0.0,19.261399982497096,19.261399982497096,19.261399982497096
all-resident,8,8,1,Ilmeth,flagship product,1,0.0,0,8,0.0,0.0,20.198300015181303,20.198300015181303,20.198300015181303
all-resident,8,8,2,Ilmeth,archive codename,1,0.0,0,8,0.0,0.0,20.163499983027577,20.163499983027577,20.163499983027577
all-resident,8,8,3,Ilmeth,employee count,1,0.0,0,8,0.0,0.0,19.592999946326017,19.592999946326017,19.592999946326017
all-resident,8,8,4,Toskarel,flagship product,1,0.0,0,8,0.0,0.0,20.292800036258996,20.292800036258996,20.292800036258996
all-resident,8,8,5,Quorvane,chief executive,1,0.0,0,8,0.0,0.0,20.37209999980405,20.37209999980405,20.37209999980405
all-resident,8,8,6,Quorvane,motto word,1,0.0,0,8,0.0,0.0,21.814799983985722,21.814799983985722,21.814799983985722
all-resident,8,8,7,Quorvane,stock ticker,1,0.0,0,8,0.0,0.0,19.37039999756962,19.37039999756962,19.37039999756962
all-resident,8,8,8,Quorvane,primary material,1,0.0,0,8,0.0,0.0,19.863300025463104,19.863300025463104,19.863300025463104
all-resident,8,8,9,Quorvane,flagship product,1,0.0,0,8,0.0,0.0,22.16029999544844,22.16029999544844,22.16029999544844
all-resident,8,8,10,Quorvane,stock ticker,1,0.0,0,8,0.0,0.0,24.045199970714748,24.045199970714748,24.045199970714748
all-resident,8,8,11,Quorvane,headquarters city,1,0.0,5,8,0.0,0.0,19.49510001577437,19.49510001577437,19.49510001577437
all-resident,8,9,0,Veltrax,chief executive,1,75.472896,0,8,0.0,0.0,20.215799973811954,20.215799973811954,20.215799973811954
all-resident,8,9,1,Veltrax,headquarters city,1,0.0,0,8,0.0,0.0,19.792300008703023,19.792300008703023,19.792300008703023
all-resident,8,9,2,Veltrax,satellite name,1,0.0,0,8,0.0,0.0,20.77960001770407,20.77960001770407,20.77960001770407
all-resident,8,9,3,Veltrax,flagship product,1,0.0,0,8,0.0,0.0,19.964300037827343,19.964300037827343,19.964300037827343
all-resident,8,9,4,Veltrax,motto word,1,0.0,0,8,0.0,0.0,20.94369998667389,20.94369998667389,20.94369998667389
all-resident,8,9,5,Veltrax,flagship product,1,0.0,0,8,0.0,0.0,21.518399997148663,21.518399997148663,21.518399997148663
all-resident,8,9,6,Veltrax,annual revenue,1,0.0,0,8,0.0,0.0,20.745099987834692,20.745099987834692,20.745099987834692
all-resident,8,9,7,Quorvane,anthem composer,1,0.0,0,8,0.0,0.0,19.63870000327006,19.63870000327006,19.63870000327006
all-resident,8,9,8,Quorvane,lucky number,1,0.0,0,8,0.0,0.0,20.273300004191697,20.273300004191697,20.273300004191697
all-resident,8,9,9,Quorvane,mascot animal,1,0.0,0,8,0.0,0.0,20.20040003117174,20.20040003117174,20.20040003117174
all-resident,8,9,10,Seluun,founding year,1,0.0,0,8,0.0,0.0,19.78249999228865,19.78249999228865,19.78249999228865
all-resident,8,9,11,Seluun,primary material,1,0.0,5,8,0.0,0.0,20.12320002540946,20.12320002540946,20.12320002540946
all-resident,8,10,0,Seluun,annual revenue,1,75.472896,0,8,0.0,0.0,24.813099997118115,24.813099997118115,24.813099997118115
all-resident,8,10,1,Seluun,chief executive,1,0.0,0,8,0.0,0.0,20.319600007496774,20.319600007496774,20.319600007496774
all-resident,8,10,2,Seluun,chief engineer,1,0.0,0,8,0.0,0.0,19.641200022306293,19.641200022306293,19.641200022306293
all-resident,8,10,3,Seluun,flagship product,1,0.0,0,8,0.0,0.0,19.716400012839586,19.716400012839586,19.716400012839586
all-resident,8,10,4,Seluun,board chair,1,0.0,0,8,0.0,0.0,19.354799995198846,19.354799995198846,19.354799995198846
all-resident,8,10,5,Draskel,research lab city,1,0.0,0,8,0.0,0.0,20.442300010472536,20.442300010472536,20.442300010472536
all-resident,8,10,6,Draskel,anthem composer,1,0.0,0,8,0.0,0.0,19.84760002233088,19.84760002233088,19.84760002233088
all-resident,8,10,7,Draskel,mascot animal,1,0.0,0,8,0.0,0.0,20.019100047647953,20.019100047647953,20.019100047647953
all-resident,8,10,8,Draskel,chief executive,1,0.0,0,8,0.0,0.0,21.879400010220706,21.879400010220706,21.879400010220706
all-resident,8,10,9,Seluun,founding river,1,0.0,0,8,0.0,0.0,21.395499992650002,21.395499992650002,21.395499992650002
all-resident,8,10,10,Seluun,satellite name,1,0.0,0,8,0.0,0.0,20.115300023462623,20.115300023462623,20.115300023462623
all-resident,8,10,11,Bramwick,annual revenue,1,0.0,5,8,0.0,0.0,20.854400005191565,20.854400005191565,20.854400005191565
all-resident,8,11,0,Toskarel,corporate color,1,75.472896,0,8,0.0,0.0,20.023200020659715,20.023200020659715,20.023200020659715
all-resident,8,11,1,Toskarel,satellite name,1,0.0,0,8,0.0,0.0,19.62229999480769,19.62229999480769,19.62229999480769
all-resident,8,11,2,Quorvane,motto word,1,0.0,0,8,0.0,0.0,20.985800016205758,20.985800016205758,20.985800016205758
all-resident,8,11,3,Quorvane,anthem composer,1,0.0,0,8,0.0,0.0,21.510800055693835,21.510800055693835,21.510800055693835
all-resident,8,11,4,Seluun,motto word,1,0.0,0,8,0.0,0.0,20.589200023096055,20.589200023096055,20.589200023096055
all-resident,8,11,5,Seluun,motto word,1,0.0,0,8,0.0,0.0,21.8431000248529,21.8431000248529,21.8431000248529
all-resident,8,11,6,Seluun,stock ticker,1,0.0,0,8,0.0,0.0,21.887000009883195,21.887000009883195,21.887000009883195
all-resident,8,11,7,Seluun,chief executive,1,0.0,0,8,0.0,0.0,20.8800999680534,20.8800999680534,20.8800999680534
all-resident,8,11,8,Bramwick,founding year,1,0.0,0,8,0.0,0.0,22.192700009327382,22.192700009327382,22.192700009327382
all-resident,8,11,9,Bramwick,research lab city,1,0.0,0,8,0.0,0.0,21.262900030706078,21.262900030706078,21.262900030706078
all-resident,8,11,10,Bramwick,employee count,1,0.0,0,8,0.0,0.0,21.41390001634136,21.41390001634136,21.41390001634136
all-resident,8,11,11,Bramwick,chief engineer,1,0.0,4,8,0.0,0.0,21.45350002683699,21.45350002683699,21.45350002683699
all-resident,8,12,0,Ilmeth,corporate color,1,75.472896,0,8,0.0,0.0,21.265799994580448,21.265799994580448,21.265799994580448
all-resident,8,12,1,Draskel,chief engineer,1,0.0,0,8,0.0,0.0,19.78959998814389,19.78959998814389,19.78959998814389
all-resident,8,12,2,Draskel,signature dish,1,0.0,0,8,0.0,0.0,20.909600018057972,20.909600018057972,20.909600018057972
all-resident,8,12,3,Pyrenna,employee count,1,0.0,0,8,0.0,0.0,21.812999970279634,21.812999970279634,21.812999970279634
all-resident,8,12,4,Draskel,anthem composer,1,0.0,0,8,0.0,0.0,20.523699990008026,20.523699990008026,20.523699990008026
all-resident,8,12,5,Veltrax,chief engineer,1,0.0,0,8,0.0,0.0,20.27699997415766,20.27699997415766,20.27699997415766
all-resident,8,12,6,Pyrenna,corporate color,1,0.0,0,8,0.0,0.0,20.52479999838397,20.52479999838397,20.52479999838397
all-resident,8,12,7,Pyrenna,anthem composer,1,0.0,0,8,0.0,0.0,20.60930000152439,20.60930000152439,20.60930000152439
all-resident,8,12,8,Pyrenna,motto word,1,0.0,0,8,0.0,0.0,19.90359998308122,19.90359998308122,19.90359998308122
all-resident,8,12,9,Pyrenna,chief executive,1,0.0,0,8,0.0,0.0,21.290400007274002,21.290400007274002,21.290400007274002
all-resident,8,12,10,Ilmeth,archive codename,1,0.0,0,8,0.0,0.0,20.11439995840192,20.11439995840192,20.11439995840192
all-resident,8,12,11,Ilmeth,anthem composer,1,0.0,4,8,0.0,0.0,19.805299991276115,19.805299991276115,19.805299991276115
all-resident,8,13,0,Seluun,founding year,1,75.472896,0,8,0.0,0.0,19.78959998814389,19.78959998814389,19.78959998814389
all-resident,8,13,1,Seluun,chief engineer,1,0.0,0,8,0.0,0.0,20.556600007694215,20.556600007694215,20.556600007694215
all-resident,8,13,2,Seluun,lucky number,1,0.0,0,8,0.0,0.0,22.968899982515723,22.968899982515723,22.968899982515723
all-resident,8,13,3,Seluun,archive codename,1,0.0,0,8,0.0,0.0,20.87720000417903,20.87720000417903,20.87720000417903
all-resident,8,13,4,Veltrax,headquarters city,1,0.0,0,8,0.0,0.0,19.789000041782856,19.789000041782856,19.789000041782856
all-resident,8,13,5,Pyrenna,satellite name,1,0.0,0,8,0.0,0.0,20.591599983163178,20.591599983163178,20.591599983163178
all-resident,8,13,6,Pyrenna,stock ticker,1,0.0,0,8,0.0,0.0,20.463399996515363,20.463399996515363,20.463399996515363
all-resident,8,13,7,Pyrenna,annual revenue,1,0.0,0,8,0.0,0.0,20.30520001426339,20.30520001426339,20.30520001426339
all-resident,8,13,8,Pyrenna,corporate color,1,0.0,0,8,0.0,0.0,20.00179997412488,20.00179997412488,20.00179997412488
all-resident,8,13,9,Draskel,lucky number,1,0.0,0,8,0.0,0.0,20.897600043099374,20.897600043099374,20.897600043099374
all-resident,8,13,10,Draskel,signature dish,1,0.0,0,8,0.0,0.0,20.26530000148341,20.26530000148341,20.26530000148341
all-resident,8,13,11,Draskel,founding river,1,0.0,4,8,0.0,0.0,21.340199979022145,21.340199979022145,21.340199979022145
all-resident,8,14,0,Draskel,chief engineer,1,75.472896,0,8,0.0,0.0,19.827399984933436,19.827399984933436,19.827399984933436
all-resident,8,14,1,Draskel,lucky number,1,0.0,0,8,0.0,0.0,19.231900048907846,19.231900048907846,19.231900048907846
all-resident,8,14,2,Bramwick,chief engineer,1,0.0,0,8,0.0,0.0,20.342599949799478,20.342599949799478,20.342599949799478
all-resident,8,14,3,Bramwick,stock ticker,1,0.0,0,8,0.0,0.0,19.648599962238222,19.648599962238222,19.648599962238222
all-resident,8,14,4,Draskel,headquarters city,1,0.0,0,8,0.0,0.0,19.623000000137836,19.623000000137836,19.623000000137836
all-resident,8,14,5,Toskarel,corporate color,1,0.0,0,8,0.0,0.0,19.85950005473569,19.85950005473569,19.85950005473569
all-resident,8,14,6,Toskarel,mascot animal,1,0.0,0,8,0.0,0.0,20.614800043404102,20.614800043404102,20.614800043404102
all-resident,8,14,7,Toskarel,primary material,1,0.0,0,8,0.0,0.0,19.770900020375848,19.770900020375848,19.770900020375848
all-resident,8,14,8,Quorvane,corporate color,1,0.0,0,8,0.0,0.0,19.045299966819584,19.045299966819584,19.045299966819584
all-resident,8,14,9,Veltrax,board chair,1,0.0,0,8,0.0,0.0,19.967300002463162,19.967300002463162,19.967300002463162
all-resident,8,14,10,Veltrax,flagship product,1,0.0,0,8,0.0,0.0,19.54989996738732,19.54989996738732,19.54989996738732
all-resident,8,14,11,Quorvane,corporate color,1,0.0,3,8,0.0,0.0,19.33179999468848,19.33179999468848,19.33179999468848
all-resident,8,15,0,Bramwick,mascot animal,1,75.472896,0,8,0.0,0.0,20.413099962752312,20.413099962752312,20.413099962752312
all-resident,8,15,1,Veltrax,lucky number,1,0.0,0,8,0.0,0.0,19.414000038523227,19.414000038523227,19.414000038523227
all-resident,8,15,2,Quorvane,annual revenue,1,0.0,0,8,0.0,0.0,20.431799988728017,20.431799988728017,20.431799988728017
all-resident,8,15,3,Quorvane,corporate color,1,0.0,0,8,0.0,0.0,19.44449997972697,19.44449997972697,19.44449997972697
all-resident,8,15,4,Quorvane,headquarters city,1,0.0,0,8,0.0,0.0,19.40759998979047,19.40759998979047,19.40759998979047
all-resident,8,15,5,Quorvane,chief executive,1,0.0,0,8,0.0,0.0,19.468699989374727,19.468699989374727,19.468699989374727
all-resident,8,15,6,Seluun,stock ticker,1,0.0,0,8,0.0,0.0,22.182999993674457,22.182999993674457,22.182999993674457
all-resident,8,15,7,Bramwick,employee count,1,0.0,0,8,0.0,0.0,19.841000030282885,19.841000030282885,19.841000030282885
all-resident,8,15,8,Quorvane,founding river,1,0.0,0,8,0.0,0.0,19.590199983213097,19.590199983213097,19.590199983213097
all-resident,8,15,9,Seluun,annual revenue,1,0.0,0,8,0.0,0.0,20.04769997438416,20.04769997438416,20.04769997438416
all-resident,8,15,10,Bramwick,annual revenue,1,0.0,0,8,0.0,0.0,20.780300023034215,20.780300023034215,20.780300023034215
all-resident,8,15,11,Bramwick,chief engineer,1,0.0,4,8,0.0,0.0,19.196200009901077,19.196200009901077,19.196200009901077
all-resident,8,16,0,Seluun,mascot animal,1,75.472896,0,8,0.0,0.0,19.38690000679344,19.38690000679344,19.38690000679344
all-resident,8,16,1,Seluun,board chair,1,0.0,0,8,0.0,0.0,21.119500044733286,21.119500044733286,21.119500044733286
all-resident,8,16,2,Seluun,flagship product,1,0.0,0,8,0.0,0.0,19.424400001298636,19.424400001298636,19.424400001298636
all-resident,8,16,3,Draskel,motto word,1,0.0,0,8,0.0,0.0,19.17069999035448,19.17069999035448,19.17069999035448
all-resident,8,16,4,Draskel,anthem composer,1,0.0,0,8,0.0,0.0,19.70679999794811,19.70679999794811,19.70679999794811
all-resident,8,16,5,Draskel,mascot animal,1,0.0,0,8,0.0,0.0,19.606699992436916,19.606699992436916,19.606699992436916
all-resident,8,16,6,Draskel,satellite name,1,0.0,0,8,0.0,0.0,22.52619998762384,22.52619998762384,22.52619998762384
all-resident,8,16,7,Draskel,board chair,1,0.0,0,8,0.0,0.0,22.65360002638772,22.65360002638772,22.65360002638772
all-resident,8,16,8,Draskel,stock ticker,1,0.0,0,8,0.0,0.0,21.291200013365597,21.291200013365597,21.291200013365597
all-resident,8,16,9,Draskel,primary material,1,0.0,0,8,0.0,0.0,19.59709997754544,19.59709997754544,19.59709997754544
all-resident,8,16,10,Draskel,mascot animal,1,0.0,0,8,0.0,0.0,19.957999989856035,19.957999989856035,19.957999989856035
all-resident,8,16,11,Draskel,satellite name,1,0.0,6,8,0.0,0.0,20.785900007467717,20.785900007467717,20.785900007467717
all-resident,8,17,0,Ilmeth,anthem composer,1,75.472896,0,8,0.0,0.0,20.41200001258403,20.41200001258403,20.41200001258403
all-resident,8,17,1,Ilmeth,archive codename,1,0.0,0,8,0.0,0.0,19.297399965580553,19.297399965580553,19.297399965580553
all-resident,8,17,2,Draskel,satellite name,1,0.0,0,8,0.0,0.0,19.55900003667921,19.55900003667921,19.55900003667921
all-resident,8,17,3,Seluun,primary material,1,0.0,0,8,0.0,0.0,19.222799979615957,19.222799979615957,19.222799979615957
all-resident,8,17,4,Bramwick,flagship product,1,0.0,0,8,0.0,0.0,19.654200004879385,19.654200004879385,19.654200004879385
all-resident,8,17,5,Bramwick,founding year,1,0.0,0,8,0.0,0.0,19.57770000444725,19.57770000444725,19.57770000444725
all-resident,8,17,6,Bramwick,employee count,1,0.0,0,8,0.0,0.0,23.03129999199882,23.03129999199882,23.03129999199882
all-resident,8,17,7,Bramwick,research lab city,1,0.0,0,8,0.0,0.0,19.895700039342046,19.895700039342046,19.895700039342046
all-resident,8,17,8,Bramwick,primary material,1,0.0,0,8,0.0,0.0,19.367200031410903,19.367200031410903,19.367200031410903
all-resident,8,17,9,Bramwick,research lab city,1,0.0,0,8,0.0,0.0,20.156300044618547,20.156300044618547,20.156300044618547
all-resident,8,17,10,Quorvane,founding year,1,0.0,0,8,0.0,0.0,21.817800006829202,21.817800006829202,21.817800006829202
all-resident,8,17,11,Quorvane,founding river,1,0.0,3,8,0.0,0.0,21.1410999763757,21.1410999763757,21.1410999763757
all-resident,8,18,0,Bramwick,chief engineer,1,75.472896,0,8,0.0,0.0,19.44880001246929,19.44880001246929,19.44880001246929
all-resident,8,18,1,Quorvane,flagship product,1,0.0,0,8,0.0,0.0,19.58250004099682,19.58250004099682,19.58250004099682
all-resident,8,18,2,Veltrax,annual revenue,1,0.0,0,8,0.0,0.0,19.400499993935227,19.400499993935227,19.400499993935227
all-resident,8,18,3,Veltrax,founding year,1,0.0,0,8,0.0,0.0,19.55430000089109,19.55430000089109,19.55430000089109
all-resident,8,18,4,Draskel,founding river,1,0.0,0,8,0.0,0.0,21.034599980339408,21.034599980339408,21.034599980339408
all-resident,8,18,5,Pyrenna,primary material,1,0.0,0,8,0.0,0.0,21.49209997151047,21.49209997151047,21.49209997151047
all-resident,8,18,6,Ilmeth,board chair,1,0.0,0,8,0.0,0.0,20.05950000602752,20.05950000602752,20.05950000602752
all-resident,8,18,7,Draskel,research lab city,1,0.0,0,8,0.0,0.0,19.876599952112883,19.876599952112883,19.876599952112883
all-resident,8,18,8,Draskel,annual revenue,1,0.0,0,8,0.0,0.0,20.743600034620613,20.743600034620613,20.743600034620613
all-resident,8,18,9,Draskel,annual revenue,1,0.0,0,8,0.0,0.0,20.55290003772825,20.55290003772825,20.55290003772825
all-resident,8,18,10,Draskel,board chair,1,0.0,0,8,0.0,0.0,20.3406999935396,20.3406999935396,20.3406999935396
all-resident,8,18,11,Draskel,chief executive,1,0.0,2,8,0.0,0.0,19.48000001721084,19.48000001721084,19.48000001721084
all-resident,8,19,0,Draskel,primary material,1,75.472896,0,8,0.0,0.0,19.89930000854656,19.89930000854656,19.89930000854656
all-resident,8,19,1,Pyrenna,employee count,1,0.0,0,8,0.0,0.0,21.174099994823337,21.174099994823337,21.174099994823337
all-resident,8,19,2,Ilmeth,stock ticker,1,0.0,0,8,0.0,0.0,19.24459997098893,19.24459997098893,19.24459997098893
all-resident,8,19,3,Draskel,board chair,1,0.0,0,8,0.0,0.0,19.68619995750487,19.68619995750487,19.68619995750487
all-resident,8,19,4,Draskel,stock ticker,1,0.0,0,8,0.0,0.0,19.47279996238649,19.47279996238649,19.47279996238649
all-resident,8,19,5,Pyrenna,anthem composer,1,0.0,0,8,0.0,0.0,19.122699974104762,19.122699974104762,19.122699974104762
all-resident,8,19,6,Pyrenna,founding river,1,0.0,0,8,0.0,0.0,19.494500011205673,19.494500011205673,19.494500011205673
all-resident,8,19,7,Ilmeth,corporate color,1,0.0,0,8,0.0,0.0,21.002500026952475,21.002500026952475,21.002500026952475
all-resident,8,19,8,Ilmeth,headquarters city,1,0.0,0,8,0.0,0.0,19.684099999722093,19.684099999722093,19.684099999722093
all-resident,8,19,9,Ilmeth,flagship product,1,0.0,0,8,0.0,0.0,19.670800014864653,19.670800014864653,19.670800014864653
all-resident,8,19,10,Toskarel,chief executive,1,0.0,0,8,0.0,0.0,20.225100044626743,20.225100044626743,20.225100044626743
all-resident,8,19,11,Toskarel,founding river,1,0.0,4,8,0.0,0.0,21.486600046046078,21.486600046046078,21.486600046046078
all-resident,8,20,0,Ilmeth,chief executive,1,75.472896,0,8,0.0,0.0,19.959900004323572,19.959900004323572,19.959900004323572
all-resident,8,20,1,Ilmeth,stock ticker,1,0.0,0,8,0.0,0.0,20.879799965769053,20.879799965769053,20.879799965769053
all-resident,8,20,2,Draskel,signature dish,1,0.0,0,8,0.0,0.0,20.913699991069734,20.913699991069734,20.913699991069734
all-resident,8,20,3,Draskel,chief engineer,1,0.0,0,8,0.0,0.0,20.7630000077188,20.7630000077188,20.7630000077188
all-resident,8,20,4,Draskel,chief executive,1,0.0,0,8,0.0,0.0,21.443600009661168,21.443600009661168,21.443600009661168
all-resident,8,20,5,Pyrenna,founding river,1,0.0,0,8,0.0,0.0,19.60010000038892,19.60010000038892,19.60010000038892
all-resident,8,20,6,Pyrenna,headquarters city,1,0.0,0,8,0.0,0.0,19.38680000603199,19.38680000603199,19.38680000603199
all-resident,8,20,7,Pyrenna,anthem composer,1,0.0,0,8,0.0,0.0,18.876000016462058,18.876000016462058,18.876000016462058
all-resident,8,20,8,Pyrenna,board chair,1,0.0,0,8,0.0,0.0,19.760499999392778,19.760499999392778,19.760499999392778
all-resident,8,20,9,Ilmeth,anthem composer,1,0.0,0,8,0.0,0.0,19.31439997861162,19.31439997861162,19.31439997861162
all-resident,8,20,10,Ilmeth,lucky number,1,0.0,0,8,0.0,0.0,19.921200000680983,19.921200000680983,19.921200000680983
all-resident,8,20,11,Toskarel,motto word,1,0.0,4,8,0.0,0.0,19.403400016017258,19.403400016017258,19.403400016017258
all-resident,8,21,0,Draskel,founding year,1,75.472896,0,8,0.0,0.0,19.75149998907,19.75149998907,19.75149998907
all-resident,8,21,1,Pyrenna,chief engineer,1,0.0,0,8,0.0,0.0,19.54830001341179,19.54830001341179,19.54830001341179
all-resident,8,21,2,Draskel,stock ticker,1,0.0,0,8,0.0,0.0,19.288100011181086,19.288100011181086,19.288100011181086
all-resident,8,21,3,Draskel,corporate color,1,0.0,0,8,0.0,0.0,19.263199996203184,19.263199996203184,19.263199996203184
all-resident,8,21,4,Pyrenna,satellite name,1,0.0,0,8,0.0,0.0,19.475299981422722,19.475299981422722,19.475299981422722
all-resident,8,21,5,Ilmeth,board chair,1,0.0,0,8,0.0,0.0,19.195200002286583,19.195200002286583,19.195200002286583
all-resident,8,21,6,Seluun,signature dish,1,0.0,0,8,0.0,0.0,19.205500022508204,19.205500022508204,19.205500022508204
all-resident,8,21,7,Seluun,employee count,1,0.0,0,8,0.0,0.0,19.868700008373708,19.868700008373708,19.868700008373708
all-resident,8,21,8,Draskel,research lab city,1,0.0,0,8,0.0,0.0,19.13930004229769,19.13930004229769,19.13930004229769
all-resident,8,21,9,Draskel,annual revenue,1,0.0,0,8,0.0,0.0,21.03890001308173,21.03890001308173,21.03890001308173
all-resident,8,21,10,Draskel,mascot animal,1,0.0,0,8,0.0,0.0,19.85959999728948,19.85959999728948,19.85959999728948
all-resident,8,21,11,Pyrenna,chief executive,1,0.0,4,8,0.0,0.0,20.026499987579882,20.026499987579882,20.026499987579882
all-resident,8,22,0,Bramwick,chief engineer,1,75.472896,0,8,0.0,0.0,19.632200011983514,19.632200011983514,19.632200011983514
all-resident,8,22,1,Bramwick,flagship product,1,0.0,0,8,0.0,0.0,19.72159999422729,19.72159999422729,19.72159999422729
all-resident,8,22,2,Veltrax,headquarters city,1,0.0,0,8,0.0,0.0,21.782200026791543,21.782200026791543,21.782200026791543
all-resident,8,22,3,Pyrenna,mascot animal,1,0.0,0,8,0.0,0.0,19.615400000475347,19.615400000475347,19.615400000475347
all-resident,8,22,4,Ilmeth,signature dish,1,0.0,0,8,0.0,0.0,20.651200029533356,20.651200029533356,20.651200029533356
all-resident,8,22,5,Toskarel,chief engineer,1,0.0,0,8,0.0,0.0,20.781900035217404,20.781900035217404,20.781900035217404
all-resident,8,22,6,Quorvane,flagship product,1,0.0,0,8,0.0,0.0,19.927000044845045,19.927000044845045,19.927000044845045
all-resident,8,22,7,Seluun,flagship product,1,0.0,0,8,0.0,0.0,19.712199980858713,19.712199980858713,19.712199980858713
all-resident,8,22,8,Seluun,motto word,1,0.0,0,8,0.0,0.0,19.64169996790588,19.64169996790588,19.64169996790588
all-resident,8,22,9,Seluun,annual revenue,1,0.0,0,8,0.0,0.0,19.97189997928217,19.97189997928217,19.97189997928217
all-resident,8,22,10,Bramwick,motto word,1,0.0,0,8,0.0,0.0,20.102799986489117,20.102799986489117,20.102799986489117
all-resident,8,22,11,Quorvane,anthem composer,1,0.0,1,8,0.0,0.0,20.606899983249605,20.606899983249605,20.606899983249605
all-resident,8,23,0,Draskel,founding river,1,75.472896,0,8,0.0,0.0,19.28730000508949,19.28730000508949,19.28730000508949
all-resident,8,23,1,Pyrenna,lucky number,1,0.0,0,8,0.0,0.0,20.049599988851696,20.049599988851696,20.049599988851696
all-resident,8,23,2,Pyrenna,mascot animal,1,0.0,0,8,0.0,0.0,19.13349999813363,19.13349999813363,19.13349999813363
all-resident,8,23,3,Veltrax,founding year,1,0.0,0,8,0.0,0.0,19.29500000551343,19.29500000551343,19.29500000551343
all-resident,8,23,4,Quorvane,chief engineer,1,0.0,0,8,0.0,0.0,22.093300009146333,22.093300009146333,22.093300009146333
all-resident,8,23,5,Veltrax,mascot animal,1,0.0,0,8,0.0,0.0,19.609700015280396,19.609700015280396,19.609700015280396
all-resident,8,23,6,Veltrax,employee count,1,0.0,0,8,0.0,0.0,19.95420001912862,19.95420001912862,19.95420001912862
all-resident,8,23,7,Pyrenna,founding year,1,0.0,0,8,0.0,0.0,20.34980000462383,20.34980000462383,20.34980000462383
all-resident,8,23,8,Pyrenna,anthem composer,1,0.0,0,8,0.0,0.0,20.440899999812245,20.440899999812245,20.440899999812245
all-resident,8,23,9,Pyrenna,annual revenue,1,0.0,0,8,0.0,0.0,20.016100024804473,20.016100024804473,20.016100024804473
all-resident,8,23,10,Pyrenna,chief executive,1,0.0,0,8,0.0,0.0,19.494300009682775,19.494300009682775,19.494300009682775
all-resident,8,23,11,Pyrenna,primary material,1,0.0,4,8,0.0,0.0,20.298299961723387,20.298299961723387,20.298299961723387
all-resident,8,24,0,Veltrax,signature dish,1,75.472896,0,8,0.0,0.0,20.34990000538528,20.34990000538528,20.34990000538528
all-resident,8,24,1,Pyrenna,stock ticker,1,0.0,0,8,0.0,0.0,19.777100009378046,19.777100009378046,19.777100009378046
all-resident,8,24,2,Ilmeth,chief executive,1,0.0,0,8,0.0,0.0,20.199900027364492,20.199900027364492,20.199900027364492
all-resident,8,24,3,Ilmeth,lucky number,1,0.0,0,8,0.0,0.0,20.922700001392514,20.922700001392514,20.922700001392514
all-resident,8,24,4,Toskarel,mascot animal,1,0.0,0,8,0.0,0.0,20.254499977454543,20.254499977454543,20.254499977454543
all-resident,8,24,5,Quorvane,chief engineer,1,0.0,0,8,0.0,0.0,20.045300014317036,20.045300014317036,20.045300014317036
all-resident,8,24,6,Veltrax,motto word,1,0.0,0,8,0.0,0.0,19.679800025187433,19.679800025187433,19.679800025187433
all-resident,8,24,7,Veltrax,satellite name,1,0.0,0,8,0.0,0.0,19.908000016584992,19.908000016584992,19.908000016584992
all-resident,8,24,8,Ilmeth,research lab city,1,0.0,0,8,0.0,0.0,22.40789995994419,22.40789995994419,22.40789995994419
all-resident,8,24,9,Ilmeth,anthem composer,1,0.0,0,8,0.0,0.0,19.778700021561235,19.778700021561235,19.778700021561235
all-resident,8,24,10,Draskel,research lab city,1,0.0,0,8,0.0,0.0,20.150600001215935,20.150600001215935,20.150600001215935
all-resident,8,24,11,Draskel,anthem composer,1,0.0,2,8,0.0,0.0,21.321300009731203,21.321300009731203,21.321300009731203
all-resident,8,25,0,Bramwick,chief executive,1,75.472896,0,8,0.0,0.0,21.383300016168505,21.383300016168505,21.383300016168505
all-resident,8,25,1,Toskarel,stock ticker,1,0.0,0,8,0.0,0.0,19.21499997843057,19.21499997843057,19.21499997843057
all-resident,8,25,2,Toskarel,flagship product,1,0.0,0,8,0.0,0.0,19.879800034686923,19.879800034686923,19.879800034686923
all-resident,8,25,3,Toskarel,mascot animal,1,0.0,0,8,0.0,0.0,19.885500019881874,19.885500019881874,19.885500019881874
all-resident,8,25,4,Pyrenna,headquarters city,1,0.0,0,8,0.0,0.0,19.620600040070713,19.620600040070713,19.620600040070713
all-resident,8,25,5,Ilmeth,signature dish,1,0.0,0,8,0.0,0.0,19.207199977245182,19.207199977245182,19.207199977245182
all-resident,8,25,6,Ilmeth,chief engineer,1,0.0,0,8,0.0,0.0,19.053799973335117,19.053799973335117,19.053799973335117
all-resident,8,25,7,Ilmeth,anthem composer,1,0.0,0,8,0.0,0.0,18.615500011947006,18.615500011947006,18.615500011947006
all-resident,8,25,8,Ilmeth,employee count,1,0.0,0,8,0.0,0.0,19.495199958328158,19.495199958328158,19.495199958328158
all-resident,8,25,9,Toskarel,founding year,1,0.0,0,8,0.0,0.0,20.03310003783554,20.03310003783554,20.03310003783554
all-resident,8,25,10,Quorvane,chief executive,1,0.0,0,8,0.0,0.0,20.076300017535686,20.076300017535686,20.076300017535686
all-resident,8,25,11,Quorvane,chief engineer,1,0.0,3,8,0.0,0.0,19.901499967090786,19.901499967090786,19.901499967090786
all-resident,8,26,0,Veltrax,annual revenue,1,75.472896,0,8,0.0,0.0,18.947299977298826,18.947299977298826,18.947299977298826
all-resident,8,26,1,Veltrax,stock ticker,1,0.0,0,8,0.0,0.0,19.504800031427294,19.504800031427294,19.504800031427294
all-resident,8,26,2,Veltrax,employee count,1,0.0,0,8,0.0,0.0,20.243700011633337,20.243700011633337,20.243700011633337
all-resident,8,26,3,Veltrax,annual revenue,1,0.0,0,8,0.0,0.0,19.860500004142523,19.860500004142523,19.860500004142523
all-resident,8,26,4,Quorvane,flagship product,1,0.0,0,8,0.0,0.0,19.661900005303323,19.661900005303323,19.661900005303323
all-resident,8,26,5,Quorvane,motto word,1,0.0,0,8,0.0,0.0,18.981600005645305,18.981600005645305,18.981600005645305
all-resident,8,26,6,Quorvane,mascot animal,1,0.0,0,8,0.0,0.0,19.16450000135228,19.16450000135228,19.16450000135228
all-resident,8,26,7,Quorvane,chief engineer,1,0.0,0,8,0.0,0.0,21.755499998107553,21.755499998107553,21.755499998107553
all-resident,8,26,8,Quorvane,annual revenue,1,0.0,0,8,0.0,0.0,19.71150003373623,19.71150003373623,19.71150003373623
all-resident,8,26,9,Seluun,flagship product,1,0.0,0,8,0.0,0.0,20.087000040803105,20.087000040803105,20.087000040803105
all-resident,8,26,10,Seluun,founding river,1,0.0,0,8,0.0,0.0,20.48300002934411,20.48300002934411,20.48300002934411
all-resident,8,26,11,Seluun,anthem composer,1,0.0,5,8,0.0,0.0,20.273700007237494,20.273700007237494,20.273700007237494
all-resident,8,27,0,Pyrenna,corporate color,1,75.472896,0,8,0.0,0.0,19.86509998096153,19.86509998096153,19.86509998096153
all-resident,8,27,1,Pyrenna,annual revenue,1,0.0,0,8,0.0,0.0,20.04149998538196,20.04149998538196,20.04149998538196
all-resident,8,27,2,Pyrenna,flagship product,1,0.0,0,8,0.0,0.0,19.741299969609827,19.741299969609827,19.741299969609827
all-resident,8,27,3,Pyrenna,employee count,1,0.0,0,8,0.0,0.0,19.715100002940744,19.715100002940744,19.715100002940744
all-resident,8,27,4,Pyrenna,headquarters city,1,0.0,0,8,0.0,0.0,19.198899972252548,19.198899972252548,19.198899972252548
all-resident,8,27,5,Pyrenna,anthem composer,1,0.0,0,8,0.0,0.0,18.94110004650429,18.94110004650429,18.94110004650429
all-resident,8,27,6,Pyrenna,primary material,1,0.0,0,8,0.0,0.0,19.37619998352602,19.37619998352602,19.37619998352602
all-resident,8,27,7,Pyrenna,stock ticker,1,0.0,0,8,0.0,0.0,19.146100035868585,19.146100035868585,19.146100035868585
all-resident,8,27,8,Pyrenna,signature dish,1,0.0,0,8,0.0,0.0,21.3099000393413,21.3099000393413,21.3099000393413
all-resident,8,27,9,Pyrenna,signature dish,1,0.0,0,8,0.0,0.0,19.842500041704625,19.842500041704625,19.842500041704625
all-resident,8,27,10,Pyrenna,chief engineer,1,0.0,0,8,0.0,0.0,20.330000028479844,20.330000028479844,20.330000028479844
all-resident,8,27,11,Toskarel,chief engineer,1,0.0,6,8,0.0,0.0,19.68299999134615,19.68299999134615,19.68299999134615
all-resident,8,28,0,Seluun,stock ticker,1,75.472896,0,8,0.0,0.0,20.7941000116989,20.7941000116989,20.7941000116989
all-resident,8,28,1,Seluun,research lab city,1,0.0,0,8,0.0,0.0,21.574000013060868,21.574000013060868,21.574000013060868
all-resident,8,28,2,Bramwick,chief executive,1,0.0,0,8,0.0,0.0,20.744800043758005,20.744800043758005,20.744800043758005
all-resident,8,28,3,Veltrax,employee count,1,0.0,0,8,0.0,0.0,19.530199992004782,19.530199992004782,19.530199992004782
all-resident,8,28,4,Veltrax,lucky number,1,0.0,0,8,0.0,0.0,19.340099999681115,19.340099999681115,19.340099999681115
all-resident,8,28,5,Veltrax,stock ticker,1,0.0,0,8,0.0,0.0,20.05809999536723,20.05809999536723,20.05809999536723
all-resident,8,28,6,Quorvane,research lab city,1,0.0,0,8,0.0,0.0,20.048500038683414,20.048500038683414,20.048500038683414
all-resident,8,28,7,Toskarel,annual revenue,1,0.0,0,8,0.0,0.0,19.750599982216954,19.750599982216954,19.750599982216954
all-resident,8,28,8,Toskarel,board chair,1,0.0,0,8,0.0,0.0,20.1987000182271,20.1987000182271,20.1987000182271
all-resident,8,28,9,Ilmeth,founding year,1,0.0,0,8,0.0,0.0,19.131299981381744,19.131299981381744,19.131299981381744
all-resident,8,28,10,Ilmeth,motto word,1,0.0,0,8,0.0,0.0,20.11879999190569,20.11879999190569,20.11879999190569
all-resident,8,28,11,Ilmeth,flagship product,1,0.0,2,8,0.0,0.0,19.69330001156777,19.69330001156777,19.69330001156777
all-resident,8,29,0,Bramwick,board chair,1,75.472896,0,8,0.0,0.0,19.984300015494227,19.984300015494227,19.984300015494227
all-resident,8,29,1,Bramwick,flagship product,1,0.0,0,8,0.0,0.0,19.14509997004643,19.14509997004643,19.14509997004643
all-resident,8,29,2,Pyrenna,flagship product,1,0.0,0,8,0.0,0.0,19.38100002007559,19.38100002007559,19.38100002007559
all-resident,8,29,3,Pyrenna,chief executive,1,0.0,0,8,0.0,0.0,21.682299964595586,21.682299964595586,21.682299964595586
all-resident,8,29,4,Draskel,chief executive,1,0.0,0,8,0.0,0.0,21.46240003639832,21.46240003639832,21.46240003639832
all-resident,8,29,5,Seluun,corporate color,1,0.0,0,8,0.0,0.0,19.345799984876066,19.345799984876066,19.345799984876066
all-resident,8,29,6,Seluun,archive codename,1,0.0,0,8,0.0,0.0,19.331199990119785,19.331199990119785,19.331199990119785
all-resident,8,29,7,Seluun,research lab city,1,0.0,0,8,0.0,0.0,19.83580004889518,19.83580004889518,19.83580004889518
all-resident,8,29,8,Seluun,primary material,1,0.0,0,8,0.0,0.0,20.658400026150048,20.658400026150048,20.658400026150048
all-resident,8,29,9,Seluun,mascot animal,1,0.0,0,8,0.0,0.0,21.152200002688915,21.152200002688915,21.152200002688915
all-resident,8,29,10,Seluun,motto word,1,0.0,0,8,0.0,0.0,19.591699994634837,19.591699994634837,19.591699994634837
all-resident,8,29,11,Seluun,research lab city,1,0.0,4,8,0.0,0.0,19.72760003991425,19.72760003991425,19.72760003991425
all-resident,8,30,0,Draskel,lucky number,1,75.472896,0,8,0.0,0.0,21.250299992971122,21.250299992971122,21.250299992971122
all-resident,8,30,1,Pyrenna,archive codename,1,0.0,0,8,0.0,0.0,19.79300001403317,19.79300001403317,19.79300001403317
all-resident,8,30,2,Pyrenna,anthem composer,1,0.0,0,8,0.0,0.0,19.452699983958155,19.452699983958155,19.452699983958155
all-resident,8,30,3,Ilmeth,chief executive,1,0.0,0,8,0.0,0.0,20.117000036407262,20.117000036407262,20.117000036407262
all-resident,8,30,4,Ilmeth,signature dish,1,0.0,0,8,0.0,0.0,20.52309998543933,20.52309998543933,20.52309998543933
all-resident,8,30,5,Toskarel,headquarters city,1,0.0,0,8,0.0,0.0,21.068100002594292,21.068100002594292,21.068100002594292
all-resident,8,30,6,Toskarel,founding river,1,0.0,0,8,0.0,0.0,20.546599989756942,20.546599989756942,20.546599989756942
all-resident,8,30,7,Toskarel,primary material,1,0.0,0,8,0.0,0.0,19.135899958200753,19.135899958200753,19.135899958200753
all-resident,8,30,8,Pyrenna,anthem composer,1,0.0,0,8,0.0,0.0,20.300499978475273,20.300499978475273,20.300499978475273
all-resident,8,30,9,Pyrenna,primary material,1,0.0,0,8,0.0,0.0,19.48329998413101,19.48329998413101,19.48329998413101
all-resident,8,30,10,Pyrenna,chief engineer,1,0.0,0,8,0.0,0.0,19.93469998706132,19.93469998706132,19.93469998706132
all-resident,8,30,11,Pyrenna,signature dish,1,0.0,4,8,0.0,0.0,19.27400002023205,19.27400002023205,19.27400002023205
all-resident,8,31,0,Bramwick,board chair,1,75.472896,0,8,0.0,0.0,19.335800025146455,19.335800025146455,19.335800025146455
all-resident,8,31,1,Quorvane,founding river,1,0.0,0,8,0.0,0.0,20.673299964983016,20.673299964983016,20.673299964983016
all-resident,8,31,2,Quorvane,signature dish,1,0.0,0,8,0.0,0.0,18.971299985423684,18.971299985423684,18.971299985423684
all-resident,8,31,3,Quorvane,employee count,1,0.0,0,8,0.0,0.0,19.741499971132725,19.741499971132725,19.741499971132725
all-resident,8,31,4,Quorvane,corporate color,1,0.0,0,8,0.0,0.0,21.033800032455474,21.033800032455474,21.033800032455474
all-resident,8,31,5,Quorvane,founding year,1,0.0,0,8,0.0,0.0,19.346299988683313,19.346299988683313,19.346299988683313
all-resident,8,31,6,Veltrax,research lab city,1,0.0,0,8,0.0,0.0,19.136399962008,19.136399962008,19.136399962008
all-resident,8,31,7,Veltrax,primary material,1,0.0,0,8,0.0,0.0,19.742100033909082,19.742100033909082,19.742100033909082
all-resident,8,31,8,Veltrax,chief executive,1,0.0,0,8,0.0,0.0,19.94090003427118,19.94090003427118,19.94090003427118
all-resident,8,31,9,Veltrax,annual revenue,1,0.0,0,8,0.0,0.0,19.941599981393665,19.941599981393665,19.941599981393665
all-resident,8,31,10,Veltrax,stock ticker,1,0.0,0,8,0.0,0.0,19.52460000757128,19.52460000757128,19.52460000757128
all-resident,8,31,11,Quorvane,lucky number,1,0.0,5,8,0.0,0.0,20.03259997582063,20.03259997582063,20.03259997582063
all-resident,8,32,0,Seluun,flagship product,1,75.472896,0,8,0.0,0.0,19.214199972338974,19.214199972338974,19.214199972338974
all-resident,8,32,1,Seluun,employee count,1,0.0,0,8,0.0,0.0,19.93080001557246,19.93080001557246,19.93080001557246
all-resident,8,32,2,Seluun,founding year,1,0.0,0,8,0.0,0.0,19.908900023438036,19.908900023438036,19.908900023438036
all-resident,8,32,3,Pyrenna,research lab city,1,0.0,0,8,0.0,0.0,19.16429999982938,19.16429999982938,19.16429999982938
all-resident,8,32,4,Ilmeth,archive codename,1,0.0,0,8,0.0,0.0,19.39410000341013,19.39410000341013,19.39410000341013
all-resident,8,32,5,Ilmeth,signature dish,1,0.0,0,8,0.0,0.0,21.275300008710474,21.275300008710474,21.275300008710474
all-resident,8,32,6,Ilmeth,archive codename,1,0.0,0,8,0.0,0.0,20.417199993971735,20.417199993971735,20.417199993971735
all-resident,8,32,7,Toskarel,chief engineer,1,0.0,0,8,0.0,0.0,19.55729996552691,19.55729996552691,19.55729996552691
all-resident,8,32,8,Quorvane,mascot animal,1,0.0,0,8,0.0,0.0,22.064299962949008,22.064299962949008,22.064299962949008
all-resident,8,32,9,Veltrax,annual revenue,1,0.0,0,8,0.0,0.0,21.942199964541942,21.942199964541942,21.942199964541942
all-resident,8,32,10,Pyrenna,chief executive,1,0.0,0,8,0.0,0.0,19.78499995311722,19.78499995311722,19.78499995311722
all-resident,8,32,11,Pyrenna,employee count,1,0.0,2,8,0.0,0.0,20.587600010912865,20.587600010912865,20.587600010912865
all-resident,8,33,0,Veltrax,flagship product,1,75.472896,0,8,0.0,0.0,20.50109999254346,20.50109999254346,20.50109999254346
all-resident,8,33,1,Veltrax,lucky number,1,0.0,0,8,0.0,0.0,19.16480000363663,19.16480000363663,19.16480000363663
all-resident,8,33,2,Pyrenna,annual revenue,1,0.0,0,8,0.0,0.0,19.6460000006482,19.6460000006482,19.6460000006482
all-resident,8,33,3,Draskel,founding year,1,0.0,0,8,0.0,0.0,20.149199990555644,20.149199990555644,20.149199990555644
all-resident,8,33,4,Draskel,board chair,1,0.0,0,8,0.0,0.0,19.560699991416186,19.560699991416186,19.560699991416186
all-resident,8,33,5,Veltrax,anthem composer,1,0.0,0,8,0.0,0.0,19.476799992844462,19.476799992844462,19.476799992844462
all-resident,8,33,6,Veltrax,archive codename,1,0.0,0,8,0.0,0.0,19.458699971437454,19.458699971437454,19.458699971437454
all-resident,8,33,7,Veltrax,flagship product,1,0.0,0,8,0.0,0.0,19.24449997022748,19.24449997022748,19.24449997022748
all-resident,8,33,8,Quorvane,flagship product,1,0.0,0,8,0.0,0.0,20.36470000166446,20.36470000166446,20.36470000166446
all-resident,8,33,9,Pyrenna,corporate color,1,0.0,0,8,0.0,0.0,19.89200001116842,19.89200001116842,19.89200001116842
all-resident,8,33,10,Pyrenna,headquarters city,1,0.0,0,8,0.0,0.0,19.851299992296845,19.851299992296845,19.851299992296845
all-resident,8,33,11,Draskel,annual revenue,1,0.0,4,8,0.0,0.0,19.458400027360767,19.458400027360767,19.458400027360767
all-resident,8,34,0,Seluun,primary material,1,75.472896,0,8,0.0,0.0,21.331099967937917,21.331099967937917,21.331099967937917
all-resident,8,34,1,Draskel,annual revenue,1,0.0,0,8,0.0,0.0,19.65370000107214,19.65370000107214,19.65370000107214
all-resident,8,34,2,Draskel,lucky number,1,0.0,0,8,0.0,0.0,21.656199998687953,21.656199998687953,21.656199998687953
all-resident,8,34,3,Draskel,annual revenue,1,0.0,0,8,0.0,0.0,21.37339999899268,21.37339999899268,21.37339999899268
all-resident,8,34,4,Seluun,corporate color,1,0.0,0,8,0.0,0.0,19.986100029200315,19.986100029200315,19.986100029200315
all-resident,8,34,5,Seluun,archive codename,1,0.0,0,8,0.0,0.0,19.475200038868934,19.475200038868934,19.475200038868934
all-resident,8,34,6,Draskel,lucky number,1,0.0,0,8,0.0,0.0,20.20920003997162,20.20920003997162,20.20920003997162
all-resident,8,34,7,Seluun,board chair,1,0.0,0,8,0.0,0.0,21.36009995592758,21.36009995592758,21.36009995592758
all-resident,8,34,8,Seluun,lucky number,1,0.0,0,8,0.0,0.0,20.724300004076213,20.724300004076213,20.724300004076213
all-resident,8,34,9,Seluun,research lab city,1,0.0,0,8,0.0,0.0,20.8314000046812,20.8314000046812,20.8314000046812
all-resident,8,34,10,Pyrenna,headquarters city,1,0.0,0,8,0.0,0.0,20.27010003803298,20.27010003803298,20.27010003803298
all-resident,8,34,11,Pyrenna,founding river,1,0.0,5,8,0.0,0.0,20.711900026071817,20.711900026071817,20.711900026071817
all-resident,8,35,0,Quorvane,motto word,1,75.472896,0,8,0.0,0.0,19.703199970535934,19.703199970535934,19.703199970535934
all-resident,8,35,1,Quorvane,stock ticker,1,0.0,0,8,0.0,0.0,19.034900004044175,19.034900004044175,19.034900004044175
all-resident,8,35,2,Veltrax,employee count,1,0.0,0,8,0.0,0.0,19.285600050352514,19.285600050352514,19.285600050352514
all-resident,8,35,3,Veltrax,mascot animal,1,0.0,0,8,0.0,0.0,21.11719996901229,21.11719996901229,21.11719996901229
all-resident,8,35,4,Veltrax,board chair,1,0.0,0,8,0.0,0.0,19.498799985740334,19.498799985740334,19.498799985740334
all-resident,8,35,5,Veltrax,anthem composer,1,0.0,0,8,0.0,0.0,20.126799994613975,20.126799994613975,20.126799994613975
all-resident,8,35,6,Pyrenna,archive codename,1,0.0,0,8,0.0,0.0,19.5839999942109,19.5839999942109,19.5839999942109
all-resident,8,35,7,Pyrenna,lucky number,1,0.0,0,8,0.0,0.0,19.75259999744594,19.75259999744594,19.75259999744594
all-resident,8,35,8,Ilmeth,lucky number,1,0.0,0,8,0.0,0.0,19.263299996964633,19.263299996964633,19.263299996964633
all-resident,8,35,9,Ilmeth,research lab city,1,0.0,0,8,0.0,0.0,19.826299976557493,19.826299976557493,19.826299976557493
all-resident,8,35,10,Ilmeth,motto word,1,0.0,0,8,0.0,0.0,19.12579999770969,19.12579999770969,19.12579999770969
all-resident,8,35,11,Ilmeth,board chair,1,0.0,4,8,0.0,0.0,19.280700013041496,19.280700013041496,19.280700013041496
all-resident,8,36,0,Ilmeth,headquarters city,1,75.472896,0,8,0.0,0.0,19.92150000296533,19.92150000296533,19.92150000296533
all-resident,8,36,1,Ilmeth,signature dish,1,0.0,0,8,0.0,0.0,19.092399976216257,19.092399976216257,19.092399976216257
all-resident,8,36,2,Draskel,chief engineer,1,0.0,0,8,0.0,0.0,20.20009997067973,20.20009997067973,20.20009997067973
all-resident,8,36,3,Pyrenna,chief engineer,1,0.0,0,8,0.0,0.0,19.926799985114485,19.926799985114485,19.926799985114485
all-resident,8,36,4,Pyrenna,employee count,1,0.0,0,8,0.0,0.0,19.176699977833778,19.176699977833778,19.176699977833778
all-resident,8,36,5,Draskel,chief executive,1,0.0,0,8,0.0,0.0,19.540400011464953,19.540400011464953,19.540400011464953
all-resident,8,36,6,Seluun,satellite name,1,0.0,0,8,0.0,0.0,19.69050004845485,19.69050004845485,19.69050004845485
all-resident,8,36,7,Seluun,flagship product,1,0.0,0,8,0.0,0.0,19.956100033596158,19.956100033596158,19.956100033596158
all-resident,8,36,8,Seluun,mascot animal,1,0.0,0,8,0.0,0.0,19.822000002022833,19.822000002022833,19.822000002022833
all-resident,8,36,9,Seluun,primary material,1,0.0,0,8,0.0,0.0,19.858999992720783,19.858999992720783,19.858999992720783
all-resident,8,36,10,Seluun,founding year,1,0.0,0,8,0.0,0.0,20.070300030056387,20.070300030056387,20.070300030056387
all-resident,8,36,11,Draskel,board chair,1,0.0,4,8,0.0,0.0,20.180399995297194,20.180399995297194,20.180399995297194
all-resident,8,37,0,Draskel,stock ticker,1,75.472896,0,8,0.0,0.0,22.414900013245642,22.414900013245642,22.414900013245642
all-resident,8,37,1,Pyrenna,stock ticker,1,0.0,0,8,0.0,0.0,20.69209999172017,20.69209999172017,20.69209999172017
all-resident,8,37,2,Ilmeth,founding year,1,0.0,0,8,0.0,0.0,21.192299958784133,21.192299958784133,21.192299958784133
all-resident,8,37,3,Ilmeth,research lab city,1,0.0,0,8,0.0,0.0,22.076499997638166,22.076499997638166,22.076499997638166
all-resident,8,37,4,Ilmeth,stock ticker,1,0.0,0,8,0.0,0.0,20.264699996914715,20.264699996914715,20.264699996914715
all-resident,8,37,5,Draskel,satellite name,1,0.0,0,8,0.0,0.0,20.309199986513704,20.309199986513704,20.309199986513704
all-resident,8,37,6,Draskel,chief executive,1,0.0,0,8,0.0,0.0,20.13210003497079,20.13210003497079,20.13210003497079
all-resident,8,37,7,Draskel,flagship product,1,0.0,0,8,0.0,0.0,19.743399985600263,19.743399985600263,19.743399985600263
all-resident,8,37,8,Draskel,motto word,1,0.0,0,8,0.0,0.0,20.212399947922677,20.212399947922677,20.212399947922677
all-resident,8,37,9,Draskel,headquarters city,1,0.0,0,8,0.0,0.0,20.055400033015758,20.055400033015758,20.055400033015758
all-resident,8,37,10,Draskel,chief executive,1,0.0,0,8,0.0,0.0,20.82400000654161,20.82400000654161,20.82400000654161
all-resident,8,37,11,Draskel,annual revenue,1,0.0,5,8,0.0,0.0,22.287400031927973,22.287400031927973,22.287400031927973
all-resident,8,38,0,Draskel,flagship product,1,75.472896,0,8,0.0,0.0,19.558899977710098,19.558899977710098,19.558899977710098
all-resident,8,38,1,Pyrenna,founding year,1,0.0,0,8,0.0,0.0,19.426400016527623,19.426400016527623,19.426400016527623
all-resident,8,38,2,Pyrenna,chief engineer,1,0.0,0,8,0.0,0.0,19.284199981484562,19.284199981484562,19.284199981484562
all-resident,8,38,3,Quorvane,research lab city,1,0.0,0,8,0.0,0.0,19.288400013465434,19.288400013465434,19.288400013465434
all-resident,8,38,4,Ilmeth,board chair,1,0.0,0,8,0.0,0.0,19.47110000764951,19.47110000764951,19.47110000764951
all-resident,8,38,5,Pyrenna,annual revenue,1,0.0,0,8,0.0,0.0,22.029299987480044,22.029299987480044,22.029299987480044
all-resident,8,38,6,Pyrenna,satellite name,1,0.0,0,8,0.0,0.0,19.658499979414046,19.658499979414046,19.658499979414046
all-resident,8,38,7,Ilmeth,satellite name,1,0.0,0,8,0.0,0.0,19.433100009337068,19.433100009337068,19.433100009337068
all-resident,8,38,8,Ilmeth,annual revenue,1,0.0,0,8,0.0,0.0,20.027999999001622,20.027999999001622,20.027999999001622
all-resident,8,38,9,Ilmeth,motto word,1,0.0,0,8,0.0,0.0,19.880899984855205,19.880899984855205,19.880899984855205
all-resident,8,38,10,Draskel,headquarters city,1,0.0,0,8,0.0,0.0,19.22089996514842,19.22089996514842,19.22089996514842
all-resident,8,38,11,Seluun,corporate color,1,0.0,3,8,0.0,0.0,19.627599976956844,19.627599976956844,19.627599976956844
all-resident,8,39,0,Bramwick,stock ticker,1,75.472896,0,8,0.0,0.0,19.006599963176996,19.006599963176996,19.006599963176996
all-resident,8,39,1,Bramwick,stock ticker,1,0.0,0,8,0.0,0.0,18.61639996059239,18.61639996059239,18.61639996059239
all-resident,8,39,2,Bramwick,signature dish,1,0.0,0,8,0.0,0.0,21.205800003372133,21.205800003372133,21.205800003372133
all-resident,8,39,3,Bramwick,employee count,1,0.0,0,8,0.0,0.0,21.16780000505969,21.16780000505969,21.16780000505969
all-resident,8,39,4,Bramwick,flagship product,1,0.0,0,8,0.0,0.0,19.641099963337183,19.641099963337183,19.641099963337183
all-resident,8,39,5,Toskarel,anthem composer,1,0.0,0,8,0.0,0.0,20.38100000936538,20.38100000936538,20.38100000936538
all-resident,8,39,6,Toskarel,anthem composer,1,0.0,0,8,0.0,0.0,20.834000024478883,20.834000024478883,20.834000024478883
all-resident,8,39,7,Pyrenna,board chair,1,0.0,0,8,0.0,0.0,20.307799975853413,20.307799975853413,20.307799975853413
all-resident,8,39,8,Pyrenna,employee count,1,0.0,0,8,0.0,0.0,19.153800036292523,19.153800036292523,19.153800036292523
all-resident,8,39,9,Pyrenna,satellite name,1,0.0,0,8,0.0,0.0,19.673600036185235,19.673600036185235,19.673600036185235
all-resident,8,39,10,Pyrenna,mascot animal,1,0.0,0,8,0.0,0.0,19.89820000017062,19.89820000017062,19.89820000017062
all-resident,8,39,11,Pyrenna,chief engineer,1,0.0,5,8,0.0,0.0,20.739200001116842,20.739200001116842,20.739200001116842
